{
"type": "FeatureCollection",
"name": "clipped_ADD Coastlines (med)",
"crs": { "type": "name", "properties": { "name": "urn:ogc:def:crs:OGC:1.3:CRS84" } },
"features": [
{"type":"Feature","properties":{"SURFACE":"ice shelf"},"geometry":{"type":"MultiPolygon","coordinates":[[[[165.283592204460859,-74.469147255578051],[165.32166171690281,-74.472457347299539],[165.305761970544438,-74.476276991722528],[165.283592204460859,-74.469147255578051]]]]}},
{"type":"Feature","properties":{"SURFACE":"ice shelf"},"geometry":{"type":"MultiPolygon","coordinates":[[[[165.390232414278017,-74.483932239613324],[165.402989385405021,-74.478690559373575],[165.413578546893177,-74.485309083964893],[165.399206601117868,-74.488160338421977],[165.390232414278017,-74.483932239613324]]]]}},
{"type":"Feature","properties":{"SURFACE":"ice shelf"},"geometry":{"type":"MultiPolygon","coordinates":[[[[165.046851172636394,-74.558624377211316],[165.031276226829135,-74.557541247121051],[165.04583536062421,-74.557276284284171],[165.055091368929652,-74.549225564450339],[165.080993378029007,-74.54240731800715],[165.098402470563741,-74.548469554058144],[165.106218399353537,-74.547577002402107],[165.145627828755806,-74.528020179122777],[165.167574833272283,-74.526078329742447],[165.177610705894637,-74.529275826067163],[165.212096725876847,-74.533536749267114],[165.216628801486564,-74.548778196938471],[165.240483046306508,-74.555405970042358],[165.181995417354756,-74.560756068740218],[165.174600440007424,-74.566637009027033],[165.049838692689804,-74.563382960396424],[165.046851172636394,-74.558624377211316]]]]}},
{"type":"Feature","properties":{"SURFACE":"ice shelf"},"geometry":{"type":"MultiPolygon","coordinates":[[[[164.907643852343597,-74.554452845487802],[164.921979924418594,-74.551742505507292],[164.976605350577984,-74.555656483587612],[164.987433392692196,-74.561745635590995],[164.959509026182786,-74.559832425333866],[164.907090446260213,-74.56512617277204],[164.907643852343597,-74.554452845487802]]]]}},
{"type":"Feature","properties":{"SURFACE":"ice shelf"},"geometry":{"type":"MultiPolygon","coordinates":[[[[164.56897856822323,-74.575381620060682],[164.560231302824207,-74.569560841608364],[164.530685981656802,-74.570286405553034],[164.529461597043223,-74.560300366315744],[164.540974027663168,-74.551161363010323],[164.540359587976894,-74.534273914965155],[164.620544373362094,-74.559659237311081],[164.649002030790541,-74.551922233075615],[164.700048053360774,-74.553468080951674],[164.701861178106185,-74.55967765553892],[164.738812252377983,-74.568634414227077],[164.690105551674264,-74.580927324270547],[164.630633346020659,-74.575966013467308],[164.588957807073314,-74.577883504439981],[164.56897856822323,-74.575381620060682]]]]}},
{"type":"Feature","properties":{"SURFACE":"ice tongue"},"geometry":{"type":"MultiPolygon","coordinates":[[[[164.431479398473044,-74.66658815407601],[164.381046521171299,-74.635702545046883],[164.351831272942633,-74.628558531768405],[164.346329943197162,-74.61674487451549],[164.317825726818228,-74.623748073906569],[164.317519244962455,-74.629947035617391],[164.300262975822392,-74.637372843725288],[164.267724098366017,-74.634116001556094],[164.24907377552708,-74.619572946691065],[164.250366043704645,-74.619055206983475],[164.262864899757631,-74.625118184104096],[164.267296394372693,-74.619102348219343],[164.250054008463934,-74.607380834006349],[164.260910239429165,-74.593546075290362],[164.292732527395913,-74.569415083312137],[164.297488547852993,-74.549955757977244],[164.307518294258387,-74.545615469435177],[164.345673879446764,-74.542689454484417],[164.366036517015601,-74.550645726143188],[164.410581163487706,-74.559770958250951],[164.42649251377162,-74.570591403109745],[164.436392956130788,-74.569400017636596],[164.436205833081573,-74.565282430947903],[164.424782227925249,-74.554419797687359],[164.432430242116396,-74.552633991706742],[164.462705374655258,-74.572720506185902],[164.468291026334782,-74.568144481665314],[164.462464362298533,-74.5573714110796],[164.479519333281701,-74.551914220271044],[164.485096646764958,-74.554635193156912],[164.48567674611806,-74.563209377665814],[164.49670643020292,-74.565656392679614],[164.488328819337539,-74.569854887918552],[164.499381853932761,-74.57792260041397],[164.494249490709848,-74.585831624118228],[164.506757619653115,-74.590276088099969],[164.505382111975621,-74.606542796490089],[164.545232713251096,-74.634953373206287],[164.530027745035824,-74.645026289543253],[164.561041405018301,-74.671535842653554],[164.549883319210181,-74.679214953091247],[164.516685097149349,-74.679480241866983],[164.431479398473044,-74.66658815407601]]]]}},
{"type":"Feature","properties":{"SURFACE":"land"},"geometry":{"type":"MultiPolygon","coordinates":[[[[163.622800193578229,-74.792827435859891],[163.63866904573473,-74.777812829326848],[163.644230287629,-74.776032992076182],[163.658890817852011,-74.777185480441958],[163.652215080469801,-74.792782117070843],[163.633583237773507,-74.798612805474008],[163.622800193578229,-74.792827435859891]]]]}},
{"type":"Feature","properties":{"SURFACE":"land"},"geometry":{"type":"MultiPolygon","coordinates":[[[[163.680544852197869,-74.950789506294669],[163.661442779200229,-74.938036684095351],[163.652597935704733,-74.930285989815076],[163.637333107835929,-74.918149865456229],[163.602697982414497,-74.89677774803738],[163.60283258450059,-74.87266161528801],[163.612253120642549,-74.864707415678481],[163.618844896872247,-74.861887252026392],[163.631721322100759,-74.852326012513288],[163.62894555555647,-74.841020781517372],[163.628942691726081,-74.838777392006676],[163.724208134639355,-74.873896509357493],[163.752981198728833,-74.884137108271631],[163.761803394310164,-74.892354578236422],[163.766346455232394,-74.899071195992519],[163.745772283368638,-74.897962955554362],[163.733702274411741,-74.900704369465217],[163.736906959225365,-74.908592936660526],[163.728641707901915,-74.910729152174184],[163.722341074937191,-74.912957688971616],[163.723740504427383,-74.925039784875636],[163.70880610025273,-74.936993345083323],[163.70517391076433,-74.938756397857247],[163.716668651880184,-74.952146683440318],[163.702927760869215,-74.955608831127861],[163.680544852197869,-74.950789506294669]]]]}},
{"type":"Feature","properties":{"SURFACE":"ice shelf"},"geometry":{"type":"MultiPolygon","coordinates":[[[[163.058082881422678,-74.705574376149613],[163.093254873454242,-74.695237375724801],[163.123472478781053,-74.677814807279105],[163.150057173048566,-74.678597167932566],[163.150758218753339,-74.674632303783284],[163.16429797958358,-74.672096167128117],[163.187823947350665,-74.667820513626495],[163.238524287002463,-74.684181383881082],[163.274115130437593,-74.69072217509202],[163.293212674198628,-74.68187365119357],[163.294068747805312,-74.669101872954329],[163.287818419534602,-74.659079157352735],[163.295942548320539,-74.643005003648597],[163.282118779417544,-74.641300855568602],[163.27394161989173,-74.646089474188713],[163.251779576185157,-74.649289962398015],[163.253874586910001,-74.64050452406947],[163.220246427786151,-74.630148371597073],[163.180260432871506,-74.617049250096656],[163.176333770066918,-74.614032519955188],[163.196800933969399,-74.6094635582526],[163.17435410250107,-74.603682185830607],[163.198718164179013,-74.605965469902202],[163.21581697458646,-74.600161428569578],[163.228858037441853,-74.602469021699108],[163.245244974748317,-74.60115889863259],[163.2523365559301,-74.596433602031738],[163.28123180231708,-74.602072953924235],[163.29414188502966,-74.599094802247464],[163.273119043773875,-74.567591570504263],[163.273185735948431,-74.547975880772299],[163.266216856954372,-74.530086659658011],[163.211719180681285,-74.494949024471239],[163.209744939637517,-74.484162800590042],[163.198098221148172,-74.453843780006153],[163.204351357740819,-74.447583758020883],[163.186932546902852,-74.443797030973656],[163.153522702016232,-74.441465746149234],[163.163631583380607,-74.412957101041499],[163.177705931877284,-74.410957487235351],[163.211073475563495,-74.415154214513535],[163.219007143101379,-74.411897395871591],[163.255080690447585,-74.415699293343295],[163.268714738455145,-74.411435321678198],[163.542271763287516,-74.41270693837005],[163.538840921533534,-74.423002174142454],[163.530967146312435,-74.430530223439206],[163.526587612338346,-74.435507614437824],[163.521907619358871,-74.440880271892567],[163.502792382345376,-74.4525911399856],[163.500486281942557,-74.457441461081785],[163.498347763196222,-74.461128494943367],[163.496303112869242,-74.46957615101077],[163.51072227828945,-74.475083044673454],[163.55926156366192,-74.462787873511843],[163.604308569330669,-74.458348247378538],[163.635463223023265,-74.460420965272036],[163.656941505989295,-74.456984201253448],[163.674089994165229,-74.465462536965418],[163.669795018601036,-74.466932869677976],[163.634799479120034,-74.493347949280547],[163.642330953688088,-74.515743179204904],[163.642328769133456,-74.516024522958517],[163.645374861800775,-74.528566921607876],[163.653523266157862,-74.534182169966797],[163.660454449154599,-74.545206319313408],[163.655361705307882,-74.551010141893727],[163.649113143067865,-74.555534048087722],[163.657601344688601,-74.560072845120175],[163.646802600033311,-74.56285886039106],[163.659778443010111,-74.583297436478162],[163.650665644772261,-74.599889734115081],[163.656643723046813,-74.606955181514749],[163.673971879549129,-74.617397630970885],[163.695545105056112,-74.61506684710227],[163.698315573721544,-74.613884236128612],[163.699171006826106,-74.612594714026258],[163.707600970560719,-74.608479887827471],[163.712138061105094,-74.60872114188561],[163.72810591944878,-74.610592168505079],[163.753019586430156,-74.626492574075215],[163.763486069879065,-74.630411423958179],[163.800178322265452,-74.627961307948453],[163.804464638292359,-74.622671060992559],[163.825009156908806,-74.620971669275619],[163.834841620845935,-74.615268552761407],[163.85532019310304,-74.613879600719642],[163.880301995242064,-74.606925510650839],[163.892435648812864,-74.609663998298942],[163.89653712409455,-74.617557195171372],[163.921444605788793,-74.61438528743048],[163.93714278102928,-74.610432220526505],[163.958304099133926,-74.611502881669338],[163.976419933141216,-74.606111054788883],[164.004670465322903,-74.611194659661521],[163.996936818436154,-74.61698834947461],[163.98631871118215,-74.621635928981291],[163.983469925059524,-74.623445475424177],[163.972120041797581,-74.624341928731951],[163.95474509150975,-74.624501994590233],[163.953960598100053,-74.630081917092951],[163.94198656762191,-74.633207521005744],[163.942141661391759,-74.633572527278119],[163.945870251540413,-74.636784003242127],[163.94194712210242,-74.637679505044829],[163.920167063500372,-74.639641730713748],[163.898187657130478,-74.64537156400111],[163.883326523324911,-74.647525723885067],[163.88491741375924,-74.653706638994535],[163.876186113909426,-74.65640656701072],[163.869717255650784,-74.659156330847722],[163.848201898561797,-74.668926433349839],[163.833995488829061,-74.675908062468594],[163.808551470071137,-74.681016350193715],[163.806222631042004,-74.686368782861379],[163.785959112512955,-74.688673210411579],[163.776319776602094,-74.696067382146808],[163.761743634194517,-74.698047881811334],[163.763807516484718,-74.705589349797819],[163.734945780472799,-74.709091464371014],[163.719828145036985,-74.715363914531068],[163.718621743323098,-74.715616519696084],[163.712497429009915,-74.716927049836869],[163.69548560245164,-74.723424918837679],[163.693522248616603,-74.72844538279071],[163.710681774492457,-74.737346891640755],[163.702025311509743,-74.742350565147632],[163.707121201453191,-74.751466985355293],[163.735286939957319,-74.759903614315562],[163.726851161765723,-74.779052571401181],[163.729548117187363,-74.780760352993951],[163.736648596272659,-74.784424343579843],[163.742247148123965,-74.790186989055925],[163.749089787614452,-74.792572706857797],[163.753516668357321,-74.795152436283104],[163.76736996479454,-74.805194365931712],[163.767636508115487,-74.811202807781626],[163.812973223106752,-74.827858838361465],[163.826004622962444,-74.83090109906658],[163.837567990250591,-74.833065400830179],[163.846225505008817,-74.835986745487986],[163.863636072160489,-74.834822369625627],[163.86843606126331,-74.82411761385832],[163.887019888124627,-74.814615797347457],[163.906991926668326,-74.818791196418374],[163.911532247399919,-74.820452034850931],[163.945546602322054,-74.833585455066441],[163.946898166531668,-74.847347397295593],[163.945922097085656,-74.853976412336536],[163.930895104525746,-74.861962200549812],[163.923099676562828,-74.861170800967315],[163.91434405582919,-74.863193738247716],[163.899375146373444,-74.867688434710701],[163.898845716395073,-74.876571298504217],[163.898911448956198,-74.876676009471964],[163.842893024952048,-74.873515555493825],[163.756983567027874,-74.877189613241768],[163.724208134639355,-74.873896509357493],[163.628942691726081,-74.838777392006676],[163.62894555555647,-74.841020781517372],[163.631721322100759,-74.852326012513288],[163.618844896872247,-74.861887252026392],[163.612253120642549,-74.864707415678481],[163.60283258450059,-74.87266161528801],[163.602697982414497,-74.89677774803738],[163.637333107835929,-74.918149865456229],[163.652597935704733,-74.930285989815076],[163.661442779200229,-74.938036684095351],[163.680544852197869,-74.950789506294669],[163.702927760869215,-74.955608831127861],[163.724298185059126,-74.965204082833409],[163.713203444988551,-74.969359360190694],[163.731708721800203,-74.980102603824548],[163.710343061837534,-74.988373855833927],[163.708322571773664,-74.995507769072518],[163.724460906999525,-75.020409965022594],[163.709616249680721,-75.042452255880647],[163.650941504171442,-75.069258355738526],[163.638937132532135,-75.084233778134845],[163.67167463757184,-75.096338909210886],[163.660553304767291,-75.113205692595784],[163.667052718950004,-75.119944224309393],[163.544894397496392,-75.140670304675382],[163.528219584907902,-75.154258736070943],[163.501770530501148,-75.152512876888153],[163.451272722343447,-75.16274883497087],[163.391053580813235,-75.184754224780747],[163.297107319246891,-75.200522656524456],[163.239539033969834,-75.213847422902418],[163.187485632823069,-75.216364622948475],[163.160312544203094,-75.214266688618807],[163.136185278193153,-75.208744640506694],[163.147439608342353,-75.18115342310098],[163.123026184498201,-75.157846180601226],[163.128349786617889,-75.149904002095397],[163.119757418638244,-75.150280152701598],[163.042297400870979,-75.186298818025961],[162.996818310170539,-75.195289883806396],[162.942388918971119,-75.211678503650518],[162.883527945349243,-75.214640903237537],[162.859928679683605,-75.226284788165614],[163.058082881422678,-74.705574376149613]],[[163.658890817852011,-74.777185480441958],[163.644230287629,-74.776032992076182],[163.63866904573473,-74.777812829326848],[163.622800193578229,-74.792827435859891],[163.633583237773507,-74.798612805474008],[163.652215080469801,-74.792782117070843],[163.658890817852011,-74.777185480441958]]]]}},
{"type":"Feature","properties":{"SURFACE":"ice tongue"},"geometry":{"type":"MultiPolygon","coordinates":[[[[162.848068041561561,-75.256330381849025],[162.901097780321493,-75.251060579586166],[162.965399056447836,-75.25478054590161],[162.951410895460356,-75.277479132721624],[162.916232176523664,-75.293822106318274],[162.88692194476809,-75.30016294923027],[162.888944121693328,-75.308690414715386],[162.905671869113831,-75.300843005296471],[162.939465860471415,-75.295895689145084],[162.995194609341496,-75.264159739039215],[163.020450464549981,-75.261942265156236],[163.038565182523286,-75.253680762586939],[163.085917870838557,-75.249254141374692],[163.150531671002511,-75.235445780915853],[163.176062747537799,-75.236371099131617],[163.199080608498519,-75.24806500567837],[163.168319396038385,-75.261886195505667],[163.218329428386028,-75.250849817386751],[163.205406032642429,-75.243591072381804],[163.217091883430982,-75.237180069292407],[163.325345893521416,-75.226948568180461],[163.428464121632999,-75.204292345669359],[163.451348426704641,-75.206552130234641],[163.467249234279365,-75.212190248486891],[163.509953824539537,-75.202651260609926],[163.555873729957256,-75.203513344470124],[163.561409712081286,-75.198719518505328],[163.585469310487156,-75.198187522280264],[163.603455454524664,-75.202927501746473],[163.626049907925818,-75.220514207008492],[163.572886949730645,-75.241794773129399],[163.581890431646372,-75.250809000637943],[163.562157423511991,-75.25636293247014],[163.562745616588586,-75.262921875703654],[163.632733256555525,-75.254618010795653],[163.696698312794695,-75.252359921909516],[163.706248423745279,-75.247602773984653],[163.721041559257543,-75.248964123729337],[163.74341413546594,-75.255313271298348],[163.717063984987476,-75.257781551053114],[163.754061215799879,-75.262091258668192],[163.791255973436421,-75.27161378361339],[163.834438721149695,-75.299264923663074],[163.940823156285916,-75.305764307683205],[164.001448875643547,-75.302902577764982],[164.04540850966589,-75.310256489687475],[164.160717327964278,-75.309751047174089],[164.20517128799284,-75.315803272118288],[164.239298912019564,-75.316430348624138],[164.263123113581401,-75.325405865340002],[164.281992895889857,-75.327791267208156],[164.372173362000581,-75.337056968560603],[164.404523114176499,-75.334674162745443],[164.427528104202622,-75.343565556659101],[164.395152912105061,-75.357111986385988],[164.410518684253532,-75.352486786846512],[164.497943038811854,-75.34385059115769],[164.547503880656905,-75.349139464718732],[164.595943767412678,-75.348891489163336],[164.587577639667472,-75.36127399068323],[164.678147645730633,-75.354346302355879],[164.733357394263606,-75.362051842592152],[164.804668019892716,-75.367218916552105],[164.892212609301993,-75.367770886398276],[164.943763590310738,-75.375164740330163],[164.976872484173725,-75.371975848361231],[165.014986272476818,-75.372744951370208],[165.010672130584339,-75.383582009118342],[165.022395674117348,-75.38799742452467],[165.008081081290157,-75.408254096488463],[165.016110791321637,-75.41423118347079],[165.079065969936522,-75.396472959558366],[165.106070374468771,-75.395181668186112],[165.108474217349283,-75.387064534457821],[165.138838453616557,-75.385478925947297],[165.182797491128667,-75.385573736232345],[165.283082203353018,-75.393537444298417],[165.307234419285976,-75.391000978414624],[165.364461377719181,-75.396071166401967],[165.378596731480684,-75.409145978131306],[165.347518358573865,-75.421313847608275],[165.345834522942567,-75.426888639103311],[165.400668100222362,-75.460204655059286],[165.403538205856279,-75.473312056399223],[165.423481190965191,-75.48288228719079],[165.438997438034022,-75.501720823038056],[165.427229932464201,-75.524985283602689],[165.38562831346826,-75.546053970507174],[165.384536430659352,-75.555028986803393],[165.363820582496999,-75.567896913303613],[165.331869286980634,-75.569691818701372],[165.058069450493349,-75.558887169957146],[164.989161251620544,-75.560243072265848],[164.931002275649092,-75.55738013575791],[164.906253575014205,-75.553384647676339],[164.885104429123317,-75.55662300182891],[164.831112003609007,-75.553754186815098],[164.816066221817181,-75.550403338033163],[164.783908659022501,-75.551332279791794],[164.74296024423802,-75.5412894570145],[164.739620322825374,-75.549098159509228],[164.709038842616991,-75.551420530097701],[164.662393999200674,-75.548491127813733],[164.638457672262348,-75.541922817030056],[164.625690621751232,-75.545974424987349],[164.591964435097765,-75.545471935104644],[164.564436039334623,-75.54124040572826],[164.551585258013233,-75.543467233842989],[164.519783696808275,-75.538415214728388],[164.504463797491354,-75.540987939252474],[164.460478497708294,-75.527294347753681],[164.4593445133888,-75.53578159141162],[164.43865764890208,-75.538496736314698],[164.203358000231674,-75.522246626747091],[164.187608032889102,-75.512294451975805],[164.154158191784063,-75.517979340700435],[163.874868766998304,-75.496907889666659],[163.847164995372253,-75.497502732343847],[163.824464736657205,-75.493771282936336],[163.790458088862408,-75.494421459356104],[163.704972176682958,-75.486612341335501],[163.638042056663011,-75.484301759201614],[163.628300889062189,-75.480196189204477],[163.604725016330974,-75.485234752343786],[163.585027937409478,-75.484302059835315],[163.551397561875632,-75.478425323803123],[163.52714984018732,-75.478714075139635],[163.487929926173479,-75.473192866738358],[163.40374642001953,-75.473174495643377],[163.318219707250591,-75.467281195520812],[163.292744522564988,-75.470323519409163],[163.221582958457276,-75.465471809624461],[163.193607126581838,-75.468837516009245],[163.086192002913776,-75.454391339563159],[162.956284400019769,-75.445729782767728],[162.906993348886402,-75.436692646177093],[162.855533446218544,-75.441339995957932],[162.815969893009168,-75.43120022457002],[162.778834815296875,-75.434327426659692],[162.776933408411821,-75.433996764035882],[162.848068041561561,-75.256330381849025]]]]}},
{"type":"Feature","properties":{"SURFACE":"land"},"geometry":{"type":"MultiPolygon","coordinates":[[[[162.867847130337708,-75.695679274159346],[162.860183035130234,-75.688243201408454],[162.892688837795646,-75.674766621537572],[162.904612466226297,-75.675734784767855],[162.901677559806188,-75.685920815970377],[162.894034092606404,-75.693041388168453],[162.877386863537509,-75.696829212203411],[162.867847130337708,-75.695679274159346]]]]}},
{"type":"Feature","properties":{"SURFACE":"ice shelf"},"geometry":{"type":"MultiPolygon","coordinates":[[[[162.742375710346636,-75.518771925672283],[162.796335303115654,-75.539499349142673],[162.82239266900288,-75.542053753525963],[162.806725413373044,-75.531111045305622],[162.804229602846789,-75.506047068890808],[162.790166596986495,-75.490358217381683],[162.798383954476094,-75.471696079581776],[162.875735719681074,-75.456721440953302],[162.893644689629696,-75.460538318680676],[162.897424151694537,-75.455697236148637],[162.918664908623697,-75.460309510848177],[162.927719844515366,-75.452904559281279],[162.98916382641886,-75.456286244688172],[163.044447880732406,-75.475375238048656],[163.031198720163758,-75.482730775986468],[163.014033517619595,-75.522459883611631],[163.007174729132885,-75.528956968521399],[162.984173553590665,-75.530979570137774],[162.965134769425703,-75.536815198340705],[162.982583956295997,-75.544632445038587],[162.977437102381884,-75.548830722590523],[162.905795740722141,-75.556041135217313],[162.89078409072647,-75.568210359397057],[162.859103331687578,-75.577272337022748],[162.854293463755596,-75.573395703200873],[162.836742198913242,-75.573629583337194],[162.819451970891748,-75.568611935913665],[162.778281825857135,-75.569029514192522],[162.773975010177992,-75.575359507795199],[162.750107184386763,-75.580550635498966],[162.723769796013926,-75.589570583016638],[162.712112013050103,-75.601331961769802],[162.70811141041213,-75.601858487630494],[162.742375710346636,-75.518771925672283]]]]}},
{"type":"Feature","properties":{"SURFACE":"ice tongue"},"geometry":{"type":"MultiPolygon","coordinates":[[[[162.672475564662108,-75.687265132938819],[162.67521307255393,-75.687346172147542],[162.686279827737678,-75.68795052813168],[162.748255953592462,-75.701185886739111],[162.767512371828929,-75.697486021132406],[162.796530534445452,-75.697145945548158],[162.840514439712138,-75.704299896061755],[162.840786429740717,-75.713189474685379],[163.005139991060275,-75.730403853125281],[163.007565958540852,-75.741177090571355],[163.020942057454306,-75.747370766370864],[163.00754053505517,-75.769489671686387],[162.985066053711449,-75.762827459179192],[162.97369297873567,-75.750080914848795],[162.961822521740714,-75.772318468570475],[162.919727916720831,-75.771520817060846],[162.907672591087135,-75.767798247800656],[162.90656184199122,-75.770093125348751],[162.897971561709056,-75.769227007383478],[162.88037351540882,-75.757296399654749],[162.884687424160916,-75.766491126798243],[162.869791901641634,-75.769255815779687],[162.853104512365633,-75.769937144710241],[162.826251197716203,-75.764003439513942],[162.813670739188495,-75.78062796124415],[162.772367430463106,-75.791049705826495],[162.749838364786399,-75.781260921343019],[162.72789099547785,-75.781329603687468],[162.708477486706698,-75.76710757875999],[162.685866596537181,-75.762193040161165],[162.668718027277492,-75.765561004973065],[162.640390564434227,-75.765822271438893],[162.639510981687067,-75.765372092969542],[162.672475564662108,-75.687265132938819]]]]}},
{"type":"Feature","properties":{"SURFACE":"ice tongue"},"geometry":{"type":"MultiPolygon","coordinates":[[[[162.582478045561373,-75.89851146288953],[162.585068111524606,-75.898267446639252],[162.591289458375087,-75.898100397278938],[162.583805818324578,-75.895440212375661],[162.586763430919376,-75.888594189883392],[162.603001683204525,-75.885181349144489],[162.636074760166196,-75.88513791675382],[162.622356525128112,-75.878889445315735],[162.646009551713945,-75.880358304030779],[162.685739766501854,-75.881626660073863],[162.704554431599234,-75.875431677023002],[162.732965502168099,-75.884845007133251],[162.750342546374355,-75.885493396553471],[162.75943185909091,-75.882660438734291],[162.742818163083797,-75.89142711079765],[162.756862658063511,-75.902016396878778],[162.731261248673235,-75.903975953228468],[162.733407560614722,-75.907169906312475],[162.80629169303063,-75.908562369681931],[162.855136760485664,-75.916998294115501],[163.001335426593528,-75.925112350696921],[163.033274514079068,-75.932241462848665],[163.042627107005558,-75.94179857800934],[163.024567398542189,-75.944135139643947],[162.899043713784607,-75.940627139103157],[162.89747992262005,-75.943971850604015],[162.798155791285922,-75.938036988813224],[162.791439023897851,-75.941211548036947],[162.749126110407502,-75.937372742128787],[162.73212143950343,-75.936738122567832],[162.73494295086806,-75.941498687791665],[162.701059797121871,-75.935254817901765],[162.708491763055946,-75.940581944660238],[162.68823593103059,-75.939698286519643],[162.65393989493262,-75.944387377468303],[162.636460381311963,-75.939326615325413],[162.621875793244755,-75.939211935342101],[162.570455634901919,-75.947895628196008],[162.563146152258014,-75.943076625065217],[162.582478045561373,-75.89851146288953]]]]}},
{"type":"Feature","properties":{"SURFACE":"ice tongue"},"geometry":{"type":"MultiPolygon","coordinates":[[[[162.498772011472425,-76.08946490391989],[162.549114976558428,-76.107317060406899],[162.512839835376866,-76.118455074604952],[162.487298619551694,-76.115235811898529],[162.498772011472425,-76.08946490391989]]],[[[162.503659667885984,-76.078457406093833],[162.504649731262731,-76.078595194377129],[162.503574354848354,-76.078649689238446],[162.503659667885984,-76.078457406093833]]]]}},
{"type":"Feature","properties":{"SURFACE":"ice tongue"},"geometry":{"type":"MultiPolygon","coordinates":[[[[162.473798951154066,-76.14543589512013],[162.475121139381514,-76.145753327716974],[162.53456441426502,-76.140481741466374],[162.559366971983934,-76.143651353172061],[162.628856608482607,-76.141716512361782],[162.65712790719266,-76.136681805587131],[162.678398279106204,-76.13978974792829],[162.734641880072587,-76.133370638120368],[162.761637197059571,-76.136246879634953],[162.762689754354966,-76.138924252395313],[162.835497928970398,-76.13501496644156],[162.846063443571722,-76.142941555534591],[162.877748479773373,-76.13727316171564],[162.942603797784585,-76.1388057591669],[162.950800918380509,-76.141572190406805],[162.991400396606252,-76.138061505991132],[163.015798616409938,-76.141579183458518],[163.026115451999061,-76.138440727630567],[163.031809624072451,-76.143182982251915],[163.065678086422679,-76.140682378444268],[163.11240946049989,-76.145816120838276],[163.079343240409855,-76.180385863097044],[163.045944950614711,-76.188120792375386],[163.018222732280037,-76.20059426020434],[163.017701146159681,-76.213752396314661],[162.980068113559327,-76.216202201464554],[162.967589398569203,-76.209665150991796],[162.958235146302258,-76.214824408101407],[162.897866705247196,-76.215166852713665],[162.886438147994767,-76.221905441028753],[162.877447328362649,-76.214101223165429],[162.832094294419051,-76.210548837849444],[162.802984708393438,-76.213383770627317],[162.70936193644269,-76.209921366280525],[162.705289568016497,-76.213736308780625],[162.636225927040385,-76.208164577693481],[162.555733024486415,-76.210603994474866],[162.535737830765498,-76.218865332018794],[162.510679243948914,-76.220833340102104],[162.437551350040621,-76.225878427321646],[162.473798951154066,-76.14543589512013]]]]}},
{"type":"Feature","properties":{"SURFACE":"ice shelf"},"geometry":{"type":"MultiPolygon","coordinates":[[[[162.686019114805163,-76.386695866453337],[162.70649455177832,-76.377386617732483],[162.710040747971476,-76.366359663548295],[162.720235158841149,-76.371819606733482],[162.756867180356522,-76.377341636703548],[162.781234536905572,-76.392145332723487],[162.767664178786845,-76.392825297706111],[162.744254099092046,-76.386683621106343],[162.72885911946247,-76.389726455733296],[162.720264144262927,-76.385744453205376],[162.698513412748611,-76.388724252569048],[162.686019114805163,-76.386695866453337]]]]}},
{"type":"Feature","properties":{"SURFACE":"ice tongue"},"geometry":{"type":"MultiPolygon","coordinates":[[[[162.240621196847542,-76.664272730432046],[162.248163366152141,-76.662386364668535],[162.238487120261851,-76.662731353405064],[162.235078384297651,-76.660001712259827],[162.27008709422222,-76.658122595140469],[162.278316921813371,-76.658162572246155],[162.339131732118943,-76.648788724933397],[162.364944129530045,-76.638926794557207],[162.43951867807408,-76.631668941567938],[162.44756545697075,-76.614067250954307],[162.445866102582556,-76.611022668820951],[162.420194098944904,-76.612440566176431],[162.502251831184992,-76.589308029292027],[162.501494404200372,-76.584984052653198],[162.481942966378455,-76.580768461970408],[162.481995012265344,-76.569840873397794],[162.496212297524011,-76.568475444938599],[162.520924044269663,-76.563980096335328],[162.544371795749726,-76.567327927551474],[162.571279778083891,-76.564964737442011],[162.574356141803548,-76.559060507094486],[162.551986184923607,-76.553209028920364],[162.54336760392755,-76.545571311617977],[162.566283902141862,-76.533423091206629],[162.595000102544361,-76.538011779723192],[162.652437173675537,-76.548009730815309],[162.688447039851326,-76.549217290063467],[162.718835624623694,-76.544753793112307],[162.783259231321438,-76.543227826073561],[162.76876946691462,-76.554104325108881],[162.799946623543576,-76.550282756476633],[162.812435166795609,-76.551398541109961],[162.836468119306971,-76.546625959158149],[162.877932402854384,-76.547652603045549],[162.882956667689569,-76.558627996157213],[162.913148567160761,-76.570318661263272],[162.886207362633911,-76.585724303330295],[162.848929041278581,-76.59129150096463],[162.815857924905544,-76.590871791074775],[162.7903557986902,-76.595977042093594],[162.726280670354527,-76.596352047827878],[162.704268023705396,-76.593245491754502],[162.684907526708287,-76.601389367471967],[162.632419662057032,-76.602145561790707],[162.626551516065661,-76.6064931407047],[162.657419808180748,-76.610681093335444],[162.707782523768458,-76.627547414449381],[162.702793053046406,-76.635041916952929],[162.695250090177268,-76.636715523924124],[162.702027759087656,-76.639872600078732],[162.667819239251116,-76.643971347110764],[162.649792503104493,-76.65143568386739],[162.593177935449717,-76.627797557425438],[162.602610087711923,-76.617843775672384],[162.567585582219948,-76.620479351309584],[162.513818291004753,-76.638976889664335],[162.493616570479475,-76.646274595244634],[162.494927022702313,-76.654766687651033],[162.468339140145019,-76.659805228105924],[162.384788201448004,-76.669751750843105],[162.352836836765476,-76.670730763443757],[162.309271484022361,-76.666521936551021],[162.308433524384185,-76.662629883454528],[162.249570978438953,-76.666035840801669],[162.240621196847542,-76.664272730432046]]]]}},
{"type":"Feature","properties":{"SURFACE":"land"},"geometry":{"type":"MultiPolygon","coordinates":[[[[166.876897921139033,-76.963275026485704],[166.872174637892698,-76.941027509437177],[166.835868738052596,-76.928450738856398],[166.858642553209137,-76.927750656381008],[166.948782014689527,-76.933530076071577],[166.992122147066851,-76.947626981440379],[166.976007130097202,-76.961358171441177],[166.946148323224833,-76.971199877411394],[166.890399124416945,-76.973737955471535],[166.876897921139033,-76.963275026485704]]]]}},
{"type":"Feature","properties":{"SURFACE":"land"},"geometry":{"type":"MultiPolygon","coordinates":[[[[162.955318680583161,-76.811208355007494],[162.979093496199539,-76.805612790619392],[162.986709624657607,-76.81176181792884],[162.978169902709368,-76.814063340712323],[162.964850353368547,-76.816419228683941],[162.955318680583161,-76.811208355007494]]]]}},
{"type":"Feature","properties":{"SURFACE":"land"},"geometry":{"type":"MultiPolygon","coordinates":[[[[162.522476952876104,-76.819120549089817],[162.464983214019298,-76.802880368905946],[162.464327249483631,-76.798325462990519],[162.526261558754612,-76.798869256919005],[162.543943520900086,-76.800771465056698],[162.5235148277755,-76.805647896962114],[162.544201895876313,-76.816545542777931],[162.53161909899876,-76.821463173440506],[162.522476952876104,-76.819120549089817]]]]}},
{"type":"Feature","properties":{"SURFACE":"land"},"geometry":{"type":"MultiPolygon","coordinates":[[[[162.547974951394821,-76.855086476531767],[162.556370889303651,-76.848976752913458],[162.582680190372031,-76.848055104829754],[162.597452459821483,-76.849987299321185],[162.583458265349407,-76.852856684810106],[162.578757591674417,-76.854103743980772],[162.575696703701198,-76.86087166747059],[162.571764666198334,-76.860591011560757],[162.547974951394821,-76.855086476531767]]]]}},
{"type":"Feature","properties":{"SURFACE":"ice shelf"},"geometry":{"type":"MultiPolygon","coordinates":[[[[162.386258288949705,-76.877936456618173],[162.372208185121565,-76.878778657932244],[162.345291856533265,-76.863396620041513],[162.364536976803038,-76.860236701409221],[162.382264076324077,-76.866284154980974],[162.407028752959491,-76.868049294456711],[162.435707138152878,-76.861377737216358],[162.445059553079375,-76.860211688997012],[162.484804175464063,-76.855261476946325],[162.514874599823969,-76.844242859480147],[162.516404268047381,-76.834414190926225],[162.498641676559686,-76.826155522204118],[162.41851322531187,-76.800171649241221],[162.33917397353332,-76.81155432424012],[162.311177033674625,-76.812691011470122],[162.300939059827954,-76.806255866397876],[162.309514655123479,-76.803207167096829],[162.337023058012363,-76.795801226162851],[162.4006043837324,-76.776860672951429],[162.424514146506368,-76.779435463610227],[162.443245845992777,-76.775837156813026],[162.453457533969754,-76.778670933636619],[162.427690051148943,-76.789853866367181],[162.464327249483631,-76.798325462990519],[162.464983214019298,-76.802880368905946],[162.522476952876104,-76.819120549089817],[162.53161909899876,-76.821463173440506],[162.544201895876313,-76.816545542777931],[162.5235148277755,-76.805647896962114],[162.543943520900086,-76.800771465056698],[162.526261558754612,-76.798869256919005],[162.526727363201815,-76.79465874287375],[162.477274792640713,-76.78641132294517],[162.460694054100202,-76.778535923287222],[162.479915071057661,-76.769979053169052],[162.50167658737297,-76.766707068220086],[162.529971208865362,-76.771369374544278],[162.529556684399608,-76.764561959658465],[162.551913983235295,-76.772691566970835],[162.555933558900449,-76.772692497678335],[162.560205915594679,-76.772963646230821],[162.611845826451884,-76.788918010245368],[162.617498369498179,-76.794193948995613],[162.600756926336032,-76.797954918620903],[162.601004976738608,-76.811882351961117],[162.604863374634334,-76.812518121798433],[162.623848061173277,-76.816244670978321],[162.653600621131915,-76.821123237659435],[162.659189085017772,-76.82260979366859],[162.617110298820648,-76.829772814589262],[162.63770970770409,-76.835582478393874],[162.633313877516628,-76.838090934998405],[162.588857456609134,-76.843386348980204],[162.582680190372031,-76.848055104829754],[162.556370889303651,-76.848976752913458],[162.547974951394821,-76.855086476531767],[162.571764666198334,-76.860591011560757],[162.552685163577308,-76.86605027320384],[162.594784439271876,-76.875701567002693],[162.516478629889804,-76.875526704466111],[162.507342578491603,-76.876003448566848],[162.479600857467176,-76.877275121394916],[162.472592735068616,-76.878129327680199],[162.463351794632388,-76.879342165517414],[162.46049791589391,-76.879740027451604],[162.434692354789433,-76.883548702597039],[162.425495053341621,-76.884300703246936],[162.407913233049186,-76.884976023140197],[162.386258288949705,-76.877936456618173]]]]}},
{"type":"Feature","properties":{"SURFACE":"ice tongue"},"geometry":{"type":"MultiPolygon","coordinates":[[[[162.087025167918256,-76.958084521095699],[162.11457550471556,-76.955683224287796],[162.118176729775428,-76.95277179657802],[162.139048845963913,-76.952770935734321],[162.283301084881884,-76.953575693846659],[162.285152135163514,-76.953315325887871],[162.348137829955107,-76.941868794704561],[162.484614877593714,-76.932882531621999],[162.525570680541136,-76.938417349175523],[162.521804889420594,-76.946295262459529],[162.551361761984197,-76.953554448248113],[162.546201536413406,-76.957260707956181],[162.509383696305946,-76.969851754540542],[162.434208641370986,-76.975362751015894],[162.427544699553494,-76.984396374784765],[162.355884038231693,-76.983892105677299],[162.336772498354321,-76.988892232216031],[162.306598432845391,-76.986528592411247],[162.270070788589578,-76.988188613607335],[162.207518008023811,-76.994189083432573],[162.199097113417139,-76.994812899578122],[162.188687131342931,-76.998154366085345],[162.142468367098701,-77.000248051492193],[162.096905920490826,-76.987344218327067],[162.079152519778404,-76.985937000731042],[162.083890462854328,-76.976730695275975],[162.078315096093462,-76.975286957180245],[162.087025167918256,-76.958084521095699]]]]}},
{"type":"Feature","properties":{"SURFACE":"land"},"geometry":{"type":"MultiPolygon","coordinates":[[[[163.450531040953251,-77.237089680855348],[163.472280876584193,-77.234342852802243],[163.507505736108044,-77.238702850475306],[163.525564817782595,-77.24447005602191],[163.485786673220503,-77.249219917537758],[163.450531040953251,-77.237089680855348]]]]}},
{"type":"Feature","properties":{"SURFACE":"land"},"geometry":{"type":"MultiPolygon","coordinates":[[[[166.320776597271163,-77.659725411418137],[166.350215854745841,-77.656300753546333],[166.377031253775925,-77.658206864188543],[166.331815735982843,-77.661854447284242],[166.320776597271163,-77.659725411418137]]]]}},
{"type":"Feature","properties":{"SURFACE":"land"},"geometry":{"type":"MultiPolygon","coordinates":[[[[166.355219425522591,-77.68427473703106],[166.367860654183033,-77.680171340873287],[166.387889002075383,-77.683707660707498],[166.36762054495793,-77.691454112954318],[166.355219425522591,-77.68427473703106]]]]}},
{"type":"Feature","properties":{"SURFACE":"ice tongue"},"geometry":{"type":"MultiPolygon","coordinates":[[[[166.440424042940435,-77.711687837206085],[166.430855901677546,-77.706958430573025],[166.438592775806796,-77.702323671001309],[166.53579173687649,-77.699886303812789],[166.554644820225093,-77.701906382894791],[166.565346953931282,-77.699009947976776],[166.599094126238583,-77.699931516667931],[166.628751286598231,-77.695613188656182],[166.79485981267942,-77.691278803498591],[166.932628018001765,-77.68138448791521],[166.957334565749846,-77.692688205393821],[166.955037742407143,-77.697863031106777],[166.940113148270342,-77.700237084494077],[166.827902553671095,-77.702978192066979],[166.77220022141185,-77.707335738486293],[166.699104116003468,-77.706046606556171],[166.673255721766992,-77.710300386377355],[166.578407739407169,-77.71396858784361],[166.481625411000891,-77.714859137231926],[166.440424042940435,-77.711687837206085]]]]}},
{"type":"Feature","properties":{"SURFACE":"land"},"geometry":{"type":"MultiPolygon","coordinates":[[[[166.67263298615552,-77.860091933177713],[166.653680310422544,-77.84989218886281],[166.637056988148657,-77.846712458110076],[166.624550169672176,-77.848407374890343],[166.626527204323651,-77.841440792790678],[166.613454920054437,-77.829386780673801],[166.650499560162189,-77.818395882783975],[166.663819594502286,-77.808620967721907],[166.656239856532437,-77.803123254523157],[166.687569998058393,-77.801454828229978],[166.733724688513632,-77.789494843011653],[166.783557207022369,-77.763875170011062],[166.816654158597743,-77.755675657721355],[166.853624558162778,-77.72669001652217],[166.869155322002626,-77.725198862377567],[166.887370172678715,-77.71275539378999],[166.940113148270342,-77.700237084494077],[166.955037742407143,-77.697863031106777],[166.957334565749846,-77.692688205393821],[166.932628018001765,-77.68138448791521],[166.92541401578697,-77.679270341830545],[166.867201621793726,-77.672424224466809],[166.832032905785269,-77.661368610761343],[166.789747179349547,-77.662849569743244],[166.771837292910135,-77.669617146068433],[166.750700151084004,-77.666955902722663],[166.762116410934567,-77.66221910309352],[166.755459539078259,-77.659743080289502],[166.71229826318617,-77.657848006801643],[166.693977531297378,-77.661018646634915],[166.693215809828956,-77.652544085481466],[166.6553096478508,-77.649725382606775],[166.657555814123782,-77.644835074427888],[166.641460309972814,-77.641884672583146],[166.634509527281637,-77.647667865665611],[166.61589558082386,-77.64915317280564],[166.599998748507488,-77.642486459042104],[166.533620870993445,-77.645175068288594],[166.501795669690409,-77.641201918378812],[166.391802705013333,-77.641357612626848],[166.408556114810352,-77.631476151284801],[166.402480012344114,-77.623108741013709],[166.384127763101503,-77.621987720335824],[166.37311946027782,-77.620638460593696],[166.358167937105264,-77.617566259736023],[166.340618462441199,-77.613402100826875],[166.315481496117258,-77.610535118529569],[166.306584384236032,-77.608065479671509],[166.329131357305954,-77.588638742778485],[166.289601127743509,-77.583587224906054],[166.289507848745131,-77.583583454349693],[166.289410139212862,-77.583645021738889],[166.233246520133235,-77.581497084314066],[166.217044506337373,-77.566465887697674],[166.216253108783945,-77.564849943230556],[166.206028962558776,-77.562266745855496],[166.225079213453057,-77.56116551777329],[166.219897946796351,-77.55762178920321],[166.180597505741616,-77.551539728572791],[166.161213022154698,-77.558429978947643],[166.13533084576838,-77.546678754700977],[166.164169928078451,-77.534511312114645],[166.172537363067647,-77.531648154287595],[166.184271607165812,-77.529085641867994],[166.19076854179491,-77.529814852684098],[166.196218778327705,-77.531331625462016],[166.218101778846005,-77.528706661392022],[166.206951099750626,-77.525107939914193],[166.200353171427793,-77.523140632014616],[166.216919495970387,-77.516857727171171],[166.22733617126724,-77.514618187411656],[166.238472123539253,-77.519901654218032],[166.246520789152441,-77.521301887678533],[166.266561613033446,-77.517771437210058],[166.269959902763901,-77.516086972068692],[166.313127987276062,-77.506713587725343],[166.386081272182537,-77.498469896389992],[166.444564619883835,-77.476558616775407],[166.445745230649408,-77.461617800338246],[166.428386074193298,-77.458705400154528],[166.434528914766844,-77.455309352263939],[166.441254866287807,-77.44988982659099],[166.426247945120821,-77.448541121004425],[166.438644150076669,-77.446290141622711],[166.478858999414825,-77.43582896734921],[166.483483180906376,-77.43358193483671],[166.524654212048091,-77.423055917775471],[166.538151006092278,-77.411599098487514],[166.573333320647805,-77.403817658977673],[166.587593619203915,-77.395450727097014],[166.618166467831458,-77.391990640435552],[166.650548492988605,-77.368595064837052],[166.633908927651845,-77.359745935697632],[166.630551758702325,-77.35873915432083],[166.60288760791164,-77.352734911974736],[166.593460404863805,-77.350868312152443],[166.555845207749229,-77.343252377750972],[166.543897831233721,-77.333600515563688],[166.537169399854264,-77.329010352892794],[166.434315329546052,-77.309409396252462],[166.413278600497989,-77.296502592597065],[166.331797548230355,-77.279885039626862],[166.341498191703892,-77.273431369330396],[166.33335501243721,-77.252880695856007],[166.367211107323328,-77.248275440211799],[166.408583532706842,-77.225308957713978],[166.424574971234108,-77.222842326281096],[166.48362870763674,-77.210126538451902],[166.552545176772497,-77.186716113567641],[166.601901584398178,-77.184711094794636],[166.657808503808752,-77.171173300078664],[166.682589784956718,-77.170636513546413],[166.733136210186558,-77.177137891083206],[166.821384392398045,-77.174353088396245],[166.900200573511654,-77.176785332167469],[166.937485942426065,-77.188155792571266],[166.971795309651384,-77.196779547373609],[167.010402122781869,-77.208089324427107],[167.040438866617933,-77.22406765748886],[167.045715248647724,-77.232193587094784],[167.103893108563284,-77.279313811458792],[167.107288595078757,-77.284980670054807],[167.077119104613274,-77.311061881770868],[167.049831550159126,-77.31725372876447],[167.051498844457797,-77.324263169875778],[167.063028006678792,-77.333496374245996],[167.099284250674884,-77.344465531077859],[167.106600163583465,-77.355218795148076],[167.181604173454275,-77.367913185412377],[167.207884316972439,-77.368744085962547],[167.216060602707159,-77.371920433036124],[167.220981193489365,-77.376166188674858],[167.239906648966667,-77.382121904243093],[167.343607283319841,-77.385972388457333],[167.372248938764244,-77.393332824342139],[167.374994041881649,-77.401857411706445],[167.474430410332815,-77.410498343153563],[167.510319243462106,-77.413883355040014],[167.531839653052288,-77.415200975929594],[167.544943263655426,-77.414574348898412],[167.558611084317675,-77.414635719226652],[167.575910186149315,-77.414768293537009],[167.586809371382088,-77.415449762230764],[167.663173179381772,-77.415655290464898],[167.708808653340554,-77.422667964327061],[167.752451014171243,-77.422947794649758],[167.809268974489527,-77.414216747138354],[167.84678223347106,-77.415189310710048],[167.883503845699636,-77.409540772380993],[167.96950053178108,-77.404416832819393],[168.056465168891293,-77.383989033700786],[168.054917429927769,-77.380123808167696],[168.070214328918325,-77.38097934992004],[168.123750403139553,-77.375571661505987],[168.186415063049793,-77.374922398640834],[168.241605789630313,-77.365546580313449],[168.295461905547796,-77.361397640527755],[168.303999081940361,-77.360093921978375],[168.304270812967957,-77.363580489120281],[168.32109593798441,-77.365986246364571],[168.385207053026392,-77.363481578483174],[168.481922150232208,-77.379407811256641],[168.514362426705759,-77.379550914995193],[168.570875481515287,-77.390833922583695],[168.624151054063134,-77.394933821690515],[168.647701431218735,-77.404123070959059],[168.679839967840735,-77.409230358548143],[168.722247530655494,-77.412571350218826],[168.780520069845835,-77.410979671670518],[168.883353110356097,-77.418242325727704],[168.905406470117157,-77.417470479887115],[168.930288277778345,-77.416659922013409],[168.975368170837896,-77.421237900241607],[168.99045961126032,-77.425529634308205],[168.993662341428092,-77.432236457412841],[169.003978073504697,-77.437084503600815],[169.026763139265796,-77.439668526898444],[169.065003649601692,-77.441927140046232],[169.082201822268843,-77.443724044447421],[169.097674962840472,-77.444687636723231],[169.116641197675818,-77.447417589763205],[169.122937261426813,-77.44780112302071],[169.140148938662662,-77.447241097908787],[169.213458737274067,-77.448648459500873],[169.229976287003382,-77.447294525654897],[169.237680820538429,-77.448169697875969],[169.276370749011932,-77.45770930808925],[169.305114864947257,-77.460991934072084],[169.319943446759055,-77.463469934738981],[169.331423642333561,-77.467115388162711],[169.377684161695697,-77.504560105238184],[169.37959140248725,-77.525587783150399],[169.330497151352176,-77.551530054361535],[169.253142943974893,-77.569252820069977],[169.109083642372497,-77.588010968119036],[169.058934742870832,-77.587219689423847],[169.003394273850063,-77.591876353428418],[168.963055156864641,-77.620712160082192],[168.805059468671089,-77.660571696562343],[168.789076393128425,-77.660943460094217],[168.770110455378216,-77.656789391170889],[168.701658292083891,-77.662050664988158],[168.665736076442982,-77.654266900821384],[168.641473519344686,-77.656781089865063],[168.589985516799544,-77.673273598640904],[168.566666329023462,-77.68887115833175],[168.510021906193458,-77.705898896377349],[168.394867973193072,-77.697671482093213],[168.37387027358028,-77.690246582393257],[168.330789136580819,-77.684662780846367],[168.218885478145495,-77.687135435867802],[168.211147830479916,-77.674145760099037],[168.227441237467019,-77.670380755799471],[168.140209638822995,-77.649565281481401],[168.002323164668013,-77.642233362884809],[167.938758246800063,-77.646313271246001],[167.915509520595663,-77.651624758167301],[167.884172665605917,-77.64252648111129],[167.862706972826913,-77.641818347799969],[167.806584163006534,-77.643762505587333],[167.788202879394959,-77.643842795422032],[167.762240796036167,-77.638010205101864],[167.750119893746017,-77.636822910378072],[167.669017256455362,-77.629442116888441],[167.647420089804768,-77.623472941154688],[167.563711333745346,-77.622790038690525],[167.544132467715855,-77.637484534964813],[167.447268682025538,-77.643344706175867],[167.438448534521655,-77.650747441369219],[167.457175300342016,-77.657466918157638],[167.434107960336263,-77.667325317932182],[167.391843558525949,-77.671706924673359],[167.353275828692887,-77.669945358044799],[167.337393621689841,-77.672140779945124],[167.302091325012043,-77.682032161326603],[167.295674205691114,-77.70160683199596],[167.200078770112185,-77.719669351845994],[167.185562072137344,-77.735555818261489],[167.131548224021572,-77.743126284277494],[167.078641721190621,-77.752769904008289],[167.008432108175782,-77.75749761482011],[166.98389807503915,-77.764854183017846],[166.912182806862347,-77.76220783650956],[166.924197303254743,-77.781051969073744],[166.915041189634053,-77.789947853746213],[166.841187998584189,-77.790026077344152],[166.836083666995819,-77.795429957500119],[166.858610449308145,-77.800226429653236],[166.852852082386335,-77.815564401077609],[166.843601253459127,-77.817323877334076],[166.829325125150888,-77.813084733846154],[166.805571603997038,-77.818455487932823],[166.800890523376353,-77.828856200161724],[166.765456853182258,-77.839643131881402],[166.762919325192343,-77.851498688777028],[166.743411372936748,-77.850849948262223],[166.696553027336591,-77.855687978108975],[166.683602323242667,-77.860703824552033],[166.67263298615552,-77.860091933177713]]]]}},
{"type":"Feature","properties":{"SURFACE":"land"},"geometry":{"type":"MultiPolygon","coordinates":[[[[165.276568050846578,-77.87699653468529],[165.30127637345015,-77.873580947635119],[165.295011241445735,-77.879423905473161],[165.281462662598983,-77.879859125600774],[165.276568050846578,-77.87699653468529]]]]}},
{"type":"Feature","properties":{"SURFACE":"land"},"geometry":{"type":"MultiPolygon","coordinates":[[[[165.012235844991835,-77.885289159908808],[165.021959945119647,-77.882027604598164],[165.042468467217105,-77.88402153691743],[165.021567143047037,-77.888198081119114],[165.012235844991835,-77.885289159908808]]]]}},
{"type":"Feature","properties":{"SURFACE":"ice shelf"},"geometry":{"type":"MultiPolygon","coordinates":[[[[165.05815366650134,-77.889269638363942],[165.073564926584197,-77.887880083155835],[165.070172035616025,-77.892138084810639],[165.059691222148217,-77.89247505720374],[165.05815366650134,-77.889269638363942]]]]}},
{"type":"Feature","properties":{"SURFACE":"land"},"geometry":{"type":"MultiPolygon","coordinates":[[[[164.885143748323316,-77.879828897243527],[164.932107076304021,-77.871814416945654],[164.934546421403326,-77.878562265500335],[164.912729674341563,-77.884343854745183],[164.888354479457576,-77.888885929258421],[164.885143748323316,-77.879828897243527]]]]}},
{"type":"Feature","properties":{"SURFACE":"ice shelf"},"geometry":{"type":"MultiPolygon","coordinates":[[[[165.147348969673942,-77.911289647534844],[165.145902327863212,-77.914452283173759],[165.13607413016706,-77.914101645881388],[165.147348969673942,-77.911289647534844]]]]}},
{"type":"Feature","properties":{"SURFACE":"land"},"geometry":{"type":"MultiPolygon","coordinates":[[[[165.519102446596804,-78.003211416898594],[165.535787511439196,-78.001789614479364],[165.561576340722155,-78.00560128984128],[165.560137904351194,-78.0096433784108],[165.523904174856568,-78.009432491961249],[165.519102446596804,-78.003211416898594]]]]}},
{"type":"Feature","properties":{"SURFACE":"land"},"geometry":{"type":"MultiPolygon","coordinates":[[[[166.14329233684515,-78.275817547586399],[166.083435167146945,-78.2709319114377],[166.071330476420513,-78.252730002732008],[166.08390995734959,-78.248474629220141],[166.12030976089693,-78.24509126902737],[166.143502546294883,-78.241537877396354],[166.142487282549325,-78.233904557895613],[166.138675593072037,-78.232652331921429],[166.124969374254931,-78.18203804736747],[166.134932849136305,-78.16910515348421],[166.161123203614068,-78.164838549585383],[166.140430358193356,-78.153742181542725],[166.154355468284109,-78.145731330088381],[166.14593415623537,-78.144188193797859],[166.126420218432941,-78.148199616537184],[166.111267239051585,-78.150770923051581],[166.085474579249876,-78.152002950048612],[166.034102069653102,-78.136467490659641],[166.013072689490144,-78.11342459158783],[166.046783788481264,-78.115537174998082],[166.058847813620559,-78.121250644503704],[166.063657278311609,-78.119025933154603],[166.074706168725726,-78.117340127148537],[166.072114661137334,-78.111961644361998],[166.10067944640295,-78.111411583225077],[166.126775397130245,-78.113557237125278],[166.146221162925542,-78.121000723542863],[166.185680148601705,-78.124042537712526],[166.184567825407299,-78.114502679997244],[166.200329025029049,-78.113640459985533],[166.220199731340074,-78.112563111052339],[166.224307003051791,-78.114943390929255],[166.256485248622397,-78.119692348223737],[166.279824744320905,-78.131271563542469],[166.309203028348179,-78.133217505806869],[166.343664498310119,-78.144627961262103],[166.35118275302122,-78.145289893194374],[166.372531291801351,-78.147392426464762],[166.398440335299171,-78.148862462475165],[166.431109296047765,-78.147965272838718],[166.473614636713847,-78.151371586157481],[166.494433595701167,-78.154900119762388],[166.578740841245406,-78.162074873905553],[166.616053971641662,-78.169919730370125],[166.644200002517465,-78.183026885468422],[166.69619016156804,-78.193364270394468],[166.741013930349652,-78.194483708390706],[166.744887574256865,-78.1997436470716],[166.728363908454838,-78.232597670569419],[166.785937612750587,-78.221145771205357],[166.836218223715548,-78.203135980724809],[166.871832386392185,-78.198868491718841],[166.901005331330225,-78.190530973773619],[166.960925414200119,-78.184167233450637],[167.028247742333974,-78.158595973516313],[167.055368207794942,-78.153857270130402],[167.07955838430135,-78.154474456121065],[167.127369000018462,-78.141537517768597],[167.191733004385497,-78.140610552421251],[167.211476101933982,-78.128875477284296],[167.197854716166006,-78.116141978620917],[167.193416056300549,-78.113514781701952],[167.210691295137593,-78.09613730310592],[167.259517350580325,-78.093507333006983],[167.264541083429606,-78.088064023600552],[167.26650955355592,-78.084364589892999],[167.347616175006976,-78.067347747660008],[167.382960424970065,-78.044355458875827],[167.381386772965129,-78.043097144092854],[167.397117512197013,-78.02132586618319],[167.399350009934437,-78.017481971794226],[167.415757057906205,-78.009350195230752],[167.454707870540034,-78.003895448317209],[167.497538775464363,-78.005770713202608],[167.536265093228764,-78.013867203754003],[167.571941337612799,-78.032989059840475],[167.592167800209495,-78.077193818556623],[167.621183593565945,-78.090634177222768],[167.641120346637962,-78.112200409913342],[167.640694396564868,-78.134067356033867],[167.61182964011374,-78.167842326558613],[167.52219515012348,-78.221385943443224],[167.457734775441622,-78.244141676090905],[167.415963960562522,-78.251738396725941],[167.365520498268467,-78.249290578569557],[167.173120438382597,-78.253383533124136],[167.099455180922916,-78.25032182488026],[166.982341774607249,-78.234460582361081],[166.87156218691004,-78.243741470848747],[166.799002353415233,-78.244577484602701],[166.774567212091455,-78.251167062164157],[166.752170142193222,-78.26824360057897],[166.700429724342456,-78.273222718946755],[166.625301022114002,-78.273356672554158],[166.589346235549982,-78.28527311104051],[166.546825192939139,-78.286039844188295],[166.494287736083777,-78.280952025592043],[166.423674755455465,-78.2814519844394],[166.350925713819493,-78.288692721281137],[166.354188297801187,-78.295576433006218],[166.332203392102087,-78.302022457452537],[166.28160528317062,-78.308151075053175],[166.23742999317389,-78.307040141936994],[166.14329233684515,-78.275817547586399]]]]}},
{"type":"Feature","properties":{"SURFACE":"land"},"geometry":{"type":"MultiPolygon","coordinates":[[[[164.9468576771188,-78.252624713554866],[164.968105141517782,-78.249155505563266],[164.979145018849295,-78.249032839161316],[164.982712506914339,-78.253086027254085],[164.976350041215909,-78.257238169417107],[164.936049038447493,-78.260260134528906],[164.9468576771188,-78.252624713554866]]]]}},
{"type":"Feature","properties":{"SURFACE":"ice shelf"},"geometry":{"type":"MultiPolygon","coordinates":[[[[171.018670422138342,-78.337722196746626],[165.74627895299318,-78.315990860908613],[165.746683263269858,-78.315822961523139],[165.749393611700498,-78.301390444454398],[165.739962035666736,-78.305680431228154],[165.737506359268139,-78.301699188765895],[165.66353320948798,-78.265664373536978],[165.614354845231617,-78.259481279681893],[165.539713555145283,-78.256542595753686],[165.437575531649514,-78.22370078512337],[165.338678126894195,-78.208783570843579],[165.348532538058208,-78.197426695149133],[165.388385206002539,-78.190027539237562],[165.39733268604482,-78.182314592903126],[165.580977128295956,-78.135043325738252],[165.62156292782862,-78.110145334803107],[165.607325667520513,-78.097543841083976],[165.617146448486608,-78.070249046384191],[165.576621362993677,-78.040428672363731],[165.534665932830592,-78.02356403048654],[165.489811871674533,-78.022455297798956],[165.491240353108196,-78.017226255579416],[165.46389158844238,-78.007738917858376],[165.408063795084814,-78.020327078361959],[165.376055439145489,-78.034928684731156],[165.363214583006226,-78.047040885444503],[165.339019419525926,-78.078710868774735],[165.259580306552579,-78.102244705906514],[165.193297113332505,-78.132444765735983],[165.186363923840219,-78.144919928303338],[165.141397640486844,-78.157230999119108],[165.14093997051333,-78.165311427864125],[165.189182086462068,-78.169948915184591],[165.210909031208757,-78.181763522196093],[165.238846052980136,-78.189622683489063],[165.232255350609279,-78.194017692642518],[165.199085717124461,-78.19794339180639],[165.16602170020559,-78.207821200964503],[165.126297156151566,-78.211577571596493],[165.144522920526526,-78.228090119954103],[165.120295647618036,-78.248412427392381],[164.87125671537683,-78.277976722246677],[164.839640258592425,-78.285866496030479],[164.762799666225817,-78.296311141538879],[164.722693162717889,-78.295479683956657],[164.722661693077811,-78.300338495581201],[164.476444211694229,-78.296013279366576],[164.445471651137524,-78.286247305456286],[164.398068143525506,-78.287491009559147],[164.358081776340271,-78.275503000245124],[164.340512004477375,-78.274188271784865],[164.32859965551242,-78.266631326749334],[164.335899969668191,-78.258096121598967],[164.165221917404892,-78.228652531619176],[164.151655341777683,-78.222934617788056],[164.100399375061556,-78.217793920091438],[164.034641757104367,-78.219366194421838],[163.994911852869876,-78.224606042972482],[163.972599805693278,-78.231484761554768],[163.966419972048584,-78.24978513425539],[163.958442912014021,-78.255457432886075],[163.926575891196052,-78.258416945535757],[163.898658760565382,-78.256697364731778],[163.845479580241431,-78.260051157115967],[163.81995511184931,-78.255074314879224],[163.78789035497806,-78.259543873267802],[163.754566752163157,-78.25580511054352],[163.73161422022406,-78.2577215344091],[163.720159053981888,-78.250667468489354],[163.813607867412344,-78.234809657712574],[163.755648050242996,-78.207376149149383],[163.819093872000508,-78.201805034635498],[163.934419884148042,-78.185128814032325],[163.950464009383637,-78.179476864950971],[164.079759606839986,-78.157450550614584],[164.134482425818391,-78.153754157913028],[164.182102972979123,-78.145583556847455],[164.214846860493111,-78.134121076912066],[164.208979577297299,-78.1238306687913],[164.337425439705413,-78.100925660043316],[164.410856278101051,-78.081377849685239],[164.415158389403842,-78.07145113870186],[164.398730231175222,-78.063221652554304],[164.363408736575821,-78.058700503039816],[164.359076389569708,-78.053474468955486],[164.332572694638628,-78.051955469837281],[164.34563562014938,-78.041533651641615],[164.322762382144873,-78.033401107529485],[164.322280531385559,-78.032835378401387],[164.455327185809153,-78.025276258515717],[164.507571260190076,-78.012182460103858],[164.72148603674691,-78.018788600804641],[164.824171074429387,-78.004029412599067],[164.90144169760174,-77.980444453880082],[164.972177598752978,-77.97782776474665],[165.007546417734659,-77.972713980180416],[165.030011279514582,-77.964559286313147],[165.050565486379782,-77.946015092457102],[165.037433771373173,-77.89765577367865],[165.021567143047037,-77.888198081119114],[165.042468467217105,-77.88402153691743],[165.05815366650134,-77.889269638363942],[165.059691222148217,-77.89247505720374],[165.070172035616025,-77.892138084810639],[165.073564926584197,-77.887880083155835],[165.184733443622065,-77.873532848430017],[165.218693132977705,-77.864861864904839],[165.233662337011253,-77.863940611700585],[165.232821300339367,-77.85936495869862],[165.377777242719588,-77.847496017342749],[165.5575421595656,-77.7987395116279],[165.671496390118989,-77.802259092844864],[165.861979235891852,-77.817512569544917],[165.953694888579236,-77.830335860638428],[166.148893157996326,-77.849573820437669],[166.280055126161557,-77.873314779522531],[166.387991425160919,-77.882538431701391],[166.464379361617546,-77.895152794440833],[166.504018700089262,-77.895826934124827],[166.636478498939596,-77.910401446218728],[166.693778066874984,-77.911129192379917],[166.739192422755849,-77.907817875179674],[166.826410157274523,-77.885127998130685],[166.789535367315096,-77.8595034891989],[166.787752160893746,-77.846452708628959],[166.765456853182258,-77.839643131881402],[166.800890523376353,-77.828856200161724],[166.805571603997038,-77.818455487932823],[166.829325125150888,-77.813084733846154],[166.843601253459127,-77.817323877334076],[166.852852082386335,-77.815564401077609],[166.858610449308145,-77.800226429653236],[166.836083666995819,-77.795429957500119],[166.841187998584189,-77.790026077344152],[166.915041189634053,-77.789947853746213],[166.924197303254743,-77.781051969073744],[166.912182806862347,-77.76220783650956],[166.98389807503915,-77.764854183017846],[167.008432108175782,-77.75749761482011],[167.078641721190621,-77.752769904008289],[167.131548224021572,-77.743126284277494],[167.185562072137344,-77.735555818261489],[167.200078770112185,-77.719669351845994],[167.295674205691114,-77.70160683199596],[167.302091325012043,-77.682032161326603],[167.337393621689841,-77.672140779945124],[167.353275828692887,-77.669945358044799],[167.391843558525949,-77.671706924673359],[167.434107960336263,-77.667325317932182],[167.457175300342016,-77.657466918157638],[167.438448534521655,-77.650747441369219],[167.447268682025538,-77.643344706175867],[167.544132467715855,-77.637484534964813],[167.563711333745346,-77.622790038690525],[167.647420089804768,-77.623472941154688],[167.669017256455362,-77.629442116888441],[167.750119893746017,-77.636822910378072],[167.762240796036167,-77.638010205101864],[167.788202879394959,-77.643842795422032],[167.806584163006534,-77.643762505587333],[167.862706972826913,-77.641818347799969],[167.884172665605917,-77.64252648111129],[167.915509520595663,-77.651624758167301],[167.938758246800063,-77.646313271246001],[168.002323164668013,-77.642233362884809],[168.140209638822995,-77.649565281481401],[168.227441237467019,-77.670380755799471],[168.211147830479916,-77.674145760099037],[168.218885478145495,-77.687135435867802],[168.330789136580819,-77.684662780846367],[168.37387027358028,-77.690246582393257],[168.394867973193072,-77.697671482093213],[168.510021906193458,-77.705898896377349],[168.566666329023462,-77.68887115833175],[168.589985516799544,-77.673273598640904],[168.641473519344686,-77.656781089865063],[168.665736076442982,-77.654266900821384],[168.701658292083891,-77.662050664988158],[168.770110455378216,-77.656789391170889],[168.789076393128425,-77.660943460094217],[168.805059468671089,-77.660571696562343],[168.963055156864641,-77.620712160082192],[169.003394273850063,-77.591876353428418],[169.058934742870832,-77.587219689423847],[169.109083642372497,-77.588010968119036],[169.253142943974893,-77.569252820069977],[169.330497151352176,-77.551530054361535],[169.37959140248725,-77.525587783150399],[169.377684161695697,-77.504560105238184],[169.331423642333561,-77.467115388162711],[169.319943446759055,-77.463469934738981],[169.305114864947257,-77.460991934072084],[169.276370749011932,-77.45770930808925],[169.296180733141966,-77.451555785081879],[169.344728592893631,-77.448760996423204],[169.413214917425648,-77.434924993618807],[169.44398519658472,-77.433213856288958],[169.522194699386489,-77.435564343166519],[171.018670422138342,-78.337722196746626]],[[166.332203392102087,-78.302022457452537],[166.354188297801187,-78.295576433006218],[166.350925713819493,-78.288692721281137],[166.423674755455465,-78.2814519844394],[166.494287736083777,-78.280952025592043],[166.546825192939139,-78.286039844188295],[166.589346235549982,-78.28527311104051],[166.625301022114002,-78.273356672554158],[166.700429724342456,-78.273222718946755],[166.752170142193222,-78.26824360057897],[166.774567212091455,-78.251167062164157],[166.799002353415233,-78.244577484602701],[166.87156218691004,-78.243741470848747],[166.982341774607249,-78.234460582361081],[167.099455180922916,-78.25032182488026],[167.173120438382597,-78.253383533124136],[167.365520498268467,-78.249290578569557],[167.415963960562522,-78.251738396725941],[167.457734775441622,-78.244141676090905],[167.52219515012348,-78.221385943443224],[167.61182964011374,-78.167842326558613],[167.640694396564868,-78.134067356033867],[167.641120346637962,-78.112200409913342],[167.621183593565945,-78.090634177222768],[167.592167800209495,-78.077193818556623],[167.571941337612799,-78.032989059840475],[167.536265093228764,-78.013867203754003],[167.497538775464363,-78.005770713202608],[167.454707870540034,-78.003895448317209],[167.415757057906205,-78.009350195230752],[167.399350009934437,-78.017481971794226],[167.397117512197013,-78.02132586618319],[167.381386772965129,-78.043097144092854],[167.382960424970065,-78.044355458875827],[167.347616175006976,-78.067347747660008],[167.26650955355592,-78.084364589892999],[167.264541083429606,-78.088064023600552],[167.259517350580325,-78.093507333006983],[167.210691295137593,-78.09613730310592],[167.193416056300549,-78.113514781701952],[167.197854716166006,-78.116141978620917],[167.211476101933982,-78.128875477284296],[167.191733004385497,-78.140610552421251],[167.127369000018462,-78.141537517768597],[167.07955838430135,-78.154474456121065],[167.055368207794942,-78.153857270130402],[167.028247742333974,-78.158595973516313],[166.960925414200119,-78.184167233450637],[166.901005331330225,-78.190530973773619],[166.871832386392185,-78.198868491718841],[166.836218223715548,-78.203135980724809],[166.785937612750587,-78.221145771205357],[166.728363908454838,-78.232597670569419],[166.744887574256865,-78.1997436470716],[166.741013930349652,-78.194483708390706],[166.69619016156804,-78.193364270394468],[166.644200002517465,-78.183026885468422],[166.616053971641662,-78.169919730370125],[166.578740841245406,-78.162074873905553],[166.494433595701167,-78.154900119762388],[166.473614636713847,-78.151371586157481],[166.431109296047765,-78.147965272838718],[166.398440335299171,-78.148862462475165],[166.372531291801351,-78.147392426464762],[166.35118275302122,-78.145289893194374],[166.343664498310119,-78.144627961262103],[166.309203028348179,-78.133217505806869],[166.279824744320905,-78.131271563542469],[166.256485248622397,-78.119692348223737],[166.224307003051791,-78.114943390929255],[166.220199731340074,-78.112563111052339],[166.200329025029049,-78.113640459985533],[166.184567825407299,-78.114502679997244],[166.185680148601705,-78.124042537712526],[166.146221162925542,-78.121000723542863],[166.126775397130245,-78.113557237125278],[166.10067944640295,-78.111411583225077],[166.072114661137334,-78.111961644361998],[166.074706168725726,-78.117340127148537],[166.063657278311609,-78.119025933154603],[166.058847813620559,-78.121250644503704],[166.046783788481264,-78.115537174998082],[166.013072689490144,-78.11342459158783],[166.034102069653102,-78.136467490659641],[166.085474579249876,-78.152002950048612],[166.111267239051585,-78.150770923051581],[166.126420218432941,-78.148199616537184],[166.14593415623537,-78.144188193797859],[166.154355468284109,-78.145731330088381],[166.140430358193356,-78.153742181542725],[166.161123203614068,-78.164838549585383],[166.134932849136305,-78.16910515348421],[166.124969374254931,-78.18203804736747],[166.138675593072037,-78.232652331921429],[166.142487282549325,-78.233904557895613],[166.143502546294883,-78.241537877396354],[166.12030976089693,-78.24509126902737],[166.08390995734959,-78.248474629220141],[166.071330476420513,-78.252730002732008],[166.083435167146945,-78.2709319114377],[166.14329233684515,-78.275817547586399],[166.23742999317389,-78.307040141936994],[166.28160528317062,-78.308151075053175],[166.332203392102087,-78.302022457452537]],[[165.561576340722155,-78.00560128984128],[165.535787511439196,-78.001789614479364],[165.519102446596804,-78.003211416898594],[165.523904174856568,-78.009432491961249],[165.560137904351194,-78.0096433784108],[165.561576340722155,-78.00560128984128]],[[165.147348969673942,-77.911289647534844],[165.13607413016706,-77.914101645881388],[165.145902327863212,-77.914452283173759],[165.147348969673942,-77.911289647534844]],[[165.30127637345015,-77.873580947635119],[165.276568050846578,-77.87699653468529],[165.281462662598983,-77.879859125600774],[165.295011241445735,-77.879423905473161],[165.30127637345015,-77.873580947635119]],[[164.9468576771188,-78.252624713554866],[164.936049038447493,-78.260260134528906],[164.976350041215909,-78.257238169417107],[164.982712506914339,-78.253086027254085],[164.979145018849295,-78.249032839161316],[164.968105141517782,-78.249155505563266],[164.9468576771188,-78.252624713554866]]]]}},
{"type":"Feature","properties":{"SURFACE":"land"},"geometry":{"type":"MultiPolygon","coordinates":[[[[164.722661693077811,-78.300338495581201],[164.722693162717889,-78.295479683956657],[164.762799666225817,-78.296311141538879],[164.839640258592425,-78.285866496030479],[164.87125671537683,-78.277976722246677],[165.120295647618036,-78.248412427392381],[165.144522920526526,-78.228090119954103],[165.126297156151566,-78.211577571596493],[165.16602170020559,-78.207821200964503],[165.199085717124461,-78.19794339180639],[165.232255350609279,-78.194017692642518],[165.238846052980136,-78.189622683489063],[165.210909031208757,-78.181763522196093],[165.189182086462068,-78.169948915184591],[165.14093997051333,-78.165311427864125],[165.141397640486844,-78.157230999119108],[165.186363923840219,-78.144919928303338],[165.193297113332505,-78.132444765735983],[165.259580306552579,-78.102244705906514],[165.339019419525926,-78.078710868774735],[165.363214583006226,-78.047040885444503],[165.376055439145489,-78.034928684731156],[165.408063795084814,-78.020327078361959],[165.46389158844238,-78.007738917858376],[165.491240353108196,-78.017226255579416],[165.489811871674533,-78.022455297798956],[165.534665932830592,-78.02356403048654],[165.576621362993677,-78.040428672363731],[165.617146448486608,-78.070249046384191],[165.607325667520513,-78.097543841083976],[165.62156292782862,-78.110145334803107],[165.580977128295956,-78.135043325738252],[165.39733268604482,-78.182314592903126],[165.388385206002539,-78.190027539237562],[165.348532538058208,-78.197426695149133],[165.338678126894195,-78.208783570843579],[165.437575531649514,-78.22370078512337],[165.539713555145283,-78.256542595753686],[165.614354845231617,-78.259481279681893],[165.66353320948798,-78.265664373536978],[165.737506359268139,-78.301699188765895],[165.739962035666736,-78.305680431228154],[165.749393611700498,-78.301390444454398],[165.746683263269858,-78.315822961523139],[165.74627895299318,-78.315990860908613],[164.722661693077811,-78.300338495581201]]],[[[161.37859814798739,-78.222808314874854],[162.078315096093462,-76.975286957180245],[162.083890462854328,-76.976730695275975],[162.079152519778404,-76.985937000731042],[162.096905920490826,-76.987344218327067],[162.142468367098701,-77.000248051492193],[162.188687131342931,-76.998154366085345],[162.199097113417139,-76.994812899578122],[162.207518008023811,-76.994189083432573],[162.270070788589578,-76.988188613607335],[162.306598432845391,-76.986528592411247],[162.336772498354321,-76.988892232216031],[162.351643665696258,-76.989404949209288],[162.36441099493959,-76.989260565108367],[162.358643800886313,-76.991661531126084],[162.350876595104296,-76.999719197787414],[162.356971740962933,-77.003732668043256],[162.420153032084414,-77.004295979353458],[162.39744721327321,-77.015713670362487],[162.353095370924819,-77.022295811986041],[162.397629177990723,-77.021792343544519],[162.404800358719001,-77.017115279605832],[162.4214975347017,-77.01573945405471],[162.44786821700356,-77.020638023951648],[162.532526248366935,-77.005299499071739],[162.571187169245604,-77.006698584838944],[162.627098475839716,-77.001990332829465],[162.659028391815752,-77.005940229533138],[162.665853555457375,-77.01199045682344],[162.656256441226446,-77.015850039903114],[162.666978900331173,-77.026754155352847],[162.673863050487569,-77.028141226187842],[162.67429312620817,-77.028596648490975],[162.69187776495815,-77.023784438039485],[162.710908034818004,-77.026581893371187],[162.726494527592507,-77.020949581591935],[162.75764286346967,-77.022552329567958],[162.784491441043969,-77.020568106282965],[162.794729239899226,-77.016084533501029],[162.826446007242026,-77.014559698242564],[162.867192911897519,-77.017690817196396],[162.892173756784757,-77.025612007325137],[162.925757203500069,-77.025610467837396],[162.976948206047041,-77.01952375277169],[163.033689665833464,-77.021034197795515],[163.124521323351559,-77.0347745345655],[163.158436838999563,-77.036596554030183],[163.188186425544615,-77.038026569804188],[163.15442376540372,-77.0489762044906],[163.164003792606735,-77.056056743336313],[163.147751085192908,-77.062952563818811],[163.15459715060453,-77.065791663982566],[163.12402682617747,-77.076656994035247],[163.145175434905582,-77.081748755947089],[163.131797389736761,-77.088052900897551],[163.147296874533424,-77.101908908131051],[163.163356200420395,-77.105312419218862],[163.224000836486539,-77.107890838338577],[163.261432662883237,-77.106370970455117],[163.33215313602733,-77.123274812043405],[163.31640282207988,-77.123703746072735],[163.270384482323891,-77.115469010819993],[163.284631050110363,-77.121426860726672],[163.314601310702386,-77.141277100020204],[163.249774381980046,-77.130019428959429],[163.229400871910002,-77.121226000906645],[163.227733429990991,-77.131332248552354],[163.206079411892432,-77.133153886928014],[163.231074528957294,-77.143797676593707],[163.260565271774965,-77.14526085266634],[163.297699271990552,-77.163796989572575],[163.324449170316143,-77.167477650598201],[163.357289286033534,-77.178876519030339],[163.402208234730296,-77.208887082569262],[163.394905780821972,-77.217524598662635],[163.422614320189439,-77.228792830300407],[163.42149148775357,-77.23828368244672],[163.438943848508586,-77.240733695222261],[163.439283647137586,-77.240701082885181],[163.470065760441969,-77.250002258634694],[163.470535130473877,-77.25822012827922],[163.495634118260142,-77.275067870325501],[163.520698662263271,-77.277243466598136],[163.530357779685232,-77.309794907137814],[163.54323803382448,-77.312218131496437],[163.570885779021182,-77.303968412511566],[163.558347366114162,-77.314573340730192],[163.534816212617159,-77.315617031020466],[163.522395167436883,-77.326667229491648],[163.526496278165268,-77.332510736749029],[163.546007829023353,-77.337152060608688],[163.538845816216195,-77.348772035237388],[163.561735737448032,-77.359243584317881],[163.536646260040669,-77.362298042110453],[163.551884503398412,-77.363188220987084],[163.541755822374142,-77.371895605787799],[163.555826712109962,-77.374587362863167],[163.574002873477497,-77.371453940645381],[163.594235815145822,-77.376664488358855],[163.580964546505214,-77.38687731628238],[163.595905778584665,-77.394049985644145],[163.637215600482762,-77.396151271054336],[163.6999230327406,-77.393299184043471],[163.732884006986495,-77.395922325708014],[163.744736820323425,-77.403566050815058],[163.722916606505493,-77.414374266905895],[163.738935655493208,-77.425656448910047],[163.778744465773315,-77.433231787306823],[163.829407409701787,-77.429272822347301],[163.737050577862561,-77.453797417127475],[163.850900113960677,-77.487138396964738],[163.837251794708692,-77.514152033857741],[163.750838805491753,-77.535987183542815],[163.676200900018898,-77.546392350278552],[163.629472108489807,-77.544137170465291],[163.570184373743757,-77.549318059765909],[163.507181708463776,-77.563789650826635],[163.507519856411932,-77.5750385115021],[163.580985349392762,-77.578607539462752],[163.695508627563214,-77.603514108266523],[163.703531502575657,-77.618942116062755],[163.680476946773723,-77.642312726300204],[163.62489025119018,-77.655542694735914],[163.402961188827476,-77.669776212186562],[163.230415965996997,-77.685701786317139],[163.074989606325204,-77.721088844039727],[163.03979865145223,-77.724410554218522],[162.969137144845092,-77.742172913719045],[162.927606520000666,-77.748296378105522],[162.921896767596735,-77.748964841071796],[162.911128709789665,-77.750224896918894],[162.903681734232322,-77.750936408986007],[162.866241896222959,-77.755270617015256],[162.826473260028536,-77.766440098973462],[162.756748178452966,-77.773084953422838],[162.717913265693596,-77.780356297064458],[162.682585293389707,-77.790676214030626],[162.674736700840583,-77.792939670196276],[162.665442537624045,-77.795899827658161],[162.654503084876154,-77.799399520639142],[162.531925946595521,-77.811571142818252],[162.550563732634572,-77.816085698852632],[162.615143155191845,-77.81949286162434],[162.650990854816968,-77.816575686651447],[162.602463664506786,-77.8269197457102],[162.721841887705608,-77.808261057721793],[162.735945429963749,-77.818258549310173],[162.777764353187649,-77.819489099950189],[162.849827030557151,-77.801692540642094],[162.868348746472492,-77.81345734366009],[162.931798624817503,-77.798984834586051],[162.943333479265931,-77.798584816223723],[162.958603703800975,-77.80438529087867],[163.057913308299391,-77.791572827307917],[163.073535867622638,-77.788914584644274],[163.143065581723448,-77.778434310675905],[163.183363187568744,-77.767081658930522],[163.240948093232134,-77.765320495753002],[163.247701749344031,-77.76425553627513],[163.255488410566414,-77.76226287467513],[163.287794322164359,-77.754200536186403],[163.299890472752594,-77.752927051487987],[163.395939921777028,-77.734432352199846],[163.513232169356939,-77.717140109569542],[163.652191095728824,-77.71522555105274],[163.774176127186877,-77.708237917283824],[163.793735810437909,-77.706852013337794],[163.906508841449266,-77.695799134735466],[163.960213662312043,-77.687888715702115],[163.980409964736765,-77.681412321760135],[164.024476598655411,-77.681608819985712],[164.050708417014732,-77.678122787250416],[164.053294511133373,-77.666790662824965],[164.208335500572474,-77.654518358507076],[164.289723720224487,-77.664501283546258],[164.367498968435683,-77.687675924325134],[164.370362206952109,-77.697424093291204],[164.428823588367294,-77.72586573591208],[164.448367141667404,-77.731895699656704],[164.509815905234035,-77.732682063390456],[164.529982300690818,-77.743200751216875],[164.514996141752931,-77.749621142299858],[164.527098559608874,-77.762951637921034],[164.476653889259012,-77.786548832044531],[164.485200519664119,-77.804799230601446],[164.463831016759713,-77.805977907696104],[164.466863539043715,-77.820037823511925],[164.475824294418885,-77.829916841750872],[164.500381991555088,-77.832403757807555],[164.515625447917444,-77.842452813653125],[164.47880998917401,-77.844760432485657],[164.48225980660186,-77.8532122099503],[164.542287051225088,-77.873886626495519],[164.551138638584291,-77.884725777430276],[164.559316832562956,-77.913208771364566],[164.534731681460357,-77.916131143395646],[164.522025997317854,-77.922065285045861],[164.517444052521967,-77.936634346162279],[164.530822538992823,-77.940134354106959],[164.566937464077455,-77.936566756349094],[164.566804420404651,-77.939374203017067],[164.534185937770246,-77.946325230554564],[164.507571260190076,-78.012182460103858],[164.455327185809153,-78.025276258515717],[164.322280531385559,-78.032835378401387],[164.322762382144873,-78.033401107529485],[164.34563562014938,-78.041533651641615],[164.332572694638628,-78.051955469837281],[164.359076389569708,-78.053474468955486],[164.363408736575821,-78.058700503039816],[164.398730231175222,-78.063221652554304],[164.415158389403842,-78.07145113870186],[164.410856278101051,-78.081377849685239],[164.337425439705413,-78.100925660043316],[164.208979577297299,-78.1238306687913],[164.214846860493111,-78.134121076912066],[164.182102972979123,-78.145583556847455],[164.134482425818391,-78.153754157913028],[164.079759606839986,-78.157450550614584],[163.950464009383637,-78.179476864950971],[163.934419884148042,-78.185128814032325],[163.819093872000508,-78.201805034635498],[163.755648050242996,-78.207376149149383],[163.813607867412344,-78.234809657712574],[163.720159053981888,-78.250667468489354],[163.73161422022406,-78.2577215344091],[163.754566752163157,-78.25580511054352],[163.78789035497806,-78.259543873267802],[163.81995511184931,-78.255074314879224],[163.845479580241431,-78.260051157115967],[163.898658760565382,-78.256697364731778],[163.926575891196052,-78.258416945535757],[163.958442912014021,-78.255457432886075],[163.966419972048584,-78.24978513425539],[163.972599805693278,-78.231484761554768],[163.994911852869876,-78.224606042972482],[164.034641757104367,-78.219366194421838],[164.100399375061556,-78.217793920091438],[164.151655341777683,-78.222934617788056],[164.165221917404892,-78.228652531619176],[164.335899969668191,-78.258096121598967],[164.32859965551242,-78.266631326749334],[164.340512004477375,-78.274188271784865],[164.358081776340271,-78.275503000245124],[164.398068143525506,-78.287491009559147],[164.445471651137524,-78.286247305456286],[164.476444211694229,-78.296013279366576],[161.37859814798739,-78.222808314874854]]],[[[162.437551350040621,-76.225878427321646],[162.510679243948914,-76.220833340102104],[162.569204367911539,-76.235041728188094],[162.606226344074827,-76.235191249414896],[162.616096210167399,-76.240210702584605],[162.640052565552594,-76.239162550092715],[162.680472972359013,-76.245794461033228],[162.74396236021758,-76.244392603445107],[162.756260466896833,-76.237061895175628],[162.793195836040326,-76.243674396418982],[162.781171955432427,-76.248535846727336],[162.771512661539191,-76.260273867142118],[162.787113865825518,-76.285454995118286],[162.775841217425892,-76.298551338361989],[162.769741963399895,-76.30017963684746],[162.746199001189979,-76.310310224456018],[162.720439184428159,-76.317607943836379],[162.733023852930188,-76.323038189374955],[162.716905005516821,-76.338319845678555],[162.726731407931879,-76.352124364062917],[162.710040747971476,-76.366359663548295],[162.70649455177832,-76.377386617732483],[162.686019114805163,-76.386695866453337],[162.698513412748611,-76.388724252569048],[162.720264144262927,-76.385744453205376],[162.72885911946247,-76.389726455733296],[162.744254099092046,-76.386683621106343],[162.767664178786845,-76.392825297706111],[162.781234536905572,-76.392145332723487],[162.797906539819934,-76.39930315669389],[162.825464549063639,-76.401907043040964],[162.85724169308665,-76.411396118230456],[162.875332779337953,-76.429929980573377],[162.889531855526229,-76.446081872181992],[162.862810084780563,-76.46468195316892],[162.842112684455657,-76.465493260279317],[162.840276728159381,-76.471246386062035],[162.861567529547642,-76.475400917841185],[162.846457115720227,-76.487189032631647],[162.841833403080102,-76.492476252884273],[162.782687739438302,-76.510283119511413],[162.718835624623694,-76.544753793112307],[162.688447039851326,-76.549217290063467],[162.652437173675537,-76.548009730815309],[162.595000102544361,-76.538011779723192],[162.566283902141862,-76.533423091206629],[162.54336760392755,-76.545571311617977],[162.551986184923607,-76.553209028920364],[162.574356141803548,-76.559060507094486],[162.571279778083891,-76.564964737442011],[162.544371795749726,-76.567327927551474],[162.520924044269663,-76.563980096335328],[162.496212297524011,-76.568475444938599],[162.481995012265344,-76.569840873397794],[162.481942966378455,-76.580768461970408],[162.501494404200372,-76.584984052653198],[162.502251831184992,-76.589308029292027],[162.420194098944904,-76.612440566176431],[162.445866102582556,-76.611022668820951],[162.44756545697075,-76.614067250954307],[162.43951867807408,-76.631668941567938],[162.364944129530045,-76.638926794557207],[162.339131732118943,-76.648788724933397],[162.278316921813371,-76.658162572246155],[162.27008709422222,-76.658122595140469],[162.235078384297651,-76.660001712259827],[162.238487120261851,-76.662731353405064],[162.248163366152141,-76.662386364668535],[162.240621196847542,-76.664272730432046],[162.249570978438953,-76.666035840801669],[162.308433524384185,-76.662629883454528],[162.309271484022361,-76.666521936551021],[162.352836836765476,-76.670730763443757],[162.384788201448004,-76.669751750843105],[162.468339140145019,-76.659805228105924],[162.494927022702313,-76.654766687651033],[162.493616570479475,-76.646274595244634],[162.513818291004753,-76.638976889664335],[162.567585582219948,-76.620479351309584],[162.602610087711923,-76.617843775672384],[162.593177935449717,-76.627797557425438],[162.649792503104493,-76.65143568386739],[162.660534092011773,-76.654981964512572],[162.68197869657763,-76.654961489767629],[162.730718649502364,-76.650196048430772],[162.736213828147157,-76.65665405674369],[162.760979805481497,-76.659920916055356],[162.762052082637439,-76.663583612583182],[162.784914606314487,-76.663626228289814],[162.848735459824809,-76.669008435176409],[162.898673850504537,-76.681970142203966],[162.904933079670428,-76.687646198778396],[162.894249611138321,-76.694198779352703],[162.911323292250927,-76.700987073693128],[162.934782243412769,-76.701866021676082],[162.940096838794688,-76.708630468326703],[162.937993267126046,-76.71165903676372],[162.980329307905748,-76.713115725995365],[162.980195839518473,-76.723293061335909],[162.980269504793313,-76.723839646698039],[162.994647185116037,-76.729785695087998],[162.981673294690978,-76.737488105895551],[162.933242930429287,-76.740784761077023],[162.950768763549718,-76.750370184109613],[162.950791443744436,-76.760227929666485],[162.976412084658591,-76.770538872630397],[162.96986986630759,-76.773471563109368],[162.969758786139181,-76.773874120504004],[162.962004338058904,-76.784238306897521],[162.97171676020551,-76.792938633744129],[162.93715575805453,-76.794201729835621],[162.932753057445922,-76.79677585725473],[162.93088903914753,-76.797533573470432],[162.952694905785734,-76.804870969810864],[162.932126671551089,-76.817688570744423],[162.914967034864389,-76.823732612300233],[162.913550346309677,-76.82585432774998],[162.906319760570597,-76.841939241915753],[162.875955509095064,-76.850952125340186],[162.865340323476829,-76.850483293570605],[162.863855124611035,-76.850405903208269],[162.834177146223368,-76.846893814025492],[162.79644155674788,-76.836423850602571],[162.788920548193289,-76.836566114565983],[162.769980584932938,-76.834386318896648],[162.741348211386708,-76.836163660760761],[162.676430944684682,-76.826139216982583],[162.669666602815312,-76.82500665915596],[162.659189085017772,-76.82260979366859],[162.653600621131915,-76.821123237659435],[162.623848061173277,-76.816244670978321],[162.604863374634334,-76.812518121798433],[162.601004976738608,-76.811882351961117],[162.600756926336032,-76.797954918620903],[162.617498369498179,-76.794193948995613],[162.611845826451884,-76.788918010245368],[162.560205915594679,-76.772963646230821],[162.555933558900449,-76.772692497678335],[162.551913983235295,-76.772691566970835],[162.529556684399608,-76.764561959658465],[162.529971208865362,-76.771369374544278],[162.50167658737297,-76.766707068220086],[162.479915071057661,-76.769979053169052],[162.460694054100202,-76.778535923287222],[162.477274792640713,-76.78641132294517],[162.526727363201815,-76.79465874287375],[162.526261558754612,-76.798869256919005],[162.464327249483631,-76.798325462990519],[162.427690051148943,-76.789853866367181],[162.453457533969754,-76.778670933636619],[162.443245845992777,-76.775837156813026],[162.424514146506368,-76.779435463610227],[162.4006043837324,-76.776860672951429],[162.337023058012363,-76.795801226162851],[162.309514655123479,-76.803207167096829],[162.300939059827954,-76.806255866397876],[162.311177033674625,-76.812691011470122],[162.33917397353332,-76.81155432424012],[162.41851322531187,-76.800171649241221],[162.498641676559686,-76.826155522204118],[162.516404268047381,-76.834414190926225],[162.514874599823969,-76.844242859480147],[162.484804175464063,-76.855261476946325],[162.445059553079375,-76.860211688997012],[162.435707138152878,-76.861377737216358],[162.407028752959491,-76.868049294456711],[162.382264076324077,-76.866284154980974],[162.364536976803038,-76.860236701409221],[162.345291856533265,-76.863396620041513],[162.372208185121565,-76.878778657932244],[162.386258288949705,-76.877936456618173],[162.407913233049186,-76.884976023140197],[162.425495053341621,-76.884300703246936],[162.434692354789433,-76.883548702597039],[162.46049791589391,-76.879740027451604],[162.463351794632388,-76.879342165517414],[162.472592735068616,-76.878129327680199],[162.479600857467176,-76.877275121394916],[162.507342578491603,-76.876003448566848],[162.516478629889804,-76.875526704466111],[162.519236688564945,-76.886376328150945],[162.514634909336422,-76.889094732833797],[162.532115750754258,-76.8907940586422],[162.519300356835458,-76.896680178175657],[162.585672159138085,-76.912650139063544],[162.543195095098781,-76.929155395552101],[162.484614877593714,-76.932882531621999],[162.348137829955107,-76.941868794704561],[162.285152135163514,-76.953315325887871],[162.283301084881884,-76.953575693846659],[162.139048845963913,-76.952770935734321],[162.118176729775428,-76.95277179657802],[162.11457550471556,-76.955683224287796],[162.087025167918256,-76.958084521095699],[162.437551350040621,-76.225878427321646]]],[[[162.563146152258014,-75.943076625065217],[162.570455634901919,-75.947895628196008],[162.621875793244755,-75.939211935342101],[162.636460381311963,-75.939326615325413],[162.65393989493262,-75.944387377468303],[162.662331863387635,-75.950352276409333],[162.65030274274622,-75.953743239119873],[162.652414457519541,-75.958561241751127],[162.72542696389371,-75.975802251552182],[162.701685955557309,-76.005562203963663],[162.698462308355374,-76.017400817953884],[162.723256326908512,-76.022398768378338],[162.729668075850583,-76.061280932014796],[162.725596386173407,-76.073699318737368],[162.738683978583509,-76.076670353142518],[162.735982208742229,-76.081146992228042],[162.722173593438839,-76.080822727340419],[162.696734009232728,-76.086230266957998],[162.655224761336427,-76.087637375478195],[162.643413731787831,-76.091317805443992],[162.635631990211749,-76.087185808775331],[162.630227124573338,-76.086489888750137],[162.57897124950054,-76.088278568868645],[162.556024493597675,-76.083248786400389],[162.524181504929913,-76.08257870303072],[162.519274513082422,-76.078398404685814],[162.512823945269645,-76.077958439401044],[162.504649731262731,-76.078595194377129],[162.503659667885984,-76.078457406093833],[162.563146152258014,-75.943076625065217]]],[[[162.583805818324578,-75.895440212375661],[162.591289458375087,-75.898100397278938],[162.585068111524606,-75.898267446639252],[162.582478045561373,-75.89851146288953],[162.583805818324578,-75.895440212375661]]],[[[162.639510981687067,-75.765372092969542],[162.640390564434227,-75.765822271438893],[162.668718027277492,-75.765561004973065],[162.685866596537181,-75.762193040161165],[162.708477486706698,-75.76710757875999],[162.72789099547785,-75.781329603687468],[162.749838364786399,-75.781260921343019],[162.772367430463106,-75.791049705826495],[162.813670739188495,-75.78062796124415],[162.854243642881301,-75.79660829084419],[162.875721302462068,-75.817122298964364],[162.89619091669482,-75.821916985670157],[162.89667238431656,-75.829034709002627],[162.878819171504148,-75.845156393878113],[162.85512889718234,-75.850568769959381],[162.815852471806011,-75.871609859138999],[162.787639149230216,-75.877064906660266],[162.782409257424206,-75.882973499867902],[162.75943185909091,-75.882660438734291],[162.750342546374355,-75.885493396553471],[162.732965502168099,-75.884845007133251],[162.704554431599234,-75.875431677023002],[162.685739766501854,-75.881626660073863],[162.646009551713945,-75.880358304030779],[162.622356525128112,-75.878889445315735],[162.636074760166196,-75.88513791675382],[162.603001683204525,-75.885181349144489],[162.586763430919376,-75.888594189883392],[162.639510981687067,-75.765372092969542]]],[[[162.70811141041213,-75.601858487630494],[162.712112013050103,-75.601331961769802],[162.723769796013926,-75.589570583016638],[162.750107184386763,-75.580550635498966],[162.773975010177992,-75.575359507795199],[162.778281825857135,-75.569029514192522],[162.819451970891748,-75.568611935913665],[162.836742198913242,-75.573629583337194],[162.854293463755596,-75.573395703200873],[162.859103331687578,-75.577272337022748],[162.89078409072647,-75.568210359397057],[162.933452593329037,-75.557207238796693],[162.976054144097589,-75.557383245178784],[162.98439138124192,-75.56692553706678],[162.962672057137695,-75.577760050979009],[162.946532352211165,-75.597281816093442],[162.907121213390809,-75.624446199473482],[162.880893845630254,-75.634208105786897],[162.889094811868375,-75.638817799678193],[162.875711079387429,-75.643431612910632],[162.879898740216305,-75.657904858112289],[162.841335403453201,-75.667238056025198],[162.829746742434281,-75.691082330488413],[162.814364629365599,-75.696481450533511],[162.796530534445452,-75.697145945548158],[162.767512371828929,-75.697486021132406],[162.748255953592462,-75.701185886739111],[162.686279827737678,-75.68795052813168],[162.67521307255393,-75.687346172147542],[162.672475564662108,-75.687265132938819],[162.70811141041213,-75.601858487630494]]],[[[163.153522702016232,-74.441465746149234],[163.186932546902852,-74.443797030973656],[163.204351357740819,-74.447583758020883],[163.198098221148172,-74.453843780006153],[163.209744939637517,-74.484162800590042],[163.211719180681285,-74.494949024471239],[163.266216856954372,-74.530086659658011],[163.273185735948431,-74.547975880772299],[163.273119043773875,-74.567591570504263],[163.29414188502966,-74.599094802247464],[163.28123180231708,-74.602072953924235],[163.2523365559301,-74.596433602031738],[163.245244974748317,-74.60115889863259],[163.228858037441853,-74.602469021699108],[163.21581697458646,-74.600161428569578],[163.198718164179013,-74.605965469902202],[163.17435410250107,-74.603682185830607],[163.196800933969399,-74.6094635582526],[163.176333770066918,-74.614032519955188],[163.180260432871506,-74.617049250096656],[163.220246427786151,-74.630148371597073],[163.253874586910001,-74.64050452406947],[163.251779576185157,-74.649289962398015],[163.27394161989173,-74.646089474188713],[163.282118779417544,-74.641300855568602],[163.295942548320539,-74.643005003648597],[163.287818419534602,-74.659079157352735],[163.294068747805312,-74.669101872954329],[163.293212674198628,-74.68187365119357],[163.274115130437593,-74.69072217509202],[163.238524287002463,-74.684181383881082],[163.187823947350665,-74.667820513626495],[163.16429797958358,-74.672096167128117],[163.150758218753339,-74.674632303783284],[163.150057173048566,-74.678597167932566],[163.123472478781053,-74.677814807279105],[163.093254873454242,-74.695237375724801],[163.058082881422678,-74.705574376149613],[163.153522702016232,-74.441465746149234]]],[[[163.164374540722747,-74.410857727395666],[163.268714738455145,-74.411435321678198],[163.255080690447585,-74.415699293343295],[163.219007143101379,-74.411897395871591],[163.211073475563495,-74.415154214513535],[163.177705931877284,-74.410957487235351],[163.163631583380607,-74.412957101041499],[163.164374540722747,-74.410857727395666]]],[[[165.205925017141084,-74.412878326293779],[165.223549297723139,-74.418036693022046],[165.248314436821857,-74.425792007339652],[165.238302719269171,-74.435790332383306],[165.243619917369642,-74.447706193240847],[165.260109006701185,-74.456236102767733],[165.253875344112345,-74.464710591189601],[165.267070684008672,-74.469998626141958],[165.283592204460859,-74.469147255578051],[165.305761970544438,-74.476276991722528],[165.32166171690281,-74.472457347299539],[165.360156383444973,-74.47542040023535],[165.365606328507539,-74.48016126856885],[165.390232414278017,-74.483932239613324],[165.399206601117868,-74.488160338421977],[165.413578546893177,-74.485309083964893],[165.477186379621827,-74.498216423523829],[165.48372621302866,-74.506765717438284],[165.469487586971411,-74.518786755858713],[165.454893581488335,-74.539233857626002],[165.479222375628979,-74.548911256396337],[165.464490666907011,-74.559803584721465],[165.461632726442616,-74.561374965723985],[165.442393286658955,-74.573614366655292],[165.456346823441294,-74.579087533781646],[165.466538748068444,-74.600432782631785],[165.446504442592811,-74.635502821003541],[165.424274780009569,-74.647868070963113],[165.405204333967106,-74.649487920796886],[165.402838029595841,-74.648409866910313],[165.403584955175745,-74.646161602579596],[165.353597861292741,-74.615533560081474],[165.358316786251351,-74.598580780542378],[165.337684098824326,-74.590851129588515],[165.33584550195755,-74.589837116375051],[165.31415516932995,-74.581821432925921],[165.308526302623932,-74.57054354831773],[165.258846378022383,-74.557083943331023],[165.240483046306508,-74.555405970042358],[165.216628801486564,-74.548778196938471],[165.212096725876847,-74.533536749267114],[165.177610705894637,-74.529275826067163],[165.167574833272283,-74.526078329742447],[165.145627828755806,-74.528020179122777],[165.106218399353537,-74.547577002402107],[165.098402470563741,-74.548469554058144],[165.080993378029007,-74.54240731800715],[165.055091368929652,-74.549225564450339],[165.04583536062421,-74.557276284284171],[165.031276226829135,-74.557541247121051],[165.01174068174717,-74.55740695150503],[164.987433392692196,-74.561745635590995],[164.976605350577984,-74.555656483587612],[164.921979924418594,-74.551742505507292],[164.907643852343597,-74.554452845487802],[164.907090446260213,-74.56512617277204],[164.882496574620376,-74.570569382007832],[164.874273743260574,-74.579288807931505],[164.881140852582092,-74.584304074751117],[164.874926827278927,-74.584165072048108],[164.819284870523205,-74.582249314575279],[164.806763880376366,-74.578086125448422],[164.781854650812136,-74.569297443800664],[164.761059800639913,-74.57242357288014],[164.738812252377983,-74.568634414227077],[164.701861178106185,-74.55967765553892],[164.700048053360774,-74.553468080951674],[164.649002030790541,-74.551922233075615],[164.620544373362094,-74.559659237311081],[164.540359587976894,-74.534273914965155],[164.540974027663168,-74.551161363010323],[164.529461597043223,-74.560300366315744],[164.49670643020292,-74.565656392679614],[164.48567674611806,-74.563209377665814],[164.485096646764958,-74.554635193156912],[164.479519333281701,-74.551914220271044],[164.462464362298533,-74.5573714110796],[164.468291026334782,-74.568144481665314],[164.462705374655258,-74.572720506185902],[164.432430242116396,-74.552633991706742],[164.424782227925249,-74.554419797687359],[164.436205833081573,-74.565282430947903],[164.436392956130788,-74.569400017636596],[164.42649251377162,-74.570591403109745],[164.410581163487706,-74.559770958250951],[164.366036517015601,-74.550645726143188],[164.345673879446764,-74.542689454484417],[164.307518294258387,-74.545615469435177],[164.297488547852993,-74.549955757977244],[164.292732527395913,-74.569415083312137],[164.260910239429165,-74.593546075290362],[164.250054008463934,-74.607380834006349],[164.267296394372693,-74.619102348219343],[164.262864899757631,-74.625118184104096],[164.250366043704645,-74.619055206983475],[164.24907377552708,-74.619572946691065],[164.244772351469805,-74.620848044596642],[164.235427877141603,-74.627840775783895],[164.229480441493081,-74.628875406544509],[164.239213624576337,-74.63460962099785],[164.221853528375419,-74.637007540747121],[164.202083109829033,-74.628641033601795],[164.163140394911181,-74.631547829241143],[164.155945735656474,-74.632629471358371],[164.112133967927264,-74.626885474150214],[164.108278112500187,-74.62611215934794],[164.044443250710401,-74.629226062795894],[164.041787492574798,-74.639203869250551],[164.061859127137183,-74.650148324148972],[164.06645296468011,-74.665808354361531],[164.058493668440292,-74.669353521552011],[164.068612738266268,-74.67458591318092],[164.059715521458457,-74.678338078061557],[164.058835537485749,-74.678833684965468],[164.052376382269244,-74.682219588614871],[164.046274415410409,-74.683919420046777],[164.027935472876692,-74.688741650311187],[164.02522774528174,-74.69544255470764],[164.023235135818624,-74.696498507905531],[164.045146120924187,-74.703254854296233],[164.081147471227467,-74.700252874639133],[164.093834439006116,-74.691958291513075],[164.11521130369178,-74.690419356177514],[164.126117060536245,-74.695499813281472],[164.116460008034466,-74.695278265708097],[164.121029649823583,-74.697252735832279],[164.126664545793858,-74.706469138214402],[164.125479135516883,-74.708237927348662],[164.122444346774103,-74.712608792373643],[164.110524774564738,-74.718124184018009],[164.12397909476357,-74.730034707214344],[164.118863326330313,-74.736484467333142],[164.118114595336635,-74.736960033012139],[164.111671242684196,-74.743032563382471],[164.110834338325276,-74.743659210925429],[164.108077668676771,-74.74607841172498],[164.10406446413964,-74.747887662131447],[164.103779525544695,-74.747901584236672],[164.091376551967414,-74.744514015908464],[164.081382020760088,-74.745501542120778],[164.076251972238424,-74.747661075466837],[164.076324857723307,-74.749775386300684],[164.076421477390227,-74.750520307630012],[164.07916972483423,-74.756012567942051],[164.078546065051029,-74.757294517093726],[164.050611603651163,-74.763515723821584],[164.037591490396551,-74.765417951632045],[164.01740908928258,-74.769409077371549],[163.95110125733882,-74.769393210420944],[163.936408967450973,-74.770429397335263],[163.93811138437394,-74.77589145358337],[163.982759337666948,-74.779129168697608],[164.04236835697921,-74.797174909899169],[164.046207658902318,-74.804573291533686],[164.017125269839198,-74.826410240295189],[163.998618464381963,-74.829936174544187],[163.992382452491682,-74.840389469472925],[164.012356009252784,-74.846185093882056],[163.992538669987709,-74.858557186319956],[163.966172271385545,-74.8688258554795],[163.945839128194422,-74.88599785245664],[163.955182128445472,-74.891950259256419],[163.943546800409621,-74.893144083806718],[163.930383863409531,-74.894529016018794],[163.909933196370332,-74.900567548100568],[163.906982491045198,-74.885668198712779],[163.898911448956198,-74.876676009471964],[163.898845716395073,-74.876571298504217],[163.899375146373444,-74.867688434710701],[163.91434405582919,-74.863193738247716],[163.923099676562828,-74.861170800967315],[163.930895104525746,-74.861962200549812],[163.945922097085656,-74.853976412336536],[163.946898166531668,-74.847347397295593],[163.945546602322054,-74.833585455066441],[163.911532247399919,-74.820452034850931],[163.906991926668326,-74.818791196418374],[163.887019888124627,-74.814615797347457],[163.86843606126331,-74.82411761385832],[163.863636072160489,-74.834822369625627],[163.846225505008817,-74.835986745487986],[163.837567990250591,-74.833065400830179],[163.826004622962444,-74.83090109906658],[163.812973223106752,-74.827858838361465],[163.767636508115487,-74.811202807781626],[163.76736996479454,-74.805194365931712],[163.753516668357321,-74.795152436283104],[163.749089787614452,-74.792572706857797],[163.742247148123965,-74.790186989055925],[163.736648596272659,-74.784424343579843],[163.729548117187363,-74.780760352993951],[163.726851161765723,-74.779052571401181],[163.735286939957319,-74.759903614315562],[163.707121201453191,-74.751466985355293],[163.702025311509743,-74.742350565147632],[163.710681774492457,-74.737346891640755],[163.693522248616603,-74.72844538279071],[163.69548560245164,-74.723424918837679],[163.712497429009915,-74.716927049836869],[163.718621743323098,-74.715616519696084],[163.719828145036985,-74.715363914531068],[163.734945780472799,-74.709091464371014],[163.763807516484718,-74.705589349797819],[163.761743634194517,-74.698047881811334],[163.776319776602094,-74.696067382146808],[163.785959112512955,-74.688673210411579],[163.806222631042004,-74.686368782861379],[163.808551470071137,-74.681016350193715],[163.833995488829061,-74.675908062468594],[163.848201898561797,-74.668926433349839],[163.869717255650784,-74.659156330847722],[163.876186113909426,-74.65640656701072],[163.88491741375924,-74.653706638994535],[163.883326523324911,-74.647525723885067],[163.898187657130478,-74.64537156400111],[163.920167063500372,-74.639641730713748],[163.94194712210242,-74.637679505044829],[163.945870251540413,-74.636784003242127],[163.942141661391759,-74.633572527278119],[163.94198656762191,-74.633207521005744],[163.953960598100053,-74.630081917092951],[163.95474509150975,-74.624501994590233],[163.972120041797581,-74.624341928731951],[163.983469925059524,-74.623445475424177],[163.98631871118215,-74.621635928981291],[163.996936818436154,-74.61698834947461],[164.004670465322903,-74.611194659661521],[163.976419933141216,-74.606111054788883],[163.958304099133926,-74.611502881669338],[163.93714278102928,-74.610432220526505],[163.921444605788793,-74.61438528743048],[163.89653712409455,-74.617557195171372],[163.892435648812864,-74.609663998298942],[163.880301995242064,-74.606925510650839],[163.85532019310304,-74.613879600719642],[163.834841620845935,-74.615268552761407],[163.825009156908806,-74.620971669275619],[163.804464638292359,-74.622671060992559],[163.800178322265452,-74.627961307948453],[163.763486069879065,-74.630411423958179],[163.753019586430156,-74.626492574075215],[163.72810591944878,-74.610592168505079],[163.712138061105094,-74.60872114188561],[163.707600970560719,-74.608479887827471],[163.699171006826106,-74.612594714026258],[163.698315573721544,-74.613884236128612],[163.695545105056112,-74.61506684710227],[163.673971879549129,-74.617397630970885],[163.656643723046813,-74.606955181514749],[163.650665644772261,-74.599889734115081],[163.659778443010111,-74.583297436478162],[163.646802600033311,-74.56285886039106],[163.657601344688601,-74.560072845120175],[163.649113143067865,-74.555534048087722],[163.655361705307882,-74.551010141893727],[163.660454449154599,-74.545206319313408],[163.653523266157862,-74.534182169966797],[163.645374861800775,-74.528566921607876],[163.642328769133456,-74.516024522958517],[163.642330953688088,-74.515743179204904],[163.634799479120034,-74.493347949280547],[163.669795018601036,-74.466932869677976],[163.674089994165229,-74.465462536965418],[163.656941505989295,-74.456984201253448],[163.635463223023265,-74.460420965272036],[163.604308569330669,-74.458348247378538],[163.55926156366192,-74.462787873511843],[163.51072227828945,-74.475083044673454],[163.496303112869242,-74.46957615101077],[163.498347763196222,-74.461128494943367],[163.500486281942557,-74.457441461081785],[163.502792382345376,-74.4525911399856],[163.521907619358871,-74.440880271892567],[163.526587612338346,-74.435507614437824],[163.530967146312435,-74.430530223439206],[163.538840921533534,-74.423002174142454],[163.542271763287516,-74.41270693837005],[165.205925017141084,-74.412878326293779]]]]}}
]
}
