{"type": "FeatureCollection", "features": [{"type": "Feature", "properties": {"kind": "parallel", "label": "80\u00b015'S", "value": -80.25}, "geometry": {"type": "MultiLineString", "coordinates": [[[-180.0, -80.24999999999953], [-179.50069348127602, -80.24999999999953], [-179.001386962552, -80.24999999999953], [-178.50208044382802, -80.24999999999953], [-178.002773925104, -80.24999999999953], [-177.50346740638003, -80.24999999999953], [-177.00416088765604, -80.24999999999953], [-176.50485436893203, -80.24999999999953], [-176.00554785020805, -80.24999999999953], [-175.50624133148406, -80.24999999999953], [-175.00693481276005, -80.24999999999953], [-174.68113751760512, -80.25008355740258]], [[171.0334116963237, -80.2500147991688], [171.5117891816921, -80.24999999999953], [172.0110957004161, -80.24999999999953], [172.51040221914008, -80.24999999999953], [173.00970873786406, -80.24999999999953], [173.5090152565881, -80.24999999999953], [174.00832177531208, -80.24999999999953], [174.50762829403607, -80.24999999999953], [175.00693481276005, -80.24999999999953], [175.50624133148403, -80.24999999999953], [176.00554785020802, -80.24999999999953], [176.50485436893206, -80.24999999999953], [177.00416088765604, -80.24999999999953], [177.50346740638003, -80.24999999999953], [178.002773925104, -80.24999999999953], [178.502080443828, -80.24999999999953], [179.00138696255203, -80.24999999999953], [179.50069348127602, -80.24999999999953], [180.0, -80.24999999999953]]]}}, {"type": "Feature", "properties": {"kind": "parallel", "label": "80\u00b0S", "value": -80.0}, "geometry": {"type": "MultiLineString", "coordinates": [[[-180.0, -79.99999999999943], [-179.50069348127602, -79.99999999999943], [-179.001386962552, -79.99999999999943], [-178.50208044382802, -79.99999999999943], [-178.002773925104, -79.99999999999943], [-177.50346740638003, -79.99999999999943], [-177.00416088765604, -79.99999999999943], [-176.50485436893203, -79.99999999999943], [-176.00554785020805, -79.99999999999943], [-175.50624133148406, -79.99999999999943], [-175.00693481276005, -79.99999999999943], [-174.81510383299258, -80.00008939941766]], [[164.2503144949954, -80.00009376432048], [164.52149791955617, -79.99999999999943], [165.02080443828015, -79.99999999999943], [165.5201109570042, -79.99999999999943], [166.01941747572818, -79.99999999999943], [166.51872399445216, -79.99999999999943], [167.01803051317614, -79.99999999999943], [167.51733703190013, -79.99999999999943], [168.01664355062417, -79.99999999999943], [168.51595006934815, -79.99999999999943], [169.01525658807213, -79.99999999999943], [169.51456310679612, -79.99999999999943], [170.0138696255201, -79.99999999999943], [170.51317614424408, -79.99999999999943], [171.01248266296813, -79.99999999999943], [171.5117891816921, -79.99999999999943], [172.0110957004161, -79.99999999999943], [172.51040221914008, -79.99999999999943], [173.00970873786406, -79.99999999999943], [173.5090152565881, -79.99999999999943], [174.00832177531208, -79.99999999999943], [174.50762829403607, -79.99999999999943], [175.00693481276005, -79.99999999999943], [175.50624133148403, -79.99999999999943], [176.00554785020802, -79.99999999999943], [176.50485436893206, -79.99999999999943], [177.00416088765604, -79.99999999999943], [177.50346740638003, -79.99999999999943], [178.002773925104, -79.99999999999943], [178.502080443828, -79.99999999999943], [179.00138696255203, -79.99999999999943], [179.50069348127602, -79.99999999999943], [180.0, -79.99999999999943]]]}}, {"type": "Feature", "properties": {"kind": "parallel", "label": "79\u00b045'S", "value": -79.75}, "geometry": {"type": "MultiLineString", "coordinates": [[[-180.0, -79.74999999999935], [-179.50069348127602, -79.74999999999935], [-179.001386962552, -79.74999999999935], [-178.50208044382802, -79.74999999999935], [-178.002773925104, -79.74999999999935], [-177.50346740638003, -79.74999999999935], [-177.00416088765604, -79.74999999999935], [-176.50485436893203, -79.74999999999935], [-176.00554785020805, -79.74999999999935], [-175.50624133148406, -79.74999999999935], [-175.00693481276005, -79.74999999999935], [-174.94255019384872, -79.75004349275295]], [[159.80382891781963, -79.75009577534256], [160.0277392510402, -79.74999999999935], [160.52704576976424, -79.74999999999935], [161.02635228848823, -79.74999999999935], [161.5256588072122, -79.74999999999935], [162.0249653259362, -79.74999999999935], [162.52427184466018, -79.74999999999935], [163.02357836338422, -79.74999999999935], [163.5228848821082, -79.74999999999935], [164.02219140083218, -79.74999999999935], [164.52149791955617, -79.74999999999935], [165.02080443828015, -79.74999999999935], [165.5201109570042, -79.74999999999935], [166.01941747572818, -79.74999999999935], [166.51872399445216, -79.74999999999935], [167.01803051317614, -79.74999999999935], [167.51733703190013, -79.74999999999935], [168.01664355062417, -79.74999999999935], [168.51595006934815, -79.74999999999935], [169.01525658807213, -79.74999999999935], [169.51456310679612, -79.74999999999935], [170.0138696255201, -79.74999999999935], [170.51317614424408, -79.74999999999935], [171.01248266296813, -79.74999999999935], [171.5117891816921, -79.74999999999935], [172.0110957004161, -79.74999999999935], [172.51040221914008, -79.74999999999935], [173.00970873786406, -79.74999999999935], [173.5090152565881, -79.74999999999935], [174.00832177531208, -79.74999999999935], [174.50762829403607, -79.74999999999935], [175.00693481276005, -79.74999999999935], [175.50624133148403, -79.74999999999935], [176.00554785020802, -79.74999999999935], [176.50485436893206, -79.74999999999935], [177.00416088765604, -79.74999999999935], [177.50346740638003, -79.74999999999935], [178.002773925104, -79.74999999999935], [178.502080443828, -79.74999999999935], [179.00138696255203, -79.74999999999935], [179.50069348127602, -79.74999999999935], [180.0, -79.74999999999935]]]}}, {"type": "Feature", "properties": {"kind": "parallel", "label": "79\u00b030'S", "value": -79.5}, "geometry": {"type": "MultiLineString", "coordinates": [[[-180.0, -79.49999999999923], [-179.50069348127602, -79.49999999999923], [-179.001386962552, -79.49999999999923], [-178.50208044382802, -79.49999999999923], [-178.002773925104, -79.49999999999923], [-177.50346740638003, -79.49999999999923], [-177.00416088765604, -79.49999999999923], [-176.50485436893203, -79.49999999999923], [-176.00554785020805, -79.49999999999923], [-175.50624133148406, -79.49999999999923], [-175.0638982872664, -79.50004008063979]], [[156.31570856295, -79.50009743260982], [156.5325936199723, -79.49999999999923], [157.03190013869624, -79.49999999999923], [157.53120665742028, -79.49999999999923], [158.03051317614427, -79.49999999999923], [158.52981969486825, -79.49999999999923], [159.02912621359224, -79.49999999999923], [159.52843273231622, -79.49999999999923], [160.0277392510402, -79.49999999999923], [160.52704576976424, -79.49999999999923], [161.02635228848823, -79.49999999999923], [161.5256588072122, -79.49999999999923], [162.0249653259362, -79.49999999999923], [162.52427184466018, -79.49999999999923], [163.02357836338422, -79.49999999999923], [163.5228848821082, -79.49999999999923], [164.02219140083218, -79.49999999999923], [164.52149791955617, -79.49999999999923], [165.02080443828015, -79.49999999999923], [165.5201109570042, -79.49999999999923], [166.01941747572818, -79.49999999999923], [166.51872399445216, -79.49999999999923], [167.01803051317614, -79.49999999999923], [167.51733703190013, -79.49999999999923], [168.01664355062417, -79.49999999999923], [168.51595006934815, -79.49999999999923], [169.01525658807213, -79.49999999999923], [169.51456310679612, -79.49999999999923], [170.0138696255201, -79.49999999999923], [170.51317614424408, -79.49999999999923], [171.01248266296813, -79.49999999999923], [171.5117891816921, -79.49999999999923], [172.0110957004161, -79.49999999999923], [172.51040221914008, -79.49999999999923], [173.00970873786406, -79.49999999999923], [173.5090152565881, -79.49999999999923], [174.00832177531208, -79.49999999999923], [174.50762829403607, -79.49999999999923], [175.00693481276005, -79.49999999999923], [175.50624133148403, -79.49999999999923], [176.00554785020802, -79.49999999999923], [176.50485436893206, -79.49999999999923], [177.00416088765604, -79.49999999999923], [177.50346740638003, -79.49999999999923], [178.002773925104, -79.49999999999923], [178.502080443828, -79.49999999999923], [179.00138696255203, -79.49999999999923], [179.50069348127602, -79.49999999999923], [180.0, -79.49999999999923]]]}}, {"type": "Feature", "properties": {"kind": "parallel", "label": "79\u00b015'S", "value": -79.25}, "geometry": {"type": "MultiLineString", "coordinates": [[[-180.0, -79.24999999999909], [-179.50069348127602, -79.24999999999909], [-179.001386962552, -79.24999999999909], [-178.50208044382802, -79.24999999999909], [-178.002773925104, -79.24999999999909], [-177.50346740638003, -79.24999999999909], [-177.00416088765604, -79.24999999999909], [-176.50485436893203, -79.24999999999909], [-176.00554785020805, -79.24999999999909], [-175.50624133148406, -79.24999999999909], [-175.17957140929394, -79.2500918175451]], [[153.39518166161574, -79.25008245628416], [153.5367545076283, -79.24999999999909], [154.0360610263523, -79.24999999999909], [154.53536754507627, -79.24999999999909], [155.0346740638003, -79.24999999999908], [155.5339805825243, -79.24999999999909], [156.03328710124828, -79.24999999999909], [156.5325936199723, -79.24999999999909], [157.03190013869624, -79.24999999999909], [157.53120665742028, -79.24999999999909], [158.03051317614427, -79.24999999999909], [158.52981969486825, -79.24999999999909], [159.02912621359224, -79.24999999999909], [159.52843273231622, -79.24999999999908], [160.0277392510402, -79.24999999999909], [160.52704576976424, -79.24999999999909], [161.02635228848823, -79.24999999999909], [161.5256588072122, -79.24999999999909], [162.0249653259362, -79.24999999999909], [162.52427184466018, -79.24999999999909], [163.02357836338422, -79.24999999999909], [163.5228848821082, -79.24999999999909], [164.02219140083218, -79.24999999999909], [164.52149791955617, -79.24999999999909], [165.02080443828015, -79.24999999999909], [165.5201109570042, -79.24999999999909], [166.01941747572818, -79.24999999999909], [166.51872399445216, -79.24999999999909], [167.01803051317614, -79.24999999999909], [167.51733703190013, -79.24999999999909], [168.01664355062417, -79.24999999999909], [168.51595006934815, -79.24999999999909], [169.01525658807213, -79.24999999999909], [169.51456310679612, -79.24999999999909], [170.0138696255201, -79.24999999999908], [170.51317614424408, -79.24999999999909], [171.01248266296813, -79.24999999999909], [171.5117891816921, -79.24999999999909], [172.0110957004161, -79.24999999999909], [172.51040221914008, -79.24999999999909], [173.00970873786406, -79.24999999999909], [173.5090152565881, -79.24999999999909], [174.00832177531208, -79.24999999999909], [174.50762829403607, -79.24999999999909], [175.00693481276005, -79.24999999999909], [175.50624133148403, -79.24999999999909], [176.00554785020802, -79.24999999999909], [176.50485436893206, -79.24999999999909], [177.00416088765604, -79.24999999999909], [177.50346740638003, -79.24999999999909], [178.002773925104, -79.24999999999909], [178.502080443828, -79.24999999999909], [179.00138696255203, -79.24999999999909], [179.50069348127602, -79.24999999999909], [180.0, -79.24999999999909]]]}}, {"type": "Feature", "properties": {"kind": "parallel", "label": "79\u00b0S", "value": -79.0}, "geometry": {"type": "MultiLineString", "coordinates": [[[-180.0, -78.99999999999893], [-179.50069348127602, -78.99999999999893], [-179.001386962552, -78.99999999999893], [-178.50208044382802, -78.99999999999893], [-178.002773925104, -78.99999999999893], [-177.50346740638003, -78.99999999999893], [-177.00416088765604, -78.99999999999893], [-176.50485436893203, -78.99999999999893], [-176.00554785020805, -78.99999999999893], [-175.50624133148406, -78.99999999999893], [-175.29000175218945, -79.00010194748354]], [[150.86394755273534, -79.00009483907581], [151.04022191400836, -78.99999999999893], [151.5395284327323, -78.99999999999893], [152.03883495145635, -78.99999999999893], [152.53814147018034, -78.99999999999893], [153.03744798890432, -78.99999999999893], [153.5367545076283, -78.99999999999893], [154.0360610263523, -78.99999999999893], [154.53536754507627, -78.99999999999893], [155.0346740638003, -78.99999999999893], [155.5339805825243, -78.99999999999893], [156.03328710124828, -78.99999999999893], [156.5325936199723, -78.99999999999893], [157.03190013869624, -78.99999999999893], [157.53120665742028, -78.99999999999893], [158.03051317614427, -78.99999999999893], [158.52981969486825, -78.99999999999893], [159.02912621359224, -78.99999999999893], [159.52843273231622, -78.99999999999893], [160.0277392510402, -78.99999999999893], [160.52704576976424, -78.99999999999893], [161.02635228848823, -78.99999999999893], [161.5256588072122, -78.99999999999893], [162.0249653259362, -78.99999999999893], [162.52427184466018, -78.99999999999893], [163.02357836338422, -78.99999999999893], [163.5228848821082, -78.99999999999893], [164.02219140083218, -78.99999999999893], [164.52149791955617, -78.99999999999893], [165.02080443828015, -78.99999999999893], [165.5201109570042, -78.99999999999893], [166.01941747572818, -78.99999999999893], [166.51872399445216, -78.99999999999893], [167.01803051317614, -78.99999999999893], [167.51733703190013, -78.99999999999893], [168.01664355062417, -78.99999999999893], [168.51595006934815, -78.99999999999893], [169.01525658807213, -78.99999999999893], [169.51456310679612, -78.99999999999893], [170.0138696255201, -78.99999999999893], [170.51317614424408, -78.99999999999893], [171.01248266296813, -78.99999999999893], [171.5117891816921, -78.99999999999893], [172.0110957004161, -78.99999999999893], [172.51040221914008, -78.99999999999893], [173.00970873786406, -78.99999999999893], [173.5090152565881, -78.99999999999893], [174.00832177531208, -78.99999999999893], [174.50762829403607, -78.99999999999893], [175.00693481276005, -78.99999999999893], [175.50624133148403, -78.99999999999893], [176.00554785020802, -78.99999999999893], [176.50485436893206, -78.99999999999893], [177.00416088765604, -78.99999999999893], [177.50346740638003, -78.99999999999893], [178.002773925104, -78.99999999999893], [178.502080443828, -78.99999999999893], [179.00138696255203, -78.99999999999893], [179.50069348127602, -78.99999999999893], [180.0, -78.99999999999893]]]}}, {"type": "Feature", "properties": {"kind": "parallel", "label": "78\u00b045'S", "value": -78.75}, "geometry": {"type": "MultiLineString", "coordinates": [[[-180.0, -78.74999999999874], [-179.50069348127602, -78.74999999999874], [-179.001386962552, -78.74999999999874], [-178.50208044382802, -78.74999999999874], [-178.002773925104, -78.74999999999874], [-177.50346740638003, -78.74999999999874], [-177.00416088765604, -78.74999999999874], [-176.50485436893203, -78.74999999999874], [-176.00554785020805, -78.74999999999874], [-175.50624133148406, -78.74999999999874], [-175.39553803164353, -78.75007325914383]], [[148.62102211265577, -78.75005557053082], [149.04299583911234, -78.74999999999874], [149.54230235783638, -78.74999999999874], [150.04160887656036, -78.74999999999874], [150.54091539528434, -78.74999999999874], [151.04022191400836, -78.74999999999874], [151.5395284327323, -78.74999999999874], [152.03883495145635, -78.74999999999874], [152.53814147018034, -78.74999999999874], [153.03744798890432, -78.74999999999874], [153.5367545076283, -78.74999999999874], [154.0360610263523, -78.74999999999874], [154.53536754507627, -78.74999999999874], [155.0346740638003, -78.74999999999874], [155.5339805825243, -78.74999999999874], [156.03328710124828, -78.74999999999874], [156.5325936199723, -78.74999999999874], [157.03190013869624, -78.74999999999874], [157.53120665742028, -78.74999999999874], [158.03051317614427, -78.74999999999874], [158.52981969486825, -78.74999999999874], [159.02912621359224, -78.74999999999874], [159.52843273231622, -78.74999999999874], [160.0277392510402, -78.74999999999874], [160.52704576976424, -78.74999999999874], [161.02635228848823, -78.74999999999874], [161.5256588072122, -78.74999999999874], [162.0249653259362, -78.74999999999874], [162.52427184466018, -78.74999999999874], [163.02357836338422, -78.74999999999874], [163.5228848821082, -78.74999999999874], [164.02219140083218, -78.74999999999874], [164.52149791955617, -78.74999999999874], [165.02080443828015, -78.74999999999874], [165.5201109570042, -78.74999999999874], [166.01941747572818, -78.74999999999874], [166.51872399445216, -78.74999999999874], [167.01803051317614, -78.74999999999874], [167.51733703190013, -78.74999999999874], [168.01664355062417, -78.74999999999874], [168.51595006934815, -78.74999999999874], [169.01525658807213, -78.74999999999874], [169.51456310679612, -78.74999999999874], [170.0138696255201, -78.74999999999874], [170.51317614424408, -78.74999999999874], [171.01248266296813, -78.74999999999874], [171.5117891816921, -78.74999999999874], [172.0110957004161, -78.74999999999874], [172.51040221914008, -78.74999999999874], [173.00970873786406, -78.74999999999874], [173.5090152565881, -78.74999999999874], [174.00832177531208, -78.74999999999874], [174.50762829403607, -78.74999999999874], [175.00693481276005, -78.74999999999874], [175.50624133148403, -78.74999999999874], [176.00554785020802, -78.74999999999874], [176.50485436893206, -78.74999999999874], [177.00416088765604, -78.74999999999874], [177.50346740638003, -78.74999999999874], [178.002773925104, -78.74999999999874], [178.502080443828, -78.74999999999874], [179.00138696255203, -78.74999999999874], [179.50069348127602, -78.74999999999874], [180.0, -78.74999999999874]]]}}, {"type": "Feature", "properties": {"kind": "parallel", "label": "78\u00b030'S", "value": -78.5}, "geometry": {"type": "MultiLineString", "coordinates": [[[-180.0, -78.49999999999855], [-179.50069348127602, -78.49999999999855], [-179.001386962552, -78.49999999999855], [-178.50208044382802, -78.49999999999855], [-178.002773925104, -78.49999999999855], [-177.50346740638003, -78.49999999999855], [-177.00416088765604, -78.49999999999855], [-176.50485436893203, -78.49999999999855], [-176.00554785020805, -78.49999999999855], [-175.50624133148406, -78.49999999999855], [-175.49649877222535, -78.50000830049345]], [[146.6040030356039, -78.50004423658886], [147.0457697642164, -78.49999999999855], [147.54507628294039, -78.49999999999855], [148.04438280166437, -78.49999999999855], [148.54368932038835, -78.49999999999855], [149.04299583911234, -78.49999999999855], [149.54230235783638, -78.49999999999855], [150.04160887656036, -78.49999999999855], [150.54091539528434, -78.49999999999855], [151.04022191400836, -78.49999999999855], [151.5395284327323, -78.49999999999855], [152.03883495145635, -78.49999999999855], [152.53814147018034, -78.49999999999855], [153.03744798890432, -78.49999999999855], [153.5367545076283, -78.49999999999855], [154.0360610263523, -78.49999999999855], [154.53536754507627, -78.49999999999855], [155.0346740638003, -78.49999999999855], [155.5339805825243, -78.49999999999855], [156.03328710124828, -78.49999999999855], [156.5325936199723, -78.49999999999855], [157.03190013869624, -78.49999999999855], [157.53120665742028, -78.49999999999855], [158.03051317614427, -78.49999999999855], [158.52981969486825, -78.49999999999855], [159.02912621359224, -78.49999999999855], [159.52843273231622, -78.49999999999855], [160.0277392510402, -78.49999999999855], [160.52704576976424, -78.49999999999855], [161.02635228848823, -78.49999999999855], [161.5256588072122, -78.49999999999855], [162.0249653259362, -78.49999999999855], [162.52427184466018, -78.49999999999855], [163.02357836338422, -78.49999999999855], [163.5228848821082, -78.49999999999855], [164.02219140083218, -78.49999999999855], [164.52149791955617, -78.49999999999855], [165.02080443828015, -78.49999999999855], [165.5201109570042, -78.49999999999855], [166.01941747572818, -78.49999999999855], [166.51872399445216, -78.49999999999855], [167.01803051317614, -78.49999999999855], [167.51733703190013, -78.49999999999855], [168.01664355062417, -78.49999999999855], [168.51595006934815, -78.49999999999855], [169.01525658807213, -78.49999999999855], [169.51456310679612, -78.49999999999855], [170.0138696255201, -78.49999999999855], [170.51317614424408, -78.49999999999855], [171.01248266296813, -78.49999999999855], [171.5117891816921, -78.49999999999855], [172.0110957004161, -78.49999999999855], [172.51040221914008, -78.49999999999855], [173.00970873786406, -78.49999999999855], [173.5090152565881, -78.49999999999855], [174.00832177531208, -78.49999999999855], [174.50762829403607, -78.49999999999855], [175.00693481276005, -78.49999999999855], [175.50624133148403, -78.49999999999855], [176.00554785020802, -78.49999999999855], [176.50485436893206, -78.49999999999855], [177.00416088765604, -78.49999999999855], [177.50346740638003, -78.49999999999855], [178.002773925104, -78.49999999999855], [178.502080443828, -78.49999999999855], [179.00138696255203, -78.49999999999855], [179.50069348127602, -78.49999999999855], [180.0, -78.49999999999855]]]}}, {"type": "Feature", "properties": {"kind": "parallel", "label": "78\u00b015'S", "value": -78.25}, "geometry": {"type": "MultiLineString", "coordinates": [[[-180.0, -78.25], [-179.50069348127602, -78.25], [-179.001386962552, -78.25], [-178.50208044382802, -78.25], [-178.002773925104, -78.25], [-177.50346740638003, -78.25], [-177.00416088765604, -78.25], [-176.50485436893203, -78.25], [-176.00554785020805, -78.25], [-175.59311712675415, -78.25006369218647]], [[144.77018211138613, -78.25010932722076], [145.0485436893204, -78.25], [145.54785020804442, -78.25], [146.04715672676838, -78.25], [146.54646324549236, -78.25], [147.0457697642164, -78.25], [147.54507628294039, -78.25], [148.04438280166437, -78.25], [148.54368932038835, -78.25], [149.04299583911234, -78.25], [149.54230235783638, -78.25], [150.04160887656036, -78.25], [150.54091539528434, -78.25], [151.04022191400836, -78.25], [151.5395284327323, -78.25], [152.03883495145635, -78.25], [152.53814147018034, -78.25], [153.03744798890432, -78.25], [153.5367545076283, -78.25], [154.0360610263523, -78.25], [154.53536754507627, -78.25], [155.0346740638003, -78.25], [155.5339805825243, -78.25], [156.03328710124828, -78.25], [156.5325936199723, -78.25], [157.03190013869624, -78.25], [157.53120665742028, -78.25], [158.03051317614427, -78.25], [158.52981969486825, -78.25], [159.02912621359224, -78.25], [159.52843273231622, -78.25], [160.0277392510402, -78.25], [160.52704576976424, -78.25], [161.02635228848823, -78.25], [161.5256588072122, -78.25], [162.0249653259362, -78.25], [162.52427184466018, -78.25], [163.02357836338422, -78.25], [163.5228848821082, -78.25], [164.02219140083218, -78.25], [164.52149791955617, -78.25], [165.02080443828015, -78.25], [165.5201109570042, -78.25], [166.01941747572818, -78.25], [166.51872399445216, -78.25], [167.01803051317614, -78.25], [167.51733703190013, -78.25], [168.01664355062417, -78.25], [168.51595006934815, -78.25], [169.01525658807213, -78.25], [169.51456310679612, -78.25], [170.0138696255201, -78.25], [170.51317614424408, -78.25], [171.01248266296813, -78.25], [171.5117891816921, -78.25], [172.0110957004161, -78.25], [172.51040221914008, -78.25], [173.00970873786406, -78.25], [173.5090152565881, -78.25], [174.00832177531208, -78.25], [174.50762829403607, -78.25], [175.00693481276005, -78.25], [175.50624133148403, -78.25], [176.00554785020802, -78.25], [176.50485436893206, -78.25], [177.00416088765604, -78.25], [177.50346740638003, -78.25], [178.002773925104, -78.25], [178.502080443828, -78.25], [179.00138696255203, -78.25], [179.50069348127602, -78.25], [180.0, -78.25]]]}}, {"type": "Feature", "properties": {"kind": "parallel", "label": "78\u00b0S", "value": -78.0}, "geometry": {"type": "MultiLineString", "coordinates": [[[-180.0, -78.0], [-179.50069348127602, -78.0], [-179.001386962552, -78.0], [-178.50208044382802, -78.0], [-178.002773925104, -78.0], [-177.50346740638003, -78.0], [-177.00416088765604, -78.0], [-176.50485436893203, -78.0], [-176.00554785020805, -78.0], [-175.68571747364376, -78.000104178679]], [[143.08711040910663, -78.00003011014445], [143.5506241331484, -78.0], [144.0499306518724, -78.0], [144.54923717059643, -78.0], [145.0485436893204, -78.0], [145.54785020804442, -78.0], [146.04715672676838, -78.0], [146.54646324549236, -78.0], [147.0457697642164, -78.0], [147.54507628294039, -78.0], [148.04438280166437, -78.0], [148.54368932038835, -78.0], [149.04299583911234, -78.0], [149.54230235783638, -78.0], [150.04160887656036, -78.0], [150.54091539528434, -78.0], [151.04022191400836, -78.0], [151.5395284327323, -78.0], [152.03883495145635, -78.0], [152.53814147018034, -78.0], [153.03744798890432, -78.0], [153.5367545076283, -78.0], [154.0360610263523, -78.0], [154.53536754507627, -78.0], [155.0346740638003, -78.0], [155.5339805825243, -78.0], [156.03328710124828, -78.0], [156.5325936199723, -78.0], [157.03190013869624, -78.0], [157.53120665742028, -78.0], [158.03051317614427, -78.0], [158.52981969486825, -78.0], [159.02912621359224, -78.0], [159.52843273231622, -78.0], [160.0277392510402, -78.0], [160.52704576976424, -78.0], [161.02635228848823, -78.0], [161.5256588072122, -78.0], [162.0249653259362, -78.0], [162.52427184466018, -78.0], [163.02357836338422, -78.0], [163.5228848821082, -78.0], [164.02219140083218, -78.0], [164.52149791955617, -78.0], [165.02080443828015, -78.0], [165.5201109570042, -78.0], [166.01941747572818, -78.0], [166.51872399445216, -78.0], [167.01803051317614, -78.0], [167.51733703190013, -78.0], [168.01664355062417, -78.0], [168.51595006934815, -78.0], [169.01525658807213, -78.0], [169.51456310679612, -78.0], [170.0138696255201, -78.0], [170.51317614424408, -78.0], [171.01248266296813, -78.0], [171.5117891816921, -78.0], [172.0110957004161, -78.0], [172.51040221914008, -78.0], [173.00970873786406, -78.0], [173.5090152565881, -78.0], [174.00832177531208, -78.0], [174.50762829403607, -78.0], [175.00693481276005, -78.0], [175.50624133148403, -78.0], [176.00554785020802, -78.0], [176.50485436893206, -78.0], [177.00416088765604, -78.0], [177.50346740638003, -78.0], [178.002773925104, -78.0], [178.502080443828, -78.0], [179.00138696255203, -78.0], [179.50069348127602, -78.0], [180.0, -78.0]]]}}, {"type": "Feature", "properties": {"kind": "parallel", "label": "77\u00b045'S", "value": -77.75}, "geometry": {"type": "MultiLineString", "coordinates": [[[-180.0, -77.75], [-179.50069348127602, -77.75], [-179.001386962552, -77.75], [-178.50208044382802, -77.75], [-178.002773925104, -77.75], [-177.50346740638003, -77.75], [-177.00416088765604, -77.75], [-176.50485436893203, -77.75], [-176.00554785020805, -77.75], [-175.77455158511972, -77.75011479432146]], [[141.53314046973364, -77.75001797416157], [141.55339805825247, -77.75], [142.05270457697645, -77.75], [142.55201109570044, -77.75], [143.05131761442442, -77.75], [143.5506241331484, -77.75], [144.0499306518724, -77.75], [144.54923717059643, -77.75], [145.0485436893204, -77.75], [145.54785020804442, -77.75], [146.04715672676838, -77.75], [146.54646324549236, -77.75], [147.0457697642164, -77.75], [147.54507628294039, -77.75], [148.04438280166437, -77.75], [148.54368932038835, -77.75], [149.04299583911234, -77.75], [149.54230235783638, -77.75], [150.04160887656036, -77.75], [150.54091539528434, -77.75], [151.04022191400836, -77.75], [151.5395284327323, -77.75], [152.03883495145635, -77.75], [152.53814147018034, -77.75], [153.03744798890432, -77.75], [153.5367545076283, -77.75], [154.0360610263523, -77.75], [154.53536754507627, -77.75], [155.0346740638003, -77.75], [155.5339805825243, -77.75], [156.03328710124828, -77.75], [156.5325936199723, -77.75], [157.03190013869624, -77.75], [157.53120665742028, -77.75], [158.03051317614427, -77.75], [158.52981969486825, -77.75], [159.02912621359224, -77.75], [159.52843273231622, -77.75], [160.0277392510402, -77.75], [160.52704576976424, -77.75], [161.02635228848823, -77.75], [161.5256588072122, -77.75], [162.0249653259362, -77.75], [162.52427184466018, -77.75], [163.02357836338422, -77.75], [163.5228848821082, -77.75], [164.02219140083218, -77.75], [164.52149791955617, -77.75], [165.02080443828015, -77.75], [165.5201109570042, -77.75], [166.01941747572818, -77.75], [166.51872399445216, -77.75], [167.01803051317614, -77.75], [167.51733703190013, -77.75], [168.01664355062417, -77.75], [168.51595006934815, -77.75], [169.01525658807213, -77.75], [169.51456310679612, -77.75], [170.0138696255201, -77.75], [170.51317614424408, -77.75], [171.01248266296813, -77.75], [171.5117891816921, -77.75], [172.0110957004161, -77.75], [172.51040221914008, -77.75], [173.00970873786406, -77.75], [173.5090152565881, -77.75], [174.00832177531208, -77.75], [174.50762829403607, -77.75], [175.00693481276005, -77.75], [175.50624133148403, -77.75], [176.00554785020802, -77.75], [176.50485436893206, -77.75], [177.00416088765604, -77.75], [177.50346740638003, -77.75], [178.002773925104, -77.75], [178.502080443828, -77.75], [179.00138696255203, -77.75], [179.50069348127602, -77.75], [180.0, -77.75]]]}}, {"type": "Feature", "properties": {"kind": "parallel", "label": "77\u00b030'S", "value": -77.5}, "geometry": {"type": "MultiLineString", "coordinates": [[[-180.0, -77.5], [-179.50069348127602, -77.5], [-179.001386962552, -77.5], [-178.50208044382802, -77.5], [-178.002773925104, -77.5], [-177.50346740638003, -77.5], [-177.00416088765604, -77.5], [-176.50485436893203, -77.5], [-176.00554785020805, -77.5], [-175.85984501602942, -77.50009734327303]], [[141.92177483673933, -77.50009112801156], [142.05270457697645, -77.5], [142.55201109570044, -77.5], [143.05131761442442, -77.5], [143.5506241331484, -77.5], [144.0499306518724, -77.5], [144.54923717059643, -77.5], [145.0485436893204, -77.5], [145.54785020804442, -77.5], [146.04715672676838, -77.5], [146.54646324549236, -77.5], [147.0457697642164, -77.5], [147.54507628294039, -77.5], [148.04438280166437, -77.5], [148.54368932038835, -77.5], [149.04299583911234, -77.5], [149.54230235783638, -77.5], [150.04160887656036, -77.5], [150.54091539528434, -77.5], [151.04022191400836, -77.5], [151.5395284327323, -77.5], [152.03883495145635, -77.5], [152.53814147018034, -77.5], [153.03744798890432, -77.5], [153.5367545076283, -77.5], [154.0360610263523, -77.5], [154.53536754507627, -77.5], [155.0346740638003, -77.5], [155.5339805825243, -77.5], [156.03328710124828, -77.5], [156.5325936199723, -77.5], [157.03190013869624, -77.5], [157.53120665742028, -77.5], [158.03051317614427, -77.5], [158.52981969486825, -77.5], [159.02912621359224, -77.5], [159.52843273231622, -77.5], [160.0277392510402, -77.5], [160.52704576976424, -77.5], [161.02635228848823, -77.5], [161.5256588072122, -77.5], [162.0249653259362, -77.5], [162.52427184466018, -77.5], [163.02357836338422, -77.5], [163.5228848821082, -77.5], [164.02219140083218, -77.5], [164.52149791955617, -77.5], [165.02080443828015, -77.5], [165.5201109570042, -77.5], [166.01941747572818, -77.5], [166.51872399445216, -77.5], [167.01803051317614, -77.5], [167.51733703190013, -77.5], [168.01664355062417, -77.5], [168.51595006934815, -77.5], [169.01525658807213, -77.5], [169.51456310679612, -77.5], [170.0138696255201, -77.5], [170.51317614424408, -77.5], [171.01248266296813, -77.5], [171.5117891816921, -77.5], [172.0110957004161, -77.5], [172.51040221914008, -77.5], [173.00970873786406, -77.5], [173.5090152565881, -77.5], [174.00832177531208, -77.5], [174.50762829403607, -77.5], [175.00693481276005, -77.5], [175.50624133148403, -77.5], [176.00554785020802, -77.5], [176.50485436893206, -77.5], [177.00416088765604, -77.5], [177.50346740638003, -77.5], [178.002773925104, -77.5], [178.502080443828, -77.5], [179.00138696255203, -77.5], [179.50069348127602, -77.5], [180.0, -77.5]]]}}, {"type": "Feature", "properties": {"kind": "parallel", "label": "77\u00b015'S", "value": -77.25}, "geometry": {"type": "MultiLineString", "coordinates": [[[-180.0, -77.25], [-179.50069348127602, -77.25], [-179.001386962552, -77.25], [-178.50208044382802, -77.25], [-178.002773925104, -77.25], [-177.50346740638003, -77.25], [-177.00416088765604, -77.25], [-176.50485436893203, -77.25], [-176.00554785020805, -77.25], [-175.9418056932091, -77.25005348937592]], [[142.784868452457, -77.25011953384683], [143.05131761442442, -77.25], [143.5506241331484, -77.25], [144.0499306518724, -77.25], [144.54923717059643, -77.25], [145.0485436893204, -77.25], [145.54785020804442, -77.25], [146.04715672676838, -77.25], [146.54646324549236, -77.25], [147.0457697642164, -77.25], [147.54507628294039, -77.25], [148.04438280166437, -77.25], [148.54368932038835, -77.25], [149.04299583911234, -77.25], [149.54230235783638, -77.25], [150.04160887656036, -77.25], [150.54091539528434, -77.25], [151.04022191400836, -77.25], [151.5395284327323, -77.25], [152.03883495145635, -77.25], [152.53814147018034, -77.25], [153.03744798890432, -77.25], [153.5367545076283, -77.25], [154.0360610263523, -77.25], [154.53536754507627, -77.25], [155.0346740638003, -77.25], [155.5339805825243, -77.25], [156.03328710124828, -77.25], [156.5325936199723, -77.25], [157.03190013869624, -77.25], [157.53120665742028, -77.25], [158.03051317614427, -77.25], [158.52981969486825, -77.25], [159.02912621359224, -77.25], [159.52843273231622, -77.25], [160.0277392510402, -77.25], [160.52704576976424, -77.25], [161.02635228848823, -77.25], [161.5256588072122, -77.25], [162.0249653259362, -77.25], [162.52427184466018, -77.25], [163.02357836338422, -77.25], [163.5228848821082, -77.25], [164.02219140083218, -77.25], [164.52149791955617, -77.25], [165.02080443828015, -77.25], [165.5201109570042, -77.25], [166.01941747572818, -77.25], [166.51872399445216, -77.25], [167.01803051317614, -77.25], [167.51733703190013, -77.25], [168.01664355062417, -77.25], [168.51595006934815, -77.25], [169.01525658807213, -77.25], [169.51456310679612, -77.25], [170.0138696255201, -77.25], [170.51317614424408, -77.25], [171.01248266296813, -77.25], [171.5117891816921, -77.25], [172.0110957004161, -77.25], [172.51040221914008, -77.25], [173.00970873786406, -77.25], [173.5090152565881, -77.25], [174.00832177531208, -77.25], [174.50762829403607, -77.25], [175.00693481276005, -77.25], [175.50624133148403, -77.25], [176.00554785020802, -77.25], [176.50485436893206, -77.25], [177.00416088765604, -77.25], [177.50346740638003, -77.25], [178.002773925104, -77.25], [178.502080443828, -77.25], [179.00138696255203, -77.25], [179.50069348127602, -77.25], [180.0, -77.25]]]}}, {"type": "Feature", "properties": {"kind": "parallel", "label": "77\u00b0S", "value": -77.0}, "geometry": {"type": "MultiLineString", "coordinates": [[[-180.0, -77.0], [-179.50069348127602, -77.0], [-179.001386962552, -77.0], [-178.50208044382802, -77.0], [-178.002773925104, -77.0], [-177.50346740638003, -77.0], [-177.00416088765604, -77.0], [-176.50485436893203, -77.0], [-176.02061646380642, -77.00001432906728]], [[143.6061971202141, -77.0000484251405], [144.0499306518724, -77.0], [144.54923717059643, -77.0], [145.0485436893204, -77.0], [145.54785020804442, -77.0], [146.04715672676838, -77.0], [146.54646324549236, -77.0], [147.0457697642164, -77.0], [147.54507628294039, -77.0], [148.04438280166437, -77.0], [148.54368932038835, -77.0], [149.04299583911234, -77.0], [149.54230235783638, -77.0], [150.04160887656036, -77.0], [150.54091539528434, -77.0], [151.04022191400836, -77.0], [151.5395284327323, -77.0], [152.03883495145635, -77.0], [152.53814147018034, -77.0], [153.03744798890432, -77.0], [153.5367545076283, -77.0], [154.0360610263523, -77.0], [154.53536754507627, -77.0], [155.0346740638003, -77.0], [155.5339805825243, -77.0], [156.03328710124828, -77.0], [156.5325936199723, -77.0], [157.03190013869624, -77.0], [157.53120665742028, -77.0], [158.03051317614427, -77.0], [158.52981969486825, -77.0], [159.02912621359224, -77.0], [159.52843273231622, -77.0], [160.0277392510402, -77.0], [160.52704576976424, -77.0], [161.02635228848823, -77.0], [161.5256588072122, -77.0], [162.0249653259362, -77.0], [162.52427184466018, -77.0], [163.02357836338422, -77.0], [163.5228848821082, -77.0], [164.02219140083218, -77.0], [164.52149791955617, -77.0], [165.02080443828015, -77.0], [165.5201109570042, -77.0], [166.01941747572818, -77.0], [166.51872399445216, -77.0], [167.01803051317614, -77.0], [167.51733703190013, -77.0], [168.01664355062417, -77.0], [168.51595006934815, -77.0], [169.01525658807213, -77.0], [169.51456310679612, -77.0], [170.0138696255201, -77.0], [170.51317614424408, -77.0], [171.01248266296813, -77.0], [171.5117891816921, -77.0], [172.0110957004161, -77.0], [172.51040221914008, -77.0], [173.00970873786406, -77.0], [173.5090152565881, -77.0], [174.00832177531208, -77.0], [174.50762829403607, -77.0], [175.00693481276005, -77.0], [175.50624133148403, -77.0], [176.00554785020802, -77.0], [176.50485436893206, -77.0], [177.00416088765604, -77.0], [177.50346740638003, -77.0], [178.002773925104, -77.0], [178.502080443828, -77.0], [179.00138696255203, -77.0], [179.50069348127602, -77.0], [180.0, -77.0]]]}}, {"type": "Feature", "properties": {"kind": "parallel", "label": "76\u00b045'S", "value": -76.75}, "geometry": {"type": "MultiLineString", "coordinates": [[[-180.0, -76.75], [-179.50069348127602, -76.75], [-179.001386962552, -76.75], [-178.50208044382802, -76.75], [-178.002773925104, -76.75], [-177.50346740638003, -76.75], [-177.00416088765604, -76.75], [-176.50485436893203, -76.75], [-176.09642821869113, -76.75007426784329]], [[144.38830514492847, -76.75010895730364], [144.54923717059643, -76.75], [145.0485436893204, -76.75], [145.54785020804442, -76.75], [146.04715672676838, -76.75], [146.54646324549236, -76.75], [147.0457697642164, -76.75], [147.54507628294039, -76.75], [148.04438280166437, -76.75], [148.54368932038835, -76.75], [149.04299583911234, -76.75], [149.54230235783638, -76.75], [150.04160887656036, -76.75], [150.54091539528434, -76.75], [151.04022191400836, -76.75], [151.5395284327323, -76.75], [152.03883495145635, -76.75], [152.53814147018034, -76.75], [153.03744798890432, -76.75], [153.5367545076283, -76.75], [154.0360610263523, -76.75], [154.53536754507627, -76.75], [155.0346740638003, -76.75], [155.5339805825243, -76.75], [156.03328710124828, -76.75], [156.5325936199723, -76.75], [157.03190013869624, -76.75], [157.53120665742028, -76.75], [158.03051317614427, -76.75], [158.52981969486825, -76.75], [159.02912621359224, -76.75], [159.52843273231622, -76.75], [160.0277392510402, -76.75], [160.52704576976424, -76.75], [161.02635228848823, -76.75], [161.5256588072122, -76.75], [162.0249653259362, -76.75], [162.52427184466018, -76.75], [163.02357836338422, -76.75], [163.5228848821082, -76.75], [164.02219140083218, -76.75], [164.52149791955617, -76.75], [165.02080443828015, -76.75], [165.5201109570042, -76.75], [166.01941747572818, -76.75], [166.51872399445216, -76.75], [167.01803051317614, -76.75], [167.51733703190013, -76.75], [168.01664355062417, -76.75], [168.51595006934815, -76.75], [169.01525658807213, -76.75], [169.51456310679612, -76.75], [170.0138696255201, -76.75], [170.51317614424408, -76.75], [171.01248266296813, -76.75], [171.5117891816921, -76.75], [172.0110957004161, -76.75], [172.51040221914008, -76.75], [173.00970873786406, -76.75], [173.5090152565881, -76.75], [174.00832177531208, -76.75], [174.50762829403607, -76.75], [175.00693481276005, -76.75], [175.50624133148403, -76.75], [176.00554785020802, -76.75], [176.50485436893206, -76.75], [177.00416088765604, -76.75], [177.50346740638003, -76.75], [178.002773925104, -76.75], [178.502080443828, -76.75], [179.00138696255203, -76.75], [179.50069348127602, -76.75], [180.0, -76.75]]]}}, {"type": "Feature", "properties": {"kind": "parallel", "label": "76\u00b030'S", "value": -76.5}, "geometry": {"type": "MultiLineString", "coordinates": [[[-180.0, -76.5], [-179.50069348127602, -76.5], [-179.001386962552, -76.5], [-178.50208044382802, -76.5], [-178.002773925104, -76.5], [-177.50346740638003, -76.5], [-177.00416088765604, -76.5], [-176.50485436893203, -76.5], [-176.16944448307237, -76.50011203088346]], [[145.13484845357306, -76.50007264062732], [145.54785020804442, -76.5], [146.04715672676838, -76.5], [146.54646324549236, -76.5], [147.0457697642164, -76.5], [147.54507628294039, -76.5], [148.04438280166437, -76.5], [148.54368932038835, -76.5], [149.04299583911234, -76.5], [149.54230235783638, -76.5], [150.04160887656036, -76.5], [150.54091539528434, -76.5], [151.04022191400836, -76.5], [151.5395284327323, -76.5], [152.03883495145635, -76.5], [152.53814147018034, -76.5], [153.03744798890432, -76.5], [153.5367545076283, -76.5], [154.0360610263523, -76.5], [154.53536754507627, -76.5], [155.0346740638003, -76.5], [155.5339805825243, -76.5], [156.03328710124828, -76.5], [156.5325936199723, -76.5], [157.03190013869624, -76.5], [157.53120665742028, -76.5], [158.03051317614427, -76.5], [158.52981969486825, -76.5], [159.02912621359224, -76.5], [159.52843273231622, -76.5], [160.0277392510402, -76.5], [160.52704576976424, -76.5], [161.02635228848823, -76.5], [161.5256588072122, -76.5], [162.0249653259362, -76.5], [162.52427184466018, -76.5], [163.02357836338422, -76.5], [163.5228848821082, -76.5], [164.02219140083218, -76.5], [164.52149791955617, -76.5], [165.02080443828015, -76.5], [165.5201109570042, -76.5], [166.01941747572818, -76.5], [166.51872399445216, -76.5], [167.01803051317614, -76.5], [167.51733703190013, -76.5], [168.01664355062417, -76.5], [168.51595006934815, -76.5], [169.01525658807213, -76.5], [169.51456310679612, -76.5], [170.0138696255201, -76.5], [170.51317614424408, -76.5], [171.01248266296813, -76.5], [171.5117891816921, -76.5], [172.0110957004161, -76.5], [172.51040221914008, -76.5], [173.00970873786406, -76.5], [173.5090152565881, -76.5], [174.00832177531208, -76.5], [174.50762829403607, -76.5], [175.00693481276005, -76.5], [175.50624133148403, -76.5], [176.00554785020802, -76.5], [176.50485436893206, -76.5], [177.00416088765604, -76.5], [177.50346740638003, -76.5], [178.002773925104, -76.5], [178.502080443828, -76.5], [179.00138696255203, -76.5], [179.50069348127602, -76.5], [180.0, -76.5]]]}}, {"type": "Feature", "properties": {"kind": "parallel", "label": "76\u00b015'S", "value": -76.25}, "geometry": {"type": "MultiLineString", "coordinates": [[[-180.0, -76.25], [-179.50069348127602, -76.25], [-179.001386962552, -76.25], [-178.50208044382802, -76.25], [-178.002773925104, -76.25], [-177.50346740638003, -76.25], [-177.00416088765604, -76.25], [-176.50485436893203, -76.25], [-176.23981748903927, -76.25012883616886]], [[145.84789393692444, -76.25012405845526], [146.04715672676838, -76.25], [146.54646324549236, -76.25], [147.0457697642164, -76.25], [147.54507628294039, -76.25], [148.04438280166437, -76.25], [148.54368932038835, -76.25], [149.04299583911234, -76.25], [149.54230235783638, -76.25], [150.04160887656036, -76.25], [150.54091539528434, -76.25], [151.04022191400836, -76.25], [151.5395284327323, -76.25], [152.03883495145635, -76.25], [152.53814147018034, -76.25], [153.03744798890432, -76.25], [153.5367545076283, -76.25], [154.0360610263523, -76.25], [154.53536754507627, -76.25], [155.0346740638003, -76.25], [155.5339805825243, -76.25], [156.03328710124828, -76.25], [156.5325936199723, -76.25], [157.03190013869624, -76.25], [157.53120665742028, -76.25], [158.03051317614427, -76.25], [158.52981969486825, -76.25], [159.02912621359224, -76.25], [159.52843273231622, -76.25], [160.0277392510402, -76.25], [160.52704576976424, -76.25], [161.02635228848823, -76.25], [161.5256588072122, -76.25], [162.0249653259362, -76.25], [162.52427184466018, -76.25], [163.02357836338422, -76.25], [163.5228848821082, -76.25], [164.02219140083218, -76.25], [164.52149791955617, -76.25], [165.02080443828015, -76.25], [165.5201109570042, -76.25], [166.01941747572818, -76.25], [166.51872399445216, -76.25], [167.01803051317614, -76.25], [167.51733703190013, -76.25], [168.01664355062417, -76.25], [168.51595006934815, -76.25], [169.01525658807213, -76.25], [169.51456310679612, -76.25], [170.0138696255201, -76.25], [170.51317614424408, -76.25], [171.01248266296813, -76.25], [171.5117891816921, -76.25], [172.0110957004161, -76.25], [172.51040221914008, -76.25], [173.00970873786406, -76.25], [173.5090152565881, -76.25], [174.00832177531208, -76.25], [174.50762829403607, -76.25], [175.00693481276005, -76.25], [175.50624133148403, -76.25], [176.00554785020802, -76.25], [176.50485436893206, -76.25], [177.00416088765604, -76.25], [177.50346740638003, -76.25], [178.002773925104, -76.25], [178.502080443828, -76.25], [179.00138696255203, -76.25], [179.50069348127602, -76.25], [180.0, -76.25]]]}}, {"type": "Feature", "properties": {"kind": "parallel", "label": "76\u00b0S", "value": -76.0}, "geometry": {"type": "MultiLineString", "coordinates": [[[-180.0, -76.0], [-179.50069348127602, -76.0], [-179.001386962552, -76.0], [-178.50208044382802, -76.0], [-178.002773925104, -76.0], [-177.50346740638003, -76.0], [-177.00416088765604, -76.0], [-176.50485436893203, -76.0], [-176.3076886280111, -76.00012581549652]], [[146.530485636809, -76.00001630987754], [146.54646324549236, -76.0], [147.0457697642164, -76.0], [147.54507628294039, -76.0], [148.04438280166437, -76.0], [148.54368932038835, -76.0], [149.04299583911234, -76.0], [149.54230235783638, -76.0], [150.04160887656036, -76.0], [150.54091539528434, -76.0], [151.04022191400836, -76.0], [151.5395284327323, -76.0], [152.03883495145635, -76.0], [152.53814147018034, -76.0], [153.03744798890432, -76.0], [153.5367545076283, -76.0], [154.0360610263523, -76.0], [154.53536754507627, -76.0], [155.0346740638003, -76.0], [155.5339805825243, -76.0], [156.03328710124828, -76.0], [156.5325936199723, -76.0], [157.03190013869624, -76.0], [157.53120665742028, -76.0], [158.03051317614427, -76.0], [158.52981969486825, -76.0], [159.02912621359224, -76.0], [159.52843273231622, -76.0], [160.0277392510402, -76.0], [160.52704576976424, -76.0], [161.02635228848823, -76.0], [161.5256588072122, -76.0], [162.0249653259362, -76.0], [162.52427184466018, -76.0], [163.02357836338422, -76.0], [163.5228848821082, -76.0], [164.02219140083218, -76.0], [164.52149791955617, -76.0], [165.02080443828015, -76.0], [165.5201109570042, -76.0], [166.01941747572818, -76.0], [166.51872399445216, -76.0], [167.01803051317614, -76.0], [167.51733703190013, -76.0], [168.01664355062417, -76.0], [168.51595006934815, -76.0], [169.01525658807213, -76.0], [169.51456310679612, -76.0], [170.0138696255201, -76.0], [170.51317614424408, -76.0], [171.01248266296813, -76.0], [171.5117891816921, -76.0], [172.0110957004161, -76.0], [172.51040221914008, -76.0], [173.00970873786406, -76.0], [173.5090152565881, -76.0], [174.00832177531208, -76.0], [174.50762829403607, -76.0], [175.00693481276005, -76.0], [175.50624133148403, -76.0], [176.00554785020802, -76.0], [176.50485436893206, -76.0], [177.00416088765604, -76.0], [177.50346740638003, -76.0], [178.002773925104, -76.0], [178.502080443828, -76.0], [179.00138696255203, -76.0], [179.50069348127602, -76.0], [180.0, -76.0]]]}}, {"type": "Feature", "properties": {"kind": "parallel", "label": "75\u00b045'S", "value": -75.75}, "geometry": {"type": "MultiLineString", "coordinates": [[[-180.0, -75.75], [-179.50069348127602, -75.75], [-179.001386962552, -75.75], [-178.50208044382802, -75.75], [-178.002773925104, -75.75], [-177.50346740638003, -75.75], [-177.00416088765604, -75.75], [-176.50485436893203, -75.75], [-176.37318939754155, -75.75010402202274]], [[147.18377330161073, -75.75010714999254], [147.54507628294039, -75.75], [148.04438280166437, -75.75], [148.54368932038835, -75.75], [149.04299583911234, -75.75], [149.54230235783638, -75.75], [150.04160887656036, -75.75], [150.54091539528434, -75.75], [151.04022191400836, -75.75], [151.5395284327323, -75.75], [152.03883495145635, -75.75], [152.53814147018034, -75.75], [153.03744798890432, -75.75], [153.5367545076283, -75.75], [154.0360610263523, -75.75], [154.53536754507627, -75.75], [155.0346740638003, -75.75], [155.5339805825243, -75.75], [156.03328710124828, -75.75], [156.5325936199723, -75.75], [157.03190013869624, -75.75], [157.53120665742028, -75.75], [158.03051317614427, -75.75], [158.52981969486825, -75.75], [159.02912621359224, -75.75], [159.52843273231622, -75.75], [160.0277392510402, -75.75], [160.52704576976424, -75.75], [161.02635228848823, -75.75], [161.5256588072122, -75.75], [162.0249653259362, -75.75], [162.52427184466018, -75.75], [163.02357836338422, -75.75], [163.5228848821082, -75.75], [164.02219140083218, -75.75], [164.52149791955617, -75.75], [165.02080443828015, -75.75], [165.5201109570042, -75.75], [166.01941747572818, -75.75], [166.51872399445216, -75.75], [167.01803051317614, -75.75], [167.51733703190013, -75.75], [168.01664355062417, -75.75], [168.51595006934815, -75.75], [169.01525658807213, -75.75], [169.51456310679612, -75.75], [170.0138696255201, -75.75], [170.51317614424408, -75.75], [171.01248266296813, -75.75], [171.5117891816921, -75.75], [172.0110957004161, -75.75], [172.51040221914008, -75.75], [173.00970873786406, -75.75], [173.5090152565881, -75.75], [174.00832177531208, -75.75], [174.50762829403607, -75.75], [175.00693481276005, -75.75], [175.50624133148403, -75.75], [176.00554785020802, -75.75], [176.50485436893206, -75.75], [177.00416088765604, -75.75], [177.50346740638003, -75.75], [178.002773925104, -75.75], [178.502080443828, -75.75], [179.00138696255203, -75.75], [179.50069348127602, -75.75], [180.0, -75.75]]]}}, {"type": "Feature", "properties": {"kind": "parallel", "label": "75\u00b030'S", "value": -75.5}, "geometry": {"type": "MultiLineString", "coordinates": [[[-180.0, -75.5], [-179.50069348127602, -75.5], [-179.001386962552, -75.5], [-178.50208044382802, -75.5], [-178.002773925104, -75.5], [-177.50346740638003, -75.5], [-177.00416088765604, -75.5], [-176.50485436893203, -75.5], [-176.43644225072586, -75.50006443702868]], [[147.81037846146083, -75.50013570460422], [148.04438280166437, -75.5], [148.54368932038835, -75.5], [149.04299583911234, -75.5], [149.54230235783638, -75.5], [150.04160887656036, -75.5], [150.54091539528434, -75.5], [151.04022191400836, -75.5], [151.5395284327323, -75.5], [152.03883495145635, -75.5], [152.53814147018034, -75.5], [153.03744798890432, -75.5], [153.5367545076283, -75.5], [154.0360610263523, -75.5], [154.53536754507627, -75.5], [155.0346740638003, -75.5], [155.5339805825243, -75.5], [156.03328710124828, -75.5], [156.5325936199723, -75.5], [157.03190013869624, -75.5], [157.53120665742028, -75.5], [158.03051317614427, -75.5], [158.52981969486825, -75.5], [159.02912621359224, -75.5], [159.52843273231622, -75.5], [160.0277392510402, -75.5], [160.52704576976424, -75.5], [161.02635228848823, -75.5], [161.5256588072122, -75.5], [162.0249653259362, -75.5], [162.52427184466018, -75.5], [163.02357836338422, -75.5], [163.5228848821082, -75.5], [164.02219140083218, -75.5], [164.52149791955617, -75.5], [165.02080443828015, -75.5], [165.5201109570042, -75.5], [166.01941747572818, -75.5], [166.51872399445216, -75.5], [167.01803051317614, -75.5], [167.51733703190013, -75.5], [168.01664355062417, -75.5], [168.51595006934815, -75.5], [169.01525658807213, -75.5], [169.51456310679612, -75.5], [170.0138696255201, -75.5], [170.51317614424408, -75.5], [171.01248266296813, -75.5], [171.5117891816921, -75.5], [172.0110957004161, -75.5], [172.51040221914008, -75.5], [173.00970873786406, -75.5], [173.5090152565881, -75.5], [174.00832177531208, -75.5], [174.50762829403607, -75.5], [175.00693481276005, -75.5], [175.50624133148403, -75.5], [176.00554785020802, -75.5], [176.50485436893206, -75.5], [177.00416088765604, -75.5], [177.50346740638003, -75.5], [178.002773925104, -75.5], [178.502080443828, -75.5], [179.00138696255203, -75.5], [179.50069348127602, -75.5], [180.0, -75.5]]]}}, {"type": "Feature", "properties": {"kind": "parallel", "label": "75\u00b015'S", "value": -75.25}, "geometry": {"type": "MultiLineString", "coordinates": [[[-180.0, -75.25], [-179.50069348127602, -75.25], [-179.001386962552, -75.25], [-178.50208044382802, -75.25], [-178.002773925104, -75.25], [-177.50346740638003, -75.25], [-177.00416088765604, -75.25], [-176.50485436893203, -75.25], [-176.49756135968784, -75.2500079759997]], [[148.41200685223666, -75.25010760458758], [148.54368932038835, -75.25], [149.04299583911234, -75.25], [149.54230235783638, -75.25], [150.04160887656036, -75.25], [150.54091539528434, -75.25], [151.04022191400836, -75.25], [151.5395284327323, -75.25], [152.03883495145635, -75.25], [152.53814147018034, -75.25], [153.03744798890432, -75.25], [153.5367545076283, -75.25], [154.0360610263523, -75.25], [154.53536754507627, -75.25], [155.0346740638003, -75.25], [155.5339805825243, -75.25], [156.03328710124828, -75.25], [156.5325936199723, -75.25], [157.03190013869624, -75.25], [157.53120665742028, -75.25], [158.03051317614427, -75.25], [158.52981969486825, -75.25], [159.02912621359224, -75.25], [159.52843273231622, -75.25], [160.0277392510402, -75.25], [160.52704576976424, -75.25], [161.02635228848823, -75.25], [161.5256588072122, -75.25], [162.0249653259362, -75.25], [162.52427184466018, -75.25], [163.02357836338422, -75.25], [163.5228848821082, -75.25], [164.02219140083218, -75.25], [164.52149791955617, -75.25], [165.02080443828015, -75.25], [165.5201109570042, -75.25], [166.01941747572818, -75.25], [166.51872399445216, -75.25], [167.01803051317614, -75.25], [167.51733703190013, -75.25], [168.01664355062417, -75.25], [168.51595006934815, -75.25], [169.01525658807213, -75.25], [169.51456310679612, -75.25], [170.0138696255201, -75.25], [170.51317614424408, -75.25], [171.01248266296813, -75.25], [171.5117891816921, -75.25], [172.0110957004161, -75.25], [172.51040221914008, -75.25], [173.00970873786406, -75.25], [173.5090152565881, -75.25], [174.00832177531208, -75.25], [174.50762829403607, -75.25], [175.00693481276005, -75.25], [175.50624133148403, -75.25], [176.00554785020802, -75.25], [176.50485436893206, -75.25], [177.00416088765604, -75.25], [177.50346740638003, -75.25], [178.002773925104, -75.25], [178.502080443828, -75.25], [179.00138696255203, -75.25], [179.50069348127602, -75.25], [180.0, -75.25]]]}}, {"type": "Feature", "properties": {"kind": "parallel", "label": "75\u00b0S", "value": -75.0}, "geometry": {"type": "MultiLineString", "coordinates": [[[-180.0, -75.0], [-179.50069348127602, -75.0], [-179.001386962552, -75.0], [-178.50208044382802, -75.0], [-178.002773925104, -75.0], [-177.50346740638003, -75.0], [-177.00416088765604, -75.0], [-176.5566261473942, -75.00005235533698]], [[148.990156052588, -75.00005330786102], [149.04299583911234, -75.0], [149.54230235783638, -75.0], [150.04160887656036, -75.0], [150.54091539528434, -75.0], [151.04022191400836, -75.0], [151.5395284327323, -75.0], [152.03883495145635, -75.0], [152.53814147018034, -75.0], [153.03744798890432, -75.0], [153.5367545076283, -75.0], [154.0360610263523, -75.0], [154.53536754507627, -75.0], [155.0346740638003, -75.0], [155.5339805825243, -75.0], [156.03328710124828, -75.0], [156.5325936199723, -75.0], [157.03190013869624, -75.0], [157.53120665742028, -75.0], [158.03051317614427, -75.0], [158.52981969486825, -75.0], [159.02912621359224, -75.0], [159.52843273231622, -75.0], [160.0277392510402, -75.0], [160.52704576976424, -75.0], [161.02635228848823, -75.0], [161.5256588072122, -75.0], [162.0249653259362, -75.0], [162.52427184466018, -75.0], [163.02357836338422, -75.0], [163.5228848821082, -75.0], [164.02219140083218, -75.0], [164.52149791955617, -75.0], [165.02080443828015, -75.0], [165.5201109570042, -75.0], [166.01941747572818, -75.0], [166.51872399445216, -75.0], [167.01803051317614, -75.0], [167.51733703190013, -75.0], [168.01664355062417, -75.0], [168.51595006934815, -75.0], [169.01525658807213, -75.0], [169.51456310679612, -75.0], [170.0138696255201, -75.0], [170.51317614424408, -75.0], [171.01248266296813, -75.0], [171.5117891816921, -75.0], [172.0110957004161, -75.0], [172.51040221914008, -75.0], [173.00970873786406, -75.0], [173.5090152565881, -75.0], [174.00832177531208, -75.0], [174.50762829403607, -75.0], [175.00693481276005, -75.0], [175.50624133148403, -75.0], [176.00554785020802, -75.0], [176.50485436893206, -75.0], [177.00416088765604, -75.0], [177.50346740638003, -75.0], [178.002773925104, -75.0], [178.502080443828, -75.0], [179.00138696255203, -75.0], [179.50069348127602, -75.0], [180.0, -75.0]]]}}, {"type": "Feature", "properties": {"kind": "parallel", "label": "74\u00b045'S", "value": -74.75}, "geometry": {"type": "MultiLineString", "coordinates": [[[-180.0, -74.75], [-179.50069348127602, -74.75], [-179.001386962552, -74.75], [-178.50208044382802, -74.75], [-178.002773925104, -74.75], [-177.50346740638003, -74.75], [-177.00416088765604, -74.75], [-176.61376150893543, -74.75009763893623]], [[149.54619526131543, -74.75000442895568], [150.04160887656036, -74.75], [150.54091539528434, -74.75], [151.04022191400836, -74.75], [151.5395284327323, -74.75], [152.03883495145635, -74.75], [152.53814147018034, -74.75], [153.03744798890432, -74.75], [153.5367545076283, -74.75], [154.0360610263523, -74.75], [154.53536754507627, -74.75], [155.0346740638003, -74.75], [155.5339805825243, -74.75], [156.03328710124828, -74.75], [156.5325936199723, -74.75], [157.03190013869624, -74.75], [157.53120665742028, -74.75], [158.03051317614427, -74.75], [158.52981969486825, -74.75], [159.02912621359224, -74.75], [159.52843273231622, -74.75], [160.0277392510402, -74.75], [160.52704576976424, -74.75], [161.02635228848823, -74.75], [161.5256588072122, -74.75], [162.0249653259362, -74.75], [162.52427184466018, -74.75], [163.02357836338422, -74.75], [163.5228848821082, -74.75], [164.02219140083218, -74.75], [164.52149791955617, -74.75], [165.02080443828015, -74.75], [165.5201109570042, -74.75], [166.01941747572818, -74.75], [166.51872399445216, -74.75], [167.01803051317614, -74.75], [167.51733703190013, -74.75], [168.01664355062417, -74.75], [168.51595006934815, -74.75], [169.01525658807213, -74.75], [169.51456310679612, -74.75], [170.0138696255201, -74.75], [170.51317614424408, -74.75], [171.01248266296813, -74.75], [171.5117891816921, -74.75], [172.0110957004161, -74.75], [172.51040221914008, -74.75], [173.00970873786406, -74.75], [173.5090152565881, -74.75], [174.00832177531208, -74.75], [174.50762829403607, -74.75], [175.00693481276005, -74.75], [175.50624133148403, -74.75], [176.00554785020802, -74.75], [176.50485436893206, -74.75], [177.00416088765604, -74.75], [177.50346740638003, -74.75], [178.002773925104, -74.75], [178.502080443828, -74.75], [179.00138696255203, -74.75], [179.50069348127602, -74.75], [180.0, -74.75]]]}}, {"type": "Feature", "properties": {"kind": "parallel", "label": "74\u00b030'S", "value": -74.5}, "geometry": {"type": "MultiLineString", "coordinates": [[[-180.0, -74.5], [-179.50069348127602, -74.5], [-179.001386962552, -74.5], [-178.50208044382802, -74.5], [-178.002773925104, -74.5], [-177.50346740638003, -74.5], [-177.00416088765604, -74.5], [-176.66906438062105, -74.50012838801605]], [[150.08127700913602, -74.5000425417144], [150.54091539528434, -74.5], [151.04022191400836, -74.5], [151.5395284327323, -74.5], [152.03883495145635, -74.5], [152.53814147018034, -74.5], [153.03744798890432, -74.5], [153.5367545076283, -74.5], [154.0360610263523, -74.5], [154.53536754507627, -74.5], [155.0346740638003, -74.5], [155.5339805825243, -74.5], [156.03328710124828, -74.5], [156.5325936199723, -74.5], [157.03190013869624, -74.5], [157.53120665742028, -74.5], [158.03051317614427, -74.5], [158.52981969486825, -74.5], [159.02912621359224, -74.5], [159.52843273231622, -74.5], [160.0277392510402, -74.5], [160.52704576976424, -74.5], [161.02635228848823, -74.5], [161.5256588072122, -74.5], [162.0249653259362, -74.5], [162.52427184466018, -74.5], [163.02357836338422, -74.5], [163.5228848821082, -74.5], [164.02219140083218, -74.5], [164.52149791955617, -74.5], [165.02080443828015, -74.5], [165.5201109570042, -74.5], [166.01941747572818, -74.5], [166.51872399445216, -74.5], [167.01803051317614, -74.5], [167.51733703190013, -74.5], [168.01664355062417, -74.5], [168.51595006934815, -74.5], [169.01525658807213, -74.5], [169.51456310679612, -74.5], [170.0138696255201, -74.5], [170.51317614424408, -74.5], [171.01248266296813, -74.5], [171.5117891816921, -74.5], [172.0110957004161, -74.5], [172.51040221914008, -74.5], [173.00970873786406, -74.5], [173.5090152565881, -74.5], [174.00832177531208, -74.5], [174.50762829403607, -74.5], [175.00693481276005, -74.5], [175.50624133148403, -74.5], [176.00554785020802, -74.5], [176.50485436893206, -74.5], [177.00416088765604, -74.5], [177.50346740638003, -74.5], [178.002773925104, -74.5], [178.502080443828, -74.5], [179.00138696255203, -74.5], [179.50069348127602, -74.5], [180.0, -74.5]]]}}, {"type": "Feature", "properties": {"kind": "parallel", "label": "74\u00b015'S", "value": -74.25}, "geometry": {"type": "MultiLineString", "coordinates": [[[-180.0, -74.25], [-179.50069348127602, -74.25], [-179.001386962552, -74.25], [-178.50208044382802, -74.25], [-178.002773925104, -74.25], [-177.50346740638003, -74.25], [-177.00416088765604, -74.25], [-176.72262191665646, -74.2501453010197]], [[150.5968547482365, -74.25005877869201], [151.04022191400836, -74.25], [151.5395284327323, -74.25], [152.03883495145635, -74.25], [152.53814147018034, -74.25], [153.03744798890432, -74.25], [153.5367545076283, -74.25], [154.0360610263523, -74.25], [154.53536754507627, -74.25], [155.0346740638003, -74.25], [155.5339805825243, -74.25], [156.03328710124828, -74.25], [156.5325936199723, -74.25], [157.03190013869624, -74.25], [157.53120665742028, -74.25], [158.03051317614427, -74.25], [158.52981969486825, -74.25], [159.02912621359224, -74.25], [159.52843273231622, -74.25], [160.0277392510402, -74.25], [160.52704576976424, -74.25], [161.02635228848823, -74.25], [161.5256588072122, -74.25], [162.0249653259362, -74.25], [162.52427184466018, -74.25], [163.02357836338422, -74.25], [163.5228848821082, -74.25], [164.02219140083218, -74.25], [164.52149791955617, -74.25], [165.02080443828015, -74.25], [165.5201109570042, -74.25], [166.01941747572818, -74.25], [166.51872399445216, -74.25], [167.01803051317614, -74.25], [167.51733703190013, -74.25], [168.01664355062417, -74.25], [168.51595006934815, -74.25], [169.01525658807213, -74.25], [169.51456310679612, -74.25], [170.0138696255201, -74.25], [170.51317614424408, -74.25], [171.01248266296813, -74.25], [171.5117891816921, -74.25], [172.0110957004161, -74.25], [172.51040221914008, -74.25], [173.00970873786406, -74.25], [173.5090152565881, -74.25], [174.00832177531208, -74.25], [174.50762829403607, -74.25], [175.00693481276005, -74.25], [175.50624133148403, -74.25], [176.00554785020802, -74.25], [176.50485436893206, -74.25], [177.00416088765604, -74.25], [177.50346740638003, -74.25], [178.002773925104, -74.25], [178.502080443828, -74.25], [179.00138696255203, -74.25], [179.50069348127602, -74.25], [180.0, -74.25]]]}}, {"type": "Feature", "properties": {"kind": "parallel", "label": "74\u00b0S", "value": -74.0}, "geometry": {"type": "MultiLineString", "coordinates": [[[-180.0, -74.0], [-179.50069348127602, -74.0], [-179.001386962552, -74.0], [-178.50208044382802, -74.0], [-178.002773925104, -74.0], [-177.50346740638003, -74.0], [-177.00416088765604, -74.0], [-176.77451583681858, -74.0001490332464]], [[151.09402929616783, -74.00005768965644], [151.5395284327323, -74.0], [152.03883495145635, -74.0], [152.53814147018034, -74.0], [153.03744798890432, -74.0], [153.5367545076283, -74.0], [154.0360610263523, -74.0], [154.53536754507627, -74.0], [155.0346740638003, -74.0], [155.5339805825243, -74.0], [156.03328710124828, -74.0], [156.5325936199723, -74.0], [157.03190013869624, -74.0], [157.53120665742028, -74.0], [158.03051317614427, -74.0], [158.52981969486825, -74.0], [159.02912621359224, -74.0], [159.52843273231622, -74.0], [160.0277392510402, -74.0], [160.52704576976424, -74.0], [161.02635228848823, -74.0], [161.5256588072122, -74.0], [162.0249653259362, -74.0], [162.52427184466018, -74.0], [163.02357836338422, -74.0], [163.5228848821082, -74.0], [164.02219140083218, -74.0], [164.52149791955617, -74.0], [165.02080443828015, -74.0], [165.5201109570042, -74.0], [166.01941747572818, -74.0], [166.51872399445216, -74.0], [167.01803051317614, -74.0], [167.51733703190013, -74.0], [168.01664355062417, -74.0], [168.51595006934815, -74.0], [169.01525658807213, -74.0], [169.51456310679612, -74.0], [170.0138696255201, -74.0], [170.51317614424408, -74.0], [171.01248266296813, -74.0], [171.5117891816921, -74.0], [172.0110957004161, -74.0], [172.51040221914008, -74.0], [173.00970873786406, -74.0], [173.5090152565881, -74.0], [174.00832177531208, -74.0], [174.50762829403607, -74.0], [175.00693481276005, -74.0], [175.50624133148403, -74.0], [176.00554785020802, -74.0], [176.50485436893206, -74.0], [177.00416088765604, -74.0], [177.50346740638003, -74.0], [178.002773925104, -74.0], [178.502080443828, -74.0], [179.00138696255203, -74.0], [179.50069348127602, -74.0], [180.0, -74.0]]]}}, {"type": "Feature", "properties": {"kind": "parallel", "label": "73\u00b045'S", "value": -73.75}, "geometry": {"type": "MultiLineString", "coordinates": [[[-180.0, -73.75], [-179.50069348127602, -73.75], [-179.001386962552, -73.75], [-178.50208044382802, -73.75], [-178.002773925104, -73.75], [-177.50346740638003, -73.75], [-177.00416088765604, -73.75], [-176.82482284309503, -73.75014020016451]], [[151.5738249329366, -73.75003896576872], [152.03883495145635, -73.75], [152.53814147018034, -73.75], [153.03744798890432, -73.75], [153.5367545076283, -73.75], [154.0360610263523, -73.75], [154.53536754507627, -73.75], [155.0346740638003, -73.75], [155.5339805825243, -73.75], [156.03328710124828, -73.75], [156.5325936199723, -73.75], [157.03190013869624, -73.75], [157.53120665742028, -73.75], [158.03051317614427, -73.75], [158.52981969486825, -73.75], [159.02912621359224, -73.75], [159.52843273231622, -73.75], [160.0277392510402, -73.75], [160.52704576976424, -73.75], [161.02635228848823, -73.75], [161.5256588072122, -73.75], [162.0249653259362, -73.75], [162.52427184466018, -73.75], [163.02357836338422, -73.75], [163.5228848821082, -73.75], [164.02219140083218, -73.75], [164.52149791955617, -73.75], [165.02080443828015, -73.75], [165.5201109570042, -73.75], [166.01941747572818, -73.75], [166.51872399445216, -73.75], [167.01803051317614, -73.75], [167.51733703190013, -73.75], [168.01664355062417, -73.75], [168.51595006934815, -73.75], [169.01525658807213, -73.75], [169.51456310679612, -73.75], [170.0138696255201, -73.75], [170.51317614424408, -73.75], [171.01248266296813, -73.75], [171.5117891816921, -73.75], [172.0110957004161, -73.75], [172.51040221914008, -73.75], [173.00970873786406, -73.75], [173.5090152565881, -73.75], [174.00832177531208, -73.75], [174.50762829403607, -73.75], [175.00693481276005, -73.75], [175.50624133148403, -73.75], [176.00554785020802, -73.75], [176.50485436893206, -73.75], [177.00416088765604, -73.75], [177.50346740638003, -73.75], [178.002773925104, -73.75], [178.502080443828, -73.75], [179.00138696255203, -73.75], [179.50069348127602, -73.75], [180.0, -73.75]]]}}, {"type": "Feature", "properties": {"kind": "parallel", "label": "73\u00b030'S", "value": -73.5}, "geometry": {"type": "MultiLineString", "coordinates": [[[-180.0, -73.5], [-179.50069348127602, -73.5], [-179.001386962552, -73.5], [-178.50208044382802, -73.5], [-178.002773925104, -73.5], [-177.50346740638003, -73.5], [-177.00416088765604, -73.5], [-176.87361499861058, -73.50011938042428]], [[152.03718806196588, -73.50000203247298], [152.03883495145635, -73.5], [152.53814147018034, -73.5], [153.03744798890432, -73.5], [153.5367545076283, -73.5], [154.0360610263523, -73.5], [154.53536754507627, -73.5], [155.0346740638003, -73.5], [155.5339805825243, -73.5], [156.03328710124828, -73.5], [156.5325936199723, -73.5], [157.03190013869624, -73.5], [157.53120665742028, -73.5], [158.03051317614427, -73.5], [158.52981969486825, -73.5], [159.02912621359224, -73.5], [159.52843273231622, -73.5], [160.0277392510402, -73.5], [160.52704576976424, -73.5], [161.02635228848823, -73.5], [161.5256588072122, -73.5], [162.0249653259362, -73.5], [162.52427184466018, -73.5], [163.02357836338422, -73.5], [163.5228848821082, -73.5], [164.02219140083218, -73.5], [164.52149791955617, -73.5], [165.02080443828015, -73.5], [165.5201109570042, -73.5], [166.01941747572818, -73.5], [166.51872399445216, -73.5], [167.01803051317614, -73.5], [167.51733703190013, -73.5], [168.01664355062417, -73.5], [168.51595006934815, -73.5], [169.01525658807213, -73.5], [169.51456310679612, -73.5], [170.0138696255201, -73.5], [170.51317614424408, -73.5], [171.01248266296813, -73.5], [171.5117891816921, -73.5], [172.0110957004161, -73.5], [172.51040221914008, -73.5], [173.00970873786406, -73.5], [173.5090152565881, -73.5], [174.00832177531208, -73.5], [174.50762829403607, -73.5], [175.00693481276005, -73.5], [175.50624133148403, -73.5], [176.00554785020802, -73.5], [176.50485436893206, -73.5], [177.00416088765604, -73.5], [177.50346740638003, -73.5], [178.002773925104, -73.5], [178.502080443828, -73.5], [179.00138696255203, -73.5], [179.50069348127602, -73.5], [180.0, -73.5]]]}}, {"type": "Feature", "properties": {"kind": "parallel", "label": "73\u00b015'S", "value": -73.25}, "geometry": {"type": "MultiLineString", "coordinates": [[[152.48479441587784, -73.25005986680165], [152.53814147018034, -73.25], [153.03744798890432, -73.25], [153.5367545076283, -73.25], [154.0360610263523, -73.25], [154.53536754507627, -73.25], [155.0346740638003, -73.25], [155.5339805825243, -73.25], [156.03328710124828, -73.25], [156.5325936199723, -73.25], [157.03190013869624, -73.25], [157.53120665742028, -73.25], [158.03051317614427, -73.25], [158.52981969486825, -73.25], [159.02912621359224, -73.25], [159.52843273231622, -73.25], [160.0277392510402, -73.25], [160.52704576976424, -73.25], [161.02635228848823, -73.25], [161.5256588072122, -73.25], [162.0249653259362, -73.25], [162.52427184466018, -73.25], [163.02357836338422, -73.25], [163.5228848821082, -73.25], [164.02219140083218, -73.25], [164.52149791955617, -73.25], [165.02080443828015, -73.25], [165.5201109570042, -73.25], [166.01941747572818, -73.25], [166.51872399445216, -73.25], [167.01803051317614, -73.25], [167.51733703190013, -73.25], [168.01664355062417, -73.25], [168.51595006934815, -73.25], [169.01525658807213, -73.25], [169.51456310679612, -73.25], [170.0138696255201, -73.25], [170.51317614424408, -73.25], [171.01248266296813, -73.25], [171.5117891816921, -73.25], [172.0110957004161, -73.25], [172.51040221914008, -73.25], [173.00970873786406, -73.25], [173.5090152565881, -73.25], [174.00832177531208, -73.25], [174.50762829403607, -73.25], [175.00693481276005, -73.25], [175.50624133148403, -73.25], [176.00554785020802, -73.25], [176.50485436893206, -73.25], [176.8763188705801, -73.25011950054483]]]}}, {"type": "Feature", "properties": {"kind": "parallel", "label": "73\u00b0S", "value": -73.0}, "geometry": {"type": "MultiLineString", "coordinates": [[[152.91763851416684, -73.00011607339951], [153.03744798890432, -73.0], [153.5367545076283, -73.0], [154.0360610263523, -73.0], [154.53536754507627, -73.0], [155.0346740638003, -73.0], [155.5339805825243, -73.0], [156.03328710124828, -73.0], [156.5325936199723, -73.0], [157.03190013869624, -73.0], [157.53120665742028, -73.0], [158.03051317614427, -73.0], [158.52981969486825, -73.0], [159.02912621359224, -73.0], [159.52843273231622, -73.0], [160.0277392510402, -73.0], [160.52704576976424, -73.0], [161.02635228848823, -73.0], [161.5256588072122, -73.0], [162.0249653259362, -73.0], [162.52427184466018, -73.0], [163.02357836338422, -73.0], [163.5228848821082, -73.0], [164.02219140083218, -73.0], [164.52149791955617, -73.0], [165.02080443828015, -73.0], [165.5201109570042, -73.0], [166.01941747572818, -73.0], [166.51872399445216, -73.0], [167.01803051317614, -73.0], [167.51733703190013, -73.0], [168.01664355062417, -73.0], [168.51595006934815, -73.0], [169.01525658807213, -73.0], [169.51456310679612, -73.0], [169.61691284660102, -73.00010372020543]]]}}, {"type": "Feature", "properties": {"kind": "parallel", "label": "72\u00b045'S", "value": -72.75}, "geometry": {"type": "MultiLineString", "coordinates": [[[153.33650075646952, -72.75015506660885], [153.5367545076283, -72.75], [154.0360610263523, -72.75], [154.53536754507627, -72.75], [155.0346740638003, -72.75], [155.5339805825243, -72.75], [156.03328710124828, -72.75], [156.5325936199723, -72.75], [157.03190013869624, -72.75], [157.53120665742028, -72.75], [158.03051317614427, -72.75], [158.52981969486825, -72.75], [159.02912621359224, -72.75], [159.52843273231622, -72.75], [160.0277392510402, -72.75], [160.52704576976424, -72.75], [161.02635228848823, -72.75], [161.5256588072122, -72.75], [162.0249653259362, -72.75], [162.52427184466018, -72.75], [163.02357836338422, -72.75], [163.5228848821082, -72.75], [164.02219140083218, -72.75], [164.52149791955617, -72.75], [165.02080443828015, -72.75], [165.5201109570042, -72.75], [165.735319022907, -72.75015831320793]]]}}, {"type": "Feature", "properties": {"kind": "parallel", "label": "72\u00b030'S", "value": -72.5}, "geometry": {"type": "MultiLineString", "coordinates": [[[153.7421099548781, -72.50015850192632], [154.0360610263523, -72.5], [154.53536754507627, -72.5], [155.0346740638003, -72.5], [155.5339805825243, -72.5], [156.03328710124828, -72.5], [156.5325936199723, -72.5], [157.03190013869624, -72.5], [157.53120665742028, -72.5], [158.03051317614427, -72.5], [158.52981969486825, -72.5], [159.02912621359224, -72.5], [159.52843273231622, -72.5], [160.0277392510402, -72.5], [160.52704576976424, -72.5], [161.02635228848823, -72.5], [161.5256588072122, -72.5], [162.0249653259362, -72.5], [162.52427184466018, -72.5], [162.7689878955991, -72.5001635903797]]]}}, {"type": "Feature", "properties": {"kind": "parallel", "label": "72\u00b015'S", "value": -72.25}, "geometry": {"type": "MultiLineString", "coordinates": [[[154.13514730460702, -72.25010556964929], [154.53536754507627, -72.25], [155.0346740638003, -72.25], [155.5339805825243, -72.25], [156.03328710124828, -72.25], [156.5325936199723, -72.25], [157.03190013869624, -72.25], [157.53120665742028, -72.25], [158.03051317614427, -72.25], [158.52981969486825, -72.25], [159.02912621359224, -72.25], [159.52843273231622, -72.25], [160.0277392510402, -72.25], [160.2984009418209, -72.25016474547492]]]}}, {"type": "Feature", "properties": {"kind": "parallel", "label": "72\u00b0S", "value": -72.0}, "geometry": {"type": "MultiLineString", "coordinates": [[[154.51617258437943, -72.00002486799582], [154.53536754507627, -72.0], [155.0346740638003, -72.0], [155.5339805825243, -72.0], [156.03328710124828, -72.0], [156.5325936199723, -72.0], [157.03190013869624, -72.0], [157.53120665742028, -72.0], [158.03051317614427, -72.0], [158.15261841975897, -72.00012428447744]]]}}, {"type": "Feature", "properties": {"kind": "parallel", "label": "71\u00b045'S", "value": -71.75}, "geometry": {"type": "MultiLineString", "coordinates": [[[154.8854232941478, -71.75014287611569], [155.0346740638003, -71.75], [155.5339805825243, -71.75], [156.03328710124828, -71.75], [156.2428164958357, -71.75016604065715]]]}}, {"type": "Feature", "properties": {"kind": "meridian", "label": "179\u00b030'W", "value": -179.5}, "geometry": {"type": "MultiLineString", "coordinates": [[[-179.5, -80.36131726775677], [-179.5, -80.19607843137206], [-179.5, -79.21568627450887], [-179.5, -78.23529411764704], [-179.5, -77.2549019607843], [-179.5, -76.27450980392157], [-179.5, -75.29411764705881], [-179.5, -74.31372549019606], [-179.5, -73.33333333333333], [-179.5, -73.27403920483276]]]}}, {"type": "Feature", "properties": {"kind": "meridian", "label": "179\u00b0W", "value": -179.0}, "geometry": {"type": "MultiLineString", "coordinates": [[[-179.0, -80.35985688396264], [-179.0, -80.19607843137206], [-179.0, -79.21568627450887], [-179.0, -78.23529411764704], [-179.0, -77.2549019607843], [-179.0, -76.27450980392157], [-179.0, -75.29411764705883], [-179.0, -74.31372549019608], [-179.0, -73.33333333333333], [-179.0, -73.27215432002826]]]}}, {"type": "Feature", "properties": {"kind": "meridian", "label": "178\u00b030'W", "value": -178.5}, "geometry": {"type": "MultiLineString", "coordinates": [[[-178.5, -80.35766496879391], [-178.5, -80.19607843137206], [-178.5, -79.21568627450887], [-178.5, -78.23529411764704], [-178.5, -77.2549019607843], [-178.5, -76.27450980392157], [-178.5, -75.29411764705883], [-178.5, -74.31372549019608], [-178.5, -73.33333333333333], [-178.5, -73.26901206716697]]]}}, {"type": "Feature", "properties": {"kind": "meridian", "label": "178\u00b0W", "value": -178.0}, "geometry": {"type": "MultiLineString", "coordinates": [[[-178.0, -80.35474069366684], [-178.0, -80.19607843137206], [-178.0, -79.21568627450887], [-178.0, -78.23529411764704], [-178.0, -77.2549019607843], [-178.0, -76.27450980392157], [-178.0, -75.29411764705881], [-178.0, -74.31372549019606], [-178.0, -73.33333333333333], [-178.0, -73.26461127823588]]]}}, {"type": "Feature", "properties": {"kind": "meridian", "label": "177\u00b030'W", "value": -177.5}, "geometry": {"type": "MultiLineString", "coordinates": [[[-177.5, -80.3510829524553], [-177.5, -80.19607843137206], [-177.5, -79.21568627450887], [-177.5, -78.23529411764704], [-177.5, -77.2549019607843], [-177.5, -76.27450980392157], [-177.5, -75.29411764705883], [-177.5, -74.31372549019606], [-177.5, -73.33333333333333], [-177.5, -73.25895031655072]]]}}, {"type": "Feature", "properties": {"kind": "meridian", "label": "177\u00b0W", "value": -177.0}, "geometry": {"type": "MultiLineString", "coordinates": [[[-177.0, -80.34669036047296], [-177.0, -80.19607843137206], [-177.0, -79.21568627450887], [-177.0, -78.23529411764704], [-177.0, -77.2549019607843], [-177.0, -76.27450980392157], [-177.0, -75.29411764705881], [-177.0, -74.31372549019608], [-177.0, -73.33333333333333], [-177.0, -73.25202707528724]]]}}, {"type": "Feature", "properties": {"kind": "meridian", "label": "176\u00b030'W", "value": -176.5}, "geometry": {"type": "MultiLineString", "coordinates": [[[-176.5, -80.34156125319772], [-176.5, -80.19607843137206], [-176.5, -79.21568627450887], [-176.5, -78.23529411764704], [-176.5, -77.2549019607843], [-176.5, -76.27450980392157], [-176.5, -75.29411764705881], [-176.5, -75.23985233142655]]]}}, {"type": "Feature", "properties": {"kind": "meridian", "label": "176\u00b0W", "value": -176.0}, "geometry": {"type": "MultiLineString", "coordinates": [[[-176.0, -80.3356936847359], [-176.0, -80.19607843137206], [-176.0, -79.21568627450888], [-176.0, -78.23529411764704], [-176.0, -77.2549019607843], [-176.0, -77.06636403903147]]]}}, {"type": "Feature", "properties": {"kind": "meridian", "label": "175\u00b030'W", "value": -175.5}, "geometry": {"type": "MultiLineString", "coordinates": [[[-175.5, -80.32908542602401], [-175.5, -80.19607843137206], [-175.5, -79.21568627450887], [-175.5, -78.49113667420798]]]}}, {"type": "Feature", "properties": {"kind": "meridian", "label": "175\u00b0W", "value": -175.0}, "geometry": {"type": "MultiLineString", "coordinates": [[[-175.0, -80.32173396276468], [-175.0, -80.19607843137206], [-175.0, -79.63318710538982]]]}}, {"type": "Feature", "properties": {"kind": "meridian", "label": "141\u00b030'E", "value": 141.5}, "geometry": {"type": "MultiLineString", "coordinates": [[[141.5, -77.74447486553314], [141.5, -77.61772715108998]]]}}, {"type": "Feature", "properties": {"kind": "meridian", "label": "142\u00b0E", "value": 142.0}, "geometry": {"type": "MultiLineString", "coordinates": [[[142.0, -77.82715003082686], [142.0, -77.47795401000317]]]}}, {"type": "Feature", "properties": {"kind": "meridian", "label": "142\u00b030'E", "value": 142.5}, "geometry": {"type": "MultiLineString", "coordinates": [[[142.5, -77.90781303690196], [142.5, -77.33403373822286]]]}}, {"type": "Feature", "properties": {"kind": "meridian", "label": "143\u00b0E", "value": 143.0}, "geometry": {"type": "MultiLineString", "coordinates": [[[143.0, -77.98651537492184], [143.0, -77.2549019607843], [143.0, -77.18580077272007]]]}}, {"type": "Feature", "properties": {"kind": "meridian", "label": "143\u00b030'E", "value": 143.5}, "geometry": {"type": "MultiLineString", "coordinates": [[[143.5, -78.06330656121864], [143.5, -77.2549019607843], [143.5, -77.03308043025969]]]}}, {"type": "Feature", "properties": {"kind": "meridian", "label": "144\u00b0E", "value": 144.0}, "geometry": {"type": "MultiLineString", "coordinates": [[[144.0, -78.1382342253342], [144.0, -77.2549019607843], [144.0, -76.8756882780514]]]}}, {"type": "Feature", "properties": {"kind": "meridian", "label": "144\u00b030'E", "value": 144.5}, "geometry": {"type": "MultiLineString", "coordinates": [[[144.5, -78.21134419328477], [144.5, -77.2549019607843], [144.5, -76.7134294516772]]]}}, {"type": "Feature", "properties": {"kind": "meridian", "label": "145\u00b0E", "value": 145.0}, "geometry": {"type": "MultiLineString", "coordinates": [[[145.0, -78.28268056634501], [145.0, -78.23529411764704], [145.0, -77.2549019607843], [145.0, -76.54609791509353]]]}}, {"type": "Feature", "properties": {"kind": "meridian", "label": "145\u00b030'E", "value": 145.5}, "geometry": {"type": "MultiLineString", "coordinates": [[[145.5, -78.35228579562595], [145.5, -78.23529411764704], [145.5, -77.2549019607843], [145.5, -76.37347565691474]]]}}, {"type": "Feature", "properties": {"kind": "meridian", "label": "146\u00b0E", "value": 146.0}, "geometry": {"type": "MultiLineString", "coordinates": [[[146.0, -78.42020075270061], [146.0, -78.23529411764704], [146.0, -77.2549019607843], [146.0, -76.27450980392157], [146.0, -76.19533181651576]]]}}, {"type": "Feature", "properties": {"kind": "meridian", "label": "146\u00b030'E", "value": 146.5}, "geometry": {"type": "MultiLineString", "coordinates": [[[146.5, -78.48646479652469], [146.5, -78.23529411764704], [146.5, -77.2549019607843], [146.5, -76.27450980392157], [146.5, -76.01142173273536]]]}}, {"type": "Feature", "properties": {"kind": "meridian", "label": "147\u00b0E", "value": 147.0}, "geometry": {"type": "MultiLineString", "coordinates": [[[147.0, -78.5511158368505], [147.0, -78.23529411764706], [147.0, -77.2549019607843], [147.0, -76.27450980392157], [147.0, -75.82148590710433]]]}}, {"type": "Feature", "properties": {"kind": "meridian", "label": "147\u00b030'E", "value": 147.5}, "geometry": {"type": "MultiLineString", "coordinates": [[[147.5, -78.61419039437175], [147.5, -78.23529411764704], [147.5, -77.2549019607843], [147.5, -76.27450980392157], [147.5, -75.6252488725507]]]}}, {"type": "Feature", "properties": {"kind": "meridian", "label": "148\u00b0E", "value": 148.0}, "geometry": {"type": "MultiLineString", "coordinates": [[[148.0, -78.67572365776829], [148.0, -78.23529411764704], [148.0, -77.2549019607843], [148.0, -76.27450980392157], [148.0, -75.4224179574284]]]}}, {"type": "Feature", "properties": {"kind": "meridian", "label": "148\u00b030'E", "value": 148.5}, "geometry": {"type": "MultiLineString", "coordinates": [[[148.5, -78.73574953784006], [148.5, -78.23529411764704], [148.5, -77.2549019607843], [148.5, -76.27450980392157], [148.5, -75.29411764705881], [148.5, -75.21268193345676]]]}}, {"type": "Feature", "properties": {"kind": "meridian", "label": "149\u00b0E", "value": 149.0}, "geometry": {"type": "MultiLineString", "coordinates": [[[149.0, -78.79430071889621], [149.0, -78.23529411764704], [149.0, -77.2549019607843], [149.0, -76.27450980392157], [149.0, -75.29411764705883], [149.0, -74.99570953472244]]]}}, {"type": "Feature", "properties": {"kind": "meridian", "label": "149\u00b030'E", "value": 149.5}, "geometry": {"type": "MultiLineString", "coordinates": [[[149.5, -78.85140870755626], [149.5, -78.23529411764704], [149.5, -77.2549019607843], [149.5, -76.27450980392157], [149.5, -75.29411764705881], [149.5, -74.77114783325337]]]}}, {"type": "Feature", "properties": {"kind": "meridian", "label": "150\u00b0E", "value": 150.0}, "geometry": {"type": "MultiLineString", "coordinates": [[[150.0, -78.9071038791097], [150.0, -78.23529411764704], [150.0, -77.2549019607843], [150.0, -76.27450980392157], [150.0, -75.29411764705883], [150.0, -74.53862045479518]]]}}, {"type": "Feature", "properties": {"kind": "meridian", "label": "150\u00b030'E", "value": 150.5}, "geometry": {"type": "MultiLineString", "coordinates": [[[150.5, -78.961415521571], [150.5, -78.23529411764704], [150.5, -77.2549019607843], [150.5, -76.27450980392157], [150.5, -75.29411764705883], [150.5, -74.31372549019606], [150.5, -74.29772561626334]]]}}, {"type": "Feature", "properties": {"kind": "meridian", "label": "151\u00b0E", "value": 151.0}, "geometry": {"type": "MultiLineString", "coordinates": [[[151.0, -79.01437187755815], [151.0, -78.23529411764704], [151.0, -77.2549019607843], [151.0, -76.27450980392157], [151.0, -75.29411764705883], [151.0, -74.31372549019606], [151.0, -74.0480339638658]]]}}, {"type": "Feature", "properties": {"kind": "meridian", "label": "151\u00b030'E", "value": 151.5}, "geometry": {"type": "MultiLineString", "coordinates": [[[151.5, -79.06600018411463], [151.5, -78.23529411764704], [151.5, -77.2549019607843], [151.5, -76.27450980392157], [151.5, -75.29411764705883], [151.5, -74.31372549019608], [151.5, -73.78908618803426]]]}}, {"type": "Feature", "properties": {"kind": "meridian", "label": "152\u00b0E", "value": 152.0}, "geometry": {"type": "MultiLineString", "coordinates": [[[152.0, -79.11632671058727], [152.0, -78.23529411764704], [152.0, -77.2549019607843], [152.0, -76.27450980392157], [152.0, -75.29411764705881], [152.0, -74.31372549019608], [152.0, -73.52039038800514]]]}}, {"type": "Feature", "properties": {"kind": "meridian", "label": "152\u00b030'E", "value": 152.5}, "geometry": {"type": "MultiLineString", "coordinates": [[[152.5, -79.16537679466505], [152.5, -78.23529411764704], [152.5, -77.2549019607843], [152.5, -76.27450980392157], [152.5, -75.29411764705883], [152.5, -74.31372549019606], [152.5, -73.33333333333333], [152.5, -73.241419155078]]]}}, {"type": "Feature", "properties": {"kind": "meridian", "label": "153\u00b0E", "value": 153.0}, "geometry": {"type": "MultiLineString", "coordinates": [[[153.0, -79.21317487667758], [153.0, -78.23529411764706], [153.0, -77.2549019607843], [153.0, -76.27450980392157], [153.0, -75.29411764705883], [153.0, -74.31372549019608], [153.0, -73.33333333333334], [153.0, -72.95160633915535]]]}}, {"type": "Feature", "properties": {"kind": "meridian", "label": "153\u00b030'E", "value": 153.5}, "geometry": {"type": "MultiLineString", "coordinates": [[[153.5, -79.25974453224593], [153.5, -79.21568627450887], [153.5, -78.23529411764704], [153.5, -77.2549019607843], [153.5, -76.27450980392157], [153.5, -75.29411764705883], [153.5, -74.31372549019606], [153.5, -73.33333333333333], [153.5, -72.65034345802943]]]}}, {"type": "Feature", "properties": {"kind": "meridian", "label": "154\u00b0E", "value": 154.0}, "geometry": {"type": "MultiLineString", "coordinates": [[[154.0, -79.3051085033722], [154.0, -79.21568627450887], [154.0, -78.23529411764704], [154.0, -77.2549019607843], [154.0, -76.27450980392157], [154.0, -75.29411764705881], [154.0, -74.31372549019608], [154.0, -73.33333333333333], [154.0, -72.35294117647058], [154.0, -72.33697570289505]]]}}, {"type": "Feature", "properties": {"kind": "meridian", "label": "154\u00b030'E", "value": 154.5}, "geometry": {"type": "MultiLineString", "coordinates": [[[154.5, -79.34928872804979], [154.5, -79.21568627450887], [154.5, -78.23529411764704], [154.5, -77.2549019607843], [154.5, -76.27450980392157], [154.5, -75.29411764705883], [154.5, -74.31372549019608], [154.5, -73.33333333333333], [154.5, -72.35294117647058], [154.5, -72.01079748657747]]]}}, {"type": "Feature", "properties": {"kind": "meridian", "label": "155\u00b0E", "value": 155.0}, "geometry": {"type": "MultiLineString", "coordinates": [[[155.0, -79.3923063684705], [155.0, -79.21568627450887], [155.0, -78.23529411764706], [155.0, -77.2549019607843], [155.0, -76.27450980392157], [155.0, -75.29411764705881], [155.0, -74.31372549019608], [155.0, -73.33333333333333], [155.0, -72.35294117647058], [155.0, -71.6710474727833]]]}}, {"type": "Feature", "properties": {"kind": "meridian", "label": "155\u00b030'E", "value": 155.5}, "geometry": {"type": "MultiLineString", "coordinates": [[[155.5, -79.43418183790045], [155.5, -79.21568627450887], [155.5, -78.23529411764704], [155.5, -77.2549019607843], [155.5, -76.27450980392157], [155.5, -75.29411764705883], [155.5, -74.31372549019608], [155.5, -73.33333333333333], [155.5, -72.35294117647058], [155.5, -71.64561102252856]]]}}, {"type": "Feature", "properties": {"kind": "meridian", "label": "156\u00b0E", "value": 156.0}, "geometry": {"type": "MultiLineString", "coordinates": [[[156.0, -79.47493482629243], [156.0, -79.21568627450887], [156.0, -78.23529411764706], [156.0, -77.2549019607843], [156.0, -76.27450980392157], [156.0, -75.29411764705883], [156.0, -74.31372549019608], [156.0, -73.33333333333333], [156.0, -72.35294117647058], [156.0, -71.7164510461781]]]}}, {"type": "Feature", "properties": {"kind": "meridian", "label": "156\u00b030'E", "value": 156.5}, "geometry": {"type": "MultiLineString", "coordinates": [[[156.5, -79.51458432469799], [156.5, -79.21568627450887], [156.5, -78.23529411764706], [156.5, -77.2549019607843], [156.5, -76.27450980392157], [156.5, -75.29411764705883], [156.5, -74.31372549019606], [156.5, -73.33333333333333], [156.5, -72.35294117647058], [156.5, -71.78539134621731]]]}}, {"type": "Feature", "properties": {"kind": "meridian", "label": "157\u00b0E", "value": 157.0}, "geometry": {"type": "MultiLineString", "coordinates": [[[157.0, -79.55314864853908], [157.0, -79.21568627450887], [157.0, -78.23529411764704], [157.0, -77.2549019607843], [157.0, -76.27450980392157], [157.0, -75.29411764705881], [157.0, -74.31372549019608], [157.0, -73.33333333333333], [157.0, -72.35294117647058], [157.0, -71.85246317351181]]]}}, {"type": "Feature", "properties": {"kind": "meridian", "label": "157\u00b030'E", "value": 157.5}, "geometry": {"type": "MultiLineString", "coordinates": [[[157.5, -79.5906454597954], [157.5, -79.21568627450887], [157.5, -78.23529411764704], [157.5, -77.2549019607843], [157.5, -76.27450980392157], [157.5, -75.29411764705881], [157.5, -74.31372549019608], [157.5, -73.33333333333333], [157.5, -72.35294117647058], [157.5, -71.91769667851747]]]}}, {"type": "Feature", "properties": {"kind": "meridian", "label": "158\u00b0E", "value": 158.0}, "geometry": {"type": "MultiLineString", "coordinates": [[[158.0, -79.62709178816034], [158.0, -79.21568627450887], [158.0, -78.23529411764704], [158.0, -77.2549019607843], [158.0, -76.27450980392157], [158.0, -75.29411764705883], [158.0, -74.31372549019608], [158.0, -73.33333333333333], [158.0, -72.35294117647058], [158.0, -71.98112094629171]]]}}, {"type": "Feature", "properties": {"kind": "meridian", "label": "158\u00b030'E", "value": 158.5}, "geometry": {"type": "MultiLineString", "coordinates": [[[158.5, -79.662504051215], [158.5, -79.21568627450887], [158.5, -78.23529411764704], [158.5, -77.2549019607843], [158.5, -76.27450980392157], [158.5, -75.29411764705883], [158.5, -74.31372549019608], [158.5, -73.33333333333333], [158.5, -72.35294117647058], [158.5, -72.04276402991061]]]}}, {"type": "Feature", "properties": {"kind": "meridian", "label": "159\u00b0E", "value": 159.0}, "geometry": {"type": "MultiLineString", "coordinates": [[[159.0, -79.69689807366754], [159.0, -79.21568627450887], [159.0, -78.23529411764704], [159.0, -77.2549019607843], [159.0, -76.27450980392157], [159.0, -75.29411764705881], [159.0, -74.31372549019608], [159.0, -73.33333333333333], [159.0, -72.35294117647058], [159.0, -72.10265298236634]]]}}, {"type": "Feature", "properties": {"kind": "meridian", "label": "159\u00b030'E", "value": 159.5}, "geometry": {"type": "MultiLineString", "coordinates": [[[159.5, -79.73028910570171], [159.5, -79.21568627450887], [159.5, -78.23529411764704], [159.5, -77.2549019607843], [159.5, -76.27450980392157], [159.5, -75.29411764705881], [159.5, -74.31372549019608], [159.5, -73.33333333333333], [159.5, -72.35294117647058], [159.5, -72.16081388701481]]]}}, {"type": "Feature", "properties": {"kind": "meridian", "label": "160\u00b0E", "value": 160.0}, "geometry": {"type": "MultiLineString", "coordinates": [[[160.0, -79.76269184047614], [160.0, -79.21568627450888], [160.0, -78.23529411764706], [160.0, -77.2549019607843], [160.0, -76.27450980392157], [160.0, -75.29411764705881], [160.0, -74.31372549019606], [160.0, -73.33333333333333], [160.0, -72.35294117647058], [160.0, -72.21727188663922]]]}}, {"type": "Feature", "properties": {"kind": "meridian", "label": "160\u00b030'E", "value": 160.5}, "geometry": {"type": "MultiLineString", "coordinates": [[[160.5, -79.7941204308135], [160.5, -79.21568627450887], [160.5, -78.23529411764704], [160.5, -77.2549019607843], [160.5, -76.27450980392157], [160.5, -75.29411764705883], [160.5, -74.31372549019606], [160.5, -73.33333333333333], [160.5, -72.35294117647058], [160.5, -72.27205121119249]]]}}, {"type": "Feature", "properties": {"kind": "meridian", "label": "161\u00b0E", "value": 161.0}, "geometry": {"type": "MultiLineString", "coordinates": [[[161.0, -79.82458850511676], [161.0, -79.21568627450887], [161.0, -78.23529411764704], [161.0, -77.2549019607843], [161.0, -76.27450980392157], [161.0, -75.29411764705881], [161.0, -74.31372549019608], [161.0, -73.33333333333333], [161.0, -72.35294117647058], [161.0, -72.32517520427669]]]}}, {"type": "Feature", "properties": {"kind": "meridian", "label": "161\u00b030'E", "value": 161.5}, "geometry": {"type": "MultiLineString", "coordinates": [[[161.5, -79.85410918254682], [161.5, -79.21568627450887], [161.5, -78.23529411764704], [161.5, -77.2549019607843], [161.5, -76.27450980392157], [161.5, -75.29411764705883], [161.5, -74.31372549019606], [161.5, -73.33333333333333], [161.5, -72.37666634841547]]]}}, {"type": "Feature", "properties": {"kind": "meridian", "label": "162\u00b0E", "value": 162.0}, "geometry": {"type": "MultiLineString", "coordinates": [[[162.0, -79.88269508749482], [162.0, -79.21568627450887], [162.0, -78.23529411764704], [162.0, -77.2549019607843], [162.0, -76.27450980392157], [162.0, -75.29411764705883], [162.0, -74.31372549019608], [162.0, -73.33333333333333], [162.0, -72.42654628917177]]]}}, {"type": "Feature", "properties": {"kind": "meridian", "label": "162\u00b030'E", "value": 162.5}, "geometry": {"type": "MultiLineString", "coordinates": [[[162.5, -79.91035836337966], [162.5, -79.21568627450887], [162.5, -78.23529411764704], [162.5, -77.2549019607843], [162.5, -76.27450980392157], [162.5, -75.29411764705881], [162.5, -74.31372549019608], [162.5, -73.33333333333333], [162.5, -72.4748358581601]]]}}, {"type": "Feature", "properties": {"kind": "meridian", "label": "163\u00b0E", "value": 163.0}, "geometry": {"type": "MultiLineString", "coordinates": [[[163.0, -79.93711068580006], [163.0, -79.21568627450887], [163.0, -78.23529411764704], [163.0, -77.2549019607843], [163.0, -76.27450980392157], [163.0, -75.29411764705881], [163.0, -74.31372549019606], [163.0, -73.33333333333333], [163.0, -72.52155509500066]]]}}, {"type": "Feature", "properties": {"kind": "meridian", "label": "163\u00b030'E", "value": 163.5}, "geometry": {"type": "MultiLineString", "coordinates": [[[163.5, -79.96296327506884], [163.5, -79.21568627450888], [163.5, -78.23529411764704], [163.5, -77.2549019607843], [163.5, -76.27450980392157], [163.5, -75.29411764705883], [163.5, -74.31372549019608], [163.5, -73.33333333333333], [163.5, -72.5667232682586]]]}}, {"type": "Feature", "properties": {"kind": "meridian", "label": "164\u00b0E", "value": 164.0}, "geometry": {"type": "MultiLineString", "coordinates": [[[164.0, -79.98792690815482], [164.0, -79.21568627450887], [164.0, -78.23529411764704], [164.0, -77.2549019607843], [164.0, -76.27450980392157], [164.0, -75.29411764705881], [164.0, -74.31372549019606], [164.0, -73.33333333333333], [164.0, -72.61035889541103]]]}}, {"type": "Feature", "properties": {"kind": "meridian", "label": "164\u00b030'E", "value": 164.5}, "geometry": {"type": "MultiLineString", "coordinates": [[[164.5, -80.01201193005744], [164.5, -79.21568627450887], [164.5, -78.23529411764704], [164.5, -77.2549019607843], [164.5, -76.27450980392157], [164.5, -75.29411764705881], [164.5, -74.31372549019608], [164.5, -73.33333333333333], [164.5, -72.65247976188039]]]}}, {"type": "Feature", "properties": {"kind": "meridian", "label": "165\u00b0E", "value": 165.0}, "geometry": {"type": "MultiLineString", "coordinates": [[[165.0, -80.03522826463664], [165.0, -79.21568627450887], [165.0, -78.23529411764704], [165.0, -77.2549019607843], [165.0, -76.27450980392157], [165.0, -75.29411764705883], [165.0, -74.31372549019608], [165.0, -73.33333333333333], [165.0, -72.69310293917171]]]}}, {"type": "Feature", "properties": {"kind": "meridian", "label": "165\u00b030'E", "value": 165.5}, "geometry": {"type": "MultiLineString", "coordinates": [[[165.5, -80.05758542492006], [165.5, -79.21568627450887], [165.5, -78.23529411764704], [165.5, -77.2549019607843], [165.5, -76.27450980392157], [165.5, -75.29411764705881], [165.5, -74.31372549019608], [165.5, -73.33333333333333], [165.5, -72.73224480214876]]]}}, {"type": "Feature", "properties": {"kind": "meridian", "label": "166\u00b0E", "value": 166.0}, "geometry": {"type": "MultiLineString", "coordinates": [[[166.0, -80.07909252290786], [166.0, -79.21568627450887], [166.0, -78.23529411764706], [166.0, -77.2549019607843], [166.0, -76.27450980392157], [166.0, -75.29411764705883], [166.0, -74.31372549019606], [166.0, -73.33333333333333], [166.0, -72.769921045482]]]}}, {"type": "Feature", "properties": {"kind": "meridian", "label": "166\u00b030'E", "value": 166.5}, "geometry": {"type": "MultiLineString", "coordinates": [[[166.5, -80.09975827889454], [166.5, -79.21568627450887], [166.5, -78.23529411764704], [166.5, -77.2549019607843], [166.5, -76.27450980392157], [166.5, -75.29411764705883], [166.5, -74.31372549019606], [166.5, -73.33333333333333], [166.5, -72.80614669930004]]]}}, {"type": "Feature", "properties": {"kind": "meridian", "label": "167\u00b0E", "value": 167.0}, "geometry": {"type": "MultiLineString", "coordinates": [[[167.0, -80.11959103032599], [167.0, -79.21568627450887], [167.0, -78.23529411764706], [167.0, -77.2549019607843], [167.0, -76.27450980392157], [167.0, -75.29411764705883], [167.0, -74.31372549019608], [167.0, -73.33333333333333], [167.0, -72.84093614407341]]]}}, {"type": "Feature", "properties": {"kind": "meridian", "label": "167\u00b030'E", "value": 167.5}, "geometry": {"type": "MultiLineString", "coordinates": [[[167.5, -80.13859874020885], [167.5, -79.21568627450887], [167.5, -78.23529411764706], [167.5, -77.2549019607843], [167.5, -76.27450980392157], [167.5, -75.29411764705881], [167.5, -74.31372549019608], [167.5, -73.33333333333333], [167.5, -72.87430312475905]]]}}, {"type": "Feature", "properties": {"kind": "meridian", "label": "168\u00b0E", "value": 168.0}, "geometry": {"type": "MultiLineString", "coordinates": [[[168.0, -80.15678900508829], [168.0, -79.21568627450887], [168.0, -78.23529411764704], [168.0, -77.2549019607843], [168.0, -76.27450980392157], [168.0, -75.29411764705881], [168.0, -74.31372549019608], [168.0, -73.33333333333333], [168.0, -72.9062607642312]]]}}, {"type": "Feature", "properties": {"kind": "meridian", "label": "168\u00b030'E", "value": 168.5}, "geometry": {"type": "MultiLineString", "coordinates": [[[168.5, -80.17416906260944], [168.5, -79.21568627450887], [168.5, -78.23529411764704], [168.5, -77.2549019607843], [168.5, -76.27450980392157], [168.5, -75.29411764705883], [168.5, -74.31372549019608], [168.5, -73.33333333333333], [168.5, -72.93682157602382]]]}}, {"type": "Feature", "properties": {"kind": "meridian", "label": "169\u00b0E", "value": 169.0}, "geometry": {"type": "MultiLineString", "coordinates": [[[169.0, -80.19074579867679], [169.0, -79.21568627450887], [169.0, -78.23529411764704], [169.0, -77.2549019607843], [169.0, -76.27450980392157], [169.0, -75.29411764705881], [169.0, -74.31372549019606], [169.0, -73.33333333333333], [169.0, -72.96599747640737]]]}}, {"type": "Feature", "properties": {"kind": "meridian", "label": "169\u00b030'E", "value": 169.5}, "geometry": {"type": "MultiLineString", "coordinates": [[[169.5, -80.20652575422469], [169.5, -80.19607843137206], [169.5, -79.21568627450887], [169.5, -78.23529411764704], [169.5, -77.2549019607843], [169.5, -76.27450980392157], [169.5, -75.29411764705883], [169.5, -74.31372549019608], [169.5, -73.33333333333333], [169.5, -72.993799795822]]]}}, {"type": "Feature", "properties": {"kind": "meridian", "label": "170\u00b0E", "value": 170.0}, "geometry": {"type": "MultiLineString", "coordinates": [[[170.0, -80.22151513161191], [170.0, -80.19607843137206], [170.0, -79.21568627450887], [170.0, -78.23529411764706], [170.0, -77.2549019607843], [170.0, -76.27450980392157], [170.0, -75.29411764705883], [170.0, -74.31372549019606], [170.0, -73.33333333333333], [170.0, -73.02023928968772]]]}}, {"type": "Feature", "properties": {"kind": "meridian", "label": "170\u00b030'E", "value": 170.5}, "geometry": {"type": "MultiLineString", "coordinates": [[[170.5, -80.2357198006518], [170.5, -80.19607843137206], [170.5, -79.21568627450887], [170.5, -78.23529411764704], [170.5, -77.2549019607843], [170.5, -76.27450980392157], [170.5, -75.29411764705881], [170.5, -74.31372549019606], [170.5, -73.33333333333333], [170.5, -73.0453261486106]]]}}, {"type": "Feature", "properties": {"kind": "meridian", "label": "171\u00b0E", "value": 171.0}, "geometry": {"type": "MultiLineString", "coordinates": [[[171.0, -80.24914530428917], [171.0, -80.19607843137206], [171.0, -79.21568627450887], [171.0, -78.23529411764704], [171.0, -77.2549019607843], [171.0, -76.27450980392157], [171.0, -75.29411764705883], [171.0, -74.31372549019608], [171.0, -73.33333333333334], [171.0, -73.06907000800344]]]}}, {"type": "Feature", "properties": {"kind": "meridian", "label": "171\u00b030'E", "value": 171.5}, "geometry": {"type": "MultiLineString", "coordinates": [[[171.5, -80.26179686393424], [171.5, -80.19607843137206], [171.5, -79.21568627450887], [171.5, -78.23529411764704], [171.5, -77.2549019607843], [171.5, -76.27450980392157], [171.5, -75.29411764705881], [171.5, -74.31372549019606], [171.5, -73.33333333333333], [171.5, -73.09147995713745]]]}}, {"type": "Feature", "properties": {"kind": "meridian", "label": "172\u00b0E", "value": 172.0}, "geometry": {"type": "MultiLineString", "coordinates": [[[172.0, -80.2736793844632], [172.0, -80.19607843137206], [172.0, -79.21568627450887], [172.0, -78.23529411764704], [172.0, -77.2549019607843], [172.0, -76.27450980392157], [172.0, -75.29411764705881], [172.0, -74.31372549019608], [172.0, -73.33333333333333], [172.0, -73.1125645476411]]]}}, {"type": "Feature", "properties": {"kind": "meridian", "label": "172\u00b030'E", "value": 172.5}, "geometry": {"type": "MultiLineString", "coordinates": [[[172.5, -80.28479745889466], [172.5, -80.19607843137206], [172.5, -79.21568627450887], [172.5, -78.23529411764706], [172.5, -77.2549019607843], [172.5, -76.27450980392157], [172.5, -75.29411764705883], [172.5, -74.31372549019608], [172.5, -73.33333333333333], [172.5, -73.13233180146078]]]}}, {"type": "Feature", "properties": {"kind": "meridian", "label": "173\u00b0E", "value": 173.0}, "geometry": {"type": "MultiLineString", "coordinates": [[[173.0, -80.29515537274992], [173.0, -80.19607843137206], [173.0, -79.21568627450887], [173.0, -78.23529411764706], [173.0, -77.2549019607843], [173.0, -76.27450980392157], [173.0, -75.29411764705883], [173.0, -74.31372549019608], [173.0, -73.33333333333333], [173.0, -73.150789218297]]]}}, {"type": "Feature", "properties": {"kind": "meridian", "label": "173\u00b030'E", "value": 173.5}, "geometry": {"type": "MultiLineString", "coordinates": [[[173.5, -80.30475710810514], [173.5, -80.19607843137206], [173.5, -79.21568627450887], [173.5, -78.23529411764706], [173.5, -77.2549019607843], [173.5, -76.27450980392157], [173.5, -75.29411764705883], [173.5, -74.31372549019608], [173.5, -73.33333333333333], [173.5, -73.16794378252904]]]}}, {"type": "Feature", "properties": {"kind": "meridian", "label": "174\u00b0E", "value": 174.0}, "geometry": {"type": "MultiLineString", "coordinates": [[[174.0, -80.31360634734244], [174.0, -80.19607843137206], [174.0, -79.21568627450887], [174.0, -78.23529411764706], [174.0, -77.2549019607843], [174.0, -76.27450980392157], [174.0, -75.29411764705883], [174.0, -74.31372549019606], [174.0, -73.33333333333334], [174.0, -73.18380196963982]]]}}, {"type": "Feature", "properties": {"kind": "meridian", "label": "174\u00b030'E", "value": 174.5}, "geometry": {"type": "MultiLineString", "coordinates": [[[174.5, -80.32170647660669], [174.5, -80.19607843137206], [174.5, -79.21568627450887], [174.5, -78.23529411764704], [174.5, -77.2549019607843], [174.5, -76.27450980392157], [174.5, -75.29411764705881], [174.5, -74.31372549019608], [174.5, -73.33333333333333], [174.5, -73.19836975215196]]]}}, {"type": "Feature", "properties": {"kind": "meridian", "label": "175\u00b0E", "value": 175.0}, "geometry": {"type": "MultiLineString", "coordinates": [[[175.0, -80.32906058897366], [175.0, -80.19607843137206], [175.0, -79.21568627450887], [175.0, -78.23529411764704], [175.0, -77.2549019607843], [175.0, -76.27450980392157], [175.0, -75.29411764705883], [175.0, -74.31372549019608], [175.0, -73.33333333333333], [175.0, -73.21165260508518]]]}}, {"type": "Feature", "properties": {"kind": "meridian", "label": "175\u00b030'E", "value": 175.5}, "geometry": {"type": "MultiLineString", "coordinates": [[[175.5, -80.33567148733553], [175.5, -80.19607843137206], [175.5, -79.21568627450887], [175.5, -78.23529411764704], [175.5, -77.2549019607843], [175.5, -76.27450980392157], [175.5, -75.29411764705883], [175.5, -74.31372549019608], [175.5, -73.33333333333333], [175.5, -73.22365551094404]]]}}, {"type": "Feature", "properties": {"kind": "meridian", "label": "176\u00b0E", "value": 176.0}, "geometry": {"type": "MultiLineString", "coordinates": [[[176.0, -80.34154168700854], [176.0, -80.19607843137206], [176.0, -79.21568627450888], [176.0, -78.23529411764704], [176.0, -77.2549019607843], [176.0, -76.27450980392157], [176.0, -75.29411764705881], [176.0, -74.31372549019608], [176.0, -73.33333333333333], [176.0, -73.23438296424479]]]}}, {"type": "Feature", "properties": {"kind": "meridian", "label": "176\u00b030'E", "value": 176.5}, "geometry": {"type": "MultiLineString", "coordinates": [[[176.5, -80.34667341806721], [176.5, -80.19607843137206], [176.5, -79.21568627450887], [176.5, -78.23529411764704], [176.5, -77.2549019607843], [176.5, -76.27450980392157], [176.5, -75.29411764705881], [176.5, -74.31372549019606], [176.5, -73.33333333333333], [176.5, -73.24383897558842]]]}}, {"type": "Feature", "properties": {"kind": "meridian", "label": "177\u00b0E", "value": 177.0}, "geometry": {"type": "MultiLineString", "coordinates": [[[177.0, -80.35106862740935], [177.0, -80.19607843137206], [177.0, -79.21568627450887], [177.0, -78.23529411764704], [177.0, -77.2549019607843], [177.0, -76.27450980392157], [177.0, -75.29411764705881], [177.0, -74.31372549019608], [177.0, -73.33333333333333], [177.0, -73.25202707528724]]]}}, {"type": "Feature", "properties": {"kind": "meridian", "label": "177\u00b030'E", "value": 177.5}, "geometry": {"type": "MultiLineString", "coordinates": [[[177.5, -80.35472898055532], [177.5, -80.19607843137206], [177.5, -79.21568627450887], [177.5, -78.23529411764704], [177.5, -77.2549019607843], [177.5, -76.27450980392157], [177.5, -75.29411764705883], [177.5, -74.31372549019606], [177.5, -73.33333333333333], [177.5, -73.25895031655072]]]}}, {"type": "Feature", "properties": {"kind": "meridian", "label": "178\u00b0E", "value": 178.0}, "geometry": {"type": "MultiLineString", "coordinates": [[[178.0, -80.35765586318465], [178.0, -80.19607843137206], [178.0, -79.21568627450887], [178.0, -78.23529411764704], [178.0, -77.2549019607843], [178.0, -76.27450980392157], [178.0, -75.29411764705881], [178.0, -74.31372549019606], [178.0, -73.33333333333333], [178.0, -73.26461127823588]]]}}, {"type": "Feature", "properties": {"kind": "meridian", "label": "178\u00b030'E", "value": 178.5}, "geometry": {"type": "MultiLineString", "coordinates": [[[178.5, -80.3598503824126], [178.5, -80.19607843137206], [178.5, -79.21568627450887], [178.5, -78.23529411764704], [178.5, -77.2549019607843], [178.5, -76.27450980392157], [178.5, -75.29411764705883], [178.5, -74.31372549019608], [178.5, -73.33333333333333], [178.5, -73.26901206716697]]]}}, {"type": "Feature", "properties": {"kind": "meridian", "label": "179\u00b0E", "value": 179.0}, "geometry": {"type": "MultiLineString", "coordinates": [[[179.0, -80.36131336780893], [179.0, -80.19607843137206], [179.0, -79.21568627450887], [179.0, -78.23529411764704], [179.0, -77.2549019607843], [179.0, -76.27450980392157], [179.0, -75.29411764705883], [179.0, -74.31372549019608], [179.0, -73.33333333333333], [179.0, -73.27215432002826]]]}}, {"type": "Feature", "properties": {"kind": "meridian", "label": "179\u00b030'E", "value": 179.5}, "geometry": {"type": "MultiLineString", "coordinates": [[[179.5, -80.36204537216061], [179.5, -80.19607843137206], [179.5, -79.21568627450887], [179.5, -78.23529411764704], [179.5, -77.2549019607843], [179.5, -76.27450980392157], [179.5, -75.29411764705881], [179.5, -74.31372549019606], [179.5, -73.33333333333333], [179.5, -73.27403920483276]]]}}, {"type": "Feature", "properties": {"kind": "meridian", "label": "180\u00b0", "value": 180.0}, "geometry": {"type": "MultiLineString", "coordinates": [[[180.0, -80.36204667197957], [180.0, -80.19607843137206], [180.0, -79.21568627450887], [180.0, -78.23529411764704], [180.0, -77.2549019607843], [180.0, -76.27450980392157], [180.0, -75.29411764705881], [180.0, -74.31372549019608], [180.0, -73.33333333333333], [180.0, -73.27466742196981]]]}}]}