{
"type": "FeatureCollection",
"name": "clipped_ADD Lakes (med)",
"crs": { "type": "name", "properties": { "name": "urn:ogc:def:crs:OGC:1.3:CRS84" } },
"bbox": [ 159.098774972143, -78.4554038494862, 166.375227491268, -73.2432011790386 ],                                              
"features": [
{"type":"Feature","properties":{"SURFACE":"lake"},"bbox":[163.564573604860271,-78.179281507818786,163.592632457818183,-78.171316683016542],"geometry":{"type":"MultiPolygon","coordinates":[[[[163.581942983535555,-78.171316683016542],[163.583846303918875,-78.171384185349197],[163.586011502562343,-78.171676422489782],[163.587887816432357,-78.172017667927904],[163.591310364812273,-78.173107522119778],[163.592632457818183,-78.17355770302899],[163.592583503151729,-78.173953604420092],[163.583525054505287,-78.178734487739163],[163.581259705973508,-78.179281507818786],[163.576347101131461,-78.179146288517529],[163.571989667194231,-78.178902053775218],[163.569824236101795,-78.178619247481123],[163.567136832190045,-78.178257381095762],[163.564759104323116,-78.177410805254951],[163.564573604860271,-78.17673473045275],[163.566643821627764,-78.175454195186987],[163.568986986418878,-78.174228166635345],[163.57217276512992,-78.172834641730859],[163.574166048596254,-78.172176331994905],[163.57670531421067,-78.171570015191435],[163.578914656239419,-78.17141861467266],[163.581942983535555,-78.171316683016542]]]]}},
{"type":"Feature","properties":{"SURFACE":"lake"},"bbox":[165.40254074083515,-78.095916772597008,165.422620254692248,-78.092110377287071],"geometry":{"type":"MultiPolygon","coordinates":[[[[165.40254074083515,-78.09531366959925],[165.402788196046373,-78.09447043650006],[165.405180014621322,-78.092904749526923],[165.406251662933045,-78.092510549039844],[165.408963885845395,-78.092110377287071],[165.4182348183665,-78.092485959828139],[165.420410857845354,-78.092593371989864],[165.422620254692248,-78.093493125573275],[165.420491118694144,-78.095185885353857],[165.415346142685337,-78.095916772597008],[165.412067829330454,-78.095354855045599],[165.409077600041115,-78.095476620953164],[165.40254074083515,-78.09531366959925]]]]}},
{"type":"Feature","properties":{"SURFACE":"lake"},"bbox":[163.185767345577887,-74.239084884758995,163.198808229199301,-74.232144439173197],"geometry":{"type":"MultiPolygon","coordinates":[[[[163.185990934431914,-74.23253099501126],[163.187031524432371,-74.232144439173197],[163.187576765816573,-74.232198671406906],[163.188068314757345,-74.232248491348997],[163.193346539480217,-74.23474003647199],[163.197400238748827,-74.23705530642512],[163.198808229199301,-74.238077133976191],[163.198794265362096,-74.238689613369914],[163.197743916897252,-74.239084884758995],[163.197060883835007,-74.239083116226894],[163.195469074636861,-74.239077566347135],[163.190556673451198,-74.237881299786935],[163.188307350470751,-74.237149036009896],[163.186680879534293,-74.236467888700176],[163.185876747696227,-74.235844824732581],[163.185767345577887,-74.233031876279142],[163.185990934431914,-74.23253099501126]]]]}},
{"type":"Feature","properties":{"SURFACE":"lake"},"bbox":[163.830213416007638,-78.394799703796593,163.851959620554823,-78.386414880473865],"geometry":{"type":"MultiPolygon","coordinates":[[[[163.83752690273991,-78.392329844344303],[163.834888900022122,-78.391454836599266],[163.834645319331003,-78.391070576634817],[163.834148125693389,-78.390453283452715],[163.833377498739935,-78.389829518558756],[163.832327215760984,-78.389151471413896],[163.830213416007638,-78.387965368034969],[163.830273245775004,-78.387456477947239],[163.832296100387538,-78.386682651012762],[163.83427210708291,-78.386465904835774],[163.835673754600379,-78.386414880473865],[163.839858370574575,-78.386431369873833],[163.842080606471683,-78.386494611382574],[163.843168403639908,-78.386776294939324],[163.846127960879159,-78.387916681146081],[163.847449227345777,-78.38864838750321],[163.848436419189596,-78.389891914554056],[163.848644251140598,-78.390615610988192],[163.848255067838693,-78.391740942483494],[163.847630649228137,-78.392463568025917],[163.848167500689897,-78.392637177669485],[163.850402664669986,-78.392644109908872],[163.851788428346026,-78.392705891768998],[163.851959620554823,-78.393825919382195],[163.850236713246403,-78.394275811665466],[163.846301361625819,-78.394539831886206],[163.841807367208673,-78.394799703796593],[163.839325037841519,-78.393962326766101],[163.838813006791668,-78.393401124809373],[163.838310525648524,-78.392944847522244],[163.83752690273991,-78.392329844344303]]]]}},
{"type":"Feature","properties":{"SURFACE":"lake"},"bbox":[163.806408418393005,-78.369734867081206,163.927987069096332,-78.336426726897514],"geometry":{"type":"MultiPolygon","coordinates":[[[[163.863146922435647,-78.365191555900864],[163.8582058784487,-78.364495179565949],[163.855158673667546,-78.364364672978297],[163.850672991010441,-78.36457702387969],[163.848711344568812,-78.364737554349986],[163.847314268996797,-78.364845675533189],[163.842894530532391,-78.364435594876227],[163.841818198450881,-78.364088054452566],[163.839664496613892,-78.36335493905996],[163.83914036119134,-78.362963760376459],[163.838646349537782,-78.362394072868867],[163.837965481096035,-78.360874165218334],[163.836868005724199,-78.357897224589621],[163.836299952454112,-78.354419930129126],[163.83675831760462,-78.352568188368721],[163.835734179623955,-78.351720761804543],[163.831746062398054,-78.351003389765467],[163.829607833336354,-78.349891420864182],[163.830426428356247,-78.349170841221692],[163.824979467009882,-78.347978833861703],[163.821693782488438,-78.347454186925717],[163.812169579153107,-78.345453468179443],[163.806408418393005,-78.343881883243839],[163.807925939261679,-78.34334348448985],[163.809759602066293,-78.342693166823011],[163.82540551427428,-78.34191243024793],[163.828755724792472,-78.341805203721123],[163.831476529799374,-78.342382127174602],[163.833327369617137,-78.343287546916073],[163.834077340421857,-78.344081012147896],[163.835681919556066,-78.344706312682078],[163.845283734762262,-78.346084425475951],[163.853296724451127,-78.346515341081343],[163.858840272889893,-78.346706744860327],[163.861853929480219,-78.347214971966892],[163.863472021167439,-78.347783877309624],[163.8656258419214,-78.348365100896444],[163.868943706342833,-78.348701266479509],[163.871980532429404,-78.348783817531114],[163.874499110250781,-78.348674807351173],[163.874807248512781,-78.348446173048728],[163.871568513510312,-78.347422230559729],[163.869940892435181,-78.346919237309734],[163.865573926165098,-78.346161262999303],[163.861750732335935,-78.345425497377846],[163.846561122490584,-78.341652823483258],[163.843854073949274,-78.34091560331656],[163.842122272599198,-78.337768785009104],[163.841888914727434,-78.337318702923682],[163.842533550987952,-78.336426726897514],[163.843920152850615,-78.336432064060105],[163.846119510933477,-78.336665254524434],[163.846646750256639,-78.337056640402437],[163.84661509505105,-78.337386830321449],[163.847386936784631,-78.337906380786976],[163.848182495106727,-78.338303984444934],[163.848978108040768,-78.338701586139919],[163.850053559473679,-78.339087105645447],[163.851138091886156,-78.339378280847811],[163.864255954350796,-78.341616207085693],[163.86751083642784,-78.342470550642062],[163.869948799836465,-78.343049420595364],[163.871862243639015,-78.343398400435333],[163.874361333122209,-78.343459065269826],[163.876860448786459,-78.343519708080819],[163.885449010192104,-78.343727269831874],[163.894911913693676,-78.343644121461821],[163.899091202171519,-78.343603417343161],[163.901591514994976,-78.343512151574501],[163.902717142159446,-78.343397599923208],[163.906362975324612,-78.343079093222215],[163.909985192570332,-78.342977307392317],[163.913316015069199,-78.342991269351685],[163.91720536861078,-78.343056705064882],[163.920808189660562,-78.343133843508909],[163.925238771540933,-78.343372941410422],[163.927987069096332,-78.343713159471761],[163.92794751140417,-78.344109150139872],[163.926497855430597,-78.344783403456049],[163.925064554395902,-78.345278428633961],[163.923634438166744,-78.34566932191882],[163.922473409374533,-78.34617071903152],[163.922178763462398,-78.34639064800632],[163.922708269875841,-78.346677536698806],[163.924066810236241,-78.346965276747511],[163.925431607230905,-78.347357687741777],[163.925661784298711,-78.347759905437357],[163.92534372089861,-78.348206075058101],[163.923909946656977,-78.348701097299056],[163.921909517229494,-78.349257964702986],[163.919621185314014,-78.350025674613164],[163.91758676320913,-78.35086507275544],[163.915555620722103,-78.351761569120455],[163.913811172697905,-78.352598894416829],[163.911151049594508,-78.354274406394708],[163.909678198962325,-78.355212924635239],[163.908766528629144,-78.356051352474182],[163.908125906993263,-78.356943508547701],[163.907781444946153,-78.357625291556374],[163.90769874903026,-78.358521492391361],[163.90626231889695,-78.36189019891215],[163.905654687850216,-78.362709618016154],[163.905311963748431,-78.363172193423381],[163.902784782696301,-78.364220132356493],[163.900500372949921,-78.364826940084384],[163.891980050767671,-78.366588179644381],[163.888309280061208,-78.367085740062365],[163.886310647574362,-78.367528937094278],[163.883444981762722,-78.368462289387693],[163.882246146055195,-78.369303061325922],[163.880267219970477,-78.369633571135566],[163.878587314801337,-78.369734867081206],[163.876088631065045,-78.369617676522736],[163.873882395590044,-78.369384705568763],[163.871426125423596,-78.368814597604398],[163.868773948740852,-78.367512060929471],[163.867207240336626,-78.366386639708168],[163.865602014213181,-78.365761731912215],[163.863146922435647,-78.365191555900864]]]]}},
{"type":"Feature","properties":{"SURFACE":"lake"},"bbox":[165.873057944130835,-78.455403849486217,165.945818204182103,-78.446040830033198],"geometry":{"type":"MultiPolygon","coordinates":[[[[165.909872949881645,-78.453148793389119],[165.907260191451485,-78.452938773117879],[165.903050642381515,-78.45277412497181],[165.88845560029651,-78.451127064164297],[165.886073135349591,-78.450857918263523],[165.874489653259104,-78.449663484623585],[165.873057944130835,-78.449271773360195],[165.87329413787549,-78.448710378121248],[165.873690776150852,-78.448091284255938],[165.873801107244304,-78.447918277630663],[165.87459217245609,-78.447300274240163],[165.876227294616541,-78.446677831581795],[165.877946478594055,-78.446040830033198],[165.880480713624877,-78.44632832262694],[165.886997577299525,-78.447145337919082],[165.89093415063428,-78.447362375041521],[165.89458225573776,-78.447405072967413],[165.898515939227423,-78.447443299553626],[165.903019457035668,-78.447716874255121],[165.905293472107559,-78.448103772223959],[165.908137649249568,-78.44871665013109],[165.91329783980882,-78.450094272083149],[165.917310974063611,-78.451197999291281],[165.920145000663524,-78.451584664395256],[165.923795903362418,-78.451636454006447],[165.927145207178597,-78.451513320331173],[165.935587692556197,-78.451824232337515],[165.939264394492227,-78.452140191572823],[165.942386329016188,-78.452578608664751],[165.944091293034603,-78.452974138305009],[165.945818204182103,-78.4535304751859],[165.945317446045749,-78.454257016165997],[165.93951830379271,-78.455403849486217],[165.934107561460507,-78.455376813729941],[165.928881111106392,-78.455124016598774],[165.928756905313492,-78.455117784314112],[165.923660279138005,-78.45451433136364],[165.919967583994463,-78.453962470319084],[165.909872949881645,-78.453148793389119]]]]}},
{"type":"Feature","properties":{"SURFACE":"lake"},"bbox":[164.17273239430142,-78.346937143248923,164.327995360730085,-78.302610208296969],"geometry":{"type":"MultiPolygon","coordinates":[[[[164.175167783066797,-78.330900984871832],[164.179566906980313,-78.328832796603606],[164.186202591544742,-78.329241591038496],[164.187854711211855,-78.329468857876179],[164.188921279728788,-78.330041386691803],[164.19443652428626,-78.330565673038322],[164.205109691301573,-78.328847126262801],[164.20599778246563,-78.328007796777115],[164.203500329650382,-78.327950057882532],[164.197671208414022,-78.327985606854256],[164.194056245102843,-78.328091064533879],[164.191268402157505,-78.328253342031005],[164.188770048568784,-78.328299597117407],[164.186832646446248,-78.328179096328057],[164.185465220347709,-78.327949189340202],[164.190151298432198,-78.326958164826976],[164.194068553235269,-78.326462869802754],[164.199379084012691,-78.325971583688755],[164.204696782311402,-78.325366996687464],[164.208336591457709,-78.324874624671224],[164.215071752581878,-78.323763944990944],[164.21928405971201,-78.322944423790403],[164.221533069078532,-78.322495480433361],[164.223511711690605,-78.321945844015858],[164.225505752673712,-78.321273991597934],[164.228048120818499,-78.320548281795354],[164.231425907388001,-78.31971884554433],[164.234234187320851,-78.319273442620883],[164.243448246768139,-78.318237877739634],[164.247635959965891,-78.317852279818922],[164.252371119385884,-78.317583110899704],[164.256275099620723,-78.317313752431403],[164.259623131986132,-78.316880073010722],[164.262442244629369,-78.316264706160297],[164.264703694473894,-78.315589099635886],[164.267790334032526,-78.314875383558018],[164.277350906536299,-78.312817582022362],[164.282401793756634,-78.311818265986943],[164.284941265560633,-78.311044883656081],[164.292024810637088,-78.308485991288805],[164.295551188974514,-78.307134682358551],[164.301765364740248,-78.305188815659236],[164.305968860835634,-78.304358796987998],[164.315487806980315,-78.302695750180163],[164.323128462387928,-78.302610208296969],[164.323963777884813,-78.302610430083163],[164.326398111388528,-78.303515529642709],[164.327761076173857,-78.304075728040402],[164.327995360730085,-78.304637953520228],[164.327681302673255,-78.305367724683947],[164.327079721536194,-78.306260955739219],[164.326175535475386,-78.307278937455095],[164.325304284885647,-78.308052738379516],[164.32273980583804,-78.309345389606506],[164.321033402324076,-78.310014910814473],[164.318152631069125,-78.311800657538171],[164.317559326242304,-78.312637623509133],[164.317496556461833,-78.313599418143085],[164.318001777067906,-78.314442091818023],[164.319072389636091,-78.315165487046926],[164.319573617616726,-78.315960601154558],[164.318970863366218,-78.316853831177397],[164.317807590817409,-78.317696265234247],[164.316653501234867,-78.318482440540947],[164.314941784062199,-78.31936941519244],[164.312662824594611,-78.320375571964817],[164.310376963798831,-78.321542244264265],[164.308932420677621,-78.322444434168119],[164.307754784996206,-78.323617366026696],[164.307128021184639,-78.324745917404172],[164.307076420882169,-78.32564216237931],[164.307297126572479,-78.32659175322415],[164.308357383759329,-78.327333519529915],[164.308310000376906,-78.328277328884724],[164.307697622195207,-78.329179557473012],[164.306820719274384,-78.329905847139557],[164.305126494787686,-78.330462629838991],[164.302857668218536,-78.331081396173303],[164.300061354913197,-78.331518716569803],[164.298369211561152,-78.331962023834961],[164.298043061248109,-78.332691256707975],[164.298816115611544,-78.333653376174766],[164.2993142243931,-78.334713443233724],[164.299530446783081,-78.335729085334577],[164.298912954927431,-78.336678405068],[164.298596196314605,-78.337408183904074],[164.298464615387957,-78.339492615886158],[164.299208734704081,-78.341058875951759],[164.299593890478747,-78.341318585663842],[164.300804419170476,-78.342133964220494],[164.298084154173608,-78.342793461900015],[164.296098735570439,-78.343409516017928],[164.294979749990915,-78.343563645328246],[164.293296457870326,-78.343733031763975],[164.291341824143814,-78.343849124184601],[164.286626815218028,-78.343770409099704],[164.284674853962883,-78.343829813326934],[164.281324225464658,-78.34404632070904],[164.279921358786964,-78.344316792012066],[164.277389437986358,-78.344873301888285],[164.273464272070612,-78.345255862953209],[164.270413254593024,-78.345243180969575],[164.264015201712851,-78.345342873988272],[164.260387134744519,-78.345505514931673],[164.256181215472765,-78.346051780107246],[164.255055453307392,-78.346385299659374],[164.252789537529623,-78.346833754861663],[164.249452777079057,-78.346937143248923],[164.245212515335254,-78.346648140573237],[164.241896875066089,-78.346250818163966],[164.237668568510855,-78.345453421827713],[164.236135919436606,-78.34516479238583],[164.233679771081711,-78.344484954316584],[164.230661003214891,-78.343801377831696],[164.221601389457334,-78.342204675532656],[164.202346360680053,-78.339399587656715],[164.193229569766203,-78.338537003395302],[164.189083810203243,-78.338186023374632],[164.181649190989248,-78.337267739131661],[164.180813007803607,-78.337114467727474],[164.179183521596286,-78.336813922575431],[164.177434563349266,-78.336402332629817],[164.176731456152908,-78.336237726536339],[164.175090922548605,-78.335726957818281],[164.174025772889451,-78.335163914930206],[164.172964596475708,-78.33448743300417],[164.17273239430142,-78.333867946208514],[164.173039762864846,-78.333364641263486],[164.17429063758857,-78.331352665009916],[164.175167783066797,-78.330900984871832]]]]}},
{"type":"Feature","properties":{"SURFACE":"lake"},"bbox":[165.714352285575586,-78.426973524279703,165.794263134119859,-78.399898638666798],"geometry":{"type":"MultiPolygon","coordinates":[[[[165.714891111642316,-78.400462027616143],[165.718764675785081,-78.399898638666798],[165.722143199047906,-78.400391323009501],[165.723277867508017,-78.400722108285507],[165.724431450330542,-78.401335967873578],[165.725884428710827,-78.402294266731445],[165.726778175988557,-78.403129903748109],[165.727703711537856,-78.404700648297037],[165.727746113735492,-78.405314059079458],[165.727788764525286,-78.406049731591523],[165.727818600424342,-78.40660607821394],[165.728703946542822,-78.407337820512808],[165.730722530217349,-78.40845661434588],[165.732721226654348,-78.409010144457682],[165.736671328120167,-78.409616336942662],[165.740895262136746,-78.410161212968248],[165.743716411329416,-78.41067199897941],[165.746009104372405,-78.411437860791622],[165.757459107287616,-78.41573612114982],[165.759468094210717,-78.416628358255963],[165.762059877752904,-78.417804134072114],[165.764616979709928,-78.418470364857669],[165.768576133328622,-78.41907633507455],[165.772794831627607,-78.419573216378453],[165.776171372139913,-78.41983911672871],[165.783520509228879,-78.42100280048605],[165.785794979793849,-78.421560354737935],[165.788093529813864,-78.422448156539232],[165.78980987477766,-78.423174709405316],[165.792168950431744,-78.424845837384183],[165.794232495662015,-78.426530106562907],[165.794263134119859,-78.426973524279703],[165.79228357739342,-78.426760140429948],[165.778140063142047,-78.424386408987175],[165.775308837600733,-78.423772265502151],[165.771028666096129,-78.422491989444964],[165.76788137654421,-78.421494950262698],[165.764161172362236,-78.420158386061118],[165.761866466364921,-78.419261070973263],[165.759876959323122,-78.41870836613235],[165.75479568779636,-78.41787578672718],[165.749452137925175,-78.417499852834396],[165.74718835763673,-78.417168102071642],[165.744927154077544,-78.416780039170405],[165.742666894470602,-78.416279159585784],[165.729834753686248,-78.412097491976525],[165.725272954046858,-78.410594794657982],[165.72353724537885,-78.409763131583574],[165.72237855426448,-78.409092614953281],[165.720049329217659,-78.407355971596076],[165.716800783259117,-78.404556576464913],[165.714995090772362,-78.402263554592778],[165.714352285575586,-78.400857623226386],[165.714891111642316,-78.400462027616143]]]]}},
{"type":"Feature","properties":{"SURFACE":"lake"},"bbox":[163.445395702689041,-78.296361038571234,163.467430083572793,-78.29111608341735],"geometry":{"type":"MultiPolygon","coordinates":[[[[163.445469884744995,-78.295851071267322],[163.445395702689041,-78.294382704073158],[163.447232432010196,-78.293048631578699],[163.45191156989614,-78.29111608341735],[163.455745711675746,-78.291413847057896],[163.457328669586161,-78.292089107185589],[163.454685180672868,-78.293146396000495],[163.452421197380573,-78.293580205212166],[163.45209398476851,-78.293921680683766],[163.452898011524525,-78.294198292331757],[163.455293628922533,-78.294884528462603],[163.456914966899433,-78.29518187220431],[163.459153862258745,-78.294119167909571],[163.465398190591685,-78.293820605582439],[163.466456746396602,-78.294169523103378],[163.467430083572793,-78.295188133848569],[163.465401595966455,-78.295902363574299],[163.457045338133412,-78.296301842666679],[163.446517679531098,-78.296361038571234],[163.44542685259313,-78.296238213985504],[163.445469884744995,-78.295851071267322]]]]}},
{"type":"Feature","properties":{"SURFACE":"lake"},"bbox":[163.436392237193985,-78.288498167378847,163.517375065997385,-78.266774325435719],"geometry":{"type":"MultiPolygon","coordinates":[[[[163.447746939936081,-78.268075597877854],[163.453418463909486,-78.268309059067818],[163.464125362210581,-78.268765700256509],[163.468224263006817,-78.269127215068863],[163.470953672899924,-78.269415511434516],[163.475667970240238,-78.26927230792154],[163.484024155368246,-78.268759458086095],[163.486847616226584,-78.268216960969468],[163.487751735519026,-78.267653762358464],[163.488664280122237,-78.266986539384206],[163.490345900528268,-78.266774325435719],[163.493937488043258,-78.266791275649766],[163.49691505112628,-78.26725581878398],[163.499885138024609,-78.267833898099283],[163.502614203941334,-78.268074324723528],[163.506732237338866,-78.268265331833092],[163.510601248126164,-78.268232231339084],[163.513442283064904,-78.268697821505754],[163.516284650546055,-78.270180152594818],[163.516413934625973,-78.2702960160765],[163.517035290336224,-78.270852443337716],[163.517375065997385,-78.272535714277723],[163.512788959030246,-78.273856140087091],[163.509384585594034,-78.274573004966499],[163.505435998983103,-78.275114561847829],[163.499796625462722,-78.275981916493379],[163.497544217760947,-78.276359451858895],[163.492713270564678,-78.277398954924152],[163.491234670828845,-78.278070158305994],[163.489756021075465,-78.278798382039724],[163.488832097006565,-78.279579029551272],[163.488446874353826,-78.280411135414454],[163.486895675276145,-78.281752735633816],[163.484086626325023,-78.282020704897747],[163.482370775507945,-78.282459054897004],[163.481155282863199,-78.283345715730547],[163.478750246359141,-78.284797486820381],[163.475492623682584,-78.286464027677539],[163.473202605413547,-78.287067382224151],[163.471787264462307,-78.287286238082302],[163.467899052866699,-78.28738456967335],[163.450078392734753,-78.288286941194613],[163.447277760347873,-78.288498167378847],[163.443433829658971,-78.288313697622925],[163.437177903830246,-78.287441677820752],[163.436392237193985,-78.2871470704969],[163.43763305805399,-78.28199370238849],[163.438411641430775,-78.280263134789351],[163.439178909544154,-78.278683993764915],[163.439568288146717,-78.277842494023005],[163.440580185434442,-78.274424545903372],[163.440698216200303,-78.273528640176096],[163.441047783598123,-78.268758938046716],[163.441177914956967,-78.267806744935655],[163.444067028538512,-78.267924414992436],[163.447746939936081,-78.268075597877854]]]]}},
{"type":"Feature","properties":{"SURFACE":"lake"},"bbox":[165.657010164488554,-78.410571520424256,165.70068403892634,-78.397891886771987],"geometry":{"type":"MultiPolygon","coordinates":[[[[165.657010164488554,-78.399259720263501],[165.65783158000724,-78.398794011948851],[165.658914780700854,-78.398294736026088],[165.66030266944054,-78.398008665472148],[165.661690172750468,-78.397891886771987],[165.664762520037527,-78.397946381107886],[165.667284229217074,-78.398104225034317],[165.670648996752647,-78.398437049406667],[165.673180111494759,-78.398774027135133],[165.675717022636263,-78.399214736575573],[165.677701924231059,-78.399655284197408],[165.681082735727017,-78.400148666525851],[165.685008974124145,-78.400481878003475],[165.688079425182593,-78.400648846417909],[165.692282324781019,-78.400742194613301],[165.694783881692416,-78.400569535209868],[165.696734628602655,-78.400509687754948],[165.698972715186187,-78.400558608589719],[165.70068403892634,-78.401116581012374],[165.70042797789489,-78.401620719519798],[165.699610802265482,-78.401907999975563],[165.697930321351635,-78.401915900098089],[165.695145432188298,-78.401914186091545],[165.684589420114236,-78.402943391352139],[165.68404530862415,-78.40316941994179],[165.684053334607114,-78.403461403085942],[165.684073949064526,-78.403857493145296],[165.684377970005244,-78.404127041640876],[165.685794925513619,-78.404632391127777],[165.68862633223327,-78.405360761624266],[165.689792547579259,-78.40607894356755],[165.693277772648116,-78.408373811658805],[165.693569550233406,-78.408652112936807],[165.693325417729511,-78.409213318827625],[165.692429404391419,-78.409431917255546],[165.691666125434807,-78.40961734574654],[165.686978369649239,-78.410571520424256],[165.685413150171968,-78.409569519324648],[165.682862609589364,-78.408902589424358],[165.678359107313156,-78.408229475063692],[165.675969880797084,-78.407681246575777],[165.675238646469694,-78.407514383377176],[165.672962998962248,-78.406616866939956],[165.670656144350374,-78.405501372072237],[165.667823245648492,-78.404659814923122],[165.662000480509221,-78.403561094637084],[165.657040937878179,-78.399703413068707],[165.657010164488554,-78.399259720263501]]]]}},
{"type":"Feature","properties":{"SURFACE":"lake"},"bbox":[165.602265393756909,-78.400736324928701,165.62530542834827,-78.396299607664474],"geometry":{"type":"MultiPolygon","coordinates":[[[[165.616372980993646,-78.396310238759042],[165.619449397934488,-78.396299607664474],[165.62443226310873,-78.397629106286331],[165.62530542834827,-78.398295047989805],[165.623940161281553,-78.398807952410081],[165.617597936840582,-78.400334307817985],[165.614265418399611,-78.400736324928701],[165.610907050679714,-78.40062891937437],[165.607261877878301,-78.400469033566722],[165.604189612707501,-78.400310446410273],[165.602765402750663,-78.399860561877347],[165.602265393756909,-78.398809174751833],[165.606918096330162,-78.397064160026218],[165.610808349738562,-78.396540525801043],[165.612754054401648,-78.396368105489898],[165.616372980993646,-78.396310238759042]]]]}},
{"type":"Feature","properties":{"SURFACE":"lake"},"bbox":[165.66892242671392,-78.396427053793659,165.704288512482208,-78.388417222279713],"geometry":{"type":"MultiPolygon","coordinates":[[[[165.686942301686116,-78.395201251044497],[165.683289564298832,-78.394816187006882],[165.679091933366806,-78.394544156735705],[165.676016346576631,-78.394433173411116],[165.673761716108714,-78.394110387879039],[165.671506136249519,-78.393721688092768],[165.670093761246335,-78.393329282728843],[165.66892242671392,-78.392319057658071],[165.669163345240747,-78.391701245141476],[165.670521532419798,-78.391084448122683],[165.6721611121894,-78.390406873808473],[165.673809955771191,-78.389899080295862],[165.676283632185346,-78.389330223393003],[165.678762547059989,-78.388761627322836],[165.681263098128312,-78.388476296731014],[165.682926328747982,-78.388420682084529],[165.684323424996563,-78.388417222279713],[165.685727422127059,-78.388639835421401],[165.691937365445483,-78.389682953014571],[165.694220852045703,-78.390693648917278],[165.69538583284546,-78.391534048109193],[165.696277970934545,-78.392426268029837],[165.696881846856598,-78.393322498817824],[165.697481423733592,-78.393992788739155],[165.699198870292065,-78.394776845719647],[165.700888341886582,-78.39505159332947],[165.703426652220628,-78.395501517183405],[165.704288512482208,-78.395827844199772],[165.704026722979819,-78.396171795805358],[165.701496739205737,-78.395891596706392],[165.69842440160852,-78.395734027277953],[165.696478845459865,-78.396019827482675],[165.695101811565166,-78.396419431241981],[165.69286733536569,-78.396427053793659],[165.689499901720922,-78.395915660594568],[165.686942301686116,-78.395201251044497]]]]}},
{"type":"Feature","properties":{"SURFACE":"lake"},"bbox":[163.147691284919262,-78.247044445844494,163.206578361259176,-78.241285437730241],"geometry":{"type":"MultiPolygon","coordinates":[[[[163.151389811555845,-78.243099708676212],[163.147691284919262,-78.242423960608605],[163.147733111365653,-78.241845837735255],[163.148091226278183,-78.241531188775568],[163.148370295242614,-78.241285437730241],[163.151146555712955,-78.241784079317981],[163.152248050873766,-78.241981778255649],[163.153305077054171,-78.242313568474458],[163.154632224076607,-78.242662021669858],[163.156772927514481,-78.243013068325595],[163.159768102218209,-78.243264498405708],[163.162524489070137,-78.243329817921392],[163.166094837976033,-78.243407228036119],[163.169960522378148,-78.243379055015211],[163.170909028996363,-78.243418492327379],[163.173238871429987,-78.24351451661056],[163.176234021978104,-78.243813331971381],[163.176930086160723,-78.243915715029502],[163.179461402235205,-78.244288223361508],[163.182446168299066,-78.244643419476361],[163.186272898000681,-78.244831510800395],[163.187872985857723,-78.244819394907509],[163.190418975991719,-78.244801261275711],[163.194563695018417,-78.244770868293813],[163.198683052361162,-78.24485306189699],[163.202000105945075,-78.245057143539356],[163.202778560318478,-78.245105031233294],[163.204961086525572,-78.245286863458077],[163.206578361259176,-78.245471980716232],[163.202995648586437,-78.246412703133927],[163.200460654270444,-78.246732628479123],[163.196556606192274,-78.247044445844494],[163.193533396606824,-78.246972622413125],[163.1741306369249,-78.245777767204103],[163.169793387654948,-78.245301044247356],[163.164653846012754,-78.244708128728234],[163.153827084602142,-78.243402447486289],[163.151389811555845,-78.243099708676212]]]]}},
{"type":"Feature","properties":{"SURFACE":"lake"},"bbox":[165.64754106478108,-78.383820864020592,165.682952030031828,-78.372659608066982],"geometry":{"type":"MultiPolygon","coordinates":[[[[165.648352473393913,-78.372955149251908],[165.649735097406136,-78.372659608066982],[165.654372617006487,-78.372917561306238],[165.654674320823489,-78.373422242415344],[165.658717571690175,-78.376113874042503],[165.664873070284386,-78.3796477990185],[165.666298492745966,-78.380153858919641],[165.671367965477145,-78.380979130440494],[165.679820457245256,-78.382580204048054],[165.682931489984156,-78.383360899330754],[165.682952030031828,-78.383756975906323],[165.680718615297934,-78.383820864020592],[165.679043516000803,-78.383772361882691],[165.677356215850182,-78.383497489971106],[165.665780592815423,-78.380879670543663],[165.660294863418187,-78.379421438904501],[165.654887487856286,-78.377289815239095],[165.652137040358411,-78.376028686867727],[165.64754106478108,-78.37345887711939],[165.648352473393913,-78.372955149251908]]]]}},
{"type":"Feature","properties":{"SURFACE":"lake"},"bbox":[163.431353098463745,-78.248083612917867,163.470813226261129,-78.237476789047918],"geometry":{"type":"MultiPolygon","coordinates":[[[[163.438119174854847,-78.243078531513433],[163.435932898382845,-78.242850950926794],[163.434018791069462,-78.242782432810557],[163.431555176684952,-78.242652061791119],[163.431353098463745,-78.24214551497829],[163.433870041182274,-78.241822863884337],[163.436655707562636,-78.241611544305911],[163.440810212879114,-78.241473668184881],[163.444393947116623,-78.241491249298321],[163.452115960661303,-78.241369768177762],[163.454947637282203,-78.240866443098056],[163.45724162855916,-78.240206990854446],[163.458982483307324,-78.239495035995489],[163.461573215583968,-78.238663466863088],[163.464079192283322,-78.238454026657948],[163.467703458542474,-78.238131682390147],[163.470544317216508,-78.237476789047918],[163.470813226261129,-78.238585977359676],[163.469947156016445,-78.239072903687457],[163.469318260610322,-78.239426876186229],[163.467608791530211,-78.239912664275764],[163.464758472854214,-78.240576507914],[163.461670219555941,-78.241064370786873],[163.458561591972369,-78.241608007898137],[163.455151192059219,-78.242380471742607],[163.452031005933804,-78.243094460704256],[163.448306627331647,-78.244142531741531],[163.446749215499835,-78.244670768256398],[163.445712985769404,-78.245021465851494],[163.443958992859365,-78.245799183768852],[163.442751316126419,-78.246571980219983],[163.438833714632921,-78.248083612917867],[163.436973415059583,-78.247562166250063],[163.438556440507426,-78.246004153719852],[163.439856443853216,-78.244448021782148],[163.439665501891653,-78.243875641271373],[163.439184494028552,-78.243371227316047],[163.438119174854847,-78.243078531513433]]]]}},
{"type":"Feature","properties":{"SURFACE":"lake"},"bbox":[163.482766874408867,-78.23030085224687,163.531917839609292,-78.216016284870008],"geometry":{"type":"MultiPolygon","coordinates":[[[[163.530471943679061,-78.216565489233503],[163.531917839609292,-78.216016284870008],[163.529560774281748,-78.217184989173148],[163.527275580739058,-78.218324793217249],[163.527216605729336,-78.218354483338473],[163.526599445430918,-78.218906244484543],[163.527313222786205,-78.219813898443121],[163.528389658354371,-78.220040405182203],[163.529185471671013,-78.220268963619588],[163.528897542065152,-78.2212681301381],[163.52804446087643,-78.221587147050585],[163.526338203934358,-78.221978160194155],[163.524374181941539,-78.222306101795525],[163.522149889901613,-78.222466305281202],[163.516052949704772,-78.222820107620763],[163.513059088315799,-78.222981264686936],[163.510228208141058,-78.22313324175532],[163.50827515518057,-78.223347754892217],[163.507697751898604,-78.223569397286099],[163.50736713373945,-78.224014991114174],[163.506745428849484,-78.224576015551165],[163.505567772326827,-78.225236463782764],[163.503271604443938,-78.22595283024323],[163.500706370407016,-78.226671933794066],[163.498409622829513,-78.22738826226032],[163.497778905679354,-78.22805328539576],[163.497414326452798,-78.228734402007731],[163.497111674760532,-78.228903772468996],[163.496524875049573,-78.229231755075361],[163.495365006375067,-78.229674752254141],[163.492675850501485,-78.23030085224687],[163.492179141367075,-78.230298136984146],[163.487171181586007,-78.23027202672715],[163.482766874408867,-78.230300168457049],[163.485924070319726,-78.229303331578521],[163.491937026928639,-78.227490972521295],[163.497318111244425,-78.226334047272999],[163.499295438743758,-78.225949998432796],[163.500720232663042,-78.22551353466713],[163.501940906781755,-78.224618142450367],[163.501992323563144,-78.224174663953718],[163.50215870462921,-78.22288297265699],[163.503040418500149,-78.222489702484168],[163.515065206756333,-78.218788950699377],[163.517304631809395,-78.218411232139005],[163.525448899387868,-78.217107648543504],[163.527834575823704,-78.216966732410242],[163.530471943679061,-78.216565489233503]]]]}},
{"type":"Feature","properties":{"SURFACE":"lake"},"bbox":[165.690226528776861,-78.354161933901466,165.717787780146494,-78.348197790538933],"geometry":{"type":"MultiPolygon","coordinates":[[[[165.691044099935937,-78.349507268041961],[165.699032672862302,-78.348197790538933],[165.703497048567868,-78.348408848],[165.710760755097397,-78.349008363108211],[165.712453810613226,-78.349452797087082],[165.712765776576703,-78.350014245925053],[165.714168545098971,-78.350293272925654],[165.716124901749538,-78.350337464002166],[165.717787780146494,-78.350225502040459],[165.716416105628383,-78.350535803547913],[165.71436807102171,-78.350999387310196],[165.708911261605181,-78.35269346417175],[165.707269286983518,-78.353323678796215],[165.705907704283476,-78.353827261912585],[165.704735868792881,-78.354161933901466],[165.703896951960189,-78.354048240758175],[165.701293051350234,-78.353693252302776],[165.700153892684341,-78.353249056600191],[165.699979828959442,-78.353022628492539],[165.699852259803379,-78.352857368642901],[165.699519791798394,-78.351899848804152],[165.699498741241683,-78.351503794987806],[165.69836957838379,-78.351172942828086],[165.696958819914471,-78.350836986867535],[165.695284428741019,-78.350666122441908],[165.692481196007691,-78.350455907410876],[165.691095622073988,-78.350281081190801],[165.690372483738685,-78.349915846570411],[165.690226528776861,-78.349841320122039],[165.691044099935937,-78.349507268041961]]]]}},
{"type":"Feature","properties":{"SURFACE":"lake"},"bbox":[165.699347464935443,-78.348271951957642,165.728496953718405,-78.344067246047317],"geometry":{"type":"MultiPolygon","coordinates":[[[[165.722813133028239,-78.346277169916888],[165.723091111735812,-78.346059914230949],[165.721676607396233,-78.346029494878906],[165.720867556155667,-78.346011398165729],[165.718089082932835,-78.346018950247611],[165.715046064485989,-78.346247948147692],[165.713947350140899,-78.346473522101178],[165.713689749876352,-78.346751773299999],[165.711480998043157,-78.34721173760191],[165.709820834673422,-78.347154518738208],[165.70115784472668,-78.346388824921206],[165.699347464935443,-78.346210952565869],[165.700380304846618,-78.345647014622898],[165.700402448861325,-78.345635224736426],[165.701266323071479,-78.345162502758427],[165.701925748009216,-78.345082442305667],[165.709821620978687,-78.344126625199308],[165.712321892997892,-78.344067246047317],[165.728180251934532,-78.344845296679807],[165.728496953718405,-78.345406934374992],[165.728310749022398,-78.347033443543111],[165.725331655975509,-78.348271951957642],[165.723813901586851,-78.348129291501905],[165.719853211885464,-78.347755229617647],[165.720909932038211,-78.346794032216238],[165.722300246316451,-78.346677460189341],[165.722813133028239,-78.346277169916888]]]]}},
{"type":"Feature","properties":{"SURFACE":"lake"},"bbox":[163.837935851060109,-78.235249834318822,163.88375260178978,-78.232713643812431],"geometry":{"type":"MultiPolygon","coordinates":[[[[163.85099849468989,-78.232776758649564],[163.856032649506801,-78.232713643812431],[163.858786212980647,-78.232771893234158],[163.861503939961693,-78.233074597119909],[163.865612973571956,-78.233364526380143],[163.869731404920742,-78.233436802117652],[163.873593143458947,-78.233399035560737],[163.877158185303131,-78.233580818212886],[163.88150558584735,-78.23421646263867],[163.88286782035749,-78.234442563783759],[163.88375260178978,-78.235249834318822],[163.881564913992236,-78.235130387439128],[163.875781203915068,-78.235159303698808],[163.866140634141829,-78.23507439331469],[163.863673893592591,-78.234947814765547],[163.860386911972313,-78.23476331546631],[163.857921289278977,-78.234646229651773],[163.852961913880506,-78.23462847802152],[163.849934146983372,-78.234667821683985],[163.845828603306899,-78.234425299331775],[163.844471302146786,-78.234145912317402],[163.841491955689094,-78.23373271484077],[163.837935851060109,-78.23343714940583],[163.843902180648996,-78.232936093366874],[163.845831205881439,-78.232841405150083],[163.85099849468989,-78.232776758649564]]]]}},
{"type":"Feature","properties":{"SURFACE":"lake"},"bbox":[165.693824626144504,-78.308828152698766,165.714269748207471,-78.295930550863616],"geometry":{"type":"MultiPolygon","coordinates":[[[[165.700803816226909,-78.29666363820418],[165.704083654282783,-78.295930550863616],[165.706784355326675,-78.296436891333428],[165.708498665477833,-78.297231889862672],[165.709064748458843,-78.297495040792654],[165.709375156353161,-78.29805644335481],[165.708271038207101,-78.298234453605971],[165.708353385203935,-78.299630328209787],[165.710166963978196,-78.302206372826518],[165.711955810388218,-78.304452001527167],[165.71253763407185,-78.304952183480324],[165.713683713954708,-78.305509702664878],[165.714269748207471,-78.306010092759536],[165.712644476747357,-78.306753627969002],[165.708444236286169,-78.306715402704896],[165.705117946997916,-78.306778678108685],[165.70208776674869,-78.307064086183857],[165.700472670403371,-78.30779872300414],[165.698837870434488,-78.308372486475704],[165.696919409321112,-78.308828152698766],[165.694971582766698,-78.30866166192429],[165.693824626144504,-78.307991145164294],[165.695160638803372,-78.306969395163236],[165.696191961802128,-78.305678009614809],[165.69824567946651,-78.302859726849078],[165.698477446434111,-78.302016008409282],[165.698438252468634,-78.301346348500559],[165.698418382391793,-78.301083204633557],[165.698392334869538,-78.300732761114659],[165.697821065589437,-78.300402316329013],[165.698311317716929,-78.299271065500804],[165.696751280883518,-78.298475733504532],[165.697813874246322,-78.297740818144163],[165.69916937503703,-78.29717150704181],[165.700803816226909,-78.29666363820418]]]]}},
{"type":"Feature","properties":{"SURFACE":"lake"},"bbox":[165.518867133335448,-78.295890720502143,165.704428627659581,-78.259205171741172],"geometry":{"type":"MultiPolygon","coordinates":[[[[165.640320416387794,-78.29165667439041],[165.636119785978821,-78.290770543146323],[165.634438189548263,-78.290325698721716],[165.634289772121804,-78.289800663336848],[165.630925515938088,-78.288967296120191],[165.625048713932983,-78.287626880325192],[165.618052121296898,-78.286021024626805],[165.615230062810213,-78.284961618922878],[165.61297418126415,-78.283950473435439],[165.611809369209965,-78.282892677941348],[165.610934793953902,-78.281821775838537],[165.610898995849539,-78.281208478572594],[165.612514024315317,-78.280361403647134],[165.615226887954719,-78.279345793283198],[165.619038227801667,-78.278218108636082],[165.623140288539076,-78.277256055068634],[165.626438523680406,-78.276854090031208],[165.629743896115741,-78.276621773956805],[165.631403377555301,-78.276670557463561],[165.633618746796145,-78.276720051791202],[165.636652435882269,-78.276718063452464],[165.639945509787651,-78.276381541688068],[165.632864217797248,-78.272852691521379],[165.631461601548324,-78.272582126300975],[165.628422471014119,-78.27252728470576],[165.615175518280211,-78.272843314387387],[165.612974132645434,-78.272897832700878],[165.609406944160014,-78.27340785936542],[165.606678885219878,-78.274149770700106],[165.60423880758097,-78.275104243529086],[165.599295656484571,-78.275730547758286],[165.593515033308023,-78.276134332380437],[165.583578440455142,-78.276433807997506],[165.576659345238426,-78.276345042247428],[165.573892231228712,-78.276059258459256],[165.570269718064168,-78.275512314409397],[165.565268415907525,-78.274959027185616],[165.562786756984906,-78.275083198931398],[165.560588347222392,-78.275306854769511],[165.555657517993978,-78.276093116942789],[165.549335212994009,-78.277004046789273],[165.542449576048881,-78.277527812565225],[165.537747004665476,-78.277366051237465],[165.530021817787457,-78.277600885644674],[165.527837232676433,-78.278333214893834],[165.525352334136414,-78.278513407690951],[165.523395983024017,-78.278015541831806],[165.519729927561059,-78.276054007164319],[165.51915352873857,-78.275666155114962],[165.518867133335448,-78.275265293262919],[165.520788948170946,-78.274867426991278],[165.524661166718488,-78.275033014293527],[165.527418593671257,-78.275140057518968],[165.530184462648634,-78.275021675270324],[165.536233456996371,-78.274275608503061],[165.538684268145118,-78.273547835570227],[165.540584516236663,-78.272819423683799],[165.541937356417748,-78.272081134588106],[165.544115823272023,-78.271461402737984],[165.546862915920883,-78.271003197765381],[165.55070918987829,-78.270724890935242],[165.554026012953045,-78.270663436910098],[165.555932062572282,-78.270038800482354],[165.551758014215096,-78.269377909899205],[165.543742154869619,-78.269277677990132],[165.540440234816003,-78.269386821588483],[165.537125766825028,-78.269391766427063],[165.534077535925434,-78.269175398604304],[165.530468273908042,-78.268854270464686],[165.527702114382663,-78.268511474618904],[165.526304580027471,-78.268184039558548],[165.526007520315346,-78.267848503516916],[165.525712002999626,-78.267400127319831],[165.526227728752048,-78.266505027266362],[165.526903607237927,-78.266117067828063],[165.528843496173863,-78.265005047447218],[165.529605631971975,-78.263426577414293],[165.529024522393854,-78.26269973846037],[165.528713790816369,-78.261968275751101],[165.530081384221575,-78.261513150679249],[165.539927886495974,-78.259423670740233],[165.541309568685023,-78.259420913606377],[165.542977740774177,-78.259640184890856],[165.544354386595415,-78.260721546273047],[165.544403245692763,-78.260759393800924],[165.547544525854818,-78.261582807759837],[165.547303996611703,-78.262426411835463],[165.552313936733128,-78.263366546652563],[165.555092124554648,-78.263700345547875],[165.55954551971513,-78.264357095240513],[165.563067373974945,-78.265425972442813],[165.564886095582921,-78.266480867173328],[165.566823090599684,-78.266704590869153],[165.568470910341546,-78.266367485587651],[165.568715421407717,-78.265684080876539],[165.568403156506065,-78.264962120828841],[165.568110147720773,-78.264514004346211],[165.568084470531488,-78.264070476168598],[165.569446707445962,-78.263614945455558],[165.573853152258351,-78.263384626236032],[165.575789282185127,-78.263542404920429],[165.578830702895772,-78.263532214758683],[165.579086314524631,-78.263150465863717],[165.57850583781277,-78.262640300461072],[165.577660875965989,-78.26224799884929],[165.576276035213368,-78.261968552661301],[165.573479669512153,-78.261361193430318],[165.572919892131154,-78.261134321498176],[165.573174604358798,-78.260743117187573],[165.574261940749551,-78.260292019112512],[165.576139238331336,-78.259223733269806],[165.576897957586681,-78.259221116963928],[165.581933343498889,-78.259207136781541],[165.584412867994672,-78.259205171741172],[165.586357106839102,-78.259598512594565],[165.586945276897467,-78.260212531816279],[165.586428234189498,-78.260881629500517],[165.585350259398751,-78.26155902030581],[165.585109419827376,-78.262120274721639],[165.585133778134207,-78.262206215457311],[165.585196928447573,-78.262435296297667],[165.585768712906599,-78.264478386053057],[165.586884502493916,-78.264696654957547],[165.589916876698936,-78.264638820556328],[165.592951013309147,-78.264524604473991],[165.596530762711325,-78.264457681991175],[165.604016482123257,-78.265055649165305],[165.607616527438552,-78.265394120361506],[165.610659056020978,-78.265496497149599],[165.614240004017717,-78.265260089508914],[165.61780417091154,-78.264806428781029],[165.621647575256361,-78.264404925446939],[165.626329300838648,-78.264112934832013],[165.629908204447361,-78.264111399543566],[165.632960952580504,-78.264326940287916],[165.637131419158067,-78.264826399928538],[165.640205245873744,-78.265663683217795],[165.643313934225858,-78.26687892760377],[165.644750871694868,-78.268063523139986],[165.646739412163782,-78.269004061326171],[165.648968669457361,-78.269392803731165],[165.651182322328566,-78.269507971468329],[165.654173910714178,-78.2687701421181],[165.656915661489336,-78.268376679119726],[165.658027974868816,-78.268481544649347],[165.659707433308142,-78.268869811411648],[165.66140932337467,-78.269654210108769],[165.662836772155288,-78.270659431054369],[165.664873278557735,-78.272505043945401],[165.664092184423367,-78.273292034657629],[165.663569252250483,-78.273970186700637],[165.664170083585191,-78.274753745029145],[165.665307987994026,-78.275424132237518],[165.667568508987614,-78.276312680479109],[165.66816037460282,-78.276982897742826],[165.667966523702347,-78.278674988556659],[165.667441013235816,-78.279240170339378],[165.664970549026549,-78.279412835923324],[165.650868496029972,-78.279272680812809],[165.647823626771441,-78.27916141476959],[165.645584500829756,-78.278668782372705],[165.643631978970774,-78.27838853922033],[165.641977231123008,-78.278452952547681],[165.639786284855774,-78.27873400150844],[165.638150779577416,-78.279128587915125],[165.636783986652034,-78.279584180295544],[165.634601497619258,-78.280034948229641],[165.632134569850933,-78.280489716228004],[165.62800817219221,-78.280773434099999],[165.625520234264599,-78.280954298154484],[165.624157378340556,-78.281297199711517],[165.623353736879665,-78.281857342358876],[165.623669083314411,-78.282466348118803],[165.625897684005054,-78.28303386831827],[165.627028766081708,-78.28342195719091],[165.62760017706492,-78.28369625481831],[165.629048200724441,-78.284984982067272],[165.629344898532764,-78.28549893518904],[165.628540388880054,-78.285946181977351],[165.628558905776629,-78.286342196231388],[165.63720054358393,-78.287609990206079],[165.639146996972414,-78.287767622282104],[165.640520154069378,-78.287603867828267],[165.640754238500591,-78.286816570765595],[165.640714549102768,-78.286090286806143],[165.640679200030377,-78.285354823705433],[165.641188777978897,-78.284685316037326],[165.642838996961757,-78.284225600563659],[165.645302773425556,-78.283949252123492],[165.648340465160402,-78.283768551279167],[165.650821135506988,-78.283765789467537],[165.653328636979268,-78.283980712326652],[165.653628277104104,-78.284372473899836],[165.653425012991363,-78.28577265085984],[165.654004352926592,-78.286338821535423],[165.655955609541621,-78.286675277684722],[165.658161248226889,-78.286498256777818],[165.660077545068788,-78.286042871187817],[165.661431715284863,-78.285595918142832],[165.662812839212648,-78.285470117075761],[165.666680926733392,-78.285586232225469],[165.66973485857622,-78.285735286387222],[165.67253235818427,-78.28635061284956],[165.675036469060132,-78.286630946323186],[165.680048243641835,-78.287116481799941],[165.684486126617571,-78.287384097480142],[165.688345604317703,-78.287095076067644],[165.691093272594117,-78.286757830983731],[165.693027770906696,-78.286811005452165],[165.694719579603145,-78.287359372354189],[165.700924062132515,-78.289598765309265],[165.704428627659581,-78.292732589324373],[165.704252703499122,-78.293419305729401],[165.704209556212362,-78.293583976038903],[165.70399076742288,-78.294421275695683],[165.698193543785862,-78.294591573267724],[165.693751118874559,-78.294446337260041],[165.690703374236904,-78.294213364036565],[165.688476196789537,-78.293994626075076],[165.682105495984189,-78.29401265176007],[165.678528181340482,-78.29424110521839],[165.676600244686398,-78.294536182439174],[165.674955649326307,-78.294874147421993],[165.673591213854763,-78.295273648434161],[165.672785112439414,-78.295608041920346],[165.672795735743676,-78.295890720502143],[165.67016363786712,-78.295857747152866],[165.66765590717867,-78.295699533498947],[165.66375514412772,-78.295083464215537],[165.66208107470311,-78.294808543414106],[165.660115018769432,-78.294302151166477],[165.658431993785115,-78.29385744704264],[165.655354162511998,-78.293302717849102],[165.65284762679741,-78.292975105245759],[165.646735053502681,-78.292479009375697],[165.64311390132255,-78.292215664263821],[165.640320416387794,-78.29165667439041]]]]}},
{"type":"Feature","properties":{"SURFACE":"lake"},"bbox":[163.548003461860333,-78.150552109976587,163.573119419554672,-78.144516603536076],"geometry":{"type":"MultiPolygon","coordinates":[[[[163.559984645620062,-78.144544105123003],[163.570091510918729,-78.144596419995096],[163.571952123614921,-78.145051059763404],[163.572983423831829,-78.145569402723339],[163.573119419554672,-78.14664131447762],[163.571952187867225,-78.147254399318527],[163.565331547779607,-78.150072893034618],[163.562816454735895,-78.150461856958714],[163.56007424189508,-78.150552109976587],[163.557348959228108,-78.150434410566589],[163.554359217003537,-78.150300646857346],[163.551910380049236,-78.150180652515914],[163.548686275100096,-78.149766654384919],[163.548003461860333,-78.14864242376818],[163.548667185357402,-78.147637873345914],[163.551440461902558,-78.145070637895458],[163.552866086682116,-78.144625234279303],[163.554519904649851,-78.144516603536076],[163.557798096827383,-78.144534977521047],[163.559984645620062,-78.144544105123003]]]]}},
{"type":"Feature","properties":{"SURFACE":"lake"},"bbox":[166.343226478062206,-78.282468935813995,166.375227491267964,-78.277420182927287],"geometry":{"type":"MultiPolygon","coordinates":[[[[166.355851174985531,-78.280300032412384],[166.35597164644534,-78.279396490044718],[166.357640424500886,-78.279497546735954],[166.362330107563821,-78.279441647841864],[166.364539737119429,-78.279415795025997],[166.366182511282858,-78.279234244291942],[166.366975676381031,-78.278898307918169],[166.367381441592613,-78.278564374552658],[166.367729062208412,-78.278279142307213],[166.368763567854245,-78.277655082626111],[166.369575128734084,-78.277423186423945],[166.371226510707459,-78.277420182927287],[166.372623144421425,-78.277517123750854],[166.373465167446597,-78.277689863355931],[166.374967626985296,-78.278395541124866],[166.375227491267964,-78.278517329264346],[166.369270747358968,-78.279611446087785],[166.367098822900431,-78.280020082511086],[166.364678214351272,-78.280594593310823],[166.363339220822752,-78.280997388552123],[166.360668005230423,-78.281850188154678],[166.359905839907242,-78.282468935813995],[166.354921029445876,-78.282438807892277],[166.352469589030278,-78.282408150403654],[166.348554386101654,-78.282359168762838],[166.346884474671924,-78.28219238256186],[166.345477166470488,-78.282029167717525],[166.344631948384858,-78.281921816797876],[166.343226478062206,-78.281646158412642],[166.355851174985531,-78.280300032412384]]]]}},
{"type":"Feature","properties":{"SURFACE":"lake"},"bbox":[163.798164669822228,-78.105639770314014,163.86868284152149,-78.097970661238989],"geometry":{"type":"MultiPolygon","coordinates":[[[[163.843273309958533,-78.098762128996128],[163.848428448707011,-78.098946877271231],[163.852742921609916,-78.099308900579715],[163.857316040846769,-78.099942312551946],[163.860268442565626,-78.100403030250448],[163.862666478412706,-78.100915962219133],[163.863177508584727,-78.10125937384349],[163.863664262667442,-78.101980626051855],[163.864670086206814,-78.102827665152375],[163.86868284152149,-78.103579059051256],[163.866711547754846,-78.104295916079579],[163.863973383214585,-78.104454985583118],[163.855484774021164,-78.104820871336372],[163.848956504130342,-78.10467770364744],[163.843925580854403,-78.104585882288461],[163.840084032159211,-78.104602962351038],[163.836951485619039,-78.104776162790756],[163.832570814157066,-78.10512131132036],[163.825722478395193,-78.105480087954845],[163.815088444887579,-78.105602736680851],[163.81126962190217,-78.105639770314014],[163.806640326883013,-78.105571319847584],[163.803396556168451,-78.105329662312784],[163.800731707955009,-78.104752706201324],[163.799137123756708,-78.104363139165045],[163.798383024082653,-78.103739349251583],[163.798164669822228,-78.1031761101911],[163.798210787510413,-78.102676144523343],[163.800776922578137,-78.101615769854419],[163.801939095728898,-78.100888636934016],[163.801737256360866,-78.100212577149549],[163.801812495994767,-78.099486722869401],[163.802116902144462,-78.09909709913839],[163.806810932863414,-78.098496222722147],[163.812018503915965,-78.09812523066978],[163.815297682283756,-78.097970661238989],[163.822347044022308,-78.098335734746712],[163.82667911793186,-78.098528564754091],[163.831575169105889,-78.098603309361849],[163.838115192871527,-78.098624514720143],[163.843273309958533,-78.098762128996128]]]]}},
{"type":"Feature","properties":{"SURFACE":"lake"},"bbox":[163.700561918995334,-78.057491919701306,163.817756308044949,-78.028594563855407],"geometry":{"type":"MultiPolygon","coordinates":[[[[163.73175725592921,-78.056414975180914],[163.729369924251614,-78.055900715365581],[163.725053757814834,-78.055649377854621],[163.720762667610558,-78.055238175404185],[163.715123876659504,-78.054650493726228],[163.710577141894817,-78.054014873159687],[163.70712133261452,-78.053378751650371],[163.703927583175982,-78.052748940373846],[163.701854246265043,-78.051892746073065],[163.700561918995334,-78.051273603055634],[163.701193636999477,-78.050543226310609],[163.702610261718092,-78.049936299310531],[163.70512505390937,-78.049215577329235],[163.708200432279767,-78.048386457484753],[163.712725095813084,-78.04709471465948],[163.72143213241867,-78.043949657007133],[163.724069045152021,-78.0421167193701],[163.725048340569174,-78.040544046534436],[163.724320481303351,-78.0397030099858],[163.723672725573238,-78.038183680867775],[163.723752341714743,-78.037457927277785],[163.724444333898987,-78.036000726471954],[163.72822489682008,-78.036305471133318],[163.729577498488453,-78.036596059289778],[163.729819480122671,-78.036648653585402],[163.731095844563697,-78.037380533270152],[163.731731268991581,-78.038013138869104],[163.731895239448761,-78.038176046224649],[163.732069091608395,-78.038350224590971],[163.733064094826773,-78.039197882602352],[163.734340933165157,-78.039929750575396],[163.736658290439777,-78.041170431596456],[163.738218139340347,-78.041796033836903],[163.739529421122484,-78.0421978727327],[163.743241734651519,-78.043000963427886],[163.745650232114627,-78.043241368345193],[163.755634432888911,-78.04373056576236],[163.7588798164102,-78.043746253896131],[163.762408251529394,-78.043760013835438],[163.765407041944343,-78.043552049143955],[163.768434743160185,-78.043165570573834],[163.771733581949206,-78.042681597459421],[163.786322135692785,-78.040497478727602],[163.794901903362756,-78.038738166520631],[163.795083356881122,-78.038693377245409],[163.798234984823068,-78.037914645826163],[163.800476074584594,-78.037186571649059],[163.802465062094001,-78.03634847115282],[163.808876289210644,-78.031831418558014],[163.811842096054534,-78.02920288298094],[163.814338685504879,-78.028594563855407],[163.817523139908957,-78.029108752632766],[163.817756308044949,-78.029454706200909],[163.816867669059832,-78.03017883722363],[163.812321735798548,-78.03234238318862],[163.805971259977838,-78.036303561154014],[163.800745977684613,-78.039706673041124],[163.794718595922234,-78.045745733847738],[163.793801983898675,-78.046695918499495],[163.792766129520544,-78.048938348847486],[163.792411272139503,-78.049827528348416],[163.792550911119918,-78.05106896578161],[163.791660683675957,-78.051850047036538],[163.790487332119739,-78.052689970227107],[163.789349346598499,-78.053190566695648],[163.784383037423396,-78.054058238092679],[163.780273510669161,-78.054436793209646],[163.777827312647958,-78.054479162077186],[163.77428923710724,-78.054522125741897],[163.7705062355829,-78.0544459392828],[163.764019932244793,-78.054092886831356],[163.76159191117776,-78.053965452103085],[163.756549126782943,-78.053746677383501],[163.75021964380781,-78.05374424444058],[163.745590875907766,-78.053996135313071],[163.742482420118222,-78.055165156061619],[163.740718809292076,-78.056348966325316],[163.738723860904287,-78.05723419507629],[163.735450072418132,-78.057491919701306],[163.73175725592921,-78.056414975180914]]]]}},
{"type":"Feature","properties":{"SURFACE":"lake"},"bbox":[163.830612645456256,-78.028913818460609,163.888170667206964,-78.024009939800521],"geometry":{"type":"MultiPolygon","coordinates":[[[[163.84498935082928,-78.024910484148734],[163.853396185226188,-78.024723613675206],[163.856134221167054,-78.024395092777368],[163.85887680446217,-78.024009939800521],[163.860230948609484,-78.024015431568131],[163.862654637397128,-78.024085151505247],[163.864495957371787,-78.02460340794859],[163.865544716501375,-78.025102501955899],[163.867650133515241,-78.025627095724715],[163.870349845141021,-78.025741736911513],[163.873605632319197,-78.025700104976565],[163.876594287779653,-78.025595007976079],[163.879010161504084,-78.025673570881793],[163.881715263117655,-78.025788417043032],[163.885715494803122,-78.026369567106414],[163.888170667206964,-78.027047624854646],[163.885072602769355,-78.027487584871807],[163.880189424683039,-78.027687756359029],[163.878016574151758,-78.027633285079546],[163.873155699018326,-78.027607146113013],[163.85825204763475,-78.027717517637953],[163.850626234800416,-78.028188629995313],[163.841903409719521,-78.028773784283189],[163.838641873387274,-78.02887164781167],[163.83540090618439,-78.028913818460609],[163.832706001893996,-78.028732769159021],[163.831112951250049,-78.028437805749519],[163.830612645456256,-78.027990471058558],[163.830635134680421,-78.027716827363164],[163.831231259515647,-78.027155287251063],[163.834339882661368,-78.025872515119985],[163.835734480098637,-78.025482289295965],[163.837113774884244,-78.02511010630478],[163.839582939440106,-78.024888811825207],[163.841198323697483,-78.024900620777515],[163.84498935082928,-78.024910484148734]]]]}},
{"type":"Feature","properties":{"SURFACE":"lake"},"bbox":[166.174519283892721,-78.160159864040196,166.254020846050224,-78.135204914584719],"geometry":{"type":"MultiPolygon","coordinates":[[[[166.201319592719159,-78.152598502801439],[166.196762030720976,-78.150764540710185],[166.194497402397985,-78.14999361870602],[166.193569222940596,-78.148868010467481],[166.193780499322457,-78.148259564598035],[166.195132112818555,-78.148083905123116],[166.197617619664271,-78.148350065225856],[166.201278979598413,-78.149454082025656],[166.20245599555858,-78.15028028770341],[166.203631160870032,-78.151073557500553],[166.208684964479573,-78.15239770643548],[166.210888515293732,-78.15249939807066],[166.213888732690208,-78.15243486100529],[166.220790845049891,-78.151910274914798],[166.220939864305279,-78.151899021514794],[166.223356959097515,-78.151439229176418],[166.224107245540409,-78.150707908645913],[166.224841478949202,-78.149863232294678],[166.224751593445404,-78.148902022588516],[166.224431126924173,-78.148454437116513],[166.222244148980053,-78.148466207749351],[166.21980934413358,-78.148765616815638],[166.217128935537943,-78.149277743838866],[166.216639222150377,-78.149512176836026],[166.215818121684975,-78.149905778015565],[166.214797163275279,-78.150576560091665],[166.212415165655216,-78.151432004869307],[166.208870613482418,-78.151497212133663],[166.206888486363624,-78.150778199483341],[166.205680200051262,-78.149625669827785],[166.204474984317869,-78.148545975562385],[166.202754699376584,-78.147708785847513],[166.200506932010342,-78.147098220699647],[166.198016466535137,-78.146775544932311],[166.183931972417696,-78.145379441863255],[166.181475609459113,-78.145330348016472],[166.178231797625585,-78.14572923727809],[166.176047810907619,-78.145806441550661],[166.174923510247368,-78.145468156603499],[166.174671235766482,-78.14458998488071],[166.174519283892721,-78.144059299299698],[166.177082938045515,-78.1432226927827],[166.179225628000211,-78.142824464265743],[166.178714197360762,-78.143220749308355],[166.184181847573143,-78.142287028485683],[166.185476762583619,-78.141555117744602],[166.188090393058303,-78.140308261401344],[166.189052827856983,-78.139916015302404],[166.193026768929144,-78.138550295716257],[166.195396998807439,-78.13770388189316],[166.196429628323301,-78.137080677002942],[166.197176680961178,-78.136283584651778],[166.197670126544836,-78.135839507935557],[166.199002284024942,-78.135503464508673],[166.200891047216203,-78.135204914584719],[166.203079608452924,-78.135259174060408],[166.209402400886177,-78.135681592013484],[166.216287863351539,-78.136207265885474],[166.221243470411167,-78.136644806104357],[166.221836132388233,-78.137031100438833],[166.223334869859144,-78.138429124091701],[166.224247885107815,-78.139384922539293],[166.225421616682638,-78.140156891092985],[166.227928965331671,-78.140602128423666],[166.229892121406664,-78.141094950927751],[166.231085239362415,-78.142046045808229],[166.231988464016297,-78.142945012899546],[166.233459890163203,-78.144003885381352],[166.238991377092361,-78.147292876431834],[166.24013203268666,-78.147669139773583],[166.241241177276976,-78.147903131451471],[166.242870169158323,-78.147835016984871],[166.244235798396659,-78.147772405294276],[166.24605282126231,-78.148707838389683],[166.249919759024351,-78.151715727495386],[166.252595662596349,-78.153904017068214],[166.254020846050224,-78.155138501401282],[166.252428902823937,-78.15565874575617],[166.239076409672094,-78.158917404465129],[166.237478922578021,-78.159249769252469],[166.236389178727677,-78.159373183146968],[166.233953659891455,-78.159607127592835],[166.224496483441584,-78.160022449897767],[166.219026669648088,-78.160159864040196],[166.212953108800235,-78.159563281092758],[166.209023390283733,-78.158633691767179],[166.209995121726479,-78.157875969656502],[166.21004012756066,-78.157840717241299],[166.204912449353714,-78.155725049216699],[166.203789058488724,-78.155452671669494],[166.199513261146961,-78.153726831598661],[166.201319592719159,-78.152598502801439]]]]}},
{"type":"Feature","properties":{"SURFACE":"lake"},"bbox":[164.129416446160747,-78.036702551539619,164.321732165830866,-78.027179479785985],"geometry":{"type":"MultiPolygon","coordinates":[[[[164.14761517822987,-78.028634399019325],[164.151726464273054,-78.028024519157157],[164.15608488070859,-78.027590099472079],[164.158520714895985,-78.027496852756954],[164.165564738772076,-78.027513893647892],[164.176632466794757,-78.027890472233096],[164.182031640896753,-78.028179521065184],[164.184210554219447,-78.028014154197677],[164.193164765418629,-78.027650528915828],[164.215116103653429,-78.027263804041894],[164.224329963622694,-78.027179479785985],[164.230549711358805,-78.027250647726675],[164.242440755484637,-78.027568627557272],[164.264275209777992,-78.0290258374541],[164.267503234065032,-78.029375375714821],[164.271520533332222,-78.030111607948257],[164.274188602167527,-78.030797332179375],[164.275782004423604,-78.031354021421691],[164.276552576879538,-78.031976183763902],[164.280814064520627,-78.033057609880032],[164.287805790469633,-78.033976548650742],[164.290511387070865,-78.033983008844686],[164.292416397974307,-78.033923827699098],[164.292963306568225,-78.033766507178143],[164.295192928606696,-78.032704475032375],[164.302289438698097,-78.031661327547909],[164.306080309617272,-78.031721470515592],[164.321476025561708,-78.032692765624304],[164.321732165830866,-78.032708859768334],[164.32157052973244,-78.032779856210723],[164.32006952107696,-78.033435050088698],[164.317887673491327,-78.033658025243597],[164.315706948965982,-78.033824294245989],[164.312468674740273,-78.033645152838872],[164.310596011215694,-78.033195503173445],[164.308717201848253,-78.032963058728839],[164.30573844586948,-78.033007067101096],[164.304360964372535,-78.033286281379333],[164.299659351255855,-78.03500840692918],[164.301521421174471,-78.035580509339127],[164.303141355118242,-78.035637074166615],[164.305309519065446,-78.035593127171765],[164.307753873176779,-78.035593635124258],[164.309369802686433,-78.035602627390034],[164.307429978951433,-78.036435651452777],[164.305528728611733,-78.036599238760147],[164.303080305967029,-78.036702551539619],[164.292247504004308,-78.036676581656522],[164.290083069438651,-78.036616585997734],[164.272819753106347,-78.035391521367586],[164.26851072086896,-78.034931692937235],[164.266914089850303,-78.034592406947155],[164.266663886389523,-78.034199303594789],[164.2637576647505,-78.032960255413101],[164.250572441106868,-78.031574239489515],[164.24004065935722,-78.031156629516687],[164.236560405270211,-78.030583783392885],[164.23525687525057,-78.029740899072877],[164.221989524269361,-78.029805789739143],[164.202474121675152,-78.030042894718093],[164.19838903502378,-78.030418326488444],[164.193745362481565,-78.031073271673918],[164.185370406499544,-78.030770627675778],[164.182148381998616,-78.030420361617274],[164.179730208251442,-78.030136234108497],[164.177866631702102,-78.029733225974084],[164.175431754847352,-78.02956166079224],[164.16680926200354,-78.029082873274646],[164.161140110105464,-78.02884390601983],[164.158431801514979,-78.028835945862326],[164.155984919557824,-78.028947492145463],[164.153812807379552,-78.029046798913456],[164.147826127183123,-78.0295367830212],[164.145639134809244,-78.02975823978322],[164.143180700322148,-78.03002996376172],[164.141535689872455,-78.030302271193719],[164.139624502545217,-78.030521013357387],[164.13582542722321,-78.03067579806347],[164.134474371633956,-78.030671891675254],[164.131511332990954,-78.030326746485528],[164.130196827592613,-78.029870486197382],[164.129416446160747,-78.02947412487795],[164.134556529374493,-78.029550013367484],[164.138081253401992,-78.029445370234015],[164.141618506853689,-78.029284616784352],[164.145961734958263,-78.028972491844485],[164.14761517822987,-78.028634399019325]]]]}},
{"type":"Feature","properties":{"SURFACE":"lake"},"bbox":[163.651098990974276,-77.955983082641694,163.67904505194798,-77.947352553902036],"geometry":{"type":"MultiPolygon","coordinates":[[[[163.666368447067413,-77.952581546462511],[163.66484317120657,-77.952165578007836],[163.662970343604655,-77.952098413144114],[163.661565527050584,-77.952363545491252],[163.660403673328574,-77.952747931775562],[163.659571656515311,-77.952848838495044],[163.658200040590543,-77.952954670980745],[163.656880183777901,-77.952826422335846],[163.655318184424345,-77.952588441226766],[163.653563328944045,-77.952006490144967],[163.652123377068762,-77.951206555617475],[163.651182090453716,-77.950579499954884],[163.651098990974276,-77.949729798397328],[163.651543416283715,-77.948950375263777],[163.652518806088295,-77.948175014871225],[163.653465887727322,-77.947559253115472],[163.655668608762142,-77.947352553902036],[163.658856805522333,-77.947557311123916],[163.661984796143742,-77.94798608519153],[163.665034824354876,-77.948856035665131],[163.668304462288432,-77.949900680798663],[163.670299043038995,-77.950649002440059],[163.673982585678004,-77.952259713857586],[163.676799525854108,-77.952953856463139],[163.677790617002927,-77.953356047528558],[163.678468575965098,-77.953928864096767],[163.678908585376405,-77.954382754683976],[163.67904505194798,-77.954998375353924],[163.678700859759346,-77.955337909834498],[163.678094773080005,-77.955613993541348],[163.677259791737356,-77.955771709281024],[163.675595120775881,-77.955983082641694],[163.674274743247594,-77.95585491697409],[163.672471412852587,-77.955497942901431],[163.670995924059469,-77.954819391056731],[163.669291032121777,-77.954012919936105],[163.667831131457262,-77.95326885937159],[163.666368447067413,-77.952581546462511]]]]}},
{"type":"Feature","properties":{"SURFACE":"lake"},"bbox":[163.680405285801953,-77.949187259237078,163.714085329813827,-77.932326839149454],"geometry":{"type":"MultiPolygon","coordinates":[[[[163.693643633158246,-77.932540631894881],[163.69449136098163,-77.932326839149454],[163.69608372617742,-77.932443222164707],[163.698961982276302,-77.932809010711836],[163.701269001455927,-77.933339064527118],[163.706598932377972,-77.934803340387319],[163.708839624664449,-77.935661278737768],[163.710265675934579,-77.93651684833722],[163.711592402848908,-77.937831189060148],[163.711947211414724,-77.938678217693678],[163.711804543454747,-77.938860427739556],[163.711210881369425,-77.939619884705934],[163.709947334863756,-77.940510386246871],[163.708671836855075,-77.941400164923465],[163.70828168178511,-77.941955049373036],[163.708097732208671,-77.942797655777781],[163.708998968922998,-77.943649607347893],[163.709684551462772,-77.944165822315057],[163.710638996076398,-77.944736394629629],[163.714085329813827,-77.946227495010987],[163.711361164969475,-77.946421735176415],[163.710239512919429,-77.946590446140107],[163.709393617205649,-77.946825795390922],[163.709093466333456,-77.946909459664752],[163.707948205201831,-77.947238007469281],[163.707332587391505,-77.947570427122059],[163.706709236263123,-77.948006735649159],[163.705796732486988,-77.948453855255778],[163.70520747827851,-77.948674039384571],[163.704081899213406,-77.948889941393347],[163.70243089593157,-77.949092734461487],[163.700249965130922,-77.949187259237078],[163.697837170714678,-77.949115803599909],[163.690821200083292,-77.947975572163912],[163.683118083228095,-77.946214272953327],[163.681359714068662,-77.945641805342603],[163.680405285801953,-77.945071050328451],[163.681079130079212,-77.944457562276071],[163.683397211473135,-77.943688461432998],[163.686250769587446,-77.942980572400501],[163.689142381367446,-77.942056777277855],[163.691459006064633,-77.94129707048819],[163.69242882189306,-77.940568873471548],[163.693184369172286,-77.939561921957875],[163.693729350142121,-77.938333371998212],[163.693742804852576,-77.936986936316174],[163.69347081597715,-77.935793824547574],[163.693123679863334,-77.934899721945214],[163.692459135760828,-77.934223393367589],[163.692160764148667,-77.933142513208693],[163.693643633158246,-77.932540631894881]]]]}},
{"type":"Feature","properties":{"SURFACE":"lake"},"bbox":[161.770914602581257,-77.773213882605589,161.82696659648272,-77.769057042646295],"geometry":{"type":"MultiPolygon","coordinates":[[[[161.775379585743991,-77.77056804898244],[161.770914602581257,-77.769250136699853],[161.775289310120257,-77.769057042646295],[161.778489823558687,-77.769136579416326],[161.78034470576236,-77.76993684190758],[161.782572651818498,-77.770360575190765],[161.785015105693475,-77.770617147987977],[161.78714841043373,-77.770702396773629],[161.792780312513628,-77.770928463234483],[161.799468191545571,-77.77114531282659],[161.803710094215575,-77.771095811922152],[161.808488918196474,-77.771102797214738],[161.812472970765867,-77.771111865811918],[161.81423645680951,-77.771183115369595],[161.816769983103455,-77.771286383772662],[161.824554245757128,-77.771655515328689],[161.82696659648272,-77.771899954715849],[161.821743092889136,-77.772264810361975],[161.81649514687237,-77.772551231050741],[161.807739200574986,-77.772976652748596],[161.804133704801217,-77.77313765706036],[161.796972939278589,-77.773213882605589],[161.79218328408777,-77.773148496922403],[161.787041531367834,-77.772751806953124],[161.782117085629977,-77.772188056772194],[161.779316354105163,-77.771542297940485],[161.777347549744917,-77.771059948629784],[161.775379585743991,-77.77056804898244]]]]}},
{"type":"Feature","properties":{"SURFACE":"lake"},"bbox":[161.835685396039253,-77.771787197367971,161.894346837357432,-77.768665922413874],"geometry":{"type":"MultiPolygon","coordinates":[[[[161.858656107577332,-77.769944111728918],[161.867096643023189,-77.769677434100586],[161.885506529088332,-77.768981167903945],[161.88812830775251,-77.768837257497964],[161.890755396271146,-77.768751160651334],[161.893395206479369,-77.768665922413874],[161.894233948535884,-77.768819816702376],[161.894346837357432,-77.76933525063761],[161.893373374987135,-77.76967963921804],[161.891862240269205,-77.770034660627175],[161.890062493507372,-77.77044390803168],[161.886758470411792,-77.771194274525769],[161.885784123077144,-77.771117164897703],[161.882060259447115,-77.771108061790784],[161.872513106865199,-77.771212286221044],[161.866163490164382,-77.771336921553385],[161.859567647438013,-77.771520960880309],[161.856723449530818,-77.77158215896462],[161.853484372642129,-77.771644648195675],[161.840228501937929,-77.771787197367971],[161.835685396039253,-77.771663046778031],[161.841342311868061,-77.770801160170677],[161.843946468993806,-77.770608487676711],[161.850500369426129,-77.770259074283587],[161.854787398174722,-77.770093393156088],[161.858656107577332,-77.769944111728918]]]]}},
{"type":"Feature","properties":{"SURFACE":"lake"},"bbox":[163.460759717232435,-77.875821316758717,163.486270202446661,-77.868808214908114],"geometry":{"type":"MultiPolygon","coordinates":[[[[163.463073797821465,-77.872112124789396],[163.462058888868597,-77.871877830648572],[163.460759717232435,-77.871834745619225],[163.463149686260351,-77.870892820865791],[163.464857829480565,-77.870219405286448],[163.466017955651438,-77.869835905323285],[163.468018833845576,-77.869295915855332],[163.469936622712993,-77.869092649698061],[163.472129430088501,-77.868887534855432],[163.474816628336242,-77.868808214908114],[163.478016499534959,-77.868893798942494],[163.48065723775585,-77.869039454126607],[163.483235513707513,-77.869456595116063],[163.484434798817659,-77.870034676058111],[163.486270202446661,-77.872523243368306],[163.485902993196959,-77.872965706755409],[163.484777971227373,-77.873180516760499],[163.483160039086926,-77.87322215703756],[163.48103765347031,-77.873146877502805],[163.478919826930905,-77.873062366842561],[163.477575073003521,-77.873054521158195],[163.476215488709556,-77.873150214088],[163.474851347090407,-77.873255114804749],[163.473983156601122,-77.873523895933417],[163.473913727582925,-77.873548059316803],[163.47223696210267,-77.874127327974321],[163.471838093977112,-77.874681805011633],[163.47203301398352,-77.875016873300979],[163.471982510450971,-77.875241664644477],[163.471073369435175,-77.875821316758717],[163.468483728775595,-77.875270438468135],[163.467487259986854,-77.874970852288087],[163.466803676321348,-77.874462828570515],[163.466413512056647,-77.87384013385396],[163.466023388149665,-77.873217439269766],[163.464824670045488,-77.872639274075709],[163.463073797821465,-77.872112124789396]]]]}},
{"type":"Feature","properties":{"SURFACE":"lake"},"bbox":[161.592356646128451,-77.727040359170502,161.636845876329346,-77.71943426309646],"geometry":{"type":"MultiPolygon","coordinates":[[[[161.596418336977422,-77.719530876322679],[161.606439249860557,-77.71943426309646],[161.60803582990053,-77.719480068592134],[161.609102677429462,-77.71952676137434],[161.615328540121908,-77.720130151317903],[161.62097761381807,-77.72058707570261],[161.624943444140456,-77.720541246676959],[161.628635308162103,-77.720504779137428],[161.632627100073762,-77.720575769172683],[161.635890343025125,-77.720998067737554],[161.636845876329346,-77.721775276082951],[161.634578612306569,-77.722315317972928],[161.633416560663335,-77.722319573347718],[161.630853341245086,-77.722685240556913],[161.62988298116349,-77.722878065088878],[161.629074819979138,-77.723039184234651],[161.626553602900373,-77.723570854266882],[161.625596648768919,-77.724021196318503],[161.625388317590762,-77.724313410895732],[161.625484101145531,-77.724694251300775],[161.625531738736186,-77.724918224216083],[161.625628759413445,-77.725375884862927],[161.625178982874957,-77.725775738435146],[161.624442372257334,-77.726001864829001],[161.623159390593287,-77.726179802663509],[161.621110870731599,-77.726485898646828],[161.620419180910233,-77.726662440549092],[161.619963678286126,-77.726778933666154],[161.615247066073579,-77.727040359170502],[161.61017665063676,-77.726864227360736],[161.599402945868519,-77.724845642985727],[161.594215182507526,-77.722876462331541],[161.593068945555416,-77.722430777586624],[161.592356646128451,-77.721603285317087],[161.593146198755022,-77.72035448219026],[161.593574301641468,-77.719905124663654],[161.596418336977422,-77.719530876322679]]]]}},
{"type":"Feature","properties":{"SURFACE":"lake"},"bbox":[161.374053835002087,-77.707514076593611,161.421549531436284,-77.702561729294587],"geometry":{"type":"MultiPolygon","coordinates":[[[[161.414552231275849,-77.702586464412732],[161.418539997095706,-77.702718464205674],[161.421549531436284,-77.703250881556158],[161.415802664838111,-77.704875131752559],[161.413232810650953,-77.70523844206329],[161.410117693142041,-77.705495453060664],[161.40750703071501,-77.705692547246642],[161.39839388368992,-77.706326333976492],[161.380135958078114,-77.707514076593611],[161.378280359351834,-77.707467369597424],[161.376405960850946,-77.707380878331435],[161.374201768417294,-77.706886483091267],[161.374053835002087,-77.706165063135529],[161.374512744389051,-77.70582339620708],[161.375733227717035,-77.705305872785303],[161.376992431502572,-77.704954419995161],[161.381288372983704,-77.704023704381271],[161.388824624370045,-77.703383085260057],[161.393792918881616,-77.703115185216447],[161.410588103112275,-77.702561729294587],[161.414552231275849,-77.702586464412732]]]]}},
{"type":"Feature","properties":{"SURFACE":"lake"},"bbox":[162.717584975165238,-77.782345524984166,162.787400419684502,-77.769452660369581],"geometry":{"type":"MultiPolygon","coordinates":[[[[162.785784911744145,-77.769699219330334],[162.787400419684502,-77.769452660369581],[162.786711567161291,-77.770160324978235],[162.784964791400768,-77.770703239554948],[162.783524779352689,-77.771075685986389],[162.779873584363287,-77.771760404674652],[162.777688067563417,-77.771959984999313],[162.772789994231601,-77.772353078207672],[162.767908085161253,-77.772728103485505],[162.752622134484938,-77.775011706529753],[162.745117987231566,-77.776148163443139],[162.74335566109346,-77.776689971081979],[162.741328155532329,-77.77728105996249],[162.73907605927289,-77.777704844343759],[162.735744458913672,-77.77817197490171],[162.732707060689165,-77.77857264814773],[162.730152575455065,-77.779109957573127],[162.728444759904704,-77.779531397326011],[162.725158824807806,-77.780552029541511],[162.723759174260636,-77.780986604721207],[162.720534700268104,-77.782013665466067],[162.719116399603962,-77.782282551394943],[162.718190662129786,-77.782345524984166],[162.717584975165238,-77.782086351323514],[162.71770322546837,-77.781693712009812],[162.718369840030476,-77.781203716790728],[162.719266930878291,-77.780871912651989],[162.72071998954732,-77.780443251997312],[162.722076308876581,-77.780351434263892],[162.723958679555295,-77.779849745143096],[162.726121888223503,-77.779273593539756],[162.730358137676944,-77.778427559595912],[162.738054005513334,-77.776674771742734],[162.740977687916427,-77.775751835009871],[162.742697362741978,-77.775331162986589],[162.744677133486618,-77.774908535703148],[162.760735401274388,-77.772695128377762],[162.767834690490815,-77.772056093912553],[162.771911837106074,-77.77171399617059],[162.774915784349929,-77.771463382008335],[162.778163377680414,-77.771238275305294],[162.78204897995883,-77.770664281323349],[162.784063789381378,-77.770129445789195],[162.785784911744145,-77.769699219330334]]]]}},
{"type":"Feature","properties":{"SURFACE":"lake"},"bbox":[163.255587055070862,-77.802305101231482,163.27119216204278,-77.797844884350837],"geometry":{"type":"MultiPolygon","coordinates":[[[[163.258732940798211,-77.797844884350837],[163.261623885193643,-77.797990693983607],[163.263701821064785,-77.798236886784821],[163.270679619788751,-77.800115826641161],[163.271045277377453,-77.800928073075127],[163.27119216204278,-77.801384196000399],[163.270962074132285,-77.8015252430109],[163.270559472586342,-77.801771781966863],[163.268908788128073,-77.802028150122823],[163.263243780522174,-77.802305101231482],[163.262570567972631,-77.802281327130302],[163.260867567887914,-77.802220614511029],[163.258759023320977,-77.802143615023439],[163.256696966312433,-77.801841386887659],[163.255675491947699,-77.801662351148337],[163.257250202296717,-77.800583625939822],[163.257161896276983,-77.799903022181923],[163.256491374004412,-77.799394542847267],[163.255587055070862,-77.798757105237456],[163.255997359139258,-77.798155746157775],[163.258732940798211,-77.797844884350837]]]]}},
{"type":"Feature","properties":{"SURFACE":"lake"},"bbox":[163.10118312647603,-77.78571684324568,163.145559560174064,-77.780734881751613],"geometry":{"type":"MultiPolygon","coordinates":[[[[163.119873601696156,-77.782169745482406],[163.121327097132962,-77.781682792854937],[163.128658493262606,-77.781059602329151],[163.13270637955975,-77.780834318030969],[163.134862264412448,-77.780734881751613],[163.13751358653812,-77.780771863101918],[163.138388772387401,-77.781541462881933],[163.13875786892757,-77.781699509888014],[163.139584629825976,-77.782055765721921],[163.140785463011895,-77.782532326800862],[163.145559560174064,-77.7834568307441],[163.139839405443837,-77.783051894707754],[163.136897163927699,-77.783129478656591],[163.134184187787298,-77.783326386305433],[163.130627391299555,-77.783725961211232],[163.127619798112903,-77.784037091419648],[163.111269543373908,-77.785527103764949],[163.108300012687749,-77.78571684324568],[163.105914874894495,-77.785687234047629],[163.104605851794162,-77.785612607012951],[163.10118312647603,-77.785354508232558],[163.10154479803424,-77.785111357808375],[163.102709533589007,-77.784729552587947],[163.103969604553555,-77.784402637221845],[163.105852738905924,-77.783913597437376],[163.109194590181829,-77.783338738589904],[163.11495577517951,-77.782671964977268],[163.117397031008153,-77.782476810178068],[163.119873601696156,-77.782169745482406]]]]}},
{"type":"Feature","properties":{"SURFACE":"lake"},"bbox":[162.250338881211263,-77.729717775629524,162.525940219868971,-77.699533615947217],"geometry":{"type":"MultiPolygon","coordinates":[[[[162.271036038046134,-77.725934090397686],[162.269283648573861,-77.725623816087108],[162.266422178225923,-77.725467463349347],[162.264333514163866,-77.72538275287144],[162.262229363363957,-77.725344755580323],[162.255923515061141,-77.72528606363899],[162.250338881211263,-77.725233307131617],[162.260929799425071,-77.723077351633165],[162.263165871807047,-77.722722972182908],[162.265973378976241,-77.722254548222921],[162.273100505034222,-77.720722877102446],[162.275998809294464,-77.719926117535238],[162.278602482769628,-77.719281329368528],[162.286506440630063,-77.717773691001],[162.29657643862771,-77.716116907367677],[162.300486185006037,-77.715503438567211],[162.306052132438168,-77.714677552950022],[162.310400778031863,-77.714304000816128],[162.312850155931926,-77.71410721338286],[162.319623092431556,-77.713640134392193],[162.32739959407732,-77.71330786080712],[162.333795569425376,-77.713177938675472],[162.339863209732698,-77.713216674123331],[162.343296984709724,-77.713258313856699],[162.349814541075489,-77.713575658653696],[162.353915834622967,-77.713977574881184],[162.357012887533728,-77.714244567459502],[162.359852436532009,-77.7144558803748],[162.362695904744641,-77.714667421974767],[162.368435444068837,-77.714922033140169],[162.374202185539986,-77.715111489438314],[162.38943147297698,-77.714660545648158],[162.397226991189029,-77.714270326403266],[162.407204445720623,-77.713683423855613],[162.41597348109741,-77.712737788649534],[162.422107017260629,-77.711757450002267],[162.429016334685372,-77.710838892637028],[162.433106377403135,-77.710446273053719],[162.439556465274222,-77.709296103847606],[162.457268846654955,-77.705944915854133],[162.464063745447589,-77.704521776627317],[162.469186395721636,-77.703358321119453],[162.471920512841621,-77.70305548237792],[162.474323808695516,-77.702978546834132],[162.475378800438591,-77.702992250076733],[162.478785046392119,-77.703097287336149],[162.481095317179353,-77.703300386522585],[162.484759028650444,-77.703413107788123],[162.487988240306237,-77.703229318773708],[162.491507238317666,-77.702998162375081],[162.494313594877298,-77.702470931121553],[162.499061466923507,-77.701644648633817],[162.500968780833119,-77.70144828788959],[162.503959694781116,-77.701200632110499],[162.51697137602946,-77.700146499872957],[162.52561439031021,-77.699533615947217],[162.525940219868971,-77.700213912253886],[162.52447959858435,-77.70065031578946],[162.522574157305428,-77.700837392119169],[162.511634760935721,-77.702880296367539],[162.505889346749626,-77.704374664776836],[162.503603477757906,-77.705414156438167],[162.498063945891403,-77.705729314510663],[162.497005973516735,-77.706564951608527],[162.496818688206076,-77.70718229123257],[162.496071807480604,-77.70789566918144],[162.492833377717403,-77.708928469516579],[162.490010726785528,-77.709511968680061],[162.486197110381084,-77.709895247308879],[162.479638106264986,-77.710542590334981],[162.473264454644863,-77.711469558916647],[162.465702553204778,-77.712822457436786],[162.461494724254209,-77.7135990270164],[162.457568460973619,-77.714279956154002],[162.452284700410132,-77.715108165610005],[162.441761389821153,-77.716586000478259],[162.436785799215301,-77.717253395360061],[162.426590590615348,-77.718514288473912],[162.421722932099698,-77.718845047500992],[162.417404816418497,-77.719117302690691],[162.408528992934748,-77.719549991837312],[162.390049051678062,-77.721033948156403],[162.386489645227101,-77.721328388269015],[162.38379555740417,-77.721557088506273],[162.377807878600123,-77.722040776855692],[162.368321299424991,-77.722736752733525],[162.364852816308911,-77.722807888491701],[162.360659931301058,-77.722686713286734],[162.354437337938322,-77.722256204773743],[162.352174328994209,-77.721883371250584],[162.350427985582854,-77.721526375693529],[162.348888213843736,-77.720552895301466],[162.348511586848929,-77.720087993866429],[162.349662796233787,-77.718981453027851],[162.350594618377926,-77.7185478245338],[162.35179180321947,-77.71811305785991],[162.353464322452055,-77.717060934797189],[162.35337187176421,-77.716500662154985],[162.352989875130532,-77.716044961922123],[162.351808194163056,-77.715582873853236],[162.350603684813223,-77.715224301977003],[162.349097990070902,-77.714979052627029],[162.346538002276418,-77.714710140001259],[162.344160933768393,-77.714682846032574],[162.34149576497046,-77.714750640198247],[162.338764876305703,-77.714995457780134],[162.336287604920187,-77.715295655859649],[162.332698942228433,-77.715749775174416],[162.326298457435456,-77.716729710565204],[162.32293826682573,-77.717294782719293],[162.315033772457184,-77.718812679756738],[162.311330687092266,-77.719602831130061],[162.305046668841157,-77.721029936023783],[162.301564781878284,-77.721940161283541],[162.296562833481033,-77.723492472356142],[162.294754357792925,-77.724143652613435],[162.29319941868809,-77.724850271138834],[162.291965575835974,-77.725397144585344],[162.290489744396695,-77.725832033649084],[162.289332746518653,-77.726145240662248],[162.285591796525182,-77.727047410710398],[162.282454407007492,-77.727732556564078],[162.279659302266708,-77.728192486120776],[162.274099448325813,-77.729143034414463],[162.272073395650466,-77.729492727401094],[162.270885081723833,-77.729717775629524],[162.269669601133302,-77.729291123714646],[162.269290335167994,-77.728835294693511],[162.268943950193972,-77.728267018955876],[162.269290953842642,-77.72804094107218],[162.269621647337715,-77.727825700706958],[162.270500732161366,-77.727560536134803],[162.271407316766755,-77.727230345195053],[162.271504035592585,-77.726950224782954],[162.271666395714021,-77.726445211419346],[162.271036038046134,-77.725934090397686]]]]}},
{"type":"Feature","properties":{"SURFACE":"lake"},"bbox":[163.386265656747383,-77.766592951952248,163.402694716293752,-77.761956757907086],"geometry":{"type":"MultiPolygon","coordinates":[[[[163.394015841334209,-77.762035048659271],[163.396683771839918,-77.761956757907086],[163.399766965587759,-77.762379650543366],[163.401515004473168,-77.762851102153149],[163.400543225646487,-77.763701599356523],[163.400670770145041,-77.764270109067695],[163.402694716293752,-77.764682978329958],[163.400006184519611,-77.765454690245818],[163.399846651503736,-77.765500416553763],[163.397887482993696,-77.765927560238467],[163.394584672001997,-77.766402762197743],[163.391882910242089,-77.766592951952248],[163.390310430400632,-77.76652203291026],[163.389289959774459,-77.766343512443399],[163.388300523296806,-77.766043451627766],[163.388188759078844,-77.765839263373167],[163.388116092007465,-77.765708795808791],[163.386265656747383,-77.764480282660045],[163.388402928837849,-77.763275999859729],[163.389922994206927,-77.762498173326165],[163.394015841334209,-77.762035048659271]]]]}},
{"type":"Feature","properties":{"SURFACE":"lake"},"bbox":[161.174223107838969,-77.564667893254025,161.200617816833699,-77.561843618661825],"geometry":{"type":"MultiPolygon","coordinates":[[[[161.192814525559555,-77.561882331351654],[161.195981468652718,-77.562085847136785],[161.197057056573726,-77.562241655017175],[161.199781419412858,-77.562835611983658],[161.200617816833699,-77.563108433747274],[161.199726507700518,-77.564013962116192],[161.197992143814304,-77.564540445801001],[161.195666703071822,-77.564667893254025],[161.181792054614363,-77.564447721430085],[161.177810823685348,-77.564145818611934],[161.17619972371935,-77.563883303412808],[161.174223107838969,-77.562997843454255],[161.178780132725194,-77.562226887061044],[161.181889053694874,-77.562089836869404],[161.191500906186633,-77.561843618661825],[161.192814525559555,-77.561882331351654]]]]}},
{"type":"Feature","properties":{"SURFACE":"lake"},"bbox":[162.017918321856854,-77.623329516963949,162.041143369110983,-77.617484552344152],"geometry":{"type":"MultiPolygon","coordinates":[[[[162.04032313316921,-77.61759016226263],[162.041143369110983,-77.617484552344152],[162.040673364860027,-77.618265069894761],[162.039369867825883,-77.619159852442479],[162.036115120125089,-77.620521714105294],[162.033826861807057,-77.621223667802937],[162.031580989268576,-77.621756352291683],[162.027969597363779,-77.622500226692665],[162.025244703143443,-77.622856057166189],[162.021475348627433,-77.623206180829158],[162.020132018479757,-77.62330407757797],[162.018022526125691,-77.623329516963949],[162.017918321856854,-77.622767302235857],[162.018089265410481,-77.622147690112811],[162.019362210903182,-77.621317727991752],[162.020890374797574,-77.6205438071689],[162.022905443966749,-77.619899455854664],[162.025158027425846,-77.619309903255413],[162.027395025065431,-77.618824508102193],[162.029879054553959,-77.618356292592949],[162.033122619750714,-77.61800787172912],[162.035783612058793,-77.617867657713816],[162.03818756384544,-77.617728681995999],[162.04032313316921,-77.61759016226263]]]]}},
{"type":"Feature","properties":{"SURFACE":"lake"},"bbox":[162.657060193163176,-77.666287886834652,162.680571876120439,-77.657882906113713],"geometry":{"type":"MultiPolygon","coordinates":[[[[162.677128635348225,-77.65804694776331],[162.679672656049149,-77.657882906113713],[162.680571876120439,-77.659782887319054],[162.679361909141477,-77.660331457827596],[162.677375688173242,-77.66080920902472],[162.673184505014063,-77.66070134788869],[162.670355108539212,-77.661389798054302],[162.669665278000792,-77.661944454627417],[162.668646814743823,-77.662715556855886],[162.667136427426215,-77.663368042524965],[162.665330075350511,-77.664134274596236],[162.660045086455426,-77.665974724057392],[162.657307408750285,-77.666287886834652],[162.65776206943292,-77.664764002238513],[162.657664985384542,-77.664204488420054],[162.657102778706644,-77.66341369519769],[162.657060193163176,-77.662676650565686],[162.658261286511845,-77.662184714157874],[162.661497393809043,-77.661046733116478],[162.668707133139776,-77.658943936740911],[162.670354817552834,-77.658691556629762],[162.673358289284891,-77.65833892463192],[162.677128635348225,-77.65804694776331]]]]}},
{"type":"Feature","properties":{"SURFACE":"lake"},"bbox":[162.74823302100765,-77.645222682855703,162.783452858610588,-77.641244971476652],"geometry":{"type":"MultiPolygon","coordinates":[[[[162.777729049273347,-77.641492896704221],[162.780167210778643,-77.641244971476652],[162.781963435964741,-77.641430851902555],[162.783452858610588,-77.641729758127425],[162.783111114881905,-77.642011989301366],[162.770711955799243,-77.64398104774763],[162.767729465113035,-77.644278560293031],[162.753248967277869,-77.645222682855703],[162.749331329409472,-77.64511482173225],[162.748348910415416,-77.644877985564307],[162.74823302100765,-77.644365189896561],[162.749390370662212,-77.643994206551014],[162.753191561677539,-77.643589273796707],[162.767231075792921,-77.642358719444886],[162.771451953744588,-77.642305449309418],[162.776317841343683,-77.641856608856088],[162.777729049273347,-77.641492896704221]]]]}},
{"type":"Feature","properties":{"SURFACE":"lake"},"bbox":[162.786962385672979,-77.640376553231334,162.938691205011935,-77.624288805313071],"geometry":{"type":"MultiPolygon","coordinates":[[[[162.854796633168405,-77.63012644978896],[162.870389909166079,-77.627909244413146],[162.879080957326437,-77.626892830566163],[162.881530826104949,-77.626587951205693],[162.887587603214257,-77.625587906821778],[162.890336444836436,-77.625121784462877],[162.893578462660116,-77.624821498884671],[162.896201828235263,-77.62480412520955],[162.898773908274791,-77.625002349100711],[162.901089053180414,-77.625202643097452],[162.902686429907391,-77.625108019013823],[162.906380338365466,-77.624694571472489],[162.911311828827934,-77.624315052327233],[162.91394753345196,-77.624288805313071],[162.91653199688983,-77.624868504952644],[162.916814775069696,-77.625001387848314],[162.918391301600309,-77.625743152322542],[162.919580522209458,-77.626202321969956],[162.921487130875391,-77.626908662370951],[162.92268184798354,-77.627320562096813],[162.925650082265832,-77.628020581885337],[162.926887007156353,-77.628273375552297],[162.930864562350052,-77.62910638034711],[162.931487733439582,-77.629240209466417],[162.937816386779389,-77.63060140913035],[162.938691205011935,-77.631001662461827],[162.934380463610012,-77.631241758540412],[162.92423670256116,-77.631269320670512],[162.914755309468575,-77.630940230186908],[162.900840398662638,-77.631832554480781],[162.889150008362321,-77.632737699107579],[162.886512436848989,-77.63276370195139],[162.884942161309112,-77.632745818669946],[162.883629069070651,-77.632725848390479],[162.881044505646116,-77.632145822385013],[162.879813167472378,-77.630893225911862],[162.876651361510596,-77.630913074524315],[162.871645498395964,-77.630963495119971],[162.858942383175872,-77.63316248074139],[162.854591878070892,-77.634627463854628],[162.852926557003968,-77.635898456342403],[162.833110250023765,-77.638121978959006],[162.829912138711336,-77.638300938988138],[162.820297669613353,-77.638798189104932],[162.806823371487013,-77.639973074158277],[162.802566843512892,-77.640138802042884],[162.799758303863911,-77.640219428005977],[162.794080207232071,-77.640376553231334],[162.790937872946017,-77.640330156268973],[162.788374366287456,-77.640122027418158],[162.786962385672979,-77.6394948026728],[162.792166896459122,-77.638772892845253],[162.797058513453806,-77.638220726074422],[162.810066724074147,-77.636863093905291],[162.814909661052411,-77.636478957646347],[162.819483482445236,-77.636086459093463],[162.828693659314041,-77.635133961942316],[162.831459415744831,-77.634659741838647],[162.833795728338515,-77.633795122720258],[162.836351714952315,-77.633145073761824],[162.83941843898873,-77.632519284386191],[162.854796633168405,-77.63012644978896]]]]}},
{"type":"Feature","properties":{"SURFACE":"lake"},"bbox":[161.444372731018035,-77.542839696781783,161.670400325123722,-77.521720622490392],"geometry":{"type":"MultiPolygon","coordinates":[[[[161.49995222720645,-77.539129953759087],[161.490775870670063,-77.537593821227659],[161.485251170403245,-77.537367231152913],[161.482389611172152,-77.537400256221673],[161.480065132839428,-77.537472089717255],[161.476706637535415,-77.537613070979745],[161.474112427220547,-77.537703736178472],[161.472798917257961,-77.537656702915967],[161.471702890814839,-77.537385472473204],[161.470277458008695,-77.536783294842095],[161.468294487805167,-77.536015989629988],[161.465552856112993,-77.535308904977001],[161.460519239926867,-77.53490609609598],[161.457121852042292,-77.53488081671955],[161.453728553768286,-77.53486538701533],[161.45061060755998,-77.534889059105453],[161.447731346870484,-77.534862803368199],[161.444372731018035,-77.534581009305271],[161.444842751429576,-77.53429832710934],[161.455731565315546,-77.533100507741565],[161.459862026988134,-77.532948590615106],[161.46459509643006,-77.533185750740657],[161.465922282526208,-77.533281837024873],[161.468310545020387,-77.53348351447687],[161.470186635884971,-77.533744066679489],[161.471562944989245,-77.534131580023299],[161.474252248379145,-77.534489325131332],[161.475568757512974,-77.534594172043583],[161.477604928720922,-77.534348014402099],[161.483490255438994,-77.533785267600138],[161.484974581398149,-77.533441588028296],[161.48671160316232,-77.533029814284546],[161.488212515946117,-77.532735309299639],[161.489474875904506,-77.53249072470507],[161.494096593016621,-77.5321723289114],[161.500086196272349,-77.53210624199852],[161.506038315516975,-77.531941367404087],[161.508075941134933,-77.531695157574987],[161.509815694846594,-77.531283504494368],[161.512584950205365,-77.530869438222609],[161.521535802562767,-77.530047736544603],[161.524607328452902,-77.529799320270214],[161.528749186604472,-77.529637701351731],[161.540528272126778,-77.528616647499575],[161.547377016723942,-77.527767438182352],[161.559813530670965,-77.526188875039054],[161.571685745461792,-77.525039298284909],[161.574724897052278,-77.524049630094993],[161.601483696709096,-77.522503012699076],[161.606640014517382,-77.522288693620794],[161.620845330635206,-77.521755825732015],[161.623960417555622,-77.521720622490392],[161.625539853253571,-77.521757313858245],[161.626583493322784,-77.521803472416082],[161.62949797219531,-77.521993500394629],[161.631073238835995,-77.522096970484213],[161.635310658164173,-77.522391448839144],[161.647926132966347,-77.522931912657413],[161.651041438376836,-77.52289639111379],[161.653380836789296,-77.522872332646187],[161.656240305574585,-77.52284717595532],[161.658583865919297,-77.522880888896069],[161.660431529630728,-77.522974916697549],[161.659195422310376,-77.523528638585773],[161.658984086023452,-77.523753154955486],[161.660974892277153,-77.5242600433983],[161.662619443412808,-77.524636660159814],[161.663909342421931,-77.524623593487874],[161.666533299881792,-77.524706048532224],[161.669279812924771,-77.525353221408082],[161.670400325123722,-77.525673076406164],[161.667444222589836,-77.527675784986286],[161.665685549207694,-77.527971669254711],[161.661513018048055,-77.527902991226995],[161.653235030645078,-77.529390382676567],[161.652229757881997,-77.529577211928327],[161.650211512545837,-77.529873619112138],[161.648172885604225,-77.530063100820556],[161.645531296899719,-77.529921749607311],[161.642651545263277,-77.529897519612007],[161.639602709318808,-77.530206285048777],[161.629938729987344,-77.531315849175371],[161.6276862652565,-77.531729580610985],[161.626729833168099,-77.532140387333371],[161.624974829209151,-77.532493912419071],[161.623196881724908,-77.53268278419543],[161.620848602712698,-77.532638956968597],[161.613615656671726,-77.531765081094619],[161.612462914789518,-77.53127000118765],[161.612883553859206,-77.530763217673993],[161.615481117233116,-77.528322361799752],[161.617490953373078,-77.527968042604726],[161.61973611597611,-77.527486781435613],[161.620953010293675,-77.527085120563768],[161.620343187158483,-77.526696160701604],[161.618474001433071,-77.526494851384868],[161.616905222769958,-77.52645892468712],[161.614882661856115,-77.526697242985477],[161.612635751580086,-77.527168751214944],[161.604964485904446,-77.529101341617562],[161.603257292056895,-77.529630779746967],[161.601827088968662,-77.530256834647318],[161.597821430610765,-77.532203442593385],[161.597373877985689,-77.532545290140803],[161.597198097926764,-77.533002564027157],[161.597356967581419,-77.533723628703086],[161.597193666005495,-77.53418180127224],[161.595577726339826,-77.535149374528999],[161.594333137952049,-77.535443560530098],[161.588266951943467,-77.536350307989849],[161.58114377566335,-77.537152224638277],[161.576008467606641,-77.537540682081143],[161.573218981971195,-77.537905958406995],[161.571453680809867,-77.538191421475872],[161.568483165353371,-77.538754662745887],[161.564688292412058,-77.539507968543703],[161.562205459205899,-77.540096679275024],[161.555327245305762,-77.540829479529393],[161.533523259421258,-77.54255916884523],[161.530948970756299,-77.542757401709466],[161.528363691369265,-77.542839696781783],[161.523377356185563,-77.5427200821659],[161.50530957617022,-77.541099989388499],[161.503170244040803,-77.540782430112898],[161.502564701186259,-77.540393280688193],[161.50081677267687,-77.539518631537305],[161.49995222720645,-77.539129953759087]]]]}},
{"type":"Feature","properties":{"SURFACE":"lake"},"bbox":[163.054438484119487,-77.623437216506886,163.25914097254639,-77.598272612770216],"geometry":{"type":"MultiPolygon","coordinates":[[[[163.073572859372831,-77.61742777543904],[163.078342876650538,-77.617253961031494],[163.087892654013217,-77.615850882250285],[163.08667181582976,-77.615504901107599],[163.085052858632565,-77.614638293804219],[163.086574542597532,-77.613814885862652],[163.089575796279746,-77.613401909487209],[163.092542961629164,-77.613100832567767],[163.094985691736895,-77.612784554859346],[163.097489503788665,-77.612205919536208],[163.100577128161461,-77.611446577028701],[163.102326957463106,-77.610742678850031],[163.104088909847036,-77.610030062212431],[163.106400600251618,-77.609210617263955],[163.109140003981537,-77.608742427169631],[163.112625526924546,-77.608446487421986],[163.116360819181409,-77.608204829072363],[163.120836417870407,-77.608144495057601],[163.125056927307668,-77.608029437422047],[163.128512123542407,-77.607845474192146],[163.131336336170051,-77.607087847610458],[163.133300641131569,-77.606559535237494],[163.135757761163205,-77.606186920055421],[163.144956181463556,-77.605064238902855],[163.147340644979352,-77.6049721047481],[163.154249567778038,-77.605668597568894],[163.157813276136295,-77.606052384152548],[163.162629808111546,-77.606726693006181],[163.165980552499747,-77.606934860358166],[163.168378411855286,-77.606795854711734],[163.168535532259455,-77.606178531814805],[163.167555895979689,-77.60588671016545],[163.162887800376865,-77.60465163771174],[163.160274749828716,-77.604624451112258],[163.157081282674113,-77.604806731031331],[163.154236969043723,-77.604659857923934],[163.152261822724853,-77.604189117958882],[163.154242289743706,-77.603595233188173],[163.158242343451263,-77.603360846392249],[163.162465531208198,-77.603235993582089],[163.166683966469861,-77.60312027876553],[163.170710438574247,-77.602773353356227],[163.174877361739505,-77.60181750974705],[163.182968054850079,-77.599880465166379],[163.186042659525498,-77.599129357168778],[163.189394009091814,-77.598272612770216],[163.192973989403413,-77.598647541924365],[163.197092825914893,-77.599988995814712],[163.198525336244842,-77.600566735687565],[163.200136486013463,-77.601431727020696],[163.202587316072794,-77.602132490424879],[163.204564056762024,-77.602602855920097],[163.206872324675402,-77.602799997212188],[163.213410817909676,-77.602871952460831],[163.21683685238807,-77.602799204314124],[163.237158935986912,-77.602242152634332],[163.240721839713842,-77.601607714392074],[163.242382527341903,-77.601239907597446],[163.242535864545914,-77.600622547893011],[163.247103889387233,-77.600167128324088],[163.252273033517781,-77.600453782822015],[163.253005921436568,-77.600681722440711],[163.25340141485654,-77.601191969673167],[163.253244811652479,-77.601809090415344],[163.253385143862118,-77.602321853708972],[163.253793097242664,-77.602775880669341],[163.255013857246951,-77.603177883275308],[163.257014193365251,-77.603544706397543],[163.258716751269048,-77.604072838255206],[163.25914097254639,-77.604518389332057],[163.257987212280142,-77.604909538463332],[163.252164733613256,-77.606234565710295],[163.245317709661776,-77.607398295794198],[163.24068949585299,-77.608078083325154],[163.235615832902283,-77.608472395315303],[163.233504260156337,-77.608506929932773],[163.231021322730385,-77.607966144741084],[163.228717050490076,-77.607722031813893],[163.226337289675939,-77.607805687575549],[163.220957171893986,-77.608360516500994],[163.21909597269692,-77.608449165633459],[163.216498365242927,-77.6083665555918],[163.211020496291383,-77.608239982250012],[163.207882780832847,-77.608207854946386],[163.201260588156089,-77.608472750724857],[163.197234380741065,-77.60882022294939],[163.190750278790574,-77.609588205477792],[163.172072882329331,-77.611903794984968],[163.16848685815026,-77.612593298933902],[163.166741072396604,-77.613250125294783],[163.167340950331095,-77.614030706268395],[163.170145425909965,-77.614345850543117],[163.176463759066735,-77.6142519166212],[163.178832360524609,-77.614224923462345],[163.180397285213303,-77.614250367888417],[163.182588569895387,-77.614943913089789],[163.184272978425099,-77.615528502818421],[163.186302003278627,-77.615831179913386],[163.188578172864283,-77.616140347208017],[163.190959803865297,-77.616057026861398],[163.191404817087118,-77.615334813141146],[163.189908288913813,-77.615028664689376],[163.187409859295428,-77.614552974622455],[163.18570510826919,-77.614024131283983],[163.18389133546404,-77.612879728703362],[163.184022314622354,-77.612374827712941],[163.185066437139398,-77.612385497371918],[163.187434660120971,-77.61235842800248],[163.190125562234556,-77.61210507544078],[163.197488272427279,-77.610956650704409],[163.19815902005368,-77.610401204098025],[163.200221741931017,-77.60947014881242],[163.208715962940431,-77.609060330413314],[163.211347727863853,-77.609031151539071],[163.213117518758253,-77.609288342700921],[163.213808658498408,-77.609684807290904],[163.21612387379102,-77.611963969421382],[163.21667051939346,-77.612921401427229],[163.214943648851914,-77.613522568865363],[163.212403518689342,-77.61427072077403],[163.20959823626967,-77.614982692635394],[163.196544037685584,-77.617863883099361],[163.193864274829536,-77.618108590842454],[163.187334308637872,-77.617980181577821],[163.184247606633306,-77.617723061797591],[163.181962368874537,-77.617413280697775],[163.179132664652769,-77.617210779445301],[163.176745653575296,-77.617293665250514],[163.171675112762102,-77.617630302153813],[163.168768861718263,-77.617707962026827],[163.166730961576093,-77.61746161640761],[163.164233801590683,-77.616976255323465],[163.162119299985079,-77.617010143352303],[163.152893417093054,-77.618198698355442],[163.152586559475651,-77.618368947243624],[163.149840957678435,-77.619902245463194],[163.150773764905324,-77.620362216965233],[163.151200867156035,-77.620713265851663],[163.149434453384401,-77.621473385321153],[163.138630845331306,-77.62264487103127],[163.131939235449209,-77.623179938320703],[163.128464252800256,-77.623420003322295],[163.124780392217474,-77.623437216506886],[163.121702146348724,-77.62317041483476],[163.115582460568703,-77.622429834297776],[163.112534589261969,-77.622050742069476],[163.108877265227989,-77.621955303046178],[163.106471573922249,-77.622150572526792],[163.103811473074671,-77.622281698116851],[163.094806419511031,-77.621561845174966],[163.092496429437546,-77.621363727912595],[163.087149447944029,-77.620739281116158],[163.086478414262075,-77.620276980140545],[163.087350338920686,-77.619953345915675],[163.089759710099401,-77.619758497552709],[163.091405790741874,-77.619494846242802],[163.091232567519398,-77.619150629134637],[163.083414069970843,-77.617936816566569],[163.082582094344644,-77.618101327566222],[163.074674836913147,-77.620248946476408],[163.065243723061087,-77.621155420321614],[163.057122031398251,-77.621357540899339],[163.056827557645761,-77.62057719422657],[163.056064998904844,-77.619499873362514],[163.054438484119487,-77.618318513508711],[163.061480717642553,-77.617503816013752],[163.064684558666357,-77.617265965575314],[163.067876655960305,-77.617131963666168],[163.070726625964653,-77.617280008940014],[163.073572859372831,-77.61742777543904]]]]}},
{"type":"Feature","properties":{"SURFACE":"lake"},"bbox":[163.327579520919613,-77.620494771421946,163.354824760334793,-77.615920510826271],"geometry":{"type":"MultiPolygon","coordinates":[[[[163.335530829191526,-77.619357119235147],[163.333765667173139,-77.619006290548199],[163.328332031447701,-77.618714340335899],[163.327579520919613,-77.618542500236316],[163.330016523493128,-77.618233524494343],[163.332667085898123,-77.618147249085652],[163.335300496177723,-77.618116847685485],[163.338285522369233,-77.61770050562491],[163.338337411936777,-77.617475843810695],[163.338543094345908,-77.616634076231719],[163.34001199883221,-77.615977908476523],[163.344741497635596,-77.615920510826271],[163.347101329248289,-77.61593896229904],[163.350495395955818,-77.615985750544951],[163.353092447320563,-77.616123854860561],[163.354824760334793,-77.616538930462013],[163.354492700824352,-77.616859593493928],[163.352584437360292,-77.617126657370079],[163.350975838488864,-77.61727994866844],[163.349367199491837,-77.617433230321708],[163.346945363162178,-77.617686318128563],[163.34662178186835,-77.617960034672123],[163.345917565656805,-77.618684296727736],[163.345336416074531,-77.618903492249004],[163.340112989533992,-77.619917236545106],[163.336826405497277,-77.620494771421946],[163.336215585218838,-77.6197620734726],[163.336002545428443,-77.619529900593307],[163.335530829191526,-77.619357119235147]]]]}},
{"type":"Feature","properties":{"SURFACE":"lake"},"bbox":[160.760203678182108,-77.340115816814262,160.930402434255399,-77.326192304889503],"geometry":{"type":"MultiPolygon","coordinates":[[[[160.760203678182108,-77.330154610141065],[160.760820788438537,-77.329084310551323],[160.763095181084282,-77.328824941842143],[160.7653984816221,-77.328876055577467],[160.767017090895251,-77.329090287295742],[160.769328591522537,-77.329465918381857],[160.774305873747636,-77.330212887860441],[160.778709463067656,-77.330511248038647],[160.784704614984065,-77.331200939856771],[160.787309681455895,-77.331515708281088],[160.7904606681291,-77.331997390278985],[160.792813427268754,-77.332321693051895],[160.795934977022455,-77.332695075716231],[160.799302544950564,-77.33289456281787],[160.802657799976686,-77.333035267823306],[160.805983192804376,-77.333067697189207],[160.808795558371287,-77.332935706783275],[160.818716504848879,-77.332527618222244],[160.821797661784615,-77.332502693668616],[160.826886421253192,-77.332303442806065],[160.834529721046977,-77.331961844367854],[160.836545497207453,-77.331720711244728],[160.840766472089598,-77.330848418594982],[160.841195556863767,-77.330341878915121],[160.840873926465719,-77.329893667859679],[160.839516261855209,-77.329337582373924],[160.83841652235256,-77.328907072419483],[160.837317887837372,-77.328409229582007],[160.836762363711074,-77.327978071835801],[160.836452322944638,-77.327736557704114],[160.836115427461635,-77.327181234792917],[160.836868740316106,-77.326622392871485],[160.840573053691287,-77.326192304889503],[160.842369254085241,-77.326232971818214],[160.844436879392561,-77.326390609541065],[160.852060899411384,-77.327125756064063],[160.855973664000771,-77.327539410174069],[160.863893764382368,-77.329057276320327],[160.866282933204843,-77.329605027145661],[160.868660808953905,-77.330094114574663],[160.87105123172006,-77.330574493848033],[160.873597987721098,-77.330912691898774],[160.876289332997516,-77.331261853936724],[160.885894763923233,-77.332098220797391],[160.910067369159549,-77.334098177734859],[160.913429769489085,-77.334295635753293],[160.925357974191598,-77.335104325069906],[160.928735197323078,-77.335350793839183],[160.930076703076651,-77.335741234070738],[160.930402434255399,-77.336247143762776],[160.928578142628083,-77.337658370158422],[160.927392431681454,-77.338290318057759],[160.925897998757307,-77.338581253281632],[160.92359170658554,-77.33859888472665],[160.920502912136982,-77.338509029778308],[160.917957229538899,-77.338700957185594],[160.915702371067709,-77.338991928507028],[160.912970209641088,-77.339573940637479],[160.908440610458854,-77.340115816814262],[160.905097164168893,-77.340083482607099],[160.878752503518342,-77.338997011451326],[160.865312021916509,-77.338369668410408],[160.855389735402611,-77.337768650392306],[160.852442023691168,-77.336937626622827],[160.847525328325958,-77.336582474029171],[160.840928301014742,-77.336638437157134],[160.837606478228196,-77.336385319923266],[160.833503305522783,-77.335388867119804],[160.821915906226053,-77.334765271230239],[160.819082492986752,-77.334674310609572],[160.811395398152399,-77.334665550063505],[160.795515141330895,-77.334839857772764],[160.789168941739746,-77.335337455173899],[160.78480844460509,-77.335370225487239],[160.780955203398833,-77.335287579407478],[160.778360930778859,-77.33513738205184],[160.768795361861493,-77.332787246590357],[160.761871868195186,-77.330985631078804],[160.760521227368685,-77.33054502285286],[160.760203678182108,-77.330154610141065]]]]}},
{"type":"Feature","properties":{"SURFACE":"lake"},"bbox":[161.026079186857373,-77.345947798504,161.065113894856864,-77.342990244192265],"geometry":{"type":"MultiPolygon","coordinates":[[[[161.026479227596269,-77.343951292791601],[161.029221791542625,-77.3434172927183],[161.032237654641705,-77.343057767409064],[161.033511920165324,-77.342990244192265],[161.035074483433988,-77.343146416846324],[161.039542992968137,-77.343781101946746],[161.045464808424526,-77.343899913344572],[161.052137174312378,-77.343901943255887],[161.062151935667345,-77.343933986179806],[161.063965030635273,-77.344031856464539],[161.064770248229024,-77.344246267538196],[161.065113894856864,-77.344752938300914],[161.064660970709099,-77.345084320308331],[161.061176607073008,-77.345793635512734],[161.059918272489796,-77.345910587053041],[161.056576729914951,-77.345947798504],[161.05292528846914,-77.345586577792758],[161.051100815708537,-77.345372375164843],[161.049537776149378,-77.345216297667648],[161.047230444149875,-77.345235020510088],[161.038487913420681,-77.345134765752931],[161.028950659682181,-77.344935863361826],[161.026079186857373,-77.344623328835951],[161.026479227596269,-77.343951292791601]]]]}},
{"type":"Feature","properties":{"SURFACE":"lake"},"bbox":[161.156591899835973,-77.353315529562096,161.191591047549736,-77.346138816020925],"geometry":{"type":"MultiPolygon","coordinates":[[[[161.170035775848618,-77.352567262538628],[161.163170751981113,-77.351506573834371],[161.160222497056424,-77.351593809294883],[161.157815555656782,-77.349530065239435],[161.15719027603086,-77.348858574159237],[161.156765326337393,-77.347971381174489],[161.156591899835973,-77.34695882118011],[161.160659807128098,-77.346695913866284],[161.173395114162219,-77.346138816020925],[161.175977345369461,-77.346235620587237],[161.17934031398849,-77.346371487317299],[161.183780858702136,-77.346837622703603],[161.186954006679599,-77.3473724191022],[161.189983128176635,-77.348521030571277],[161.191139639806806,-77.349241562873175],[161.191591047549736,-77.350370729361089],[161.191416432024084,-77.350818958711457],[161.190791612697865,-77.351666032007387],[161.190320747560349,-77.351890361863241],[161.188376587976393,-77.352466036171961],[161.186364278028094,-77.352709889600121],[161.184094130109429,-77.35295371200074],[161.179004796207977,-77.353227349901871],[161.175422885982528,-77.353315529562096],[161.172588346712956,-77.35328648179609],[161.170035775848618,-77.352567262538628]]]]}},
{"type":"Feature","properties":{"SURFACE":"lake"},"bbox":[161.832868560867126,-77.398470887882397,162.05362286896144,-77.38117219658055],"geometry":{"type":"MultiPolygon","coordinates":[[[[161.856372105596193,-77.381294375838849],[161.859725439345453,-77.381304742348675],[161.861832672136501,-77.381503467214046],[161.86624208347564,-77.3816850671937],[161.873188651068574,-77.381665218653154],[161.875770029881465,-77.38162971897421],[161.87986531642585,-77.381530170956665],[161.883437120206594,-77.381440994027045],[161.886765961864796,-77.381343975799922],[161.888817394519634,-77.381260901786561],[161.892129499413329,-77.38117219658055],[161.897041037846094,-77.381226434851612],[161.901178317593519,-77.381292272841151],[161.908169470985598,-77.381437392359217],[161.92719800577774,-77.38133098056241],[161.93182154810529,-77.381277896026972],[161.940569680090249,-77.381231620327839],[161.955000102136353,-77.381293081656437],[161.957339536319381,-77.381383086501586],[161.959174062009083,-77.381532803686198],[161.961840713476334,-77.38188523088813],[161.966396637188069,-77.382620773166565],[161.969641074297243,-77.383320327406764],[161.972339363795896,-77.383789650243983],[161.983348128245609,-77.385691409479051],[161.988117212694306,-77.386250219465666],[161.989974574898298,-77.386458661812625],[161.991034229243752,-77.386553046130629],[161.995236619619021,-77.386889695847927],[161.99972186561331,-77.386997643325302],[162.002549339640467,-77.387045264442648],[162.005058113192035,-77.387251974163064],[162.007003434499183,-77.387619542940612],[162.009414914133401,-77.388106235814931],[162.012361541371661,-77.388554326932024],[162.015854134219893,-77.388897612654091],[162.019926940168062,-77.389071552609835],[162.02405667315125,-77.389077305173387],[162.032372244810318,-77.388882192568872],[162.036044568009544,-77.388711915258881],[162.039976032965114,-77.388550377190967],[162.043306862938408,-77.388604469625648],[162.048518293341772,-77.389241036683885],[162.050198045022796,-77.389608508864967],[162.052122529544079,-77.390031525071763],[162.053451188986031,-77.390680121687993],[162.05362286896144,-77.390912197624871],[162.050154599122209,-77.392034312390081],[162.046508222870898,-77.392139740277074],[162.04419187458052,-77.392109727590366],[162.040817419149022,-77.392167381258304],[162.037899195048169,-77.392400736536345],[162.034414969324388,-77.392794827480898],[162.032186920010503,-77.393268269701693],[162.03122552487801,-77.393812266597337],[162.030795479677693,-77.394317379372893],[162.03010121086956,-77.394861168495424],[162.028602221595776,-77.395462747260041],[162.02560798638342,-77.396130596418274],[162.021966263658186,-77.396762140234415],[162.018985981944894,-77.39716315015238],[162.01630413067025,-77.397460945048635],[162.013630067086012,-77.397749708962564],[162.010719887607735,-77.397935638774229],[162.007290830793437,-77.398151718959141],[162.003891327534575,-77.398274206557232],[161.999464744838008,-77.398371650649821],[161.994608974354719,-77.398256834445149],[161.988979612904302,-77.398431404803873],[161.98589632619192,-77.398470887882397],[161.982538797810207,-77.398452604395771],[161.979966031290616,-77.398384761552649],[161.963563133002992,-77.397831925240595],[161.952375607089095,-77.397400151260598],[161.948995775385697,-77.39727457946023],[161.946393540445769,-77.397185144872438],[161.939420113751623,-77.39715778358935],[161.927758428358487,-77.397169570724046],[161.916983729530898,-77.397129217627437],[161.906822432617133,-77.396682351120802],[161.901343604088794,-77.396406419624711],[161.880990219435716,-77.393096583748658],[161.874010477055521,-77.391879918030511],[161.866960867958937,-77.390389946786911],[161.862966782133469,-77.389817088518228],[161.859231667903458,-77.389300966214677],[161.855152893708805,-77.388329383460672],[161.850747922960807,-77.387085432074358],[161.849837713881698,-77.386532016274543],[161.848912541554938,-77.38580519977863],[161.847091275986372,-77.384659970243689],[161.843827294544781,-77.383842149501973],[161.840397091170928,-77.383491035509564],[161.835614645266475,-77.382870592916305],[161.833732582834585,-77.382496305247955],[161.832917366565738,-77.382332536281794],[161.832868560867126,-77.382108830361119],[161.834377831683838,-77.381987270787974],[161.836175084904767,-77.381905499324404],[161.856372105596193,-77.381294375838849]]]]}},
{"type":"Feature","properties":{"SURFACE":"lake"},"bbox":[162.203283452487256,-77.416258571457846,162.28198904669685,-77.404183592588055],"geometry":{"type":"MultiPolygon","coordinates":[[[[162.204419321107963,-77.412981057973397],[162.219846014560801,-77.408432777698792],[162.225187989943464,-77.407105777081497],[162.233009157925977,-77.40526422196821],[162.237639996791358,-77.404183592588055],[162.242384315710666,-77.404687016022578],[162.242481169964009,-77.404702140315266],[162.246313916758083,-77.405314923031938],[162.248981142054504,-77.405864157390454],[162.256149404285253,-77.406870789852476],[162.259381057478492,-77.407258670850581],[162.262906009777993,-77.407542789564673],[162.26625182325202,-77.407585127990856],[162.269798899669638,-77.407803822836925],[162.273595690361873,-77.408039868381664],[162.278291644519697,-77.408720533623722],[162.27968748760793,-77.409199818050212],[162.28198904669685,-77.41007644922901],[162.281832456269626,-77.410581263644758],[162.281138281707712,-77.411125035815701],[162.279215601322704,-77.411497275453726],[162.276277015542263,-77.411789176666986],[162.267937367266285,-77.412000692279776],[162.266821715547081,-77.411808302516306],[162.258321556241526,-77.411731335159985],[162.251596210690025,-77.41173973037057],[162.244026158354842,-77.411966006646892],[162.239293923402784,-77.412227864993241],[162.234562731979537,-77.412489724999986],[162.230592661278109,-77.412766475863506],[162.226975721673114,-77.41308696161073],[162.225471408899352,-77.41387986891624],[162.215032724384599,-77.415758446261449],[162.213143951515889,-77.416008559014557],[162.211253860856345,-77.416258571457846],[162.205801085304699,-77.415877221464442],[162.203283452487256,-77.414086356477611],[162.203736990633814,-77.413477928190517],[162.204419321107963,-77.412981057973397]]]]}},
{"type":"Feature","properties":{"SURFACE":"lake"},"bbox":[162.670161283385369,-77.442873499048105,162.814567330782211,-77.416594784186316],"geometry":{"type":"MultiPolygon","coordinates":[[[[162.702812105867565,-77.43506220635129],[162.705500149644052,-77.434701222555688],[162.707861264168685,-77.434575341448749],[162.712210271601208,-77.434746074273534],[162.713488774431568,-77.434813607762649],[162.717738704664043,-77.434424906562342],[162.726623009846804,-77.432291886619794],[162.727268420670043,-77.431849670366418],[162.729209048936696,-77.430475693872779],[162.72992007584071,-77.429809272230742],[162.730403367746362,-77.429022641268801],[162.730641950351384,-77.428181342127559],[162.730800156328172,-77.427620420373785],[162.730437457696951,-77.427062346519094],[162.729415611054577,-77.426135720049942],[162.732221283731178,-77.425334844059279],[162.734892924495938,-77.4241342882532],[162.735049641651557,-77.423573283760987],[162.735061534337063,-77.422621401956405],[162.736305772698927,-77.421895855596716],[162.737978044015506,-77.421466037409488],[162.739636634703317,-77.421054343894284],[162.743992873758174,-77.420310795221795],[162.746694857544981,-77.419903008702292],[162.752620851894079,-77.419027443254194],[162.754093480393692,-77.418374515861927],[162.755234612070836,-77.417994466515211],[162.7571721831753,-77.41756350271308],[162.759873141928466,-77.417155582870961],[162.764680539571941,-77.416594784186316],[162.76686181322637,-77.417085149065002],[162.766399328362667,-77.417806373289267],[162.765732204256352,-77.418361365853741],[162.763390195536374,-77.419336561505631],[162.758525773755764,-77.421017581049554],[162.757162922368963,-77.421277884822629],[162.755304532088701,-77.421428470846578],[162.752691880326608,-77.421508984174366],[162.750404065279525,-77.421411399311523],[162.747609741336078,-77.42121284190172],[162.744428241126712,-77.42150247234585],[162.743249961022144,-77.421994324516476],[162.741558117693756,-77.423432656829291],[162.741628048508005,-77.424104246798237],[162.743119242369147,-77.425205422805874],[162.745090814677098,-77.425567428690414],[162.74652583801398,-77.425978860729359],[162.747407285808663,-77.426495736524643],[162.747273067132738,-77.427001079920075],[162.747162848383141,-77.42739373156401],[162.744645538069562,-77.428033235689284],[162.743441356300508,-77.428637702480174],[162.744463170482192,-77.43050731622634],[162.745835715676719,-77.431143129074172],[162.747373391143469,-77.431218506017132],[162.748767772383928,-77.430845976744493],[162.748648943571027,-77.430342576489835],[162.748507290022985,-77.429942422161375],[162.748024006811789,-77.428919013145375],[162.749753602952779,-77.42827385144173],[162.751064351838011,-77.428229099237527],[162.75277366382204,-77.428592324701143],[162.753213818767932,-77.429774726797461],[162.753261288701907,-77.430511441159567],[162.753881078351839,-77.431982232924369],[162.755596367474311,-77.433241248153422],[162.75737733458854,-77.434276045910153],[162.760541131973042,-77.434994586548655],[162.764849760864251,-77.435285496959949],[162.769217946793674,-77.435399361728926],[162.774016128939195,-77.435846962986901],[162.780254111890656,-77.43666777487195],[162.781159559797885,-77.437128872441775],[162.781748139344813,-77.437806715766328],[162.782673069936664,-77.438211965285177],[162.784831291383142,-77.438805114174428],[162.786357771583596,-77.43888895471153],[162.790731161554874,-77.439002715736379],[162.794902266589446,-77.438883718911356],[162.801555862558672,-77.439188977582702],[162.806069354117113,-77.439702364295329],[162.813771918764559,-77.440868288762388],[162.814567330782211,-77.441750307875239],[162.813882722850138,-77.442332782246396],[162.810024714183783,-77.442235128407248],[162.802561365982172,-77.44207569524005],[162.79867858740451,-77.442080959631767],[162.794783432335208,-77.442094857607472],[162.791393515764099,-77.442209402933997],[162.784331719642978,-77.442457472873073],[162.780393227679269,-77.442630169394988],[162.77308259259425,-77.44287072065417],[162.769451585374611,-77.442873499048105],[162.766110395418139,-77.442781472238067],[162.763577947666164,-77.442572507114662],[162.762852633266903,-77.442399730196868],[162.764079133645311,-77.441739484864371],[162.765733684300017,-77.441365317336988],[162.763557742686004,-77.440827936162066],[162.739693414659371,-77.440064074900448],[162.737078003731398,-77.440144520265363],[162.735712612911925,-77.44040472206359],[162.733155841662011,-77.441213172562087],[162.731506181973828,-77.441530366484827],[162.728282492030417,-77.441941194054351],[162.725986124360645,-77.441843055472873],[162.726496912892657,-77.440953421815806],[162.727601825785598,-77.440694688335839],[162.731470891328939,-77.439841636963052],[162.732922858312094,-77.439291964505941],[162.733321043731905,-77.438794891304894],[162.73031267065474,-77.438467585484517],[162.728249651229646,-77.439423705219198],[162.726575821388451,-77.43984402843725],[162.724073450702008,-77.439455607274567],[162.723348865450902,-77.439282722628562],[162.72321380765456,-77.438825779770113],[162.723475168176122,-77.437928801322045],[162.725197605537659,-77.437330773511064],[162.726358452641392,-77.436894827883137],[162.726223371760369,-77.436447420294073],[162.71653517674369,-77.435925067863607],[162.714232576656258,-77.435835852810243],[162.711208001044412,-77.436469512293328],[162.710495593996654,-77.437135891539256],[162.709553290970717,-77.437739062932579],[162.707339263296092,-77.43821799059279],[162.704676178378378,-77.438466389478194],[162.698012064155847,-77.43826260332122],[162.695396762948036,-77.438342634516871],[162.692726106244862,-77.438638063986048],[162.686247849183758,-77.439561545069594],[162.681907449289241,-77.440239217955678],[162.675338502575471,-77.441489953067531],[162.674242309288758,-77.441701485874404],[162.672568767004719,-77.442083509516507],[162.670161283385369,-77.442377599874106],[162.672872254953802,-77.441065287785989],[162.67643859109279,-77.440335191214515],[162.678567591045152,-77.440136549654511],[162.684907003549455,-77.438813061635628],[162.690728690708937,-77.437482999758657],[162.692986241671235,-77.436835601615229],[162.699550965411731,-77.435584437259507],[162.702812105867565,-77.43506220635129]]]]}},
{"type":"Feature","properties":{"SURFACE":"lake"},"bbox":[162.773704522775205,-77.416971869586462,162.802081370553879,-77.410534338434758],"geometry":{"type":"MultiPolygon","coordinates":[[[[162.796026415546976,-77.410721509096021],[162.799179101336364,-77.410534338434758],[162.801777781545582,-77.410938281021743],[162.802081370553879,-77.411130185565],[162.800504819549019,-77.411461864074724],[162.800170887504351,-77.411734550765317],[162.800087333415235,-77.41202413491223],[162.800224795732731,-77.41247148405175],[162.799320335885369,-77.412915186571311],[162.797186040959843,-77.41344612506056],[162.796550279868057,-77.413604401789144],[162.79376757171346,-77.414302279008339],[162.791332532283633,-77.415027189784936],[162.791237928542046,-77.415055327411523],[162.789216036591398,-77.415814079943189],[162.788015191115647,-77.416418736861587],[162.784217425216269,-77.416971869586462],[162.782046911778423,-77.416387176941782],[162.780031457809486,-77.416193904238398],[162.777002241104981,-77.415970222711664],[162.774536334166783,-77.415546445713233],[162.773704522775205,-77.414804455798759],[162.774886662016314,-77.414265238210433],[162.776025539652068,-77.41388501735706],[162.778492773458453,-77.413404063317344],[162.782493694692647,-77.412950515200421],[162.784842975034593,-77.412871100380528],[162.78694265046056,-77.412736713551055],[162.790943051049084,-77.412283037379154],[162.79172115063497,-77.411335580692125],[162.796026415546976,-77.410721509096021]]]]}},
{"type":"Feature","properties":{"SURFACE":"lake"},"bbox":[161.506714077582416,-77.335521389775366,161.643254526527983,-77.291045419848018],"geometry":{"type":"MultiPolygon","coordinates":[[[[161.603254288581894,-77.323438447169153],[161.59175627216311,-77.321131941400225],[161.588160799681674,-77.321060914550117],[161.58535451857847,-77.321143394283382],[161.583807753571392,-77.321107016050263],[161.582010844222737,-77.321061926022239],[161.578271851886313,-77.320309162170147],[161.575374432973888,-77.319953432196584],[161.571732599094815,-77.319648656017407],[161.567841256755855,-77.319402258120363],[161.564460913398591,-77.319221960313058],[161.558469305758166,-77.318716177571289],[161.557139960761901,-77.31851335726239],[161.556257095546385,-77.31789257500742],[161.555643891974597,-77.317454538670887],[161.555550505188563,-77.317006633239416],[161.555183420064708,-77.316452382918101],[161.552257855260137,-77.315912041905349],[161.548214737771616,-77.314944552020151],[161.545721786196935,-77.313956357114506],[161.544005882918214,-77.313140154665305],[161.540871698476394,-77.311529499521711],[161.540631915230875,-77.310716017877013],[161.540776863845963,-77.310218428628943],[161.53991469704863,-77.309349700406869],[161.539003550740745,-77.308688329569563],[161.53660875138587,-77.308205758754426],[161.529522417908538,-77.307321235274586],[161.526966000616966,-77.307344513912014],[161.525909342325576,-77.307190205695633],[161.522926350453901,-77.306376557508585],[161.522354377065255,-77.306104384960207],[161.52251310844656,-77.305598183444047],[161.522696816585579,-77.305199307891328],[161.523373583550182,-77.304807882304587],[161.523259746996899,-77.304243303202611],[161.521298287391232,-77.303360771829361],[161.519448086943612,-77.303100151422825],[161.51735226720939,-77.302840641637815],[161.515210854939738,-77.302347588849798],[161.512733540197559,-77.3014749637357],[161.511546492310998,-77.300706759303907],[161.506714077582416,-77.296985015937793],[161.507103494021351,-77.296361497241094],[161.507501186465873,-77.295796134482032],[161.507901397908597,-77.29529809417788],[161.509476859753818,-77.29463717082011],[161.510563914259905,-77.294180079714124],[161.513799247702764,-77.292816506373342],[161.512859899133986,-77.291989765877034],[161.514496399843665,-77.291726555327472],[161.51807616824513,-77.291683003964593],[161.521924655866087,-77.291045419848018],[161.522192418080522,-77.291333624729262],[161.52690522797306,-77.29190070275699],[161.529472671570119,-77.291926412913043],[161.533040961704444,-77.291900990099151],[161.535080134448208,-77.29182069873869],[161.538456265164371,-77.29205916234001],[161.539792480699333,-77.292387453980794],[161.541447683662057,-77.292988469879305],[161.544249524675081,-77.294201038062198],[161.545944964082338,-77.294967953270088],[161.548350201955259,-77.296736196112263],[161.549033554962335,-77.297572597173186],[161.555077896256762,-77.300882930249699],[161.560161307139794,-77.303249976910266],[161.561002956932356,-77.303580134194704],[161.564638252467461,-77.303817817952933],[161.565656663461709,-77.303815750249925],[161.567976010543532,-77.303899416339434],[161.572715242615658,-77.304524641933384],[161.573823970185117,-77.304970161611422],[161.580927127429391,-77.308375899690105],[161.582061987558063,-77.308928708207347],[161.582680684141422,-77.30942456085991],[161.582862341210557,-77.310329418724436],[161.582997779279793,-77.310933705751509],[161.584567993134016,-77.312390720195452],[161.588313637819027,-77.315598156312575],[161.589242031302092,-77.316385022230577],[161.59200045778087,-77.31854228717782],[161.593155401419921,-77.319211458770553],[161.594013557067399,-77.319648033059678],[161.604798795822063,-77.321356076206158],[161.607420653773005,-77.3216050095631],[161.611544341798776,-77.321733474807871],[161.613612639229927,-77.321817322081827],[161.617232067059177,-77.322838637671936],[161.621502403186668,-77.324875401309129],[161.62223899440221,-77.325925935185836],[161.621528914141322,-77.326219213055936],[161.620556419495642,-77.326455016998949],[161.618857477837224,-77.326925395172054],[161.618419810206717,-77.327257709984508],[161.618513504812881,-77.327715039824596],[161.618859083234838,-77.328161981127806],[161.620547417210702,-77.328869765025928],[161.621906706241106,-77.329246822605995],[161.625086306860709,-77.329718203354702],[161.633879395666725,-77.331317304116283],[161.643254526527983,-77.334424635123909],[161.639058733888163,-77.3352022291362],[161.637305982587606,-77.335381329461228],[161.635280400065966,-77.335521389775366],[161.629307347133448,-77.335191865561967],[161.628219164327561,-77.334863406675041],[161.626837886483514,-77.334427325982688],[161.625925762672637,-77.33369953001575],[161.625234098763485,-77.332863185514839],[161.624333016681362,-77.3322607781692],[161.623754487583597,-77.331921489652657],[161.617648316511662,-77.329751088507592],[161.613954227358022,-77.329222904821052],[161.611852888508565,-77.328954614562974],[161.61046814714922,-77.328470183144944],[161.605254919532996,-77.325597508393599],[161.60495073796406,-77.325374005037261],[161.605328000600252,-77.32475929736826],[161.60574220756871,-77.324310246232628],[161.604889030489488,-77.323864537374277],[161.603254288581894,-77.323438447169153]]]]}},
{"type":"Feature","properties":{"SURFACE":"lake"},"bbox":[162.946841130089467,-77.390895882148527,163.062612296970769,-77.363183127752308],"geometry":{"type":"MultiPolygon","coordinates":[[[[163.035503220978484,-77.363662605309301],[163.037296062398212,-77.363183127752308],[163.039351550947259,-77.363729264291322],[163.040464175279169,-77.364412170492457],[163.041538578842534,-77.365216146783766],[163.042959578614756,-77.366298817544291],[163.043264225401998,-77.366529551690846],[163.04403085494198,-77.367550719092463],[163.04381446331854,-77.368392195319515],[163.04273496953428,-77.369556517622527],[163.042764576596795,-77.370452450679451],[163.043580399684657,-77.37125815987234],[163.044612555714195,-77.372230446836113],[163.049285360534014,-77.374082555471546],[163.051673637428024,-77.374793276629035],[163.05658091778713,-77.375747828908516],[163.058314259285197,-77.375996404307841],[163.060266980998222,-77.376421231902711],[163.061700821881885,-77.37687805653529],[163.062612296970769,-77.377338129888201],[163.062514549470194,-77.37768346786072],[163.06212549619363,-77.378228129616659],[163.060198957622674,-77.3787179887875],[163.057783900703555,-77.379080222289403],[163.0543403802086,-77.379431013209782],[163.051976687877982,-77.379625456480966],[163.049141747381839,-77.379645841082493],[163.045780493188744,-77.379669168982161],[163.042431366101084,-77.379683752426942],[163.038594338862197,-77.379580175766478],[163.034463174063234,-77.379637631382394],[163.030508406151284,-77.379982607651925],[163.022832488192506,-77.380783126505563],[163.019913998719289,-77.381092499209018],[163.013679235962115,-77.382302895958304],[163.00468263528424,-77.384165892653257],[162.98928405305017,-77.386894781602692],[162.986065815020595,-77.38736465427958],[162.982925254258305,-77.387544776874307],[162.979305669275931,-77.387607215052725],[162.975114123388607,-77.387840658851246],[162.972751347478805,-77.388034640327177],[162.968570814006853,-77.388500644825172],[162.959998476474937,-77.389455245688097],[162.956503777246553,-77.390020549548538],[162.954560089289004,-77.390508892286391],[162.952415624699853,-77.39082202977626],[162.94982410705046,-77.390895882148527],[162.94803899488852,-77.390814385530703],[162.947295601228632,-77.390697984685005],[162.946841130089467,-77.390401110524124],[162.947023749707597,-77.389728233815546],[162.947682548176857,-77.389172896869141],[162.949364188445912,-77.388686079731002],[162.952035134499397,-77.38832261334629],[162.956798519485005,-77.387880400781228],[162.961531900491622,-77.387493203908605],[162.965512879935716,-77.387084131010212],[162.977238905672067,-77.385604303528268],[162.981244581139663,-77.385092070220708],[162.987932324736192,-77.384159761607904],[162.990645247474617,-77.383637128392778],[162.998527620212826,-77.382052023515328],[163.005929090885132,-77.380349089722031],[163.013107524379393,-77.378517052273779],[163.0161776724768,-77.377599651179267],[163.022057464377411,-77.375814027079684],[163.024577527548956,-77.375012079381662],[163.026601202452383,-77.374138958383924],[163.029381265505833,-77.372365225429377],[163.030644483817895,-77.371479417732445],[163.035515220632732,-77.367600747462461],[163.036569657149499,-77.366491816079005],[163.037115300400785,-77.3653774700431],[163.036577242176719,-77.364466600835158],[163.03567014329991,-77.364006613869734],[163.035503220978484,-77.363662605309301]]]]}},
{"type":"Feature","properties":{"SURFACE":"lake"},"bbox":[162.476137225346207,-77.19460978117138,162.515199777731993,-77.190445200327432],"geometry":{"type":"MultiPolygon","coordinates":[[[[162.479821958778388,-77.192423409110674],[162.481727754546142,-77.192087166979974],[162.484895886924306,-77.191689077926839],[162.488837435465683,-77.191240191037451],[162.491720126506749,-77.190946036467651],[162.495607286778153,-77.190712584574058],[162.500509783496398,-77.190445200327432],[162.503763606270013,-77.190605959926813],[162.506960878093764,-77.190800858558447],[162.507054238433881,-77.190819302397045],[162.509875314999732,-77.191376393218846],[162.511602778582983,-77.191563844545456],[162.512831823453439,-77.191697389746196],[162.513801580429828,-77.191831881576775],[162.514529350277456,-77.191949463644079],[162.515199777731993,-77.192291858086733],[162.514559159936397,-77.192733354138767],[162.512495924425963,-77.192818043297763],[162.509504422463067,-77.192656701370836],[162.506250001863407,-77.192496013454189],[162.503950059261257,-77.192525952436185],[162.500840498441249,-77.192756713902625],[162.497698267922289,-77.193051907517926],[162.494644854181132,-77.193067225628667],[162.492422215133473,-77.192864092170112],[162.489914584179729,-77.192764959057286],[162.488110515884273,-77.19284852502453],[162.484731348945502,-77.193088862424787],[162.483136681411452,-77.193339627518341],[162.482019215733999,-77.193671466026103],[162.480376963970286,-77.194090542178017],[162.479298875283007,-77.194301165383919],[162.477168555423532,-77.19460978117138],[162.476137225346207,-77.194518509723508],[162.476427088437219,-77.193699609844401],[162.477354385608635,-77.193144674961303],[162.478787793815286,-77.192606102637498],[162.479821958778388,-77.192423409110674]]]]}},
{"type":"Feature","properties":{"SURFACE":"lake"},"bbox":[161.222440932145872,-77.095859134217434,161.247540755391498,-77.088941974849305],"geometry":{"type":"MultiPolygon","coordinates":[[[[161.231990859255035,-77.092377032667784],[161.230956559007296,-77.092212071052302],[161.229941095130897,-77.092173368477262],[161.226291777601119,-77.091473676877669],[161.226653574741533,-77.090684917745833],[161.225558225312199,-77.090131166138875],[161.224746482607657,-77.089800612858042],[161.22346243008181,-77.089635828849126],[161.222440932145872,-77.089530600041442],[161.225464748656634,-77.088971719065697],[161.227980354662094,-77.088941974849305],[161.229992259360444,-77.088989177590946],[161.237090174526912,-77.089316961316413],[161.244350075334211,-77.089676018390819],[161.244885432306177,-77.08984147060977],[161.247540755391498,-77.090667071592364],[161.242761553149279,-77.091456633180229],[161.24103777324396,-77.091700288292571],[161.240119311454492,-77.092149091730647],[161.239522799437026,-77.092885190865104],[161.239771200586318,-77.094455988961386],[161.240080910012551,-77.094786759537072],[161.240158282871619,-77.095176716362147],[161.238395405967935,-77.095859134217434],[161.234689812492206,-77.094819315538771],[161.233471216185649,-77.093593718414795],[161.233088170077963,-77.092873257314878],[161.232777331104671,-77.092532773986207],[161.231990859255035,-77.092377032667784]]]]}},
{"type":"Feature","properties":{"SURFACE":"lake"},"bbox":[162.578205863268465,-77.180797607694615,162.614594206564533,-77.177812339144026],"geometry":{"type":"MultiPolygon","coordinates":[[[[162.612416598784279,-77.178325718797879],[162.61392780920184,-77.178402178811481],[162.614594206564533,-77.178696245842858],[162.614254929462078,-77.179025229920043],[162.61110024765307,-77.179377683554804],[162.608507968965426,-77.179569100936789],[162.606174672612241,-77.179759447484159],[162.604068386703375,-77.180013211400492],[162.603013315282794,-77.180159013840182],[162.601668173246907,-77.180427581553928],[162.600548692566434,-77.180797607694615],[162.586433374779006,-77.179586668674119],[162.584964269756711,-77.179398613429541],[162.583495208180182,-77.179210549890286],[162.57915030588191,-77.178469547878848],[162.578205863268465,-77.178232208038636],[162.582567356403729,-77.178068998717791],[162.589208696607358,-77.177883375735561],[162.592021552434005,-77.177812339144026],[162.597331126971881,-77.17788642451994],[162.612416598784279,-77.178325718797879]]]]}},
{"type":"Feature","properties":{"SURFACE":"lake"},"bbox":[162.927116248344703,-77.203522037068566,162.975679264120117,-77.192853648233594],"geometry":{"type":"MultiPolygon","coordinates":[[[[162.936324581672892,-77.201332657934941],[162.935421377279965,-77.200909740424507],[162.934957887577383,-77.199798524510641],[162.933270889148758,-77.198480387629402],[162.931887270162974,-77.197958157463987],[162.929723994857596,-77.197477973417932],[162.928609768729018,-77.196897943482469],[162.927275579535092,-77.196160232055277],[162.927116248344703,-77.195816429791535],[162.927759777875849,-77.195318007254414],[162.929901154185842,-77.194893026747863],[162.933307822126494,-77.194487578723994],[162.936911440237083,-77.194304778149345],[162.940979326664802,-77.194258156933117],[162.944032395178112,-77.19423756496343],[162.947878085503191,-77.1941091407964],[162.952001551275799,-77.193885411036689],[162.956116294303655,-77.193661032517127],[162.9600354964779,-77.193252107009954],[162.962384106032488,-77.193002729242977],[162.964708534410079,-77.19286582563727],[162.96774921734908,-77.192853648233594],[162.970273742516042,-77.192939528840071],[162.972442435332141,-77.193362621885655],[162.973576486171964,-77.193886626669368],[162.974164057534153,-77.194563729097879],[162.975649898344727,-77.196661809423873],[162.975679264120117,-77.197510239474184],[162.974984584956559,-77.198233445341799],[162.968919391005073,-77.202531991941825],[162.968126306511579,-77.203093998018574],[162.967548079690687,-77.203368614559011],[162.967005940095277,-77.203522037068566],[162.961542708489134,-77.203008466384375],[162.952504523193767,-77.202613325546821],[162.944709724409392,-77.202283333516959],[162.941183135159861,-77.202186258068338],[162.939441676839749,-77.202048817479607],[162.937964771497775,-77.201862767049874],[162.936324581672892,-77.201332657934941]]]]}},
{"type":"Feature","properties":{"SURFACE":"lake"},"bbox":[161.909045954245073,-77.117955010589498,161.949009958071457,-77.11041003120404],"geometry":{"type":"MultiPolygon","coordinates":[[[[161.947787188932352,-77.117861119688214],[161.944900741781112,-77.117383515084697],[161.940634367573608,-77.117168926382263],[161.938855955849476,-77.117068277906142],[161.93691003766321,-77.116305096220231],[161.935560489579814,-77.115929569881601],[161.934506351029995,-77.115709418686805],[161.932691121754942,-77.115510391186675],[161.929345974449546,-77.115209564665051],[161.918082538600686,-77.114494693356988],[161.916540779410127,-77.114411087700319],[161.912057660353042,-77.114629687272952],[161.909045954245073,-77.11431457927803],[161.910320433423664,-77.113601590125413],[161.91046803085905,-77.113519086058886],[161.917258258534787,-77.111316548449878],[161.920681393697123,-77.110819885424107],[161.922399915867999,-77.110629437337636],[161.925634821472357,-77.11042508193681],[161.92713551657971,-77.11041003120404],[161.937642109331989,-77.111127032540566],[161.939709661451388,-77.111325295156902],[161.939792204493045,-77.111723404140619],[161.939473842652745,-77.112513140021022],[161.940211198444104,-77.113513570639739],[161.940878661731176,-77.114174186929873],[161.941793035686487,-77.114900572758529],[161.943421833985582,-77.115821157749238],[161.944122031575461,-77.116217549711777],[161.945468228063959,-77.116592767088662],[161.946785815575964,-77.11680331756709],[161.947837142548906,-77.117013629347525],[161.94891082317676,-77.117282937822438],[161.949009958071457,-77.117672667567959],[161.948815783610883,-77.117955010589498],[161.947787188932352,-77.117861119688214]]]]}},
{"type":"Feature","properties":{"SURFACE":"lake"},"bbox":[161.821544287882631,-77.039538727863928,161.868319497011584,-77.029124829027111],"geometry":{"type":"MultiPolygon","coordinates":[[[[161.865332370815054,-77.029146498213379],[161.866338552832872,-77.029124829027111],[161.868319497011584,-77.029700952732057],[161.860194374423287,-77.031896794048592],[161.858064005808984,-77.032419326168281],[161.855417507610724,-77.032903887543483],[161.851511113544291,-77.033400978749938],[161.84960369192774,-77.033805950706437],[161.848670852175729,-77.034158259959213],[161.848029794373957,-77.034675546939141],[161.846199973330584,-77.035421078915419],[161.845262061495674,-77.035715615395077],[161.843574741774859,-77.036012404624799],[161.840909490032743,-77.036447695719147],[161.838725174916277,-77.036746157495799],[161.835785319691297,-77.037065526952759],[161.833600780664057,-77.037363945240671],[161.832436864412784,-77.037766210916814],[161.831301723284724,-77.038285412874245],[161.829915042976722,-77.038805230583122],[161.827520003477588,-77.039346473183286],[161.826049681409899,-77.03946782656331],[161.825063642953211,-77.039538727863928],[161.824047605313694,-77.03949259435818],[161.822711825841793,-77.039116707939343],[161.821887995054567,-77.038788095252386],[161.821544287882631,-77.038399165097871],[161.821666396212663,-77.037776633261615],[161.822038651840558,-77.037210808694226],[161.822611356285535,-77.036420542893936],[161.823641243850375,-77.035396052586208],[161.826497616847234,-77.034754925891349],[161.828691506678098,-77.034438142904619],[161.830875662609202,-77.034139768284248],[161.83329483923481,-77.03371517389705],[161.835405978727096,-77.033133934602105],[161.837407351536655,-77.031989685983973],[161.838291570367119,-77.031413773319755],[161.838735776996515,-77.031188161780875],[161.839973599069396,-77.031116667436095],[161.842206361500018,-77.031032319687853],[161.843958804794767,-77.03101783315887],[161.847689579604349,-77.0308523785733],[161.851852211774201,-77.03047948614855],[161.854027238326552,-77.030113366033603],[161.85548339437625,-77.02986654363518],[161.858672380348366,-77.02954630344928],[161.8631092135725,-77.02927955008056],[161.865332370815054,-77.029146498213379]]]]}},
{"type":"Feature","properties":{"SURFACE":"lake"},"bbox":[162.186146583055205,-77.05119791668352,162.231701918195455,-77.044913251376002],"geometry":{"type":"MultiPolygon","coordinates":[[[[162.186146583055205,-77.04871357729688],[162.186346960135495,-77.047305207514214],[162.186991592702157,-77.046864653733934],[162.189044014417846,-77.045943045836083],[162.190928368676424,-77.045524968088273],[162.192280000109747,-77.045259484505706],[162.193594250557197,-77.045058145475309],[162.194896804623028,-77.044913251376002],[162.194756518592527,-77.045361476466653],[162.194419269507904,-77.045633191502048],[162.193584038744859,-77.045897686277172],[162.191940095439861,-77.046323549870735],[162.191205930685726,-77.047044114880762],[162.190743067202988,-77.047717384449243],[162.191046331296917,-77.048340800607775],[162.191689776066653,-77.048683153718983],[162.192661381807454,-77.04881041709362],[162.195118484450376,-77.048968250004833],[162.196656561449743,-77.048878470549283],[162.198735738760831,-77.04863666874877],[162.20507814579139,-77.047660947060081],[162.212144886651657,-77.046765892237275],[162.215542277891387,-77.047153486693816],[162.216759560604686,-77.047279224207813],[162.218288521428576,-77.047198231975358],[162.219667685778177,-77.046820043951897],[162.220286019868354,-77.046444429744326],[162.221450144251605,-77.045945761104363],[162.223333130843912,-77.045536968904415],[162.224672030099327,-77.04527044661809],[162.225957910615051,-77.045181500188818],[162.228447054378137,-77.045274508325363],[162.229903463880333,-77.045407827436961],[162.231046678202233,-77.045766839826484],[162.231701918195455,-77.046109870745667],[162.231067633969985,-77.046503434228867],[162.228825513604903,-77.047249242925417],[162.227419027091941,-77.04773051606341],[162.225989742325112,-77.048276979288602],[162.225562566390778,-77.048838187000428],[162.225961675585296,-77.049172372796122],[162.22709708985559,-77.050370954540597],[162.226522674607935,-77.050587445393475],[162.224951890157769,-77.050789618242945],[162.223238753240793,-77.050647405593082],[162.221081806756644,-77.050282333204819],[162.218434025162338,-77.049948776818113],[162.215958916623208,-77.049809002062688],[162.21364736891897,-77.049986485769608],[162.211055305640173,-77.050229706560245],[162.206932199284552,-77.050563272852926],[162.200766731070502,-77.050969424878957],[162.197175461629229,-77.05119791668352],[162.195429607369334,-77.051167727424215],[162.193766224826675,-77.050857002721372],[162.186995262206636,-77.049233068745593],[162.186146583055205,-77.04871357729688]]]]}},
{"type":"Feature","properties":{"SURFACE":"lake"},"bbox":[162.122386559564802,-77.036598054319185,162.163932901162184,-77.031863454285244],"geometry":{"type":"MultiPolygon","coordinates":[[[[162.150094652065007,-77.031863454285244],[162.159583529141713,-77.032014383702105],[162.161771879287187,-77.032220227132427],[162.162858593385494,-77.032747576281125],[162.163801383623849,-77.034506017692308],[162.163932901162184,-77.034897514878381],[162.163593712950728,-77.03517862096831],[162.16005725774184,-77.035238368108566],[162.157326788873007,-77.035136636274075],[162.15608314718267,-77.03511364375872],[162.154306900979833,-77.035147667626532],[162.152517350907772,-77.035276224557904],[162.150711367121175,-77.035422685350852],[162.144683536064747,-77.03621906460836],[162.135274098084409,-77.03657977012189],[162.132753834664271,-77.036598054319185],[162.130510135325977,-77.03655990882848],[162.128279594311579,-77.036465383174203],[162.126089853385992,-77.036259163759411],[162.124908049924983,-77.036020799869092],[162.124034016903124,-77.035613661479516],[162.123023004420276,-77.034862273991948],[162.122649002981291,-77.03446266348449],[162.122386559564802,-77.033727248283725],[162.122440517903982,-77.033559215303441],[162.123636818489274,-77.032958071466638],[162.124475055795017,-77.032693986461666],[162.126087551751255,-77.032371327977998],[162.127900944351921,-77.032187381739192],[162.129417120372807,-77.03215384671627],[162.132415976949204,-77.032198947063335],[162.134881589534274,-77.032348701534559],[162.141659987749563,-77.032342372506278],[162.146010783125149,-77.032074389183393],[162.150094652065007,-77.031863454285244]]]]}},
{"type":"Feature","properties":{"SURFACE":"lake"},"bbox":[161.810794375022226,-77.013740262101877,161.872094916651491,-77.005830442645575],"geometry":{"type":"MultiPolygon","coordinates":[[[[161.823175972663904,-77.013096390369284],[161.821012489778497,-77.012333894180287],[161.81543852795707,-77.011960596513248],[161.813966296801937,-77.012158059027641],[161.810984963555256,-77.012282320794995],[161.810794375022226,-77.011445331424113],[161.812837522747429,-77.01045759409088],[161.817343652708558,-77.009345599195299],[161.822379424739438,-77.008330102952115],[161.8245551501835,-77.007964515383406],[161.828241137319907,-77.007700842943962],[161.832795308771182,-77.007300286630581],[161.834873895970986,-77.006018582672539],[161.836084102900713,-77.005830442645575],[161.842959968783248,-77.00634730698232],[161.844543170599451,-77.00673195268952],[161.846597396759222,-77.006988683456569],[161.854823429880724,-77.007958657107494],[161.858338411617581,-77.008035935400628],[161.860832422455701,-77.008009245893987],[161.863843805695808,-77.008020644521139],[161.870388437190286,-77.008167850108862],[161.872094916651491,-77.008283932155152],[161.868504489580602,-77.008775229187734],[161.862576410867916,-77.00952955817823],[161.859266932532194,-77.009950595271803],[161.856081611231872,-77.010270742483144],[161.853990489245632,-77.010484953540114],[161.853636110488111,-77.010521019690984],[161.851200195954675,-77.010829386053288],[161.849759905083232,-77.011067625294501],[161.846170486073959,-77.011807540890032],[161.842694891410616,-77.011914841446739],[161.838994190646048,-77.012187274308033],[161.836818161801233,-77.012552988119126],[161.833410109398358,-77.012980892138643],[161.826066249167553,-77.013740262101877],[161.823768760953214,-77.01354200189914],[161.822745274120877,-77.013380346761622],[161.823175972663904,-77.013096390369284]]]]}},
{"type":"Feature","properties":{"SURFACE":"lake"},"bbox":[161.85928667748837,-77.005653493884381,161.918450904547768,-77.000509567824992],"geometry":{"type":"MultiPolygon","coordinates":[[[[161.859468279446531,-77.003097065664164],[161.85928667748837,-77.002261012004709],[161.859956013331072,-77.00191815073552],[161.860642809450297,-77.001624406656973],[161.862051475107194,-77.001211688665734],[161.863725284381331,-77.000856774567652],[161.865164176452282,-77.000618461051872],[161.879396864549818,-77.000509567824992],[161.88343036235176,-77.00069176979396],[161.889579025797758,-77.001345184524524],[161.904407498804403,-77.0028088367864],[161.908498165526566,-77.003147777844774],[161.910553092967945,-77.003403990979038],[161.915747531321273,-77.004244659960861],[161.917573322177532,-77.004550901248805],[161.918450904547768,-77.0051699942141],[161.916995313110306,-77.005349972399145],[161.914800324571871,-77.00559995176323],[161.912059156068494,-77.005637658389432],[161.91032224685793,-77.005653493884381],[161.901061762969846,-77.005642341239778],[161.897310516890713,-77.005634325781386],[161.895799549415955,-77.005599729484771],[161.893975883582897,-77.005283896621634],[161.89043813036244,-77.005090624778546],[161.888171926043356,-77.005067367858359],[161.883703968046063,-77.005235956402913],[161.881973293310352,-77.005309444228971],[161.880493391746825,-77.005382250509825],[161.877997529554733,-77.005408955628681],[161.868468198676908,-77.005300286649003],[161.865444542014018,-77.005163639029817],[161.863403694430815,-77.005022841792055],[161.862359859018227,-77.00480244116153],[161.861001116030025,-77.004310115052959],[161.859468279446531,-77.003097065664164]]]]}},
{"type":"Feature","properties":{"SURFACE":"lake"},"bbox":[161.884602981690335,-77.001071153573633,161.945319099528433,-76.991163596335966],"geometry":{"type":"MultiPolygon","coordinates":[[[[161.910569488446725,-76.991413183686632],[161.912506833813637,-76.991163596335966],[161.914023166159808,-76.991265547091061],[161.916859670062991,-76.991617557192299],[161.91943049063687,-76.99192130685725],[161.926265198102044,-76.992280190035189],[161.929279281044614,-76.99241558356988],[161.932039615566282,-76.992436680972034],[161.934508418822872,-76.992350282696663],[161.936774128536655,-76.992430617388464],[161.939061924741253,-76.992569919690922],[161.940899087485974,-76.992934270166259],[161.942545311315087,-76.993533175683837],[161.943687659262082,-76.99407595721118],[161.944627081633939,-76.994852423949382],[161.945319099528433,-76.995639409466818],[161.944745141185365,-76.996314376992558],[161.943453816483071,-76.997108812194483],[161.941838128082594,-76.997640419266617],[161.940015594781357,-76.998338513801301],[161.938914448914431,-76.99890788355215],[161.938502840525217,-76.999250575455505],[161.938106538669899,-76.99970913041453],[161.933669956694985,-77.000664779652524],[161.931717955949068,-77.000856160045217],[161.929988143432837,-77.000929973460529],[161.903275810601571,-77.001071153573633],[161.900266567301571,-77.001050698064688],[161.899254494601337,-77.001004955425316],[161.89596438562657,-77.000820331744094],[161.889231158397536,-76.99938761163088],[161.886989425407705,-76.998945241266057],[161.886135505992854,-76.998509369865047],[161.884959718971317,-76.997791554722454],[161.884602981690335,-76.99734445371729],[161.884736728663,-76.996895209953124],[161.885132108053853,-76.996503490103734],[161.88605906073542,-76.996208299358045],[161.887257767335456,-76.995961810283987],[161.888197748826713,-76.99579191238287],[161.893087900051682,-76.99532939552553],[161.895300098246906,-76.995195738058655],[161.900413119908933,-76.994682574510293],[161.902334056949172,-76.994374424752536],[161.904421253179777,-76.993791599813846],[161.905513571846086,-76.993164276457705],[161.9066075293822,-76.992527514406248],[161.909634710290902,-76.991650441033769],[161.910569488446725,-76.991413183686632]]]]}},
{"type":"Feature","properties":{"SURFACE":"lake"},"bbox":[161.096618123369353,-76.902602922421437,161.125364643225282,-76.897514719804931],"geometry":{"type":"MultiPolygon","coordinates":[[[[161.097291131302313,-76.899795771960655],[161.096618123369353,-76.898850090194458],[161.097493741469862,-76.898216790366476],[161.098898412500432,-76.897749459983004],[161.100824207606223,-76.897514719804931],[161.103066479505685,-76.897544697272068],[161.105624122269631,-76.898031411622796],[161.106481698772029,-76.898635915022254],[161.107425020073265,-76.899698552208505],[161.108238434851131,-76.900021032918218],[161.109523024764655,-76.90028400329048],[161.112225943013271,-76.900205510168448],[161.113880691637888,-76.899805547332818],[161.115290066050534,-76.89939615576192],[161.11996415328943,-76.899182313052322],[161.123037644914689,-76.899776013292367],[161.125364643225282,-76.900311793458584],[161.125242410502096,-76.900926652742569],[161.12226627982011,-76.902242408511825],[161.119854062475696,-76.902602922421437],[161.116556899540427,-76.902126356247123],[161.114022873120405,-76.901814579040021],[161.101168400136089,-76.90065394475991],[161.098372905950555,-76.900283238324263],[161.097291131302313,-76.899795771960655]]]]}},
{"type":"Feature","properties":{"SURFACE":"lake"},"bbox":[161.348629978235238,-76.706245743136122,161.366078227723364,-76.699427948994796],"geometry":{"type":"MultiPolygon","coordinates":[[[[161.356892352597299,-76.69956604461207],[161.358818558024268,-76.699427948994796],[161.360812783561016,-76.699630701632799],[161.362879620195798,-76.70016505747887],[161.365455962648241,-76.702052445223984],[161.3660485757392,-76.702549049901677],[161.366078227723364,-76.703893637780155],[161.363762379403596,-76.705717843745603],[161.362883170874341,-76.706167387174162],[161.361421420336086,-76.706245743136122],[161.359435300101552,-76.706034111875354],[161.3571760168048,-76.705724554429452],[161.354873048908672,-76.705248574247861],[161.353064626300295,-76.704705478738035],[161.35067287854514,-76.703781464967335],[161.349311009562086,-76.703062037771801],[161.348629978235238,-76.702117396986566],[161.3487764134332,-76.701610979123458],[161.355969275600103,-76.699791608241384],[161.356892352597299,-76.69956604461207]]]]}},
{"type":"Feature","properties":{"SURFACE":"lake"},"bbox":[161.200522540341126,-76.680656614652364,161.219362264505264,-76.669990071290158],"geometry":{"type":"MultiPolygon","coordinates":[[[[161.217343941147419,-76.670441572110491],[161.218683150617807,-76.669990071290158],[161.219274337510569,-76.671034368406112],[161.219362264505264,-76.671482656250603],[161.218986194216001,-76.672048085840814],[161.218270678067682,-76.672417777089791],[161.216987917526183,-76.673081231150107],[161.215665436275941,-76.673754768609228],[161.214283240193822,-76.674164539830414],[161.213163278582812,-76.674681241051971],[161.212282312630578,-76.675139921878412],[161.212085917488082,-76.675421993298556],[161.21190779649092,-76.675763074580686],[161.211756401022853,-76.676269384897751],[161.211601867899418,-76.676717874289807],[161.211442792843371,-76.677175604651922],[161.211061799520223,-76.677673509236655],[161.210648546798836,-76.678008151323439],[161.208314030037229,-76.67989545085122],[161.207889040363028,-76.680169203393334],[161.206395134725,-76.680656614652364],[161.205805114511975,-76.680092133513753],[161.204294229888177,-76.679829677958153],[161.201430928009614,-76.678846922467272],[161.200847484036785,-76.678407681296576],[161.200522540341126,-76.677959930284288],[161.201178919655149,-76.677560392112184],[161.202777500996717,-76.676985275401819],[161.204344234024234,-76.676302100369583],[161.205618512526399,-76.675269707798847],[161.205757437474148,-76.674772002500291],[161.205148419095963,-76.674158031076828],[161.205084633859741,-76.673826750012864],[161.206199406295184,-76.673252082139243],[161.208288056531728,-76.672725045528693],[161.211777722923046,-76.671904891326591],[161.216201131103276,-76.670793330862693],[161.217343941147419,-76.670441572110491]]]]}},
{"type":"Feature","properties":{"SURFACE":"lake"},"bbox":[161.121229795528762,-76.644215883138628,161.142389020831246,-76.639736948311395],"geometry":{"type":"MultiPolygon","coordinates":[[[[161.133227435981098,-76.639931774218283],[161.136837777357215,-76.639736948311395],[161.142324149642178,-76.640698129643837],[161.142389020831246,-76.641087223207975],[161.140206064214965,-76.641164466093301],[161.138501830920546,-76.641125899812735],[161.136851857858915,-76.641475591104751],[161.136969666705653,-76.642252864766505],[161.132392260557708,-76.642457769096836],[161.129486498003303,-76.642535451239368],[161.128416858157152,-76.643497369767644],[161.127296920804127,-76.644119316487419],[161.122929400059576,-76.644215883138628],[161.121626361810911,-76.643613693144744],[161.121229795528762,-76.642545494774978],[161.122091271427706,-76.641816734872862],[161.124917365568137,-76.641176034902415],[161.126792507720381,-76.640767391665761],[161.128684234968887,-76.640417654585377],[161.133227435981098,-76.639931774218283]]]]}},
{"type":"Feature","properties":{"SURFACE":"lake"},"bbox":[161.379365161990023,-76.659786468248186,161.412841326175823,-76.649155927245246],"geometry":{"type":"MultiPolygon","coordinates":[[[[161.3943167300109,-76.649680090354238],[161.396455457629429,-76.649434232294468],[161.399334351946777,-76.649226735199235],[161.401259335445815,-76.649155927245246],[161.402500982131443,-76.649252440569882],[161.403817575277799,-76.649738156463002],[161.404873951592975,-76.650184467620733],[161.40616161423975,-76.650504973029314],[161.407651486980598,-76.650659073552319],[161.408881671747594,-76.650754650110301],[161.410122359040429,-76.650851035080493],[161.411374544898536,-76.651063316450646],[161.412735096985841,-76.65172487693124],[161.412841326175823,-76.652221920071355],[161.412219736894656,-76.652796618161759],[161.41160780421464,-76.653304979639017],[161.410967937959867,-76.65363745877724],[161.410500145396583,-76.653880271361771],[161.408419309713679,-76.654615998309552],[161.403478240720801,-76.656363577080782],[161.402109972042382,-76.656832374230916],[161.399555242695158,-76.657419863916729],[161.39397686965205,-76.658654233142244],[161.389520206104379,-76.65942936685903],[161.387837406623504,-76.659566960946918],[161.384232377094264,-76.659765992381239],[161.382769680186271,-76.659786468248186],[161.381781678217465,-76.659680885280494],[161.380752313633906,-76.659418702700634],[161.379939090614414,-76.658972013299874],[161.379534657109446,-76.658192837817452],[161.379365161990023,-76.657412761437996],[161.379950531075508,-76.65668181748137],[161.384639921023961,-76.652244040981884],[161.385998367568959,-76.651793740481523],[161.391735270871294,-76.650102381826954],[161.3943167300109,-76.649680090354238]]]]}},
{"type":"Feature","properties":{"SURFACE":"lake"},"bbox":[161.199852126834685,-76.634426908074673,161.232946585717571,-76.628093422273139],"geometry":{"type":"MultiPolygon","coordinates":[[[[161.200425793538471,-76.631583247980743],[161.202099104701148,-76.630218062526851],[161.203410485428378,-76.629419325694002],[161.205181994064105,-76.628503295500778],[161.206801061798615,-76.628093422273139],[161.211486163993982,-76.62916266487936],[161.212949324070649,-76.629475710552711],[161.214260930585482,-76.629755228602122],[161.220711223582953,-76.631118992203554],[161.221346570199046,-76.631252913231322],[161.224313060510042,-76.631562946626559],[161.2272731786733,-76.631747707053165],[161.22873853009358,-76.631786147311288],[161.22994329715641,-76.631784907393666],[161.23092146083161,-76.631765850984578],[161.232946585717571,-76.631522066842095],[161.230558425918872,-76.634308542364408],[161.229134622155641,-76.634426908074673],[161.217811695839572,-76.633651842078194],[161.216547180688224,-76.633379678963934],[161.215521835861978,-76.633107128858953],[161.213474892085173,-76.632571896191024],[161.211989319473588,-76.632416635857311],[161.210051169002242,-76.632436847156399],[161.20766604243039,-76.632623371136603],[161.206405798548786,-76.632735288551387],[161.204802349177129,-76.632877761233672],[161.201879273665156,-76.632858771081061],[161.199918646411192,-76.632761989547674],[161.199852126834685,-76.632372917598204],[161.200425793538471,-76.631583247980743]]]]}},
{"type":"Feature","properties":{"SURFACE":"lake"},"bbox":[162.579494845921033,-76.656101339630339,162.599306283714839,-76.650909507672139],"geometry":{"type":"MultiPolygon","coordinates":[[[[162.58662175923115,-76.650909507672139],[162.593830123558831,-76.651383953497259],[162.599149454760436,-76.654025260404239],[162.599306283714839,-76.654474528028814],[162.598962996408972,-76.654982805372157],[162.59838268430758,-76.655473932888796],[162.597113065405438,-76.655743819061513],[162.59561261929997,-76.65590179526879],[162.59363431135705,-76.656101339630339],[162.591927945862523,-76.656082548384347],[162.582563289398195,-76.655423484271267],[162.581410215828214,-76.655073374192838],[162.580751209974352,-76.654730485166553],[162.580109229501545,-76.654274574047932],[162.579494845921033,-76.653706406181342],[162.579888316999273,-76.652925633821823],[162.581625740225178,-76.651537703205761],[162.582362720006216,-76.651495894377533],[162.583632232141809,-76.651226085928812],[162.58513489919315,-76.651011248704421],[162.58662175923115,-76.650909507672139]]]]}},
{"type":"Feature","properties":{"SURFACE":"lake"},"bbox":[162.39066567327859,-76.640202841052343,162.408706193975576,-76.635235009797583],"geometry":{"type":"MultiPolygon","coordinates":[[[[162.398076142378443,-76.635354881671077],[162.403458031965471,-76.635235009797583],[162.404566138748436,-76.635706993581152],[162.408581469764698,-76.638612514794119],[162.408706193975576,-76.639174376976314],[162.408386305425807,-76.639560708296273],[162.408089205448618,-76.639786705880184],[162.407332713050323,-76.639940915071676],[162.405575524343533,-76.640202841052343],[162.403638050248276,-76.64012752511205],[162.401475370820748,-76.639997560459648],[162.400520151734042,-76.639927522397997],[162.398864898092398,-76.639682253735245],[162.397241114091202,-76.639324914314685],[162.396101369525923,-76.638974471162314],[162.391315437815933,-76.637460645608968],[162.39066567327859,-76.637060334531498],[162.391031627458545,-76.636496294439922],[162.392905829470834,-76.635680778472832],[162.396854490814349,-76.63538915147376],[162.398076142378443,-76.635354881671077]]]]}},
{"type":"Feature","properties":{"SURFACE":"lake"},"bbox":[161.71046344935101,-76.253502555943825,161.729379606147603,-76.248564494442178],"geometry":{"type":"MultiPolygon","coordinates":[[[[161.726153678012651,-76.248564494442178],[161.728316761818576,-76.248705661347174],[161.729095132778781,-76.249034421397297],[161.729379606147603,-76.249257491008336],[161.726528190232784,-76.252379286797023],[161.725625490690078,-76.252556959008928],[161.721759194345992,-76.253218893863931],[161.719914673712651,-76.253408637124551],[161.718278584372968,-76.253480905231811],[161.717093593871027,-76.253502555943825],[161.715663565773099,-76.253409357663273],[161.714922434955952,-76.253303344840063],[161.713443970789029,-76.252986449989081],[161.71046344935101,-76.251289607804509],[161.7105654521242,-76.250666667243024],[161.711866975131244,-76.250137992025856],[161.713662050435545,-76.249734138016038],[161.715924175242804,-76.249309616998346],[161.717064808439176,-76.249131563142697],[161.718919630666818,-76.248933135514093],[161.720771011291106,-76.248801342944205],[161.723580230426791,-76.248649173859363],[161.725215711444889,-76.248576870472931],[161.726153678012651,-76.248564494442178]]]]}},
{"type":"Feature","properties":{"SURFACE":"lake"},"bbox":[161.914364100099732,-76.158842326922013,161.942191999622253,-76.15139171989108],"geometry":{"type":"MultiPolygon","coordinates":[[[[161.924623803762785,-76.151400610597676],[161.928901545919842,-76.151687140788781],[161.932116040951826,-76.152377370851369],[161.934873225867165,-76.153127278485087],[161.939410237303576,-76.155419282088786],[161.942191999622253,-76.157230492933309],[161.942072145379825,-76.157736594560561],[161.940535621587969,-76.15820851070464],[161.936448249909148,-76.158767705620036],[161.934591537197122,-76.158842326922013],[161.923035612898474,-76.157596225317292],[161.919957002802931,-76.156525131646944],[161.91753587674458,-76.156221360391442],[161.915351761703477,-76.15590744263973],[161.914549385503904,-76.155472390893991],[161.914364100099732,-76.154684605962387],[161.91441356532124,-76.153905627376716],[161.915179054493592,-76.153163539761152],[161.916662204062618,-76.152468019360398],[161.918664187581243,-76.151984902511757],[161.921334354318418,-76.15139171989108],[161.924623803762785,-76.151400610597676]]]]}},
{"type":"Feature","properties":{"SURFACE":"lake"},"bbox":[161.761765088759773,-76.05616069473264,161.7856778414762,-76.047379401965614],"geometry":{"type":"MultiPolygon","coordinates":[[[[161.768822947968545,-76.051020793140708],[161.766140701052024,-76.050435151611552],[161.762296476845052,-76.048859126134019],[161.761765088759773,-76.048587617041989],[161.762109525732853,-76.048080015278401],[161.764144455962025,-76.047773641959211],[161.767357158713935,-76.047560846034798],[161.770346631233622,-76.047416254233539],[161.773129503710749,-76.047379401965614],[161.774323037066324,-76.047474203635275],[161.774218438297424,-76.048029492135811],[161.773686643119447,-76.04882787634962],[161.774293318973122,-76.049439656507985],[161.775354440440026,-76.049982441189016],[161.776905950570921,-76.050688332233662],[161.778437380332036,-76.051287531969891],[161.782262059867548,-76.051743954071597],[161.784156340902939,-76.051894285470041],[161.785586472256625,-76.052036425326449],[161.7856778414762,-76.052425752940195],[161.784143432614911,-76.052838911862509],[161.782852089474034,-76.053366878123597],[161.783372775535895,-76.055652942200666],[161.779057580596515,-76.05616069473264],[161.779139040884388,-76.055488940782482],[161.779193020085501,-76.054700379233836],[161.779038917003078,-76.053971723072166],[161.778655539525261,-76.053301287076138],[161.777594033449759,-76.052758513443891],[161.774911077391266,-76.052172968851394],[161.773453622661634,-76.051913956212744],[161.771986171146779,-76.051654136548791],[161.768822947968545,-76.051020793140708]]]]}},
{"type":"Feature","properties":{"SURFACE":"lake"},"bbox":[159.236728366780738,-75.732863615648881,159.258567235396328,-75.72010089922459],"geometry":{"type":"MultiPolygon","coordinates":[[[[159.241365520000471,-75.720378953014915],[159.242954291386923,-75.72010089922459],[159.244325987907331,-75.720267965745506],[159.244985962599145,-75.720892070254834],[159.244957740993641,-75.721674835854671],[159.24493084608531,-75.722515905348999],[159.246044559926816,-75.723308471061557],[159.246729760431464,-75.72352766829728],[159.247855743657425,-75.72375897610199],[159.249438637316189,-75.723926324235407],[159.251706752492993,-75.724322528224405],[159.253281539198809,-75.724779959216789],[159.25439901688398,-75.725340079906772],[159.254602774706967,-75.726348092053271],[159.254126908556145,-75.727021127703736],[159.254095995395176,-75.72820113892638],[159.255892765109991,-75.729154338853036],[159.256565379038619,-75.72938198919573],[159.257912821078605,-75.729837485070647],[159.258361715581088,-75.730228449911422],[159.258567235396328,-75.730965121424504],[159.258539734981895,-75.731912731008734],[159.257841461328098,-75.73247775460888],[159.256701496207455,-75.732749448604054],[159.255785993334456,-75.732809399641582],[159.254186139784736,-75.732863615648881],[159.252144519539087,-75.732798993833512],[159.251009015339832,-75.732576583190337],[159.245612376993535,-75.730656743548437],[159.244491174300038,-75.730202895165903],[159.243368082915595,-75.729584015925695],[159.242489346224403,-75.728735849323868],[159.242049452035161,-75.727899603668646],[159.239168652659856,-75.725370927437481],[159.237159067279208,-75.724077553786103],[159.236728366780738,-75.723232426174249],[159.236757633615071,-75.722556379814577],[159.237224995832577,-75.721775861874477],[159.239302599105798,-75.720874462362787],[159.241365520000471,-75.720378953014915]]]]}},
{"type":"Feature","properties":{"SURFACE":"lake"},"bbox":[159.295312444204455,-75.708130802288395,159.317691997317581,-75.698718259022812],"geometry":{"type":"MultiPolygon","coordinates":[[[[159.313022584964784,-75.698718259022812],[159.314387131573596,-75.698826204385213],[159.314600241566666,-75.69900115219221],[159.315468181914525,-75.699950725531679],[159.317691997317581,-75.702381123794282],[159.317456249296754,-75.703047220382473],[159.316522988416551,-75.703890551697896],[159.306913213766421,-75.707025933747857],[159.305318641694811,-75.707516850386938],[159.302344469783236,-75.708024428399341],[159.300400330675444,-75.708107134492423],[159.299849001301141,-75.708130802288395],[159.298483668358813,-75.708022769249936],[159.297359153018903,-75.707898431924406],[159.296445000121565,-75.707793722513671],[159.295312444204455,-75.70762015719238],[159.295548423988606,-75.707448328111767],[159.298765364363049,-75.706323772678658],[159.302886202390511,-75.7047601952805],[159.304717503980442,-75.703981261585753],[159.306779988345454,-75.703039758582733],[159.308860657464095,-75.701964275428935],[159.309551558136491,-75.701350318398312],[159.310252626915911,-75.700562862995014],[159.310953579907192,-75.700008003869712],[159.312791791436041,-75.698832403981527],[159.313022584964784,-75.698718259022812]]]]}},
{"type":"Feature","properties":{"SURFACE":"lake"},"bbox":[159.098774972142849,-75.674498729781433,159.118645084076917,-75.669371454535465],"geometry":{"type":"MultiPolygon","coordinates":[[[[159.098774972142849,-75.67049503924602],[159.098806663089647,-75.669809000517446],[159.09972150967738,-75.669371454535465],[159.101758852952344,-75.669651430673014],[159.102873917746308,-75.669883010067309],[159.104671182341747,-75.670441086531895],[159.106683022551124,-75.670902965851653],[159.109163632661449,-75.671302369343579],[159.113226177325117,-75.671598894328085],[159.114589284575032,-75.671591818765975],[159.116854508655194,-75.671495285437061],[159.117767974990699,-75.671377794603302],[159.118447684362081,-75.671267333112297],[159.118645084076917,-75.672004034792749],[159.118412550584793,-75.67233139833985],[159.116794269472592,-75.673178022348878],[159.11564164479708,-75.673622265456231],[159.112900244989646,-75.674178441134615],[159.111084778817485,-75.674453324604315],[159.1085866158611,-75.674498729781433],[159.107233389973118,-75.674438800516953],[159.105874913784504,-75.674329844385255],[159.104087619720787,-75.673869810591086],[159.102752683674254,-75.67314196337432],[159.099222113240415,-75.670876983015077],[159.098774972142849,-75.67049503924602]]]]}},
{"type":"Feature","properties":{"SURFACE":"lake"},"bbox":[159.183813086075986,-75.670919348013143,159.223864737804433,-75.666870285905048],"geometry":{"type":"MultiPolygon","coordinates":[[[[159.184480749525733,-75.667715400299656],[159.183813086075986,-75.667206376776974],[159.184042075784816,-75.666985458307892],[159.1851881545428,-75.666870285905048],[159.185863952781006,-75.666933911757084],[159.18879268884001,-75.667277512556211],[159.19015118556689,-75.667502371297829],[159.191722918297017,-75.667786081260573],[159.193068335082415,-75.667968464160609],[159.198036735575045,-75.668642035674139],[159.20255156675546,-75.668989132758512],[159.205355707154666,-75.669146168514956],[159.206620807558892,-75.669216641139357],[159.208892563993118,-75.669052033351221],[159.215018359607285,-75.668512696195307],[159.217741623967299,-75.668235307069651],[159.219109868570939,-75.668014801841352],[159.220486008968635,-75.667562310693427],[159.222074785044896,-75.667343128689126],[159.222295748242175,-75.667460858563658],[159.223199433342927,-75.667623343146531],[159.223864737804433,-75.668238559966255],[159.223852575582754,-75.668470136355552],[159.222496871336489,-75.668575484635227],[159.220678744759795,-75.668792525756757],[159.218853518592681,-75.66918343609693],[159.217470058562611,-75.670081315999212],[159.216322979443163,-75.670526257956183],[159.21426680208765,-75.670866370765111],[159.21245736100542,-75.670919348013143],[159.207020809356948,-75.670796193857086],[159.204314247554009,-75.670677479474207],[159.200471063340558,-75.670490623384822],[159.197524219845974,-75.670271632387696],[159.190541286342238,-75.66941095075498],[159.188969397237287,-75.669127231792217],[159.186709511494854,-75.668623551392528],[159.185372307677341,-75.668167903030565],[159.184480749525733,-75.667715400299656]]]]}},
{"type":"Feature","properties":{"SURFACE":"lake"},"bbox":[159.298282156608622,-75.674743556324856,159.316407020898453,-75.666439886113338],"geometry":{"type":"MultiPolygon","coordinates":[[[[159.307516216094143,-75.673451934816683],[159.307527018173886,-75.672774549317069],[159.304599083259689,-75.672597654031691],[159.302774601167755,-75.672882519675341],[159.300727373178574,-75.672933322950925],[159.299374578043171,-75.672768008407459],[159.298489447122449,-75.672142455285154],[159.298282156608622,-75.671250788255051],[159.299668094306128,-75.670459733630025],[159.30148853189408,-75.670126080411819],[159.303759964111549,-75.669679545814688],[159.304895099308823,-75.669291466226042],[159.306275517665711,-75.668790651977901],[159.307419727379624,-75.668335583744735],[159.308797803967252,-75.667611656452721],[159.311754491749468,-75.666667124000497],[159.313573179985525,-75.666439886113338],[159.314698503707746,-75.666835845251285],[159.31423326954598,-75.667344716425802],[159.313535758535295,-75.668180741718871],[159.31352364019483,-75.668799825342163],[159.31375621245985,-75.668963300843657],[159.314405032227455,-75.669415233637906],[159.31552047385199,-75.669984677315526],[159.316407020898453,-75.670997867211966],[159.316399917256348,-75.67154957654094],[159.315923490195388,-75.672338452206475],[159.314550543839175,-75.673253101863835],[159.31339632096217,-75.674021036100029],[159.312476975447055,-75.6744681099552],[159.311561792530938,-75.674692678839108],[159.310654643544495,-75.674743556324856],[159.310211525398159,-75.674682750414263],[159.30885258179336,-75.674458793957882],[159.308180611713624,-75.674124611689905],[159.307516216094143,-75.673451934816683]]]]}},
{"type":"Feature","properties":{"SURFACE":"lake"},"bbox":[161.934410603022741,-75.876132876264066,161.96536094366877,-75.864490055636267],"geometry":{"type":"MultiPolygon","coordinates":[[[[161.950158565965296,-75.86986817458255],[161.948056850658759,-75.869672273777525],[161.945496966738347,-75.869468493128139],[161.943374651021941,-75.869089645673242],[161.940740982313173,-75.868441090693523],[161.940366248899579,-75.868315847775705],[161.93928353153396,-75.86795295645058],[161.936305536404916,-75.866523228459272],[161.935298964026202,-75.86590878465303],[161.934770343709374,-75.865523219083897],[161.934485855249363,-75.865128484403641],[161.934410603022741,-75.86462640103575],[161.937368722977254,-75.864490055636267],[161.939005839137224,-75.864509589632988],[161.939905322259079,-75.86452043302657],[161.943357257784527,-75.864604610497537],[161.945698908376983,-75.864857883048927],[161.946881161248456,-75.86513327960499],[161.948617019211071,-75.865901095718229],[161.949869869508092,-75.866563659559645],[161.952015961919216,-75.86710652192771],[161.9541382107912,-75.86748528964138],[161.9560334258735,-75.867798269005121],[161.959027617469474,-75.86788387674828],[161.960636664843719,-75.867868799525425],[161.962953380830101,-75.86801492464717],[161.96435457361747,-75.86817406013185],[161.964865383360291,-75.86844360934613],[161.96536094366877,-75.868731020411232],[161.964334020901816,-75.869460134218556],[161.961718124055892,-75.8703299700027],[161.958656813805192,-75.871374232773462],[161.9569867251071,-75.872395611543325],[161.955530990301355,-75.873424511270727],[161.95221399239378,-75.874238584428497],[161.948042635288203,-75.87477121544778],[161.947932507286907,-75.874785108977619],[161.946150527944496,-75.875139370448778],[161.944150974162653,-75.875543088924232],[161.942599363371073,-75.875896592928456],[161.941253077301184,-75.876132876264066],[161.943379890057997,-75.875052427686498],[161.944893320562102,-75.874419236775623],[161.947488664120243,-75.873376088909453],[161.947662191963616,-75.873318351533882],[161.949007713545086,-75.872867363486932],[161.950292356713703,-75.872168275741501],[161.951487266878473,-75.871042321498223],[161.950158565965296,-75.86986817458255]]]]}},
{"type":"Feature","properties":{"SURFACE":"lake"},"bbox":[160.832466407457645,-75.704022590860433,160.871396545143057,-75.699215067520598],"geometry":{"type":"MultiPolygon","coordinates":[[[[160.835069656295133,-75.700186239252417],[160.837294439468906,-75.699494221811051],[160.838626502353151,-75.699215067520598],[160.839540214588141,-75.699322318588017],[160.841385646887318,-75.69965353203537],[160.842778557258697,-75.700099449941277],[160.845076479207677,-75.700421469657655],[160.848040391791898,-75.700570258975887],[160.850759809286444,-75.700506072092722],[160.855502748768004,-75.70026033189886],[160.859126851392688,-75.700072112565081],[160.862051642952622,-75.69977589437579],[160.864085144488627,-75.699652751416394],[160.866565353832073,-75.699529503277418],[160.871101998272508,-75.699448145186707],[160.87122267602598,-75.699819559106288],[160.871396545143057,-75.700356273911183],[160.86940470853051,-75.700914906703844],[160.868010792243552,-75.701236882690239],[160.867404062444251,-75.70137681317776],[160.863676760552039,-75.702069776145891],[160.863377318766993,-75.702125679996811],[160.85866528626218,-75.702825350117237],[160.850798552297988,-75.703878225628898],[160.847390018415553,-75.703835355551846],[160.84330609761713,-75.703849653616729],[160.842413306417001,-75.704022590860433],[160.841049136986101,-75.703915110171735],[160.839823187102411,-75.703743895773954],[160.838747489331126,-75.703592769178726],[160.835303946810569,-75.703105165680242],[160.834381859343665,-75.702882010832511],[160.832989223998823,-75.7024936573726],[160.832494647190174,-75.702105625391837],[160.832466407457645,-75.701719245534889],[160.832880202336071,-75.701207649316558],[160.833971431142771,-75.700639050258118],[160.835069656295133,-75.700186239252417]]]]}},
{"type":"Feature","properties":{"SURFACE":"lake"},"bbox":[161.752673316180847,-75.724914034614741,161.777598974263157,-75.712195956244528],"geometry":{"type":"MultiPolygon","coordinates":[[[[161.767776265913625,-75.712195956244528],[161.770285185848337,-75.712228157751142],[161.772396855959897,-75.712714875215227],[161.773816100838189,-75.713097543787185],[161.774768917732473,-75.713423191592767],[161.77629712001044,-75.714530622558129],[161.777598974263157,-75.715705544502299],[161.777426693456164,-75.716102010673737],[161.776115058150509,-75.716510895208742],[161.772543203007558,-75.716927000760379],[161.768560466281343,-75.717691515820349],[161.766410899611571,-75.718614589389588],[161.765565954721637,-75.71907094798182],[161.763899634619179,-75.720147878210014],[161.76216922756322,-75.722298383711021],[161.76198145458801,-75.722636345901591],[161.761933530148212,-75.722846057409967],[161.761564110522727,-75.724435391762029],[161.761840938168234,-75.724830218295239],[161.759348831964274,-75.724914034614741],[161.757526470495378,-75.724861341906276],[161.756154280059832,-75.724816598069893],[161.755461275490035,-75.724712510587111],[161.754505468996115,-75.724377011236271],[161.754457884619399,-75.724105821218615],[161.755099090849967,-75.722791537729819],[161.75534157684092,-75.722296910553283],[161.755202047756654,-75.721292667912408],[161.754371898741908,-75.72028952906453],[161.753572022510383,-75.71945114343427],[161.753359534691015,-75.719227399839923],[161.752776602768932,-75.71861311140735],[161.752673316180847,-75.717888672774805],[161.753693263431416,-75.717026503182041],[161.756483450106572,-75.715945593433872],[161.767776265913625,-75.712195956244528]]]]}},
{"type":"Feature","properties":{"SURFACE":"lake"},"bbox":[161.755667035120325,-75.696320047339441,161.77817052204918,-75.691661700097868],"geometry":{"type":"MultiPolygon","coordinates":[[[[161.768272102868821,-75.691741132562186],[161.773078098844991,-75.692037018754021],[161.77537911921857,-75.692243434599206],[161.777920980783108,-75.692555331502916],[161.77817052204918,-75.69278563617334],[161.777767902783779,-75.693125132276592],[161.776042039882157,-75.693757834647954],[161.772305935565043,-75.694570540869307],[161.770972126155584,-75.69474832674085],[161.768088456415853,-75.695286754793287],[161.765473649424194,-75.696037978902169],[161.764948759630784,-75.696269684425417],[161.764834556205926,-75.696320047339441],[161.758641253912543,-75.695930175414873],[161.757480055263642,-75.69565419535131],[161.756233448056065,-75.694874830625508],[161.755667035120325,-75.694103145158365],[161.755802052335298,-75.693417255238472],[161.756613783255403,-75.692738782011773],[161.758104261892925,-75.691771956503274],[161.758274168096477,-75.691661700097868],[161.760784279428663,-75.691808951930341],[161.76283986698644,-75.691842776680801],[161.764866542815668,-75.691778768074826],[161.768272102868821,-75.691741132562186]]]]}},
{"type":"Feature","properties":{"SURFACE":"lake"},"bbox":[159.798506862701402,-75.507403701151475,159.815072720431431,-75.501897310835048],"geometry":{"type":"MultiPolygon","coordinates":[[[[159.812153192221615,-75.501947765067015],[159.814392531515466,-75.502067064664857],[159.815072720431431,-75.502738016309991],[159.815069365883119,-75.50301772965355],[159.814409035464848,-75.50352663681258],[159.813730808992545,-75.503753874079649],[159.811501346718558,-75.504195559245659],[159.809944953329136,-75.504873027981873],[159.809262536277345,-75.505273693369404],[159.808831356840415,-75.506392755140311],[159.808836311754078,-75.506837405818231],[159.8079431484162,-75.507286271665436],[159.806596660189172,-75.507403701151475],[159.80390336013923,-75.506952885561077],[159.801669228839501,-75.50638980908623],[159.800537643549745,-75.505947580409668],[159.799421433558507,-75.50543915791782],[159.798506862701402,-75.50460164974227],[159.799416727923926,-75.504308861348676],[159.800299676607352,-75.503530749424868],[159.800579635442944,-75.503354957179596],[159.80252029386665,-75.502132322624803],[159.802964954953438,-75.501960844179791],[159.805210203169281,-75.501897310835048],[159.808867553016199,-75.501923991612813],[159.812153192221615,-75.501947765067015]]]]}},
{"type":"Feature","properties":{"SURFACE":"lake"},"bbox":[162.227935125570269,-75.404252152860337,162.250159100164268,-75.397961217299439],"geometry":{"type":"MultiPolygon","coordinates":[[[[162.245384132882975,-75.397961217299439],[162.248044805864538,-75.398042869731185],[162.249777891424856,-75.398344530078575],[162.250159100164268,-75.398746342707682],[162.249409731674433,-75.399342299266948],[162.247553203270456,-75.399782277944084],[162.245294412718778,-75.400037546043691],[162.24390386952004,-75.400362911418014],[162.242509534348613,-75.400745052669706],[162.242617719816707,-75.401476870104943],[162.243385537610209,-75.402271463432342],[162.244883004052241,-75.402734875277389],[162.245700059002786,-75.40319091449642],[162.246282447889371,-75.403761201864185],[162.245793502352569,-75.404035699074797],[162.233510207631724,-75.404252152860337],[162.231739202085151,-75.404175687545717],[162.23063514840797,-75.404057944633678],[162.229564916547929,-75.403771658227456],[162.228797477989247,-75.40302456630387],[162.228240303030219,-75.402237369231131],[162.227935125570269,-75.401337324106919],[162.228548451764539,-75.400216552892033],[162.229134795735888,-75.399321967108676],[162.229695333404891,-75.398539479768758],[162.23088347361869,-75.398102683958712],[162.232226381414364,-75.398058985131613],[162.245384132882975,-75.397961217299439]]]]}},
{"type":"Feature","properties":{"SURFACE":"lake"},"bbox":[162.193303781597933,-75.134282679671458,162.224643630880365,-75.123614951899128],"geometry":{"type":"MultiPolygon","coordinates":[[[[162.221264761430831,-75.123708407966177],[162.223247678506311,-75.123614951899128],[162.224308802893376,-75.123797427294619],[162.224643630880365,-75.12448115106001],[162.22339120937059,-75.125538189146752],[162.221672927834845,-75.126804129780894],[162.21996202088755,-75.128023143305541],[162.216934407603759,-75.129181292257783],[162.207894933949348,-75.132516660265438],[162.205135936066426,-75.133392599059349],[162.202191083915665,-75.134034468893816],[162.199316866292946,-75.134282679671458],[162.196700371829081,-75.134152634890626],[162.194809201636645,-75.133673364404771],[162.193599914030301,-75.132993481676394],[162.193303781597933,-75.132084514921374],[162.194462038039518,-75.131647383025125],[162.200841645114167,-75.129976252258516],[162.202200910129136,-75.129698344637802],[162.20308655169984,-75.12960014504327],[162.20651130778171,-75.128674534534184],[162.208824738607603,-75.127857057557804],[162.209946307520056,-75.127459688145208],[162.211132665747925,-75.127039125786496],[162.212594549371971,-75.126046878376684],[162.213811381259688,-75.125262691848803],[162.215656134947665,-75.124615831213418],[162.215759331031393,-75.124593425378663],[162.218144294886997,-75.124079028944465],[162.221264761430831,-75.123708407966177]]]]}},
{"type":"Feature","properties":{"SURFACE":"lake"},"bbox":[162.151142766247176,-75.114436159579967,162.167979695011468,-75.108896285535465],"geometry":{"type":"MultiPolygon","coordinates":[[[[162.16376730163006,-75.10929933747687],[162.167979695011468,-75.108896285535465],[162.166341787011021,-75.109607408950922],[162.164726803891114,-75.110158720407711],[162.163743492735705,-75.110828867183159],[162.162760631658784,-75.111546617736977],[162.161969706404591,-75.112432449993889],[162.161674830248103,-75.11293125143132],[162.161405666993033,-75.113222903993261],[162.160899246269224,-75.11366616064052],[162.158214030761059,-75.114081397199797],[162.15531979278299,-75.114393704186583],[162.154223252050741,-75.114436159579967],[162.15336036188441,-75.114374273915487],[162.152324338254232,-75.114022177058715],[162.151835015996909,-75.112944752905634],[162.151537898816002,-75.111997390240234],[162.151142766247176,-75.110309403787582],[162.151219152058587,-75.109849585640262],[162.154912350137806,-75.110003069887782],[162.156871201593617,-75.110022486334714],[162.158198338750708,-75.109923025488087],[162.159974635526851,-75.109775107730101],[162.16220224190937,-75.109512315378979],[162.16376730163006,-75.10929933747687]]]]}},
{"type":"Feature","properties":{"SURFACE":"lake"},"bbox":[162.177003960882644,-75.10751438321266,162.204645196165217,-75.099853042250942],"geometry":{"type":"MultiPolygon","coordinates":[[[[162.180237139622307,-75.104469047033959],[162.178153714969596,-75.103830740797122],[162.177931047867645,-75.1038313534944],[162.177625672605785,-75.103014268823117],[162.177003960882644,-75.101348275265337],[162.177604774752382,-75.100285117648383],[162.178541075504768,-75.099896490077555],[162.179855929757792,-75.099853042250942],[162.180319839842952,-75.099924693719785],[162.182625843684662,-75.100281811146161],[162.184746020350872,-75.100742423138854],[162.190263122986778,-75.101816613660006],[162.193245466959354,-75.102291281379351],[162.195827367569393,-75.102542607018265],[162.198857535724642,-75.10269777011402],[162.201480278651474,-75.102714633156154],[162.203214909883343,-75.10279128422124],[162.204474015023209,-75.103142496772321],[162.204645196165217,-75.103422911004245],[162.204351660620489,-75.103931245555856],[162.202103648542192,-75.104401864973639],[162.198582154514582,-75.104539070893253],[162.193396342365361,-75.104148820096825],[162.191241774197692,-75.103961322308749],[162.189469635057208,-75.104109747019663],[162.188056404583619,-75.104772878464217],[162.187278564882916,-75.10560264631556],[162.186999457770838,-75.105998072514694],[162.186259415306495,-75.106555148918005],[162.185314828711427,-75.107000215315509],[162.183504732360518,-75.107373763678638],[162.181523301987681,-75.10751438321266],[162.179365249578751,-75.1073265094156],[162.178295090233433,-75.107152447512917],[162.178182069771339,-75.106477294491739],[162.179991895937206,-75.106046696915996],[162.180718078904619,-75.105602615872584],[162.181011714429417,-75.105151317112217],[162.180237139622307,-75.104469047033959]]]]}},
{"type":"Feature","properties":{"SURFACE":"lake"},"bbox":[162.466204000326314,-74.957221522504042,162.492993582490612,-74.951443582724821],"geometry":{"type":"MultiPolygon","coordinates":[[[[162.466384841411355,-74.952493638662801],[162.466204000326314,-74.952146539135512],[162.466659036784137,-74.951823143932614],[162.46862795302917,-74.951548035010873],[162.470362989390821,-74.951443582724821],[162.471447087674534,-74.951447092559022],[162.472945952376392,-74.951627014201605],[162.475045449745124,-74.952368792501247],[162.476949547429825,-74.952942629752059],[162.479721624870905,-74.95335029628788],[162.481477610619464,-74.953572575719406],[162.482071952569271,-74.953647403725853],[162.485294134365631,-74.953892540012632],[162.487016077801684,-74.953957727411108],[162.489400304165486,-74.954020216750394],[162.489631817867064,-74.954026135367783],[162.490006231833092,-74.954036643606898],[162.492197129193073,-74.954097497810551],[162.492615868350157,-74.954321638241709],[162.492819431781271,-74.954442723942535],[162.492993582490612,-74.954998021153514],[162.492958321793367,-74.955393787472843],[162.492292113874157,-74.955671427818416],[162.490527794650632,-74.956058440012882],[162.48398206006658,-74.956860486220691],[162.481356655213602,-74.957129424974454],[162.478542851136325,-74.957221522504042],[162.475961314166028,-74.957095312752116],[162.473619323792917,-74.956580521369048],[162.472792314717964,-74.956076029415541],[162.472419757087152,-74.955390467333402],[162.472052981421371,-74.954657912787084],[162.471449957096553,-74.954038876886642],[162.469980197649903,-74.953576561764876],[162.46870349474591,-74.953234492830902],[162.466384841411355,-74.952493638662801]]]]}},
{"type":"Feature","properties":{"SURFACE":"lake"},"bbox":[162.524124913604282,-74.972326649571386,162.732446274723401,-74.951037374195636],"geometry":{"type":"MultiPolygon","coordinates":[[[[162.524124913604282,-74.955391297441196],[162.527855827656396,-74.954291783765996],[162.528957968450413,-74.95401177146546],[162.530480332205599,-74.953965390865932],[162.53282570923443,-74.954375338711003],[162.535581886588631,-74.955065544791481],[162.538349945749644,-74.955585857600809],[162.541560910828593,-74.955990464281342],[162.544772373092854,-74.956347605420959],[162.548004859382104,-74.956535602881246],[162.553388407916174,-74.956785233756591],[162.562231185911315,-74.95711763126323],[162.566344708330064,-74.95713049424127],[162.569802616817952,-74.957042394505009],[162.5726278129506,-74.956836259108726],[162.575251783291066,-74.956509331845837],[162.577672877369309,-74.955957128577595],[162.5796713726034,-74.955237658283338],[162.581247848381395,-74.954455339744584],[162.582599804968964,-74.953626270474857],[162.584378204912838,-74.952955281370592],[162.585937686035095,-74.952399273486662],[162.58814691727585,-74.95179183967177],[162.590122710782509,-74.951298198059519],[162.592300037960086,-74.951086586267223],[162.594258465001388,-74.951037374195636],[162.596410848118012,-74.95110828767335],[162.599596567374363,-74.95180401108739],[162.602801511401253,-74.952425341860106],[162.605366057856571,-74.952776323463297],[162.607956396327808,-74.952844791550163],[162.610753609990439,-74.952920569251162],[162.613753766655577,-74.953382746357491],[162.616946091839907,-74.954021742521618],[162.620368571551836,-74.954594012871766],[162.623361206289331,-74.954951063042387],[162.630240101370276,-74.955604813041887],[162.634750220634004,-74.955904723828937],[162.638837333120875,-74.956208123746279],[162.642066786734233,-74.956498727616804],[162.646129259557938,-74.957141386418698],[162.649961272911042,-74.957945437849105],[162.653365243079037,-74.958752611473159],[162.656554295812242,-74.959551762438423],[162.65952112763523,-74.96036127770337],[162.662268984951538,-74.961323678463188],[162.665021225512049,-74.962182060518245],[162.668216756673019,-74.962924566529651],[162.671624643698294,-74.963560923890384],[162.672935234833062,-74.96375476790152],[162.679121334329892,-74.964670432640233],[162.682339122312726,-74.965073081705185],[162.683458243674693,-74.965247792306727],[162.693476855543196,-74.966808404324382],[162.701996639728833,-74.968758088313749],[162.705401556180476,-74.969516721211022],[162.708200552356345,-74.970020128296113],[162.710103298317307,-74.970325489840093],[162.71723422553103,-74.97057650732205],[162.719208197362434,-74.970498823924629],[162.722443300808067,-74.970371210229914],[162.72440298198012,-74.970159610357584],[162.725483238769726,-74.970006212069705],[162.725935874416422,-74.969942005361091],[162.727468669979601,-74.969714905709779],[162.728342728031549,-74.969501019597558],[162.729222550938601,-74.96939187528362],[162.731157607818005,-74.969462639618754],[162.732446274723401,-74.969689808704402],[162.731787412938388,-74.969854704996891],[162.73182528696347,-74.969880273837717],[162.732201164109085,-74.970134545529262],[162.731518927484046,-74.970581949869469],[162.73084614207599,-74.970868961867211],[162.72996122850634,-74.97119574451439],[162.729304620858755,-74.971408222685994],[162.727546130274874,-74.971692982580564],[162.724724735642752,-74.971958348622763],[162.719067314029729,-74.972326649571386],[162.712371610865517,-74.972184374635617],[162.708709553594787,-74.971888684670247],[162.702270777951782,-74.971074696552435],[162.698625046265732,-74.970552566447992],[162.689677968390839,-74.968587202637394],[162.68648623826283,-74.96778859864574],[162.683725620824106,-74.966986872853738],[162.681378016049536,-74.966474531397935],[162.67923303037972,-74.966234573923586],[162.67621125093342,-74.966113268237564],[162.672984434742631,-74.96592790374946],[162.666310176817859,-74.965340001080222],[162.662666191213077,-74.964921524119674],[162.65881212222348,-74.964343695219696],[162.654753342304417,-74.963644861670574],[162.651546949645308,-74.963071943519523],[162.644740714748735,-74.961514630536669],[162.641764038002208,-74.96077045816341],[162.639218232012468,-74.960032740597811],[162.633269490170932,-74.958487562833099],[162.629663955386093,-74.957625676017244],[162.626678204766534,-74.957041687727667],[162.622827575488543,-74.956463240795017],[162.618956143721931,-74.95605374646324],[162.614232249787648,-74.955688681454063],[162.604977142391903,-74.955087700059607],[162.601537377896932,-74.954893189432369],[162.59873479390339,-74.954769452479624],[162.596349454862604,-74.954869369571696],[162.594368558467153,-74.955258325713118],[162.587550985368267,-74.95690413211473],[162.585563928391764,-74.95740639407596],[162.583796198462807,-74.957898052370609],[162.582463010493001,-74.958396640171628],[162.580475582370781,-74.958898857971349],[162.578081445737411,-74.959159211968426],[162.57504005653098,-74.959262443405777],[162.572243389486545,-74.959081973616534],[162.567928201303516,-74.958948457426118],[162.564467031919776,-74.958979370505361],[162.557111949715534,-74.959053178970791],[162.550620618395158,-74.959026439201267],[162.546322057580539,-74.958770482397355],[162.543963012352833,-74.95853045042368],[162.531140271774632,-74.956553103765671],[162.528358020192712,-74.956094404397845],[162.526227505182788,-74.955743503079432],[162.524124913604282,-74.955391297441196]]]]}},
{"type":"Feature","properties":{"SURFACE":"lake"},"bbox":[162.44285844653956,-74.687627216349355,162.476927787527814,-74.675642866148081],"geometry":{"type":"MultiPolygon","coordinates":[[[[162.464004547348537,-74.675674837131353],[162.467386867751742,-74.675909961952556],[162.470973023525175,-74.676266405233065],[162.473694051846479,-74.67678771466349],[162.474928314404707,-74.677298698227048],[162.475693856022133,-74.677724292349211],[162.475952767362628,-74.677868048317436],[162.476544494330511,-74.678439215075258],[162.476917672761999,-74.679115463718958],[162.476927787527814,-74.681867476992807],[162.476698548113205,-74.682144810082136],[162.476465167135018,-74.68242654161466],[162.475556438706775,-74.683157092680091],[162.47425112217465,-74.683645837920793],[162.469691104795686,-74.684868566791451],[162.464717958803845,-74.686075747685052],[162.462559229685155,-74.686569124906285],[162.45912764683888,-74.686994147110525],[162.456117879241333,-74.687321532642429],[162.450577389712095,-74.687627216349355],[162.44612104701352,-74.687492028761341],[162.444230732782671,-74.687096814831492],[162.443413944028208,-74.686696434378348],[162.443029714590892,-74.686180390851135],[162.44285844653956,-74.685625217462956],[162.443348651436537,-74.684783755634271],[162.443712989050056,-74.682812121684776],[162.443766589193245,-74.682085983761738],[162.443420797056774,-74.681070257947169],[162.443263199708497,-74.680335948450477],[162.443110331003425,-74.679554591557036],[162.444229291415894,-74.678775233020318],[162.445565678665616,-74.677985598322735],[162.446897723981664,-74.67720509362556],[162.449921472237861,-74.676604008390314],[162.452708085560118,-74.676172835454565],[162.455918705583116,-74.675852986039573],[162.459761583005019,-74.675642866148081],[162.464004547348537,-74.675674837131353]]]]}},
{"type":"Feature","properties":{"SURFACE":"lake"},"bbox":[164.00177632658702,-74.720605998433882,164.032671665879548,-74.712619452913103],"geometry":{"type":"MultiPolygon","coordinates":[[[[164.012599021406345,-74.712732141776428],[164.014719360075645,-74.712619452913103],[164.016424975576086,-74.712842441367386],[164.024328629224783,-74.714182887616388],[164.031378510110869,-74.715863160527846],[164.032671665879548,-74.71670416474889],[164.031627535235714,-74.717886372528824],[164.02930506829631,-74.718727454227235],[164.027032801804012,-74.719118255277536],[164.018686893745894,-74.720551559493458],[164.015918226542595,-74.720605998433882],[164.011865316277294,-74.720102234915473],[164.008234908119931,-74.719376189885949],[164.006523781429223,-74.718701005125666],[164.007367395561857,-74.718190653879745],[164.007989940717806,-74.717522423989706],[164.00776924857999,-74.717072813726574],[164.007130527071553,-74.716845719069923],[164.005198551329755,-74.7163514535183],[164.003922127741276,-74.716123194101328],[164.002641714469547,-74.715781681614658],[164.001997890799004,-74.715450647184369],[164.00177632658702,-74.715057421917976],[164.002624955837973,-74.714660416582404],[164.007709795733604,-74.713642530518442],[164.011780313007819,-74.712884371896166],[164.012599021406345,-74.712732141776428]]]]}},
{"type":"Feature","properties":{"SURFACE":"lake"},"bbox":[163.978282345285209,-74.585431861284277,163.991980964737706,-74.578403648497826],"geometry":{"type":"MultiPolygon","coordinates":[[[[163.98837691392643,-74.578403648497826],[163.989424998697956,-74.578464843632005],[163.990696831935793,-74.578797166578497],[163.991980964737706,-74.579807890687533],[163.991569569454242,-74.580651565852861],[163.990957484106417,-74.581658708753423],[163.988457204049297,-74.583575625821481],[163.987197641951752,-74.584251084782949],[163.985724299309538,-74.584816130964811],[163.983626956328578,-74.585267674167511],[163.982572835491112,-74.585431861284277],[163.980668849631371,-74.585324139178653],[163.979600397489605,-74.584536804062765],[163.978291665662653,-74.581905551559203],[163.978282345285209,-74.581114395550955],[163.978905597038278,-74.580550350319413],[163.980374189898356,-74.579759167683179],[163.98205076981759,-74.579143840137291],[163.984371517683797,-74.578681210593217],[163.986683157625748,-74.578462521062463],[163.98837691392643,-74.578403648497826]]]]}},
{"type":"Feature","properties":{"SURFACE":"lake"},"bbox":[163.170135560747383,-74.220583599098703,163.191582171406765,-74.213873403944021],"geometry":{"type":"MultiPolygon","coordinates":[[[[163.189306007151941,-74.214148817923217],[163.191582171406765,-74.213873403944021],[163.191350091275126,-74.214713383011912],[163.190694159860783,-74.215726204779941],[163.190264345162689,-74.216181763423521],[163.189839152724772,-74.216514979131418],[163.189827199876561,-74.216853849334399],[163.189819231022454,-74.217079762951087],[163.186249592252238,-74.218919822441137],[163.1852032161365,-74.219371900313661],[163.183953452892837,-74.219760050468466],[163.182296311828452,-74.220029730366861],[163.180630859515986,-74.220260954970726],[163.178361241440143,-74.220470798604865],[163.176289392812635,-74.220583599098703],[163.174848669333272,-74.220521718337523],[163.173195051445987,-74.220404544369288],[163.172174794548056,-74.220235620194231],[163.170942734777299,-74.219954845175167],[163.170135560747383,-74.219491876648263],[163.170148415743711,-74.219049189045876],[163.171004558020229,-74.218260490057105],[163.172044427133073,-74.217987304795358],[163.17288518052581,-74.217480582738361],[163.174138016580514,-74.217092745574988],[163.176213876743844,-74.216819836432251],[163.179320846918642,-74.21649013223751],[163.182431365482756,-74.216094600128926],[163.183881192376049,-74.215713498284785],[163.184721390663526,-74.215320014701916],[163.185360592194712,-74.214872238079082],[163.186189745095959,-74.214591133641846],[163.189306007151941,-74.214148817923217]]]]}},
{"type":"Feature","properties":{"SURFACE":"lake"},"bbox":[162.93064088920886,-73.247946573170964,162.941762314738355,-73.243201179038579],"geometry":{"type":"MultiPolygon","coordinates":[[[[162.93306359079196,-73.243201179038579],[162.934604003710547,-73.243328164733413],[162.936150871716933,-73.243502863261781],[162.936911911036503,-73.243626833601212],[162.938066297723509,-73.243851641351142],[162.939199646355803,-73.244150024666112],[162.940335744670676,-73.244495795834652],[162.941268646506131,-73.244946172634059],[162.94160137836684,-73.245513178824282],[162.941762314738355,-73.245857501089986],[162.941721698665475,-73.246297155664394],[162.941481728787522,-73.246747461037003],[162.940642126578581,-73.247352180808548],[162.93962708581472,-73.24774332609438],[162.938451075317914,-73.247893878707387],[162.937661241513155,-73.247946573170964],[162.936692287375848,-73.247889098247043],[162.935731519999791,-73.247766324506713],[162.934586943850576,-73.247476372372859],[162.93328366391512,-73.246851694916842],[162.932730280403291,-73.246557481796657],[162.932188190818152,-73.246160521207045],[162.930798661742585,-73.244415273880534],[162.93064088920886,-73.244024045989249],[162.930876489727808,-73.243629935025751],[162.931295819752279,-73.243402999414172],[162.932085525442147,-73.243246593124951],[162.93306359079196,-73.243201179038579]]]]}}
]
}
