{
"type": "FeatureCollection",
"name": "clipped_ADD Moraines (med)",
"crs": { "type": "name", "properties": { "name": "urn:ogc:def:crs:OGC:1.3:CRS84" } },
"features": [
{"type":"Feature","properties":{"SURFACE":"moraine","FEATURE_TY":"Moraine"},"geometry":{"type":"MultiPolygon","coordinates":[[[[162.56301621316868,-78.239913890479826],[162.567596394043079,-78.239108940535715],[162.567002879013415,-78.237982298687115],[162.5753058562955,-78.237778502499808],[162.579736313235571,-78.237699142481048],[162.584309732456234,-78.238297262441932],[162.5874921761949,-78.238882725525684],[162.587340539220094,-78.239617808935009],[162.574953653606173,-78.24090716743369],[162.56486622163078,-78.241665338244545],[162.565868149947164,-78.240784065039264],[162.565854522145344,-78.240341523467592],[162.56301621316868,-78.239913890479826]]]]}},
{"type":"Feature","properties":{"SURFACE":"moraine","FEATURE_TY":"Moraine"},"geometry":{"type":"MultiPolygon","coordinates":[[[[165.697060740196264,-78.315323960402921],[165.697018737941363,-78.314531812814494],[165.698633478127732,-78.313684267463728],[165.705943886107775,-78.310638995069368],[165.711612165069141,-78.308044935337506],[165.712945488045193,-78.307201695458915],[165.714269748207442,-78.306010092759536],[165.71368371395485,-78.305509702664864],[165.712537634071964,-78.30495218348031],[165.711955810388275,-78.30445200152721],[165.710166963978168,-78.302206372826518],[165.708353385204049,-78.299630328209815],[165.70827103820713,-78.298234453606],[165.709375156353275,-78.29805644335481],[165.709064748458843,-78.297495040792626],[165.705414774301403,-78.29508729374686],[165.703990767423022,-78.294421275695669],[165.70442862765961,-78.292732589324345],[165.701810166287771,-78.290490882550927],[165.699523257064385,-78.289150153521888],[165.69471957960323,-78.287359372354189],[165.693027770906554,-78.286811005452165],[165.691093272594003,-78.28675783098376],[165.688345604317675,-78.287095076067629],[165.684486126617742,-78.287384097480128],[165.680048243641835,-78.287116481799913],[165.675036469060018,-78.2866309463232],[165.672532358184384,-78.28635061284956],[165.669734858576135,-78.285735286387222],[165.666680926733449,-78.285586232225484],[165.662812839212762,-78.285470117075732],[165.66143171528492,-78.285595918142832],[165.660077545068901,-78.286042871187803],[165.658161248226747,-78.286498256777804],[165.655955609541593,-78.286675277684736],[165.654004352926762,-78.286338821535409],[165.653425012991505,-78.285772650859826],[165.653385894578207,-78.285046440558801],[165.653628277104218,-78.28437247389985],[165.653328636979211,-78.28398071232661],[165.650821135506959,-78.283765789467537],[165.648340465160487,-78.283768551279167],[165.645302773425556,-78.28394925212352],[165.642838996961757,-78.28422560056363],[165.641188777978812,-78.284685316037326],[165.640679200030405,-78.285354823705404],[165.640714549102768,-78.286090286806143],[165.64075423850062,-78.286816570765623],[165.64052015406935,-78.287603867828267],[165.639146996972556,-78.287767622282146],[165.637200543584072,-78.287609990206064],[165.6285589057766,-78.286342196231374],[165.628540388880111,-78.285946181977337],[165.629344898532821,-78.28549893518904],[165.629048200724355,-78.284984982067272],[165.627600177064863,-78.28369625481831],[165.627028766081764,-78.283421957190939],[165.625897684005054,-78.28303386831827],[165.6245124863824,-78.282688977345785],[165.623669083314496,-78.282466348118831],[165.623369645557631,-78.282196791134524],[165.62335373687975,-78.281857342358862],[165.623625622014174,-78.281626941268442],[165.624157378340556,-78.281297199711503],[165.625520234264457,-78.280954298154484],[165.62800817219221,-78.280773434099956],[165.632134569851104,-78.280489716227976],[165.634601497619201,-78.280034948229655],[165.636783986652006,-78.279584180295572],[165.63815077957733,-78.27912858791511],[165.639786284855774,-78.27873400150844],[165.641977231122866,-78.278452952547681],[165.643631978970632,-78.278388539220316],[165.645584500829756,-78.278668782372705],[165.647823626771384,-78.279161414769604],[165.650868496030057,-78.279272680812809],[165.664970549026634,-78.279412835923296],[165.667441013235845,-78.279240170339378],[165.667966523702347,-78.278674988556688],[165.668160374602735,-78.276982897742798],[165.667568508987785,-78.276312680479109],[165.665307987994083,-78.275424132237532],[165.664170083585361,-78.274753745029159],[165.663569252250625,-78.273970186700637],[165.664092184423481,-78.273292034657644],[165.664873278557678,-78.272505043945387],[165.66400499376806,-78.271716993136224],[165.662836772155373,-78.270659431054384],[165.661409323374755,-78.269654210108769],[165.659707433308085,-78.268869811411605],[165.658027974868986,-78.268481544649362],[165.656915661489279,-78.268376679119697],[165.655818137323735,-78.268432454472205],[165.654173910714235,-78.268770142118086],[165.65310515469082,-78.269222401643162],[165.651182322328509,-78.269507971468315],[165.648968669457446,-78.269392803731165],[165.646739412163868,-78.269004061326186],[165.644750871694953,-78.268063523139972],[165.64331393422583,-78.266878927603742],[165.640205245873915,-78.265663683217809],[165.637131419158067,-78.264826399928538],[165.632960952580589,-78.26432694028793],[165.629908204447275,-78.264111399543538],[165.62632930083862,-78.264112934831999],[165.621647575256532,-78.264404925446939],[165.617804170911484,-78.264806428781014],[165.61424000401766,-78.265260089508885],[165.610659056021007,-78.26549649714957],[165.607616527438552,-78.26539412036152],[165.604016482123171,-78.265055649165291],[165.596530762711382,-78.264457681991189],[165.592951013309232,-78.264524604474019],[165.589916876699107,-78.264638820556328],[165.586884502493831,-78.264696654957532],[165.585768712906713,-78.264478386053014],[165.585109419827461,-78.262120274721667],[165.585350259398609,-78.26155902030581],[165.586428234189555,-78.260881629500503],[165.586945276897438,-78.260212531816293],[165.586357106839046,-78.259598512594536],[165.584412867994814,-78.259205171741158],[165.581933343499003,-78.259207136781569],[165.576139238331251,-78.259223733269806],[165.572291886007321,-78.259342160369613],[165.567608574873617,-78.25957668883396],[165.557709157269159,-78.260440999099771],[165.548907329328244,-78.261240288374722],[165.544088553872882,-78.260037199757718],[165.542977740774148,-78.259640184890827],[165.541309568685108,-78.259420913606377],[165.539927886496002,-78.259423670740233],[165.538278263286372,-78.259591133766875],[165.530081384221518,-78.261513150679264],[165.528713790816397,-78.261968275751101],[165.52902452239374,-78.262699738460356],[165.529605631971862,-78.263426577414265],[165.52964251726803,-78.264331853618302],[165.528843496173863,-78.265005047447204],[165.526227728752019,-78.266505027266334],[165.517163791664871,-78.26769456973436],[165.513864385878577,-78.268095249278431],[165.510289552067576,-78.268377908730812],[165.505062274527404,-78.268780694092385],[165.489789499503019,-78.268494851194646],[165.485369908266051,-78.268328060395191],[165.482605761218593,-78.268333090182622],[165.479860487902926,-78.268668506258123],[165.477945164853594,-78.269292340450505],[165.477438523293756,-78.270300981748605],[165.477742276952483,-78.271258192160531],[165.477530385217506,-78.27288474251759],[165.477054385079555,-78.274911529508003],[165.476810867317823,-78.275632859215619],[165.473052442513051,-78.27680914160392],[165.462506709500076,-78.27569818596605],[165.458901339163049,-78.275253976404102],[165.45611282281476,-78.274532740823858],[165.454699589752209,-78.273629850199583],[165.453548587501814,-78.272514860671379],[165.453248386016895,-78.271614185402939],[165.453487054702265,-78.270600745552883],[165.454827074065605,-78.269654836910448],[165.457009922682744,-78.268687513313836],[165.459464503901216,-78.267960436956969],[165.461102849341216,-78.267510333710291],[165.46329104849417,-78.267060991824408],[165.470147771469271,-78.26581303282056],[165.474544761357066,-78.265131838481494],[165.478386323374195,-78.264506041721873],[165.486883652862815,-78.263033720025973],[165.490999691786982,-78.262234054409916],[165.494547051075727,-78.26121619430144],[165.49699094098176,-78.260319043543817],[165.498310384123272,-78.25892037994474],[165.499092111693443,-78.257625173571398],[165.49819998505626,-78.255940686959406],[165.495352504707313,-78.253870857432815],[165.491431597934678,-78.252243175178577],[165.487510455415332,-78.250681252284011],[165.484162734498341,-78.249676511727316],[165.47970959130808,-78.248792201080036],[165.473340956728265,-78.248013734724395],[165.467806979785024,-78.247457994308078],[165.462274479000172,-78.2469116080606],[165.456468186164471,-78.246407088903737],[165.450374425557698,-78.245576596333535],[165.445092212911277,-78.244468824272303],[165.441763068867147,-78.243624310003199],[165.438164501837207,-78.243236133977135],[165.434309786756302,-78.243361489909418],[165.429356958495703,-78.243758105054241],[165.426351743853502,-78.244267266910185],[165.422792118058709,-78.244888240165906],[165.420057964733388,-78.245618842183291],[165.417597005522879,-78.246298018653818],[165.414868683306509,-78.24720778939502],[165.411866613428032,-78.247933581127839],[165.406920220765073,-78.248735123388215],[165.403076421100053,-78.249124363414879],[165.400331607130795,-78.249355333219071],[165.397850018539657,-78.249524930127492],[165.395097093113378,-78.249472970450256],[165.387637072532726,-78.24920869502678],[165.384594189232729,-78.248990574480814],[165.382382487029815,-78.248421114307234],[165.38069534113032,-78.247587610468173],[165.380673315529265,-78.2468614183489],[165.379280851135604,-78.246241286301043],[165.375949551984036,-78.245631050750674],[165.373182150676257,-78.245295568501007],[165.370968210514093,-78.244848247487994],[165.370673579734273,-78.244003945252885],[165.369757307560434,-78.240913749604644],[165.369643040839833,-78.237273013466805],[165.370438292808416,-78.236204240951366],[165.371245244701782,-78.235249091632141],[165.372040652858431,-78.234519318694893],[165.372848264655914,-78.233733703484944],[165.369120864475065,-78.228742452146932],[165.367993718737608,-78.227618385499085],[165.365183912790712,-78.225660751199698],[165.362942512141132,-78.224430154326313],[165.359325492822194,-78.223201484676309],[165.356275322836069,-78.222247802020277],[165.352966280482974,-78.221572161938141],[165.349361810112754,-78.220965443892695],[165.344679058890307,-78.220574172020662],[165.339725551223381,-78.220243678832063],[165.334224928044762,-78.220307627755332],[165.329824835330299,-78.220430307116473],[165.326796529526547,-78.220598021163696],[165.322133119874167,-78.220659420602558],[165.316620303124864,-78.220326824129259],[165.309992450156415,-78.219378721706008],[165.306122021475289,-78.218549845684137],[165.302533090381587,-78.217990275481],[165.297853097016713,-78.217598224254644],[165.291801259071775,-78.217433941005524],[165.283826560777953,-78.217269982443156],[165.271440536882864,-78.217179812967046],[165.265948969284608,-78.217289953293161],[165.260726142769755,-78.217291965613896],[165.257421800414704,-78.217189747612636],[165.254113507579689,-78.216908279557003],[165.251900949085609,-78.216355954538386],[165.251064286293854,-78.215284080653262],[165.251865672308242,-78.214045939001096],[165.253768789939954,-78.213206210715512],[165.254298869306865,-78.212311484935057],[165.253456263265008,-78.211182777726989],[165.250962574109082,-78.210115962428304],[165.248196855518557,-78.208996778005769],[165.246526455449896,-78.208049557718468],[165.245964490045395,-78.207209097575912],[165.246774024591843,-78.206301161011808],[165.248405045945475,-78.20552224525845],[165.25058846325129,-78.205074534206688],[165.254153031652464,-78.204503316387431],[165.264829517733375,-78.202929882281921],[165.269488586824792,-78.202304371717688],[165.271670522775793,-78.201743457026822],[165.272479118213795,-78.200948568994292],[165.271087717044168,-78.200110751697949],[165.268322437807882,-78.198991785291895],[165.265275300169435,-78.197876439951642],[165.262518356068313,-78.197087515544737],[165.260034769052822,-78.196473404765086],[165.25534381191153,-78.195467202185412],[165.245444052501796,-78.194302660775378],[165.239404889417187,-78.193854616558156],[165.235560052588198,-78.193741475300797],[165.2303497555597,-78.193969147639649],[165.218565275246078,-78.194765156281917],[165.214177201301197,-78.195272522725787],[165.209785865616738,-78.195845621934737],[165.199391052071945,-78.197865668615393],[165.194747478742954,-78.199046915739061],[165.191465669108624,-78.200000237741349],[165.18654787062502,-78.201911070430228],[165.180257779039692,-78.204341367857538],[165.177250515166094,-78.205290680245369],[165.168766930092801,-78.207253559214095],[165.166021807909857,-78.207821206795558],[165.162453740318398,-78.2083254311503],[165.159164205840938,-78.208665641587345],[165.155867443640403,-78.208892332897193],[165.152839927255258,-78.2088979541074],[165.148449396144997,-78.208895644973197],[165.141029756186015,-78.208729013702467],[165.142628271157776,-78.20784486837789],[165.151409574780956,-78.206548988617797],[165.154422703665546,-78.206156211867281],[165.157996648724634,-78.205699551230524],[165.161013199040895,-78.205250365324389],[165.164293385293433,-78.204636372530032],[165.167856927904381,-78.203962309640758],[165.171689781559792,-78.202775050916614],[165.18317040137083,-78.198844735411569],[165.186717444933379,-78.197500636674377],[165.190549991728687,-78.196256794886366],[165.19410443235742,-78.195412519706508],[165.199034786998141,-78.194510712539483],[165.202044416472575,-78.193891351498493],[165.204221090598566,-78.193104454118426],[165.208303122550717,-78.190743358322223],[165.209630377585967,-78.188337033968821],[165.2101485470711,-78.186150818856774],[165.209287065920932,-78.183795787926371],[165.207916988794523,-78.183335372585432],[165.204886226492334,-78.18278510016269],[165.202688189831917,-78.182392914419069],[165.199935424249134,-78.181659732697241],[165.198286936982583,-78.180929756008837],[165.19303535918678,-78.177959874797949],[165.191366940363736,-78.176277019056727],[165.189967830898127,-78.174542768281512],[165.18610217899419,-78.172241304517399],[165.183898168379017,-78.171349087510862],[165.173996117937548,-78.167758613967919],[165.172622417537809,-78.167420171509406],[165.16987908317077,-78.166865982480047],[165.172611875881046,-78.166976692343951],[165.177831086586849,-78.167702933693548],[165.181124074887151,-78.168202031088626],[165.186062180899029,-78.16961011190871],[165.187996363828972,-78.170384034501367],[165.189930104231195,-78.171393478479757],[165.193512401025259,-78.173359132517689],[165.196559635086487,-78.175323966431463],[165.199608822471276,-78.17795782505307],[165.201009763103741,-78.179692037823898],[165.201845439450949,-78.180877395796983],[165.204048570657989,-78.181373526239952],[165.208436217054242,-78.181658031630022],[165.210908869977544,-78.181763513475715],[165.226542176283203,-78.182316495363111],[165.231477103899948,-78.182422888222661],[165.236695229956268,-78.182638687698287],[165.242459920176486,-78.183091129977441],[165.248230106718552,-78.183703875350048],[165.259498023159608,-78.185319295081484],[165.271606934765998,-78.187158343022304],[165.277375107891231,-78.188118709243483],[165.28206421658183,-78.189115067710901],[165.286474076808162,-78.190124551286559],[165.290326761000586,-78.190793162523562],[165.294190879175744,-78.191292776039532],[165.299411597523203,-78.191789827714658],[165.305726688686804,-78.192006447965753],[165.312581661240586,-78.19217653557476],[165.321085057851775,-78.192114637894889],[165.328497674272796,-78.191984616186829],[165.333980666318951,-78.191751042816747],[165.340276345472375,-78.191353725539102],[165.346027093253269,-78.190842373038976],[165.350401902284887,-78.190445625018612],[165.355601831346291,-78.189819902339551],[165.360513813688442,-78.189037477105828],[165.365690180375395,-78.18784543785695],[165.368144403622779,-78.187223411931782],[165.371128730452597,-78.186328425618257],[165.374947861967826,-78.185478048707665],[165.379323078768834,-78.184742096630501],[165.389148964009706,-78.183440480738085],[165.392976256506103,-78.182985817823649],[165.401982441986291,-78.181621322970884],[165.407678710424989,-78.179995396337517],[165.409303963381433,-78.179319588598901],[165.410929029238673,-78.178643772207408],[165.412272089522162,-78.178028224012294],[165.416063241287588,-78.17644187909201],[165.420938709924656,-78.174753333032669],[165.424192226971456,-78.173853710843886],[165.427457885177688,-78.173001789117251],[165.437257417544998,-78.171076707551236],[165.461136729254747,-78.165213920754624],[165.47006525766767,-78.162395046193737],[165.47223966821042,-78.161767241013692],[165.474946397587075,-78.161148914303013],[165.47930397582229,-78.160467768742805],[165.482027077179509,-78.160123174059109],[165.483936124092452,-78.159838813828145],[165.486099786710923,-78.159445645096383],[165.489901904785967,-78.158659610601674],[165.493158101810081,-78.157919833951226],[165.496410311134241,-78.157066916775989],[165.506686816993806,-78.154140512691228],[165.519692732279225,-78.151085959180122],[165.528095253115907,-78.149386478974805],[165.532696960276127,-78.148369764008947],[165.54271971778104,-78.146097424591602],[165.548938750572376,-78.144573619428868],[165.552174142240631,-78.14367255689389],[165.557838191262874,-78.141921763269096],[165.577784749788407,-78.135997814654033],[165.581019056011996,-78.135030776150273],[165.583427992930154,-78.134076523374162],[165.585832110845217,-78.13300915388217],[165.587175293559511,-78.132318340243614],[165.58822187679425,-78.131367315596222],[165.589000422280435,-78.130524393335975],[165.590541969107704,-78.128386301593096],[165.591298839245042,-78.127325936441764],[165.5923475864995,-78.126196367074911],[165.593921116127717,-78.124840624059004],[165.598454421360884,-78.122766744415443],[165.600869263798245,-78.121972756259893],[165.605972523606397,-78.120220549534807],[165.613444917323761,-78.116891399595886],[165.621563034863755,-78.110145340458018],[165.620411454401193,-78.108965488562191],[165.617032012992212,-78.106558249209016],[165.614228123774978,-78.104933634683775],[165.612545127049742,-78.104101735805656],[165.609759752588502,-78.102703689588168],[165.608894322057608,-78.10186797888062],[165.607981129451531,-78.099732007065199],[165.607655639269069,-78.098670956719758],[165.607325507149397,-78.097543832593573],[165.607264068258331,-78.09625226201203],[165.608193736859391,-78.09288794009764],[165.610160473730019,-78.088732276774309],[165.611453709899536,-78.087211591559551],[165.612740937102899,-78.085747023853074],[165.614797094777856,-78.083270039583766],[165.617853419413649,-78.079059501579891],[165.618602500919224,-78.077707544996571],[165.61908815798003,-78.076586116574816],[165.619043414458389,-78.07569046610854],[165.61865592035241,-78.073215766352831],[165.61802531338023,-78.071480411044405],[165.617146448486693,-78.070249046384177],[165.616010864688207,-78.069126295650506],[165.613806687379906,-78.068567447955701],[165.611341859131244,-78.068069968293685],[165.608882487444134,-78.067798423271299],[165.606414994216436,-78.067357159534254],[165.603664041829234,-78.066628115923493],[165.602274916393014,-78.065905520366513],[165.601148533183476,-78.065065214335505],[165.600571716773231,-78.064329315031372],[165.600261088396849,-78.06366397238645],[165.599688790216192,-78.062871885278128],[165.596489224456576,-78.058620713397545],[165.592483829564259,-78.054025636151309],[165.587090858989512,-78.048933341289398],[165.58595836472,-78.047866837267875],[165.578358736835071,-78.041763190142063],[165.576391307921796,-78.040200676601955],[165.575002435022924,-78.039411908703343],[165.570014760648149,-78.03718039041064],[165.561714293507492,-78.033154229825385],[165.555637809080736,-78.030412612076915],[165.544042349440957,-78.025278174750738],[165.541300002817877,-78.024388409753271],[165.538029463361056,-78.023884162765583],[165.531510502048604,-78.023168272618776],[165.529069086286455,-78.02299987196821],[165.52581753627527,-78.022835066530661],[165.52283780325314,-78.022731817291415],[165.519857697632688,-78.022675544402105],[165.513091408174688,-78.022811267400328],[165.51012795706211,-78.022981541279961],[165.50661509511599,-78.023150528990527],[165.50309636765121,-78.023159244102729],[165.49687488258661,-78.023060432291302],[165.494158905293887,-78.02295221089777],[165.491172859081047,-78.022678933095449],[165.489811712400126,-78.022455289241876],[165.489255283515263,-78.021832719221507],[165.489772611828897,-78.021333694399047],[165.49056398831857,-78.020764728878021],[165.492703099004984,-78.020145879328922],[165.493760494680316,-78.019468914849853],[165.494011308750686,-78.019077875808037],[165.492345004495292,-78.017906504397672],[165.491240512313766,-78.01722626413563],[165.489584234726095,-78.016450502189144],[165.487660767605064,-78.015613317270038],[165.485756990014693,-78.015219320235957],[165.482753948699724,-78.014728549448662],[165.479968978116659,-78.01450347609449],[165.476309565884463,-78.014146641746791],[165.47466906499676,-78.013926641271226],[165.466849972749145,-78.010636139115618],[165.466270907454089,-78.010247429873331],[165.466015481645485,-78.007966266515126],[165.466005250151539,-78.007448259285866],[165.467605171166696,-78.007054645141949],[165.470298204922756,-78.006597611571081],[165.473250196855901,-78.006201551022556],[165.477017295315505,-78.005811732101208],[165.481064713496636,-78.005578080480817],[165.490500257076377,-78.005051056609901],[165.492654934352117,-78.004941197443898],[165.494006647205964,-78.005051533088064],[165.495638330337783,-78.005270987427636],[165.496737027779801,-78.005602873093423],[165.499469027199154,-78.006323583192895],[165.503554933566761,-78.00738980607656],[165.506553621535943,-78.008002448951544],[165.513639803819501,-78.009445958139764],[165.516083802987424,-78.009784102345634],[165.518254653512059,-78.010004090707966],[165.52906661389946,-78.010038605521615],[165.532851093043121,-78.009921745260527],[165.536620278468149,-78.009747585359122],[165.542293736145666,-78.009562555157501],[165.546073982327613,-78.00955816083146],[165.550683877877049,-78.00976742642888],[165.554199003667094,-78.009823957989809],[165.557441222593553,-78.009818815044383],[165.560137798248661,-78.009643372733251],[165.562011393036812,-78.009245196533868],[165.563333790540327,-78.008798717076701],[165.564101711024335,-78.007730112273606],[165.563796042795758,-78.006942618721226],[165.562952914947147,-78.006220403933582],[165.561576446789417,-78.005601295518218],[165.560482890289165,-78.005260636136242],[165.558848689105446,-78.005041494853671],[165.555861553889059,-78.00465585317005],[165.552878680290661,-78.004383251848012],[165.550168343953374,-78.004106402500682],[165.546639917943907,-78.003719847825636],[165.541195810982487,-78.00294839023303],[165.534953306611953,-78.002058721013995],[165.53809957921024,-77.999923215261475],[165.541339111120834,-77.999918261733384],[165.544329551893782,-78.000238489791542],[165.54811616155672,-78.000347423489288],[165.550808779161201,-78.000228398118864],[165.552805173453351,-77.999507777778987],[165.538531901113146,-77.998225276355939],[165.518145531421823,-77.997441212666715],[165.496049565448658,-77.996253074464335],[165.473420024569918,-77.995495144839097],[165.458386580656594,-77.995145266141037],[165.437118010223941,-77.995069173992633],[165.403073702428827,-77.994600636433049],[165.375052493791941,-77.994614841792298],[165.346020376840187,-77.99426056582999],[165.314510255940036,-77.994700057518045],[165.290996498991007,-77.994640783345105],[165.274733894735476,-77.994674776999659],[165.256222801199357,-77.994735383488887],[165.242041165109242,-77.994871981719839],[165.219895738968063,-77.994891053389466],[165.195507565205588,-77.994926326074022],[165.180906947058901,-77.995969400449937],[165.17360567993623,-77.996490648049956],[165.169568320481062,-77.997342268343147],[165.164223389329578,-77.998442142333175],[165.151770381763981,-77.996446118137172],[165.146465859516212,-77.995409177552062],[165.140674581131606,-77.993977753634496],[165.135697357911482,-77.992327274306277],[165.130734728237371,-77.990677440133723],[165.115780698173751,-77.986288696192133],[165.10973223199025,-77.984691188877335],[165.10103026254319,-77.982682583982097],[165.094157888422245,-77.981255620611449],[165.088098682993916,-77.979769844278636],[165.084458957439381,-77.978455834843302],[165.078423930690064,-77.976857954589818],[165.072079568461078,-77.975591387383218],[165.068437337344818,-77.974333417204377],[165.066930744741825,-77.973260058670732],[165.064372896221272,-77.97190202714971],[165.055403566860406,-77.970008168815269],[165.049299910658164,-77.969084047706474],[165.042675698018542,-77.96803648323035],[165.038471390337264,-77.967010447845269],[165.035378090445022,-77.96565034213306],[165.034194140620514,-77.964123268778692],[165.035444997635977,-77.962505722520973],[165.041525253471008,-77.958650163426199],[165.045210256349492,-77.956876196827054],[165.048076217410426,-77.955263952771233],[165.049868787960037,-77.953686147919299],[165.052936706888772,-77.950115329842589],[165.052894834634856,-77.947973480105958],[165.052331260518258,-77.945670591004372],[165.051982503259211,-77.94140040853739],[165.051823335357426,-77.937800577564346],[165.050476966179247,-77.93557180520115],[165.048761970897829,-77.925711708286101],[165.044438503790644,-77.914760862590768],[165.043142096919951,-77.91085000377835],[165.043636229216389,-77.908719348610589],[165.043297323595482,-77.906815396854455],[165.042695484971432,-77.90490614746696],[165.041095658097589,-77.902309528398249],[165.039771247280328,-77.899718879722528],[165.039397451913402,-77.898142822004687],[165.038525551170807,-77.896284372065068],[165.037125368652113,-77.894368018623894],[165.035141414965892,-77.892843027686297],[165.033376969594002,-77.891820415004801],[165.029787481624709,-77.890346647837873],[165.027967388878466,-77.889829801005945],[165.025655286619326,-77.888927152530954],[165.027278174141401,-77.888763762693515],[165.029722263947377,-77.888391972246339],[165.031653820623973,-77.887944283224599],[165.033851358889052,-77.88738898800527],[165.038832429401822,-77.885953111459756],[165.043273926002058,-77.88588178395419],[165.043968322367022,-77.88694799667816],[165.0446991726796,-77.887573294320688],[165.047007787655076,-77.888588611392862],[165.057420461655084,-77.892555248939487],[165.059259181915394,-77.892846675630679],[165.062193375270937,-77.892973230163733],[165.06433317372182,-77.89298932805265],[165.0667732039513,-77.892720651966499],[165.068949035309629,-77.892446602625753],[165.070596406597986,-77.892058167674293],[165.071708275674894,-77.891668043442067],[165.072574385309849,-77.891113398027457],[165.073148128539941,-77.890721443029165],[165.073436723577686,-77.890502004125807],[165.07374351090732,-77.890161080609246],[165.073789957556329,-77.889711361690942],[165.073582880341434,-77.889096687953753],[165.07337365973757,-77.888529009964756],[165.090488172327838,-77.886254005961192],[165.097798704791387,-77.885494143458828],[165.104807214391087,-77.885028192705477],[165.109114538965457,-77.884816439842922],[165.116629640707458,-77.884576360116284],[165.122281164819697,-77.884373470586979],[165.128468167562687,-77.884011913575733],[165.133340299365045,-77.883473329671759],[165.139891539720679,-77.88231229674021],[165.146961410240067,-77.881161224124284],[165.158916513341183,-77.879311763211277],[165.173859384488907,-77.877015923113092],[165.18069916323995,-77.875465392556166],[165.183454856663047,-77.874629641081626],[165.18459683297678,-77.87385489136301],[165.187610961221708,-77.873137098107279],[165.194975781471413,-77.871653290438545],[165.204473997245572,-77.870174829894822],[165.208867885335962,-77.868949666817286],[165.210044130916486,-77.867781328906702],[165.212274870673355,-77.866775115399093],[165.215537222874616,-77.866127489928303],[165.219089968220601,-77.865448874389088],[165.220123670444025,-77.865845216473389],[165.222509994242927,-77.86602466818313],[165.224124128467906,-77.865972945869345],[165.22599292323568,-77.86587883885106],[165.2278919580923,-77.865654571213],[165.22952391494016,-77.865330742984597],[165.231178401903179,-77.864829255114586],[165.232282554668274,-77.864438497529065],[165.2336622323472,-77.863940605899018],[165.235337300888744,-77.863157781429692],[165.235902847369033,-77.862878407597194],[165.234623718600176,-77.862195479188799],[165.234109789843103,-77.86196925696639],[165.233079884256796,-77.861573188255221],[165.232580183877161,-77.861178263510908],[165.232088893794071,-77.86062373264474],[165.23191786073906,-77.859550253971278],[165.241184626996301,-77.858785833646451],[165.337113739229494,-77.852119304587021],[165.3638989776654,-77.849396191523354],[165.369439952912956,-77.848590442484181],[165.383336226261804,-77.847095669242535],[165.3895694865449,-77.845932490734754],[165.399868598582231,-77.843948005706409],[165.405286117347543,-77.842843377618493],[165.417224583121566,-77.840242889338569],[165.419980282651778,-77.839123923946019],[165.422458602159708,-77.838074424939123],[165.423939038235716,-77.837334773346868],[165.438155016290551,-77.83339483340832],[165.461324913436442,-77.826151764293755],[165.464437836816558,-77.825520233493364],[165.470938859334495,-77.824126388214538],[165.476106484714364,-77.822574946609734],[165.480739320385766,-77.821182347824532],[165.486464369731863,-77.819294554157821],[165.489227363015715,-77.817837390314295],[165.491727608084176,-77.816328268985231],[165.492116670141201,-77.816074456334093],[165.500203542397998,-77.813062618238362],[165.503444199519066,-77.812435575008166],[165.507474167147336,-77.81194093047867],[165.511761098150487,-77.811450864562346],[165.515532501758258,-77.810791580499398],[165.527784043401084,-77.806664513787879],[165.531890153666296,-77.804942145689523],[165.537064385466266,-77.80315578430772],[165.543047793819085,-77.801150265024845],[165.547661133823937,-77.799709375664165],[165.551723682279317,-77.798539305686688],[165.556865399845549,-77.79720236789872],[165.561435795741147,-77.796370132759421],[165.565982958783223,-77.79598781587616],[165.595002554446609,-77.795178079661909],[165.596596103017561,-77.795180036852557],[165.597893122087356,-77.795795625487642],[165.599177979664745,-77.796429339377994],[165.607510548992167,-77.79941928042571],[165.62273368669122,-77.802725755595802],[165.627478483650918,-77.803518441816976],[165.637184761555744,-77.805904596481824],[165.645326386519883,-77.80771696147437],[165.654026329955514,-77.809202030542522],[165.659813702311141,-77.81034152876326],[165.665588783848705,-77.811705701746291],[165.672150424083043,-77.813516151386651],[165.686607831057643,-77.81686048971612],[165.693191812775581,-77.81822973959396],[165.699777644490041,-77.819702200600645],[165.706081391018557,-77.821290783679132],[165.713169948095612,-77.823278307619844],[165.724716033112941,-77.826782457064553],[165.727591086092048,-77.827913743430514],[165.729650967750388,-77.829264286202559],[165.73334167859619,-77.830166777133698],[165.738611693631015,-77.831416866541758],[165.743346318561436,-77.832722660871653],[165.75015880272116,-77.835201031320508],[165.754604751635469,-77.836847985291229],[165.75905078359969,-77.838870536464526],[165.762719534238926,-77.840062377994371],[165.766670358272904,-77.841194065544343],[165.7703511909084,-77.842376983990533],[165.775078243950361,-77.843906854733447],[165.788486797083806,-77.848482593495987],[165.808168978473276,-77.8559925820377],[165.811848889112127,-77.857409245156518],[165.816553988731783,-77.859716135547274],[165.820231416946967,-77.861188795834607],[165.823919024911646,-77.862427132245926],[165.826825085450082,-77.86343605980079],[165.828887728075756,-77.865019934257163],[165.832028346888023,-77.866764282653079],[165.839383980784163,-77.869868376465803],[165.842275582045232,-77.871054636185391],[165.847286006122232,-77.872691169833161],[165.856256377084748,-77.875908146603336],[165.864698037212889,-77.87895578558782],[165.869965815958551,-77.88093382455132],[165.875769716063672,-77.883184119368963],[165.878919454697524,-77.884711909584851],[165.883397819130579,-77.886685320747802],[165.886831710566099,-77.888087097635818],[165.890529450916347,-77.889493322221085],[165.894219459776792,-77.891021096372242],[165.897891537085115,-77.893111128090936],[165.903421037779395,-77.895871572859193],[165.90684510386842,-77.897338058133784],[165.90895384978063,-77.898462976864522],[165.909721769446179,-77.899526681523909],[165.908864411596483,-77.901039958343929],[165.907467431316348,-77.902449744601967],[165.905169127192437,-77.90660040484758],[165.90901327217108,-77.911712636056848],[165.911375227247476,-77.913122988630278],[165.923472575047867,-77.920273645225635],[165.926645451379898,-77.92156667903177],[165.929038109846005,-77.922415053014532],[165.931141018098401,-77.923708177757888],[165.931633697977475,-77.924944995348895],[165.931862460855882,-77.926233684037896],[165.933420918710709,-77.927704728201888],[165.937138271871817,-77.928838289544487],[165.940594486021922,-77.930239701925842],[165.942691996282377,-77.931588658523978],[165.944543643790809,-77.932605546188825],[165.946654215925605,-77.933729829456624],[165.948503961891447,-77.934690238268701],[165.95088585211451,-77.935922519609548],[165.956925815214703,-77.940368553062029],[165.958233103049622,-77.941384935722795],[165.959002843521972,-77.942514011242139],[165.960581368023611,-77.943694722833982],[165.963760496576214,-77.945212447886817],[165.966953633265319,-77.946674511242691],[165.970122644584023,-77.948529464175067],[165.976179914938342,-77.952806420761462],[165.977757723466141,-77.954155807091311],[165.979060784950974,-77.955509620286819],[165.9835454064538,-77.958437074829803],[165.986744169945979,-77.95972998119467],[165.996999230840885,-77.968175720530198],[165.998556042582095,-77.970359009651403],[166.000370133665143,-77.972893514722671],[166.002995599462906,-77.975366889370932],[166.009242761295582,-77.9835091811767],[166.011573507255321,-77.98683983739015],[166.009528706183119,-77.991004095800434],[166.004136064130819,-77.994497413195134],[166.001579918778845,-77.995622525890909],[165.989631333566649,-77.99953607962793],[165.982751803980705,-78.001018741415848],[165.971164832924359,-78.002810634552176],[165.967413822603788,-78.003723430188757],[165.962611541654269,-78.006440292937256],[165.96407536188849,-78.007896322866245],[165.968133828982104,-78.011589869296756],[165.969280954365786,-78.012259610506035],[165.971998834578045,-78.012532127597339],[165.974178592255896,-78.012804845977655],[165.975832152481189,-78.013078399122705],[165.975863237521111,-78.013586915489199],[165.967865252671402,-78.015021108137532],[165.963599671276825,-78.015700844387084],[165.960893141993921,-78.015766819117587],[165.957931323073637,-78.015885222349524],[165.956605681568902,-78.016351467002806],[165.956925718282065,-78.016959532504714],[165.958855900318497,-78.017463469932395],[165.961339344229799,-78.018005502604083],[165.964360192202292,-78.018556624357245],[165.968710960496992,-78.018942027803121],[165.974136181324809,-78.019035753937388],[165.977929998022773,-78.01918558110826],[165.979326935769166,-78.019746144562248],[165.98061390010551,-78.022375528653043],[165.980700636022988,-78.023506471557511],[165.98011255328484,-78.026310901074183],[165.977953440728299,-78.029916364886944],[165.97675503997084,-78.031825615864548],[165.975499611063611,-78.032999713051765],[165.975903372529075,-78.034682206544119],[165.976803329189948,-78.035798987195321],[165.977706195788528,-78.03698162091942],[165.975413541579741,-78.038899985677403],[165.974419600659672,-78.040021963956221],[165.972946544670521,-78.041992196109575],[165.969567853978447,-78.047337298745376],[165.967163115924507,-78.05115577686918],[165.966278378989358,-78.053860704231866],[165.966889406488178,-78.054756035262983],[165.968342265554384,-78.05592961998623],[165.969521973465447,-78.057154772039553],[165.969331717882966,-78.058224561909711],[165.965926051991062,-78.059757050209484],[165.963294836016075,-78.060766307946267],[165.960639205774925,-78.061567754990349],[165.957988559153392,-78.062360065525382],[165.955859513559602,-78.062991590555853],[165.95373826484942,-78.063604737553277],[165.95270189500863,-78.06429281477493],[165.952479743139918,-78.064900983445611],[165.953062612111609,-78.065409984772572],[165.954183528620973,-78.065909270816746],[165.956688819891724,-78.066630394181232],[165.959409576916272,-78.066789916241405],[165.961844745305825,-78.066671759417957],[165.976057878328476,-78.064317752013437],[165.977637607629532,-78.06376099861069],[165.987538785690163,-78.058555432812057],[165.988021225358324,-78.05765100445899],[165.989568084745429,-78.056754625219455],[165.992211096532259,-78.055849154089728],[165.995421118102172,-78.05516069889498],[165.997522187544092,-78.054368038300126],[165.998806510809032,-78.053467502496432],[165.999561739729529,-78.052727390611551],[166.000454372777313,-78.05031415427888],[166.001167907034471,-78.049130731694774],[166.003720772110597,-78.047159963159345],[166.006535130001396,-78.045137019538501],[166.008105967459954,-78.044335813931596],[166.009667772158679,-78.043665552142897],[166.011794487795527,-78.043033841546134],[166.012390141234562,-78.043702846174867],[166.009904945656643,-78.049835183346318],[166.005891885920107,-78.053889538384141],[166.002847801103968,-78.056482740142613],[166.000527709530985,-78.058062021868992],[165.998730362156238,-78.059302206554833],[165.994641208947513,-78.062461123499403],[165.991615796482023,-78.065327676686593],[165.98948801002166,-78.065959463432591],[165.987089958934092,-78.066408320270824],[165.985224655076394,-78.066987933320263],[165.984752087999567,-78.067770872652346],[165.985323028320806,-78.068222788255923],[165.987001028278314,-78.068713063840406],[165.989466673390183,-78.069046828493612],[165.991352934041402,-78.068815592991527],[165.993180182013759,-78.06797112997323],[165.995281862867103,-78.067000018590818],[165.997151370199049,-78.066664644663135],[166.000656273374091,-78.066366668196977],[166.003077029917137,-78.066078468131224],[166.007651225304073,-78.065507017769789],[166.018070133491733,-78.063443855410625],[166.021003132966513,-78.062759566780471],[166.023380391215341,-78.062027873781545],[166.024928813250284,-78.061065777810285],[166.026192946395241,-78.05988256005817],[166.027725268497562,-78.05875070591442],[166.029806918630157,-78.057618991062398],[166.031629380956247,-78.056717961388074],[166.03260498594662,-78.055426068959264],[166.033098520173098,-78.054747572741533],[166.033305291129096,-78.054073083447975],[166.031884136248806,-78.053230287814131],[166.031549298698167,-78.052509131287366],[166.031732519375907,-78.051439241308245],[166.032694367944259,-78.049921425551688],[166.033158731548355,-78.049081894065779],[166.033315443071189,-78.047616470360552],[166.033195316694844,-78.046221254931964],[166.033613527670013,-78.044816243154898],[166.03406490640981,-78.043628808774159],[166.035048838298337,-78.0423937466404],[166.035485379553023,-78.041214947490531],[166.03499359223261,-78.038514839709421],[166.034322018131292,-78.036894131678707],[166.033093720104915,-78.035216548877216],[166.031855131303615,-78.030056538206949],[166.032043626813874,-78.029043292087607],[166.032272607367389,-78.028595241309148],[166.03449364970092,-78.02926356627944],[166.036166258244151,-78.029875415203975],[166.038149298304489,-78.030934959783181],[166.039593218035492,-78.031938520356945],[166.040776557139139,-78.033163247521799],[166.041408316819911,-78.034293834226247],[166.044017071315068,-78.039496038533557],[166.044707707235659,-78.041352255205737],[166.045125557817613,-78.043034876911989],[166.04554784938847,-78.044764649382401],[166.045392298213073,-78.046173743885134],[166.045746523066072,-78.05037761122783],[166.046117757831496,-78.051616746748707],[166.047038799706513,-78.05290293696072],[166.047975116641595,-78.054246211442106],[166.049580075349752,-78.057275586688391],[166.051222499126538,-78.060569626688292],[166.054890306443809,-78.065384774840993],[166.056991248906058,-78.067735614890111],[166.060574356991623,-78.071598320982531],[166.062320515200469,-78.072945449911529],[166.063772080763215,-78.074005289456508],[166.064928868948812,-78.074777842649453],[166.066393899170095,-78.075950952113914],[166.066242243738913,-78.07741653564301],[166.065842552604721,-78.07910402209879],[166.064452487381573,-78.081913827500102],[166.063169600038719,-78.082758379941438],[166.061347331233634,-78.083716059255309],[166.052892267937722,-78.086548520172428],[166.050233321405614,-78.087406988754381],[166.041230281178969,-78.090305141289505],[166.035970487579192,-78.092513086370872],[166.02833801425885,-78.095566023867576],[166.017495404550175,-78.099477258356856],[166.015373771201524,-78.100156776993785],[166.013779565579824,-78.100553617136896],[166.011071967999328,-78.100789991032386],[166.008378079429377,-78.101139695292431],[166.006768808844924,-78.101545127882162],[166.007117536863177,-78.10243606755877],[166.007542405454359,-78.104344745646003],[166.006882195869821,-78.106197679427225],[166.00557989762612,-78.1068723770764],[166.003456439678729,-78.107608148319542],[166.003529118551995,-78.108503697716628],[166.004670050101197,-78.109116175372634],[166.006884196170006,-78.109680503110013],[166.008583026772868,-78.11034037717792],[166.009212682377438,-78.111348992851575],[166.009579063290033,-78.112522447171557],[166.008865903368246,-78.113884556028026],[166.008996773151921,-78.1155059090256],[166.009130180434425,-78.117080457694271],[166.010039345720429,-78.118140955124233],[166.013806733670179,-78.120878194414615],[166.014953420256603,-78.121490849478192],[166.016375678470212,-78.122211495534145],[166.01725673408265,-78.123054578215161],[166.017275199164004,-78.123280817910938],[166.015378613846082,-78.123333784448278],[166.005989274037319,-78.122082435499792],[166.004056859582647,-78.121814296141935],[166.002939782230641,-78.121475333412036],[166.000373857476831,-78.120141978876902],[165.995144941816477,-78.116118258584393],[165.994510577550102,-78.114996655920649],[165.994142912500422,-78.113813649688524],[165.994311149969377,-78.112526753223534],[165.994530531299063,-78.111852707102472],[165.994987386244361,-78.110787188103487],[165.99598246983021,-78.109599134868674],[165.994326840800682,-78.109269941223644],[165.991043938590877,-78.109166863864587],[165.988890201299142,-78.109516123344221],[165.987015255299156,-78.10997359493534],[165.984900787296198,-78.110700390580362],[165.983319545043003,-78.111501557338144],[165.983123917518782,-78.112336451973817],[165.985146355118729,-78.113848730319631],[165.988275782733808,-78.118835220773164],[165.987572042493895,-78.120291803749254],[165.986040371881813,-78.121649522494664],[165.985333298458471,-78.122993296309247],[165.986522839670272,-78.124227977905079],[165.987986327590534,-78.125457938665647],[165.989721162197128,-78.126683036411094],[165.991461725886637,-78.127908401587121],[165.992080004080123,-78.128869588202392],[165.990171563513968,-78.128874884778753],[165.987350928733662,-78.127753646779396],[165.983686171169893,-78.126250997522263],[165.980564442301329,-78.124804332172616],[165.978280836367475,-78.123588461970442],[165.975159070085653,-78.12207594806334],[165.972107023514411,-78.121299292540016],[165.969059503586578,-78.120748156275027],[165.965745399110546,-78.120258365193976],[165.963228169309332,-78.119480920037702],[165.962321788948373,-78.118241801335515],[165.960022377368801,-78.113372333285014],[165.959479506912913,-78.109776395578109],[165.959980814930702,-78.109220094080072],[165.955597030179035,-78.108890826713903],[165.941168193021895,-78.109057307828266],[165.934103663557948,-78.109415641865425],[165.919193288016601,-78.110532828969539],[165.907325230954115,-78.112135469196701],[165.901646482919318,-78.112715079304294],[165.896218763632845,-78.113129149793835],[165.890251490921031,-78.113599722386326],[165.884572603372789,-78.114169665422992],[165.875687459762474,-78.115719262183603],[165.871126329147273,-78.116797826278642],[165.868438530576299,-78.117419305566557],[165.865182470143708,-78.117654353726394],[165.860561756093261,-78.117837357814551],[165.857037291446659,-78.118067792707222],[165.852416477776444,-78.118372792159803],[165.848362737278421,-78.118942026344683],[165.842160885839803,-78.11997269797871],[165.842474391308059,-78.120524460562592],[165.844683939674866,-78.120855285913763],[165.84497362892813,-78.12125549426267],[165.828227713508795,-78.123767519779491],[165.819039628996734,-78.12508425229538],[165.81337478313651,-78.126057961834888],[165.808530149406636,-78.12714006507241],[165.801555594392141,-78.128947506672475],[165.79563343081017,-78.130321081528109],[165.78917856028221,-78.13167625048213],[165.77651554499721,-78.134465025214638],[165.76036264721165,-78.138265010945872],[165.746918751581489,-78.141773749704456],[165.737224626080945,-78.144162302742316],[165.733990952102829,-78.145008469294368],[165.731620976759899,-78.146538915606698],[165.723319183868313,-78.14952649672351],[165.719825473407269,-78.150603442803003],[165.703343525092976,-78.154009117384831],[165.694701019474621,-78.1561138115744],[165.69310488996976,-78.156904553760455],[165.691507241726015,-78.157751627066133],[165.68487514049778,-78.161465771578662],[165.683289722653257,-78.162482738363877],[165.681723025994643,-78.163886164359994],[165.678776090397349,-78.164954068696048],[165.675529644354896,-78.165696015934074],[165.668200017830287,-78.166778727239503],[165.665743538195613,-78.167120103923949],[165.665774033423332,-78.167563618644053],[165.668799227054222,-78.167957215356253],[165.672907925099594,-78.167890406015928],[165.676717752041242,-78.167488218518344],[165.681057921917073,-78.166634266816061],[165.684578812164091,-78.165897223764006],[165.688349429478194,-78.164825375124238],[165.691571649578492,-78.163630803022343],[165.693160538840289,-78.162613998238115],[165.692018262033201,-78.161896130812821],[165.691164542518749,-78.161334376092938],[165.694179421249231,-78.161322941995934],[165.699940164009092,-78.161652542303116],[165.705177156395308,-78.16231185085627],[165.705818347087785,-78.163821288904003],[165.70288329259219,-78.165181380552497],[165.699201493565369,-78.166010054199162],[165.695016950936918,-78.16660323521117],[165.692029429255911,-78.16694522830592],[165.689041817239712,-78.16745642103956],[165.688526328123714,-78.168021744499626],[165.691564843821624,-78.168575569985407],[165.69512696145074,-78.168564449229379],[165.698392088976931,-78.168227518785443],[165.700554018537929,-78.167597863840058],[165.702908017060452,-78.166615134832014],[165.705930145696755,-78.165904699776092],[165.709460518576748,-78.165393547382962],[165.714359962233544,-78.164869284638215],[165.718168567757829,-78.16441019410216],[165.721397594381386,-78.163450800664805],[165.721357557077994,-78.162781304285133],[165.7191210602019,-78.162109892879386],[165.717970900035795,-78.160987592575765],[165.721463832915788,-78.159910439622223],[165.726054273323456,-78.158956391232437],[165.729847479669019,-78.158205076723291],[165.737149568289595,-78.156790926506702],[165.752335121101453,-78.15462236151005],[165.757508187693958,-78.15415894380051],[165.759707123448408,-78.154320535190948],[165.763020880186417,-78.154812736290324],[165.763910421525452,-78.156052645797232],[165.765879899105215,-78.156766101242766],[165.777691482289839,-78.157700453347374],[165.784253209729314,-78.157506110301938],[165.788326534271221,-78.156994321434453],[165.792905462552739,-78.155916761114824],[165.795860075272657,-78.155121235343216],[165.799616894726938,-78.153869359435447],[165.803394673247396,-78.153191752534951],[165.807462388107865,-78.152623139719154],[165.811543042205813,-78.152271271859163],[165.812655679417105,-78.152545150747315],[165.812182035606639,-78.153610512029502],[165.810628356752687,-78.155080225676457],[165.807990014206752,-78.156550021808513],[165.800453456426226,-78.158423230476316],[165.795315566726515,-78.159330940756305],[165.789620108982092,-78.160125047242659],[165.782280438437823,-78.160936962457413],[165.773034975073358,-78.161856343818044],[165.764309170599972,-78.162445413427903],[165.754204451307572,-78.162868438916675],[165.746828894889973,-78.162991644436872],[165.740262143948996,-78.163185039302704],[165.736711807142626,-78.163300656515631],[165.726441429828583,-78.165575305996626],[165.722678081588754,-78.166647880702769],[165.716992758692129,-78.167902101541685],[165.710209707531476,-78.168920322243252],[165.704513474068136,-78.169948229551537],[165.699110177627858,-78.171141804845604],[165.694235141428777,-78.172278342563928],[165.689650301205347,-78.173524038613678],[165.68425756867066,-78.175159937251408],[165.679372790937663,-78.17601381501791],[165.674211344239836,-78.176636913046551],[165.669861788446951,-78.177321256979397],[165.667446580038501,-78.178398329726818],[165.664212798800946,-78.179526570150074],[165.65991018288733,-78.180937333385216],[165.655040340544559,-78.182243147266746],[165.648835684441394,-78.184109017655402],[165.644804032164444,-78.185740823027388],[165.641358598321403,-78.187939381347746],[165.637616553357105,-78.189793284034863],[165.632756609529565,-78.191438124661744],[165.628182318783388,-78.193239005005978],[165.624954097520657,-78.194602640283932],[165.612061044569344,-78.200180544511113],[165.601850720467979,-78.204798900907946],[165.599173244910048,-78.206323183370046],[165.596006363425317,-78.209082201545328],[165.595824252499369,-78.21087861493379],[165.596714745013173,-78.212392705913388],[165.598691154250673,-78.213512269481996],[165.601791696100577,-78.214841258821494],[165.602700794069108,-78.216751309597754],[165.601420292084896,-78.218715857456758],[165.599862992491524,-78.220694134625589],[165.597738835089956,-78.222266468653913],[165.594806149626947,-78.224059805087464],[165.591358583062146,-78.226992578219964],[165.590341107366783,-78.228679452223176],[165.589849075356454,-78.229970588906056],[165.590459686641935,-78.231027928216008],[165.59025038662449,-78.232493808647391],[165.589472644658287,-78.233440751366274],[165.588660126756395,-78.233906130220333],[165.586481141683635,-78.234412765276304],[165.5840312630624,-78.234914598586158],[165.581285264712676,-78.235146902130282],[165.576073116462851,-78.235494422648088],[165.57521086317567,-78.234828303481137],[165.584430451578925,-78.22582962377416],[165.584937050489714,-78.224812045416414],[165.585331804202923,-78.221728522855926],[165.584768840478375,-78.22127567298206],[165.581738409898747,-78.221285926590596],[165.578483489100961,-78.222074551017997],[165.575805042381091,-78.223702451129185],[165.575611703087731,-78.225451445997237],[165.572916048494136,-78.226749228905547],[165.569649299592214,-78.227424358363308],[165.565272604494993,-78.22805057598562],[165.564223892922712,-78.229350201860768],[165.564560874340827,-78.230581503078952],[165.564360079493611,-78.232377252796468],[165.56304941484666,-78.233719602205085],[165.560346665125138,-78.234734843337861],[165.557067167565464,-78.235418729724614],[165.554838384243027,-78.234746559684936],[165.555324906738718,-78.233342072222314],[165.556898537363793,-78.231665432530363],[165.556828669519518,-78.229977711796465],[165.556754158342443,-78.228346199213448],[165.558503633474686,-78.224420948791376],[165.559819068826755,-78.223238853722222],[165.558963468319689,-78.222394202862731],[165.557581835575348,-78.222171028647494],[165.55536693359673,-78.222063957764803],[165.551009259482555,-78.22302957799306],[165.5480695833526,-78.224888305634067],[165.545936350284933,-78.226460187253508],[165.544919475633463,-78.228250762594485],[165.545250707284566,-78.229660653528015],[165.545042855572831,-78.231117460782485],[165.544827858010507,-78.232583307131179],[165.544054897709572,-78.233822238425432],[165.543568690158622,-78.235217387606795],[165.543617735372862,-78.236565416119774],[165.545585629122627,-78.23728984059008],[165.549194154770589,-78.237902874045758],[165.552246391110771,-78.238627745436659],[165.55283938184661,-78.23952446863585],[165.553438598917751,-78.240477964581274],[165.555115572177357,-78.241149349163905],[165.557610061862277,-78.241308547111274],[165.561744020097137,-78.241356199904004],[165.570564279819905,-78.241630811866813],[165.573353886078166,-78.242294526149195],[165.576414697260873,-78.242963006457487],[165.580296233957426,-78.243288746228799],[165.584960653070226,-78.242884051253114],[165.589895631132208,-78.242484059127364],[165.602557593759911,-78.242290893335621],[165.613322790301737,-78.242430684328809],[165.616376391349803,-78.242872492345853],[165.615037090065016,-78.243837126195587],[165.613155337572948,-78.244848658916055],[165.61238877310987,-78.245909087336798],[165.61324629615811,-78.246649951909362],[165.614948213180895,-78.247538399893941],[165.617171992842202,-78.247983797717296],[165.619947601086551,-78.248251067379755],[165.62214430608779,-78.248196496930845],[165.624324315804245,-78.247689573265163],[165.625650868723966,-78.246498509236076],[165.627773247745665,-78.245104472888016],[165.634814650505461,-78.242612927821213],[165.637273473389996,-78.2421581660996],[165.641381196982906,-78.241704796063047],[165.644967204721496,-78.241637966595576],[165.647738465550162,-78.242083462255295],[165.65376527040479,-78.246554387439986],[165.654071241647358,-78.247285056042799],[165.652473533387052,-78.248123423057976],[165.651134525802235,-78.248862422615474],[165.654271381753404,-78.250934944800534],[165.656267575956974,-78.252223856032018],[165.660201531148545,-78.253500765311244],[165.66357585648845,-78.254786071410507],[165.665305305768385,-78.25601393988596],[165.667860951680524,-78.257529255101574],[165.675473508994372,-78.260482844430356],[165.679691803222681,-78.261933878423235],[165.682525206212432,-78.263153027806396],[165.690155982891781,-78.266454724306087],[165.691887209500635,-78.267625892985663],[165.697151768480211,-78.272882445221782],[165.70035898587571,-78.275916509385226],[165.707265865664482,-78.280721648064073],[165.710069780940927,-78.281327486186484],[165.713710410937153,-78.28205178608745],[165.717918545511708,-78.283162646162424],[165.720465361498071,-78.284281547161541],[165.720528588494346,-78.285290839631898],[165.720592007580052,-78.286356555891942],[165.722007260326848,-78.286852793277163],[165.724781727690356,-78.287080775544808],[165.727601179094478,-78.287912766634605],[165.727944944494624,-78.289209173635044],[165.730863285951727,-78.291663306284207],[165.733164304364465,-78.293117123519892],[165.735467004606534,-78.294514572951002],[165.736339298955784,-78.295292901404963],[165.735214799005831,-78.295018650702843],[165.733250777162709,-78.294522440742227],[165.730989380155734,-78.293794619049578],[165.727250407109153,-78.291448562907021],[165.725806478516859,-78.290386789286785],[165.723547515015468,-78.289602560998034],[165.715112263339876,-78.287210954451368],[165.712065999462197,-78.287166265080415],[165.711545240324625,-78.287844522091376],[165.720343986864123,-78.291514928706547],[165.72687083222641,-78.294249549333031],[165.729429770249624,-78.295538080730225],[165.731172237160138,-78.29676562973475],[165.732360302520362,-78.298227800850583],[165.731904526489075,-78.299915423442187],[165.730364385384519,-78.301876193052493],[165.729637399333058,-78.303615671395505],[165.729171957560425,-78.305077188557689],[165.729798100647002,-78.306256528581045],[165.731409144516732,-78.310185021519843],[165.730131039320355,-78.311924349074388],[165.727713567172799,-78.313285298151456],[165.723366557301802,-78.31468783024161],[165.719585830318692,-78.315630244841628],[165.697060740196264,-78.315323960402921]],[[165.52730532443266,-78.20230477102443],[165.525407418959588,-78.202929069545959],[165.524611757527396,-78.203545695007207],[165.524095586153067,-78.204271168508839],[165.522813084009869,-78.206405195967392],[165.523121201995423,-78.207193009120459],[165.524785518280368,-78.20770425679224],[165.527260335736486,-78.207863074340722],[165.530297266657755,-78.208023292263761],[165.534135471226591,-78.208075190289577],[165.538532845105181,-78.207836624123473],[165.54263032841439,-78.207328168239954],[165.5472609726732,-78.206367951483685],[165.550794762169801,-78.205575705920083],[165.55487502377855,-78.204671109569034],[165.558422633837296,-78.204152372448675],[165.56306497459218,-78.203644204747292],[165.56689019134447,-78.203243491105553],[165.568790532612951,-78.202562710455396],[165.569575206320678,-78.201719738288347],[165.569806948646544,-78.200932333583523],[165.568675786841425,-78.200157856626504],[165.565650123983289,-78.199989163093733],[165.560434379992728,-78.200175457439428],[165.550840366143376,-78.200526066599792],[165.540704588913883,-78.2010547867593],[165.536324972684099,-78.201284775984234],[165.533861467770407,-78.20162522570709],[165.53003773596879,-78.201969144715264],[165.52730532443266,-78.20230477102443]],[[165.510474640289488,-78.187019274642836],[165.508004811398393,-78.186850924506672],[165.506935693229877,-78.187358905011621],[165.504005770618051,-78.189603264562749],[165.504032262792123,-78.190338621093119],[165.506537014946474,-78.191289814575356],[165.509323509120833,-78.192293507928312],[165.514025796186644,-78.193182044817547],[165.517882887959189,-78.193743516915177],[165.523133185553348,-78.194519668866704],[165.526455510481952,-78.195184446717079],[165.530339913631593,-78.196245784005598],[165.533407771639816,-78.197358016841079],[165.537292349025307,-78.198080497434759],[165.541406254718311,-78.198184645636616],[165.552079971486734,-78.197373936304487],[165.554800869422962,-78.196811779247781],[165.553087496050466,-78.195357352302779],[165.549486351260441,-78.194518335875117],[165.54507522948694,-78.19407869175771],[165.537079228962824,-78.193365070412753],[165.532125919116623,-78.192868326200724],[165.52521035565448,-78.191703268036022],[165.518561383967779,-78.190091020302759],[165.516058886143753,-78.18930945832733],[165.516562274044134,-78.188065849763518],[165.516531694461634,-78.18745264066844],[165.515153816552754,-78.187295073462309],[165.512408608994491,-78.187234521298549],[165.510474640289488,-78.187019274642836]],[[165.503068744167194,-78.207347688816043],[165.498590078758212,-78.205332398078966],[165.497190911672931,-78.204543226519931],[165.495237344872493,-78.203875274685373],[165.493296516133739,-78.203433820468788],[165.486943282221432,-78.202429426686152],[165.482801433901045,-78.201993674178468],[165.472069030632781,-78.201218029415557],[165.467113909844244,-78.201068284579534],[165.461355537115367,-78.201073483562695],[165.456412239860015,-78.201310053111342],[165.45340330174983,-78.20159274071554],[165.449297904599973,-78.201930145659901],[165.445737985423534,-78.201929385827029],[165.441331346054284,-78.201836544843019],[165.437202863737895,-78.201325425858144],[165.433342823772705,-78.200828495595701],[165.430298621224523,-78.200214849957533],[165.428611828038157,-78.199155621453471],[165.42885115120805,-78.198142329395552],[165.430181836405438,-78.196848216366206],[165.433985630013808,-78.19577975517528],[165.439180765132278,-78.195152331268389],[165.444641174313261,-78.194190683083164],[165.44926346493321,-78.193240926518698],[165.453347428529838,-78.192271955129357],[165.456063365528706,-78.191315018574414],[165.457945735000891,-78.190530283795155],[165.458470385939592,-78.189626394612887],[165.460083806385057,-78.188780329485951],[165.464697896941971,-78.187594788491751],[165.471233740301898,-78.186294766141884],[165.478572552453983,-78.184717306220946],[165.482115606586774,-78.183917137950075],[165.487810233846432,-78.182515862768142],[165.490795373853445,-78.181610789957659],[165.49240621890101,-78.180877515946804],[165.49238579578477,-78.180311832527622],[165.49101929567783,-78.180201740359152],[165.487734021714431,-78.180206317277069],[165.484177644027739,-78.180610529793128],[165.476810620083597,-78.181518292848011],[165.457980420217751,-78.183906370710787],[165.454440776607441,-78.184527679551948],[165.45172558073827,-78.185315139262471],[165.449021882342123,-78.186385562729029],[165.446311481938039,-78.187229741992226],[165.442496955803136,-78.188081095038072],[165.436774852373361,-78.188981567153419],[165.431308664783302,-78.189782634079094],[165.42804664434658,-78.190399730064314],[165.426961627020205,-78.190906762979552],[165.425613824870055,-78.191522180552269],[165.41746694608554,-78.194006604428282],[165.414204680060749,-78.194962520585591],[165.410931941812805,-78.195814319838647],[165.407110689630343,-78.196608646909723],[165.403840104042189,-78.197055727749927],[165.40000863920045,-78.197510550374972],[165.39672104695714,-78.197740139695853],[165.393425583756311,-78.197573868161683],[165.389571061885903,-78.197302419507963],[165.385999973067157,-78.197309644390458],[165.383264532475636,-78.19764386207855],[165.376172698192562,-78.198884788644605],[165.372620734227638,-78.199627293454867],[165.370172226059196,-78.200409867549141],[165.369371264141648,-78.20102619102353],[165.369104688511754,-78.201595725257462],[165.370766315103396,-78.20198573639216],[165.376279543069046,-78.202760179258988],[165.379583959077138,-78.203096540273663],[165.384264233283886,-78.203365001096714],[165.388663050916733,-78.20370310164563],[165.394175842622275,-78.204138140073141],[165.399965657403925,-78.204747847377519],[165.408786800250056,-78.205857665620073],[165.413201020530153,-78.206535011706919],[165.417899031155457,-78.207425040631875],[165.428385240600818,-78.208697887629924],[165.434169207779149,-78.209136934657408],[165.440220261442704,-78.209354700833913],[165.447921667081999,-78.209509294247809],[165.45507144852877,-78.209549704890676],[165.460567842078916,-78.209605821438643],[165.465797468320829,-78.20993004048897],[165.469664262577652,-78.210370188402138],[165.474074589074263,-78.210876694726181],[165.478503345715296,-78.211534665153536],[165.480454909917086,-78.212259085608565],[165.483278457014165,-78.214337736735942],[165.482764061062255,-78.215176333865799],[165.483340902319782,-78.215912670356246],[165.485294681363456,-78.2168065215469],[165.487806376510264,-78.217522804089256],[165.49169696163375,-78.218528374524638],[165.496124718991524,-78.219477542103576],[165.500039203799275,-78.220870014557946],[165.4989915625614,-78.222282709897343],[165.502125961454539,-78.224960756850933],[165.503807320530967,-78.225802318412491],[165.506845668801503,-78.226141433972941],[165.517071217147816,-78.227132385000814],[165.519551035698242,-78.227300737993247],[165.526574315511425,-78.224142321529555],[165.527926313445874,-78.223517277805641],[165.528439188620666,-78.222678657150723],[165.52813240278681,-78.221834484301752],[165.526635759855196,-78.21891403005732],[165.52604800361155,-78.218139718177198],[165.524357063448406,-78.217072000069578],[165.522120565433909,-78.216173077742397],[165.52015789695119,-78.215335614399919],[165.512330264464026,-78.211986704234008],[165.510358008737995,-78.210979222685651],[165.506705182590821,-78.208960761369269],[165.503068744167194,-78.207347688816043]],[[165.588829133226398,-78.167563256399319],[165.587192678888613,-78.167618087619289],[165.585563441506281,-78.167908436940607],[165.576671325851805,-78.17123964426716],[165.576426544451067,-78.171800519918648],[165.578091163360341,-78.172302171301951],[165.580579638632969,-78.172743767997176],[165.582503305136157,-78.172911007523865],[165.584695339220843,-78.17290425370453],[165.587146389429222,-78.172675983316381],[165.594694975676674,-78.170082639212623],[165.595763389761032,-78.169339448489467],[165.595446224186304,-78.168673766073098],[165.594607453006915,-78.168281579091328],[165.593500621830827,-78.167894075015056],[165.59211486105562,-78.167557704447987],[165.592119395561895,-78.167840110744777],[165.588829133226398,-78.167563256399319]],[[165.660521109393557,-78.15629660157866],[165.658848281765842,-78.155804492908658],[165.656369844634128,-78.155467529004028],[165.654179081055474,-78.155296086090019],[165.65253473911406,-78.155369584714947],[165.64982423107773,-78.155876029130454],[165.647671226614932,-78.156552791953956],[165.647175109981276,-78.157391814798672],[165.646491296030973,-78.160148628736621],[165.646805571094148,-78.160870370605693],[165.648468704320806,-78.161380841611617],[165.65204017891179,-78.161596544933275],[165.65504564304797,-78.161538019596534],[165.662627239761093,-78.159942448951213],[165.669925602056679,-78.158237911587108],[165.671799091003152,-78.157508762276365],[165.670957168446506,-78.157173151494362],[165.667410494293847,-78.157241007584105],[165.664672542484425,-78.157247822344686],[165.662205423246547,-78.157080772115222],[165.660521109393557,-78.15629660157866]],[[165.661051103882585,-78.145633880128045],[165.659174338648256,-78.14648493715481],[165.657339261417235,-78.147892934941154],[165.657931657911348,-78.148789082327013],[165.6587999928106,-78.149624496791134],[165.660732642798138,-78.150017460562282],[165.664815424507992,-78.149667671056989],[165.669425226262945,-78.148931802960121],[165.672118969017419,-78.148189375341857],[165.67447146393522,-78.146112788156174],[165.67467927685621,-78.144929670847375],[165.671028066709908,-78.14302689938782],[165.668253645474039,-78.142476944650682],[165.665790674090744,-78.142319390447355],[165.66308652026936,-78.142769685046972],[165.662301934023446,-78.143499451503303],[165.663162089140343,-78.144230994954754],[165.665094324521135,-78.144558126964853],[165.665635824597075,-78.144614769602015],[165.661051103882585,-78.145633880128045]],[[165.811025986582933,-78.123417692421967],[165.810435538492186,-78.122813820483444],[165.807962392192479,-78.122478362901973],[165.804943747531809,-78.1223211788311],[165.80216849514369,-78.121537705055303],[165.805093586451022,-78.120355840415641],[165.808846119594307,-78.119329817643205],[165.806776101766843,-78.116873065284722],[165.805932194994739,-78.116415686386759],[165.804832901348732,-78.116311432702815],[165.80214370701006,-78.116885393995858],[165.786009598170352,-78.120516903175854],[165.784725237440512,-78.121812440298697],[165.788328090851451,-78.122705073786264],[165.790759191540246,-78.1223056115833],[165.790736314889216,-78.121853386022096],[165.792062667644757,-78.121405724708524],[165.795070455096834,-78.121449747574999],[165.79702195958734,-78.122115225059915],[165.798446444859877,-78.123072692203806],[165.798226683540065,-78.123916299947552],[165.796909703531242,-78.1246463725371],[165.794493331543066,-78.125215807281506],[165.792340079223948,-78.12566739397694],[165.789921106119664,-78.126293056637891],[165.788579233866642,-78.126749332247982],[165.790243256469211,-78.127014592254014],[165.794315149323978,-78.126785124301335],[165.803257424838222,-78.125691093649138],[165.808645298041142,-78.124609181104049],[165.810518269675413,-78.123983196360498],[165.811025986582933,-78.123417692421967]],[[165.666178520618132,-78.098311651990159],[165.666958453816818,-78.097638265286776],[165.668546923227439,-78.096904087489833],[165.668801547826746,-78.09656966451557],[165.66796545963328,-78.096177747346758],[165.666574276228232,-78.095615540579388],[165.663231537124176,-78.094282906545658],[165.6601978428221,-78.093502385993986],[165.658275902328654,-78.093053124634366],[165.656353607315907,-78.092726045315359],[165.654709797111281,-78.092498262005449],[165.653070716282684,-78.092449349184776],[165.651166545765193,-78.092508654528913],[165.650103229966419,-78.092847393725236],[165.650673364044707,-78.093347589899921],[165.653193068120913,-78.09487206951475],[165.653655925835636,-78.098450387881854],[165.653675939718966,-78.098912134867916],[165.64706247303954,-78.102568454065363],[165.645708959301828,-78.102854314454291],[165.645748519160492,-78.103523962899928],[165.648015293424976,-78.105147917020261],[165.650234379320153,-78.105866705151399],[165.653517973807425,-78.106256109117041],[165.656803248793949,-78.106589140577938],[165.660356861516988,-78.106861050821138],[165.664455116533816,-78.106898356760297],[165.667160063488524,-78.106674188300317],[165.669599788379884,-78.106445432733906],[165.670664009320575,-78.105880993102545],[165.670352648143336,-78.10515009921977],[165.670025230399432,-78.104258536658904],[165.669863820057884,-78.101110018994206],[165.670651570471534,-78.10060625302016],[165.671434362971894,-78.099867199218366],[165.670594986897555,-78.099540939503214],[165.665939249120271,-78.099041745313329],[165.666178520618132,-78.098311651990159]],[[165.875859742353384,-78.106626551529956],[165.872789160669271,-78.105621892695481],[165.870053492852094,-78.105348423021283],[165.866497693021302,-78.105304743166826],[165.865474886998896,-78.106209743977345],[165.864226151138951,-78.107835693826914],[165.86000041457666,-78.109701629015461],[165.854582592128537,-78.110340850555147],[165.849158725956613,-78.110575745365054],[165.845386400457102,-78.11126275373897],[165.841884398920854,-78.111944997860945],[165.839486443889285,-78.112618857516367],[165.840077830448109,-78.113354175684989],[165.844469715571222,-78.11378910507058],[165.84962126560103,-78.113324013171095],[165.854746271536328,-78.112641413473284],[165.858264560393252,-78.112175931883073],[165.86235580293652,-78.112219222236604],[165.868326597251439,-78.111862128339965],[165.875341972111812,-78.110835844835691],[165.876124348369558,-78.110322240618245],[165.880135393752397,-78.109309167032606],[165.887414868404022,-78.10827762379111],[165.893635423084959,-78.107585569461293],[165.898513807724356,-78.107227760468973],[165.901173752087658,-78.106323010645212],[165.903554236144828,-78.105244132685684],[165.902156549520356,-78.104861841497012],[165.898051556714336,-78.104592897502087],[165.892339873866149,-78.104719621968258],[165.886121122737165,-78.105355309249603],[165.88290773097836,-78.106156127622782],[165.878607960157922,-78.106891200563652],[165.875859742353384,-78.106626551529956]],[[165.926588557274073,-78.092725441993565],[165.920878695408732,-78.092908876099258],[165.917380425150327,-78.093432090807653],[165.914986283216791,-78.094162704879494],[165.911537953247972,-78.095355232455816],[165.909398110620771,-78.095920575324655],[165.905619569673121,-78.096269548795064],[165.90183917252196,-78.096674735492741],[165.898055526924992,-78.097136066112313],[165.894568780968939,-78.097819372729361],[165.892425945832116,-78.09845024077346],[165.890848916749832,-78.099119833742463],[165.890623510235088,-78.099850116035043],[165.892039936386681,-78.100515242609006],[165.895610799654293,-78.100963294583792],[165.901334215080766,-78.101053214179657],[165.904992748133424,-78.100399817097724],[165.907495768739551,-78.09969125667439],[165.915586209570705,-78.09865446331581],[165.920990019799206,-78.098013789497401],[165.926395713073561,-78.097438872539584],[165.932327370878369,-78.096684485055292],[165.935815613435011,-78.096000913420198],[165.940399282025652,-78.095430267596484],[165.945010087600025,-78.0951896112268],[165.948220156968546,-78.094500965153784],[165.947053329514063,-78.093501736452353],[165.945107313100124,-78.092941108383471],[165.940472631645974,-78.092842450991881],[165.934777346015608,-78.093148987417152],[165.926588557274073,-78.092725441993565]],[[165.862573853460816,-78.09975626129652],[165.874793589314152,-78.0954033295221],[165.884352667271656,-78.092067497237124],[165.884817199064173,-78.090823670821024],[165.883920982237896,-78.089819150385949],[165.881995168861408,-78.08937165237964],[165.879262706883139,-78.089333071414913],[165.874963053629386,-78.090124121631888],[165.862932434993951,-78.093190320205665],[165.850970978894367,-78.097330807121963],[165.848598085081051,-78.09840038705498],[165.847054721789874,-78.09974796554414],[165.833142137665021,-78.103495675074001],[165.82802930896338,-78.104403830486746],[165.823450013785958,-78.105095454010709],[165.818311633841091,-78.105786089807395],[165.813739915947394,-78.10663772757772],[165.81213991746867,-78.107202625763435],[165.816251185792453,-78.107529592960589],[165.824665862057287,-78.107056533315728],[165.831705984127552,-78.106417776521866],[165.843555689721768,-78.104300520218118],[165.847821424902065,-78.103066285127028],[165.856940607037217,-78.100900720065269],[165.859360128810778,-78.100434672780025],[165.860169750799287,-78.10032644957208],[165.862573853460816,-78.09975626129652]],[[165.683864858649628,-78.078346158405139],[165.677355986695915,-78.07865148185212],[165.673829052058807,-78.078766211997234],[165.671406956242919,-78.079164832956977],[165.662519250012252,-78.080641653669517],[165.661445311239589,-78.080979794897075],[165.660123210306125,-78.081662079561099],[165.659620193873621,-78.082509839522615],[165.660217522546702,-78.083509718603992],[165.661874368133539,-78.08402025234443],[165.66517519891093,-78.084561131638964],[165.668433531369885,-78.084620262348537],[165.671695140626213,-78.084547913737012],[165.674148650695997,-78.084658527122542],[165.677428509747642,-78.084991302163559],[165.681530982011111,-78.085433193932403],[165.685078800003112,-78.085648375551088],[165.6886146498546,-78.08569367131922],[165.69188018120397,-78.085574282603602],[165.694844540060785,-78.08505360326518],[165.698054016509303,-78.084263819263796],[165.700725443610054,-78.083361099935658],[165.70258642583525,-78.082575507464867],[165.703904648410628,-78.081780145104389],[165.706594539620767,-78.081273170993171],[165.71091802133688,-78.08087094234034],[165.714973832834914,-78.080407586828528],[165.71684641702646,-78.079895155449421],[165.716253166180962,-78.079055643168218],[165.714841762168874,-78.078107288806379],[165.712614334917674,-78.077275756985529],[165.707357861438055,-78.075654979814871],[165.703805470530398,-78.075157728438469],[165.700268948372837,-78.075281620385894],[165.698123712724907,-78.075619776048384],[165.695160738118432,-78.076131022984256],[165.691676484089186,-78.077103571415478],[165.687392885770294,-78.078174969372853],[165.683864858649628,-78.078346158405139]],[[165.729912572862816,-78.070826646389591],[165.732683015467785,-78.071893337051108],[165.734067817759325,-78.0723890486302],[165.735992527870536,-78.072668775683411],[165.738985592187845,-78.072826062867392],[165.742244117198084,-78.072649542749318],[165.744389523879875,-78.072132596004835],[165.745424983699877,-78.071463369496328],[165.748511496097194,-78.068599501012613],[165.748724832019349,-78.067586392142601],[165.748583375638304,-78.065229621727667],[165.747848365109206,-78.061977111457537],[165.746965500796051,-78.060850014197342],[165.745822526979822,-78.05972802709401],[165.744420219961597,-78.059005875012417],[165.742470826742959,-78.058226742286763],[165.740254973296402,-78.057442963602881],[165.737224123925472,-78.056672653799566],[165.734208871252747,-78.05628842139798],[165.731475562562906,-78.055956581330733],[165.72766890044258,-78.055680959423782],[165.724409648401263,-78.055518695686573],[165.721152719194436,-78.055638460994075],[165.713860447145663,-78.056222198408733],[165.711717849277477,-78.056616777260601],[165.710921045200934,-78.056950719487745],[165.709586444368654,-78.057416087357524],[165.706882761821475,-78.05758368755626],[165.70390378914459,-78.057708548173991],[165.697129400785798,-78.057830506409715],[165.694142113057495,-78.057785641085985],[165.691150991189062,-78.057618344946533],[165.687612801136311,-78.057459721590845],[165.684625642858578,-78.057414753596888],[165.681387974499955,-78.057694917727517],[165.67655923884891,-78.058774592323971],[165.674171448046422,-78.05985164114044],[165.673136508906907,-78.060812186629846],[165.672476428009304,-78.063672645229545],[165.672788163690456,-78.064403554129669],[165.673092313964105,-78.064955451518543],[165.674217020105942,-78.065635298980453],[165.675602608479068,-78.066187908776229],[165.678048304612417,-78.066411073882762],[165.681858617782837,-78.066461851568874],[165.684840015255475,-78.066280825764764],[165.690525952415243,-78.066045082034364],[165.693244106313671,-78.065981684735434],[165.696222577444445,-78.066035386173866],[165.69840832700649,-78.066197646502417],[165.700605217332708,-78.066642454701338],[165.70308435034076,-78.06725250187219],[165.708678646910471,-78.070038046549598],[165.710080007525647,-78.070826182903403],[165.710948034612784,-78.07183059439312],[165.711259823882983,-78.072617730901797],[165.712395931003783,-78.073401267734027],[165.714870263404265,-78.073954464156245],[165.71679064728022,-78.074111923532953],[165.721418951914217,-78.074270852847505],[165.723317549692297,-78.074323729785078],[165.725758341596134,-78.074320520581679],[165.727107786685735,-78.073977953720373],[165.727871552871363,-78.073191061244529],[165.728236068521227,-78.070108792337365],[165.729912572862816,-78.070826646389591]],[[165.950470958499182,-78.063567046393445],[165.952339920351505,-78.063166188991204],[165.954737432104508,-78.062539186799611],[165.956579670570051,-78.061686277000163],[165.958391076960623,-78.060559504993293],[165.96019548213863,-78.059385436345309],[165.960633465876384,-78.058027997687631],[165.960273610635397,-78.056854591187502],[165.958816171876293,-78.055511696743977],[165.956881133860236,-78.055007794396076],[165.954416516289086,-78.054851987178978],[165.950389573867795,-78.055253654294688],[165.946636790721925,-78.055885431498282],[165.943463097663994,-78.056960316086176],[165.940859049085873,-78.058430904804865],[165.942534738659219,-78.0591562189597],[165.944199183186271,-78.059542920833252],[165.943976464932149,-78.060282514755329],[165.943492293861539,-78.060952229847388],[165.943532711848889,-78.061508287522756],[165.943574452055259,-78.062073803261583],[165.944456551829376,-78.062908191679455],[165.945593959788397,-78.063577400500392],[165.947334034213839,-78.063845907675528],[165.950470958499182,-78.063567046393445]],[[165.803475918211603,-78.027982494701732],[165.797925048109931,-78.030020945500468],[165.797958006837746,-78.030520595573833],[165.799705927076445,-78.03242552587902],[165.801148989139136,-78.033882272197488],[165.802587477873971,-78.035113285817971],[165.802358626526427,-78.035787086160539],[165.80020090072685,-78.036021483911739],[165.797810340544544,-78.036807340254185],[165.796539233768442,-78.037990156303096],[165.796355562551952,-78.039399150495214],[165.798063681705145,-78.04079465415208],[165.80112931003444,-78.04212979157009],[165.803934215571161,-78.043582720019629],[165.805092657629984,-78.044639276693047],[165.80516283353569,-78.045770313693396],[165.804992582080388,-78.04733969861131],[165.803708502004184,-78.04846554271451],[165.802397000964078,-78.049139006585648],[165.801377374173285,-78.050100220379889],[165.801711832725204,-78.050991471506038],[165.804733926843966,-78.051722886066116],[165.807744230093505,-78.052162396870216],[165.81019509119298,-78.052262551903638],[165.812067005933471,-78.051862650289877],[165.813905194977025,-78.050850341828209],[165.814108632312553,-78.04983700553916],[165.814255242375765,-78.048040967591319],[165.815984372352489,-78.045341415510919],[165.816719806248898,-78.044280809091461],[165.818014888139118,-78.04331527692149],[165.819599377612775,-78.042637333197888],[165.820079881228082,-78.041685519546974],[165.81864277710838,-78.040454792029621],[165.816688265440462,-78.039619670756878],[165.813907753558311,-78.038506383486038],[165.813043411069799,-78.037662577957974],[165.813526806532565,-78.036823648673248],[165.815361330966766,-78.035801899570714],[165.815305235322313,-78.034962886847651],[165.814164067699949,-78.034123358972195],[165.815197176444826,-78.033275686419046],[165.815966356344063,-78.032658427099307],[165.816144307522848,-78.031192900272003],[165.813919298612603,-78.030305924870234],[165.81087475631108,-78.029422898108521],[165.808384377771347,-78.028531315606585],[165.806411754442649,-78.027356852809007],[165.806401439295371,-78.027130848012547],[165.803475918211603,-78.027982494701732]],[[165.756752495086488,-78.047522762271839],[165.760840601869461,-78.047906843128956],[165.763838222305225,-78.048233541124304],[165.766021616279858,-78.048395262763449],[165.768996925194898,-78.048391851283967],[165.774123045206579,-78.047928211195526],[165.776536202091734,-78.047472386951156],[165.777318975323141,-78.047024905105602],[165.782482494137923,-78.042917633587578],[165.783237504750218,-78.041895581732291],[165.782092862290796,-78.040952293742379],[165.780139968371316,-78.040173241402599],[165.778763946892468,-78.039659361837337],[165.774223687464286,-78.036367153638906],[165.773328147749197,-78.035079827481269],[165.770567721685296,-78.03419240186615],[165.767283849370443,-78.033747193778893],[165.764555360524355,-78.033302969130787],[165.761813986407532,-78.032688896433157],[165.760943558639724,-78.03174104066224],[165.760602288694457,-78.030680089712689],[165.75973190286598,-78.029666448821843],[165.758062416951788,-78.029005363934701],[165.755859303676658,-78.028278567193297],[165.753108238967343,-78.027551060006516],[165.751186636432521,-78.027111531827117],[165.749008370155451,-78.026893372636707],[165.746575262738787,-78.027009439351829],[165.744439015343119,-78.027404251161585],[165.741234225572867,-78.028146782874074],[165.738283952181234,-78.028780559087451],[165.735852513591425,-78.028783878360784],[165.727658860439647,-78.027505759964058],[165.712553026916083,-78.02367231966069],[165.710875851870753,-78.022784809953393],[165.709747085084217,-78.021888684768101],[165.708087220514756,-78.021330992526075],[165.706449315955041,-78.021056395205207],[165.703756315566494,-78.021111302572876],[165.696228189822222,-78.022085136099776],[165.679111198224945,-78.025662123596391],[165.675647184403516,-78.026794538447433],[165.671420681142422,-78.028657332334177],[165.67036860350575,-78.029334773975492],[165.670682258547401,-78.029999997404801],[165.672072338211763,-78.030844456082448],[165.673466972094872,-78.031510541277015],[165.675930578141561,-78.032017035117406],[165.679204123161071,-78.032453587388204],[165.682471038461728,-78.032899137084442],[165.6868407550825,-78.033506387954944],[165.694514223519036,-78.035049608699396],[165.698903082662241,-78.035995970296128],[165.717582044054467,-78.040666700573937],[165.723084903962217,-78.042056573343714],[165.723381122136175,-78.042560892177718],[165.721761362483448,-78.042738613520612],[165.719051003423544,-78.04268963214453],[165.716891587513061,-78.042801267768539],[165.713399025604303,-78.043199678636498],[165.699762044056342,-78.046540035907938],[165.696546609360894,-78.047460517107837],[165.694997938170303,-78.048807407116897],[165.693436737190694,-78.049928063011151],[165.691057838199072,-78.05105253292183],[165.688662160179973,-78.051903532914011],[165.686539591197516,-78.052693763231076],[165.685223445837153,-78.053545401755017],[165.684711606010069,-78.05404474792779],[165.685017165300707,-78.054662480088723],[165.685861572492541,-78.055167679200409],[165.687769029188217,-78.055447028884402],[165.69050117871015,-78.055713512533771],[165.696222768468459,-78.056269359407352],[165.703844433509488,-78.056521134286839],[165.713014489312968,-78.055604284937601],[165.717051897866952,-78.055093416601167],[165.72460118289996,-78.054288226470391],[165.728659109326884,-78.054107250232875],[165.732186823183099,-78.054095659038865],[165.735450871608094,-78.05420171200943],[165.73846056717781,-78.054642048345158],[165.740666691804449,-78.055199819301563],[165.743134547922665,-78.055752535374367],[165.745881320332614,-78.056310488840893],[165.749981052162696,-78.056864355260004],[165.753789104789661,-78.056961153941714],[165.757032037990172,-78.056727504976806],[165.759313269709907,-78.054084722523783],[165.759802465983711,-78.053245933423852],[165.760286658617986,-78.052228349232777],[165.760231349539936,-78.051332762507798],[165.75743094317636,-78.049823042528544],[165.756035465415238,-78.049270438268621],[165.754072566666139,-78.048095979445591],[165.754306403386096,-78.047535072034265],[165.756752495086488,-78.047522762271839]],[[165.813734425541867,-77.999926057469921],[165.786265630412089,-78.000190247967552],[165.759733256900802,-78.001130707705698],[165.749044826799206,-78.001665746998484],[165.746940279425587,-78.002907663871511],[165.747627469914931,-78.003310416341591],[165.749253167204216,-78.003884876249359],[165.753876693450252,-78.004373273278688],[165.759049050002716,-78.005097241184018],[165.763696743403756,-78.005859179607953],[165.767823384963123,-78.00708210949881],[165.771681798947782,-78.008431732106047],[165.774242743658647,-78.010379977979198],[165.77622530070019,-78.011893704851417],[165.779269465375194,-78.012946551319317],[165.781710612444328,-78.013225384925931],[165.78550300857691,-78.013274662255867],[165.790117690288866,-78.01353624947383],[165.793728600323988,-78.015041420810192],[165.797083402526994,-78.016767901738262],[165.799343534961849,-78.018399197981836],[165.802415296548816,-78.019847618697355],[165.806026438308777,-78.021296110187407],[165.810182348871933,-78.022857652735681],[165.813246043225604,-78.024192683421973],[165.817433631853447,-78.026150224684287],[165.821397059760216,-78.028828595458393],[165.828700733256369,-78.032790234193911],[165.831758866304938,-78.03396486107205],[165.833210037403688,-78.035421652628685],[165.833942416713057,-78.038221625476666],[165.834780819946133,-78.042821273546139],[165.834770654425398,-78.046578110922141],[165.834903980672607,-78.04866103836288],[165.835306160552221,-78.054609372186704],[165.835902006860493,-78.055504712663378],[165.836241150817415,-78.056339670294719],[165.83605934702689,-78.057739208313947],[165.835556359933463,-78.058361092447271],[165.833767352052035,-78.059939714092266],[165.83142807217547,-78.061517790212534],[165.826970946708173,-78.063830701906497],[165.823005964232095,-78.065586913332382],[165.821163641146114,-78.066373706916579],[165.811835537047216,-78.069211814514887],[165.809188981239089,-78.070229009327733],[165.805107876441099,-78.074215201524424],[165.798172941804438,-78.080636047056743],[165.793970237564793,-78.082896750232351],[165.790086948326831,-78.085878882614182],[165.789047446773395,-78.086726539344397],[165.78510477696949,-78.088869384952858],[165.780880142559909,-78.091072680687077],[165.778747321025691,-78.091694043257547],[165.772076586919582,-78.093844558547602],[165.764111241165693,-78.097064344031708],[165.761200969795397,-78.098415570519592],[165.759394992738095,-78.100050154707716],[165.757547156321863,-78.101062327735178],[165.755695470630172,-78.101970931180105],[165.746944657961649,-78.105920318308847],[165.744846163786946,-78.107267127830056],[165.741151152092328,-78.109413774253667],[165.730238720790965,-78.113701181060847],[165.717429253203278,-78.118622312349089],[165.708060787072725,-78.121561938092455],[165.705638188477337,-78.122186863242788],[165.694037312420704,-78.124398205911319],[165.689152494743894,-78.125034817583028],[165.685355677699164,-78.125371278977298],[165.68210046795167,-78.125830163688093],[165.679679671442273,-78.126342265759973],[165.679144205458613,-78.126567966066787],[165.682417119912117,-78.126617688413816],[165.688953486066993,-78.126378086405666],[165.694658774332737,-78.125972521596537],[165.699821537815609,-78.125510196541953],[165.705792699088363,-78.124873992127007],[165.710922462650018,-78.12396798514385],[165.716027404412159,-78.122609442449985],[165.720304361394341,-78.121085288509249],[165.725656245988432,-78.119269681051762],[165.730770422781177,-78.118137133168347],[165.73590655862057,-78.117344048772864],[165.740451448896806,-78.115805669204576],[165.744988859799207,-78.114172907103693],[165.748950566030572,-78.112143487291732],[165.75430236436182,-78.110384182590607],[165.759657881531353,-78.108859998086331],[165.765529619682951,-78.10682713457409],[165.774032878535621,-78.103437715109337],[165.776678303036761,-78.102138287625181],[165.779600827876919,-78.100890938237839],[165.782264430639145,-78.099987128631298],[165.785198967787835,-78.099022302570603],[165.788669163606073,-78.098010288181982],[165.793516090564566,-78.097088965975374],[165.796710964612515,-78.09595918586794],[165.799619802170668,-78.094664136214377],[165.801177617516828,-78.093486461850901],[165.802479357586378,-78.092520919265894],[165.804045594909581,-78.091569193799558],[165.807518799276636,-78.090547917316371],[165.813154449042599,-78.089414010228651],[165.818260075833422,-78.088440291291292],[165.821728348562885,-78.087428091927805],[165.828386438508801,-78.085276408669642],[165.832113635910872,-78.084024038784534],[165.83528977094727,-78.082724147320818],[165.845660140952788,-78.079206533275354],[165.857856549772606,-78.074741352742848],[165.861282324032118,-78.073153894448396],[165.866038319937871,-78.071297570838269],[165.872978986162281,-78.069592527253079],[165.88575245766441,-78.065852270040907],[165.888919233153217,-78.064542487402633],[165.891277708086051,-78.063472418533124],[165.894681327435791,-78.061611483262183],[165.897794634847884,-78.059697910046154],[165.90066641117275,-78.0581098769307],[165.903288133444363,-78.056753020371502],[165.906449164410617,-78.055452377205171],[165.910164353688174,-78.054434078435563],[165.91516616521821,-78.052346390416616],[165.920416815226844,-78.049905427867813],[165.921678581187507,-78.048609431187884],[165.924742187657301,-78.046073697007103],[165.930687667862543,-78.042185380582481],[165.933814677270789,-78.040554423690622],[165.938779369701649,-78.038061222938126],[165.939500955249656,-78.036887511846416],[165.939407488293654,-78.035709036697867],[165.942584857816598,-78.031085744606429],[165.943583510691184,-78.03008607914866],[165.946928771412303,-78.027771852434284],[165.950520497695749,-78.025179424223069],[165.951802689593165,-78.024156973782127],[165.952260003428535,-78.023091688984664],[165.951350130571058,-78.021861509739352],[165.949400012608891,-78.02101852138756],[165.947993909191979,-78.02029766134649],[165.947912802482449,-78.019288892930831],[165.948392527801218,-78.018497041064492],[165.948848741112641,-78.017319051492578],[165.949292968916438,-78.016084115898593],[165.949482955252819,-78.015070675697444],[165.948880520270279,-78.014231970753258],[165.948257199866589,-78.013166857872449],[165.949597152562717,-78.012936105642424],[165.952824117861979,-78.012822220864095],[165.954702138061378,-78.012647583200263],[165.956520849268429,-78.011568618060522],[165.956341514949116,-78.009334377087882],[165.955071828588501,-78.006865080217707],[165.954186683369301,-78.005795775632933],[165.952753129732884,-78.004791815909243],[165.950770333469677,-78.003505787965892],[165.946800554367371,-78.001046070290386],[165.943423189382685,-77.999321187164952],[165.934246635159667,-77.999669346179431],[165.93432959318136,-78.000481087037343],[165.934962567406501,-78.001706415842335],[165.93683242729611,-78.005071032665441],[165.938385935033438,-78.007761935882442],[165.940319062600167,-78.008313208947698],[165.941447143383385,-78.008925838057337],[165.942576551877636,-78.009604245062391],[165.943459912873806,-78.010495161532972],[165.944053897730299,-78.011277132706212],[165.94382980868042,-78.01178183629662],[165.942297910762193,-78.013082246364533],[165.940725676537937,-78.013760925637044],[165.939136684507503,-78.014100743936808],[165.938517990674143,-78.013148467818553],[165.938419851993984,-78.011800788683004],[165.936344480039452,-78.009336220259215],[165.930927559064656,-78.005533346376609],[165.928751471250365,-78.00434963769942],[165.920851438925411,-78.003074038251668],[165.910858497722842,-78.0025527486426],[165.881583166586836,-78.001389471809233],[165.862719132113284,-78.00040207832896],[165.847185925276733,-77.999587937796349],[165.813734425541867,-77.999926057469921]],[[165.300204411159825,-77.873578335406251],[165.297795117207215,-77.873624359844854],[165.295648271637759,-77.873675423166674],[165.293505344103266,-77.873773753922237],[165.290272418382955,-77.873934320089845],[165.287033839976772,-77.874263988061017],[165.284868867532339,-77.874586976367965],[165.281590602226601,-77.875309795325919],[165.279394347039585,-77.87592286951751],[165.277201741245165,-77.876583211491962],[165.276350041914014,-77.877138705025985],[165.276293703230778,-77.877756935599635],[165.276763855258821,-77.878545441936694],[165.278059893924166,-77.879050027622299],[165.279619987173817,-77.879512687440155],[165.281462819837287,-77.879859134275861],[165.283320552666652,-77.880036933057724],[165.285191772412702,-77.880093079208777],[165.287339807293961,-77.880042097629826],[165.288951610956815,-77.879989773256881],[165.291369292083402,-77.879840666634465],[165.293804197039265,-77.879617183100507],[165.294877087822755,-77.879516293770067],[165.302825934257356,-77.877299804764732],[165.303949955710323,-77.876740473438659],[165.305348718665215,-77.875960956244441],[165.305655573534892,-77.875563692182013],[165.305474635445648,-77.874499472328083],[165.304967171246517,-77.874217359725179],[165.303914617243493,-77.873933444590222],[165.302604409960281,-77.873701213344773],[165.301276268669909,-77.873580941859387],[165.300204411159825,-77.873578335406251]]]]}},
{"type":"Feature","properties":{"SURFACE":"moraine","FEATURE_TY":"Moraine"},"geometry":{"type":"MultiPolygon","coordinates":[[[[163.531917839609349,-78.216016284870037],[163.534449432142679,-78.215523137724929],[163.536967159823291,-78.215200143713815],[163.540851450388971,-78.214883623397029],[163.545853959500164,-78.214511043608596],[163.551131956002251,-78.21404102074078],[163.564204524118026,-78.21286301247109],[163.567818357836472,-78.21249191469299],[163.571162192038372,-78.21212351243345],[163.573963443861288,-78.2117413919988],[163.576488873878304,-78.21130464823888],[163.579306796173313,-78.210752540259776],[163.581317027555599,-78.209980819677583],[163.5868793779795,-78.209451482344775],[163.589378029033298,-78.209288493038827],[163.60044520688669,-78.208672391285006],[163.604593975651881,-78.208466101625575],[163.609011719449825,-78.208266435842845],[163.613427976419899,-78.208066620184653],[163.6167531643801,-78.207858149964679],[163.621468576630349,-78.207486288910033],[163.626206172296037,-78.207001753297831],[163.631206317041773,-78.206466460968002],[163.635963316781471,-78.205812065477119],[163.651838410010242,-78.203868859886953],[163.655738025058952,-78.203438158399067],[163.659061264097488,-78.203276664242495],[163.663185796904742,-78.203191650016109],[163.66675812891441,-78.203206394801612],[163.670338659452455,-78.203117158585911],[163.672275685585674,-78.202957905261229],[163.673967297894336,-78.202622558225215],[163.675930817628085,-78.202237042696709],[163.680975127646974,-78.201362031744054],[163.68348715840429,-78.200933396040114],[163.685982646129446,-78.200769548280576],[163.689280784000601,-78.200682202618154],[163.692857982257095,-78.20074441041325],[163.702957971638483,-78.201291627184332],[163.706504605480433,-78.201541647721825],[163.709751661947195,-78.201944553494073],[163.713007958203747,-78.202300504667733],[163.714927872043575,-78.202310816884719],[163.716618169842434,-78.201975212793229],[163.718042739498145,-78.201481366466822],[163.720256349125322,-78.201319377718448],[163.722436949213972,-78.201449616354282],[163.724321998040125,-78.201789962348556],[163.725929500779699,-78.202246586731391],[163.728046077567711,-78.202932883798269],[163.730472713953418,-78.203390905481115],[163.734251608832579,-78.204024481308707],[163.741557050681166,-78.205010645755195],[163.74455757657978,-78.205255975458527],[163.748121799087329,-78.205373541102205],[163.751417306547722,-78.205389640242572],[163.755284652481379,-78.205183559082826],[163.763033302299846,-78.20460129351828],[163.764998230802775,-78.204215391698881],[163.766969581507965,-78.203772934708141],[163.771148270755901,-78.203177217924519],[163.773933156539897,-78.202906509430164],[163.776702052929522,-78.202691758374726],[163.780301041991834,-78.202431491866633],[163.786935450850933,-78.20201016124426],[163.790245369819615,-78.201855939393852],[163.799056192854266,-78.201668113349925],[163.802069222305676,-78.201685862587851],[163.805659013825078,-78.201529130108625],[163.808435303058445,-78.201210206599541],[163.822413700321164,-78.198843225130418],[163.828863240237354,-78.197414161009092],[163.832515085005383,-78.196587405911529],[163.843431800421399,-78.194446196014056],[163.847345856765827,-78.193786667490272],[163.850703131869324,-78.193179473154856],[163.853517780013874,-78.19246423116698],[163.863382729014035,-78.189805156833486],[163.865352451072596,-78.18920106420471],[163.867083701046937,-78.188412142886904],[163.86962581111149,-78.187585895311827],[163.872731854500955,-78.186698206816502],[163.878074256468636,-78.185373927096336],[163.880600639369106,-78.184764843378773],[163.883388863319169,-78.184275559693774],[163.887558405437971,-78.183725760330063],[163.893102280176862,-78.183077056885864],[163.897544209114756,-78.182476900276953],[163.913431466741116,-78.179680301620635],[163.917333134488331,-78.178962717338152],[163.920421233273714,-78.178244455845203],[163.922941365068795,-78.177587445049141],[163.925206714016554,-78.176858498664132],[163.930821724389119,-78.175417225482761],[163.934155403603427,-78.17487458306654],[163.943590775833627,-78.173507022519658],[163.948871897277485,-78.17279479199172],[163.956102164099462,-78.171533899651038],[163.959455729093747,-78.170869040440977],[163.961427199881683,-78.170198522659078],[163.963398181524042,-78.169537454829324],[163.96564962755653,-78.16887396071634],[163.968461276919157,-78.168091824978845],[163.970702607055102,-78.167484598403021],[163.972951709125766,-78.166877826071442],[163.975740289822767,-78.166321789447167],[163.979622529984283,-78.165773294632302],[163.992320068651679,-78.164530650081119],[163.997283868761741,-78.164102511786751],[164.001972192868976,-78.163781299435897],[164.00528331943346,-78.163454841711228],[164.008331126994648,-78.163018107719125],[164.010293111072144,-78.162460653707242],[164.012540554862682,-78.161796790085987],[164.014778407973552,-78.161189216684832],[164.018382237555215,-78.160747213756636],[164.022251380855636,-78.160311295674575],[164.02609911234029,-78.160101495637178],[164.029383259758077,-78.16001015350669],[164.032147867939841,-78.159679810376105],[164.035200269763351,-78.159186321467587],[164.038526288954813,-78.158746777948309],[164.042932129048381,-78.158370589549492],[164.046781872734471,-78.158208054750077],[164.0516923066495,-78.158335078086139],[164.054970812246268,-78.158356834402994],[164.058000673088088,-78.15819344089573],[164.060764757482133,-78.157758644652915],[164.062429649144519,-78.157477294988141],[164.06491658854398,-78.15720622958483],[164.067941579751476,-78.156995101093244],[164.070684402058049,-78.156947407182528],[164.075883989823723,-78.157015176761163],[164.078608728531009,-78.15708002326987],[164.07580704139815,-78.157863251191756],[164.071623897221713,-78.158963432149136],[164.068547260328501,-78.159692643808981],[164.065500553331901,-78.160234125366841],[164.062999008559899,-78.160674906300557],[164.059953437557255,-78.161064841723658],[164.056919265887899,-78.161341735289014],[164.053904967219836,-78.161487130425982],[164.051404845662603,-78.161823715116341],[164.048350448123898,-78.162478333251528],[164.045551835356292,-78.163147942884592],[164.035033568638454,-78.164567879764505],[164.031180609698822,-78.164834426281899],[164.028964913403826,-78.165054932583971],[164.02673340374136,-78.16555876500928],[164.025864598859386,-78.166171040901403],[164.024698178688652,-78.167059590299772],[164.022969018783641,-78.16806671412813],[164.019052384103617,-78.169059090800502],[164.015996743287928,-78.169609268720194],[164.000718366820706,-78.172085076274001],[163.989044057328528,-78.173957393362684],[163.985973544620947,-78.174667650576652],[163.983983733548797,-78.175450962491098],[163.980349137298248,-78.176279659708925],[163.969513427340701,-78.177926077525797],[163.966469889009574,-78.178306091423252],[163.963437837936823,-78.178459269525433],[163.959318617602747,-78.178510452650187],[163.956578591480138,-78.178548062588902],[163.95352485489164,-78.17893684846031],[163.950463849159036,-78.179476855506195],[163.947942230729183,-78.180086564118071],[163.947352264943163,-78.180592119253348],[163.947569542689621,-78.181211622282959],[163.947792838219982,-78.181717724054067],[163.945800619803776,-78.182500852295064],[163.937689073682236,-78.184373600982155],[163.930711429014252,-78.18558316810504],[163.911812551501413,-78.188260065129299],[163.909033302946085,-78.18864585433397],[163.905989563197096,-78.188968594474744],[163.903513324833995,-78.188964531098819],[163.90024260896331,-78.188780749556869],[163.897519897128547,-78.188543976414849],[163.891522292399628,-78.188179915566153],[163.887666537677291,-78.188283773862736],[163.884359457492167,-78.188543318301669],[163.882933474455882,-78.189094302936468],[163.88145577165875,-78.190163787919204],[163.879715250780464,-78.191160836012543],[163.872327798811341,-78.19377729928928],[163.867560904371345,-78.194765957106],[163.864238446631845,-78.195090877595177],[163.86232834981638,-78.195025204075634],[163.860393304090479,-78.195128750547411],[163.858450021969844,-78.195345606876657],[163.855916199111192,-78.195954264185701],[163.852547579174995,-78.196779023876687],[163.849182411964478,-78.197499646669129],[163.844152341598772,-78.198377676868688],[163.834944179990686,-78.199804709953114],[163.832157363205852,-78.200180121059461],[163.819093765051377,-78.201805028288575],[163.814102135159033,-78.202296110301049],[163.798000673418358,-78.203853832591506],[163.788583721301762,-78.204603407592856],[163.777230013994085,-78.205503196325338],[163.769714638243983,-78.206479273459038],[163.76554058327477,-78.206914013988538],[163.760819395263042,-78.207344600387572],[163.753059589648558,-78.208040129896233],[163.749727473807923,-78.208306599018982],[163.74614067814565,-78.208510411857134],[163.742555948182599,-78.208552981528555],[163.740088115244475,-78.208538725792707],[163.736296735162398,-78.207961525853705],[163.734150581357852,-78.207501370305806],[163.730611431389917,-78.207157382252063],[163.72622459241299,-78.20707593952568],[163.721553404841075,-78.207053376747808],[163.714955612623896,-78.207086521142713],[163.678760957047871,-78.208880713831022],[163.674609340985484,-78.209087861143487],[163.670175854462116,-78.20944895733416],[163.666543455085986,-78.209895957546109],[163.663214328692021,-78.210209195858837],[163.641390213417537,-78.211170040327431],[163.636711713400587,-78.211202682853582],[163.632590023873803,-78.211183212259044],[163.627073656480064,-78.211326827533043],[163.622626083556895,-78.211705457521845],[163.619014231282819,-78.212077261010052],[163.615392187764058,-78.212505396345989],[163.611501347663932,-78.212822385198109],[163.605954612180966,-78.213191740210092],[163.597133274410368,-78.213421052856376],[163.592193412472113,-78.213342320884067],[163.586700489963334,-78.213315688419627],[163.582814904902506,-78.213528183961543],[163.57920256337971,-78.213899556154942],[163.57445060386442,-78.214496700572823],[163.571383466726701,-78.214872348096762],[163.5672490641563,-78.214908213074679],[163.561743905309868,-78.214937387786378],[163.557869951746511,-78.215140800137505],[163.553398288040455,-78.21573558524527],[163.549393311897461,-78.217004436181853],[163.546513813531618,-78.218056187661745],[163.541452638071718,-78.218985821535767],[163.529185471671184,-78.220268963619603],[163.527313222786205,-78.219813898443135],[163.526536633118866,-78.219415481470861],[163.526599445430833,-78.218906244484558],[163.527216605729336,-78.218354483338473],[163.531059342246209,-78.216239949965072],[163.531917839609349,-78.216016284870037]]]]}},
{"type":"Feature","properties":{"SURFACE":"moraine","FEATURE_TY":"Moraine"},"geometry":{"type":"MultiPolygon","coordinates":[[[[161.569549202387179,-77.985506380539093],[161.571155927119008,-77.984197193212395],[161.572370315133384,-77.983503933798815],[161.57385645351269,-77.982935123871925],[161.576655789425956,-77.982121469112414],[161.580304444188471,-77.98152030799632],[161.584483618849077,-77.980859935869915],[161.591824755497754,-77.979833295035789],[161.597608212385325,-77.979111278555109],[161.602076191044546,-77.978557160249636],[161.606829269255542,-77.97800355663415],[161.615776804757274,-77.976963073307658],[161.626894894976203,-77.975890323066523],[161.635907710144892,-77.975132202546575],[161.646855262107493,-77.974574803578463],[161.670452124975043,-77.972597896168139],[161.676273245155073,-77.972030895643556],[161.681003435207799,-77.971474853753492],[161.689805760894615,-77.969808830618973],[161.701275198228842,-77.968010100918377],[161.701980419526393,-77.967559967957285],[161.702700714312073,-77.967149242629574],[161.70342659958547,-77.966815636296687],[161.704445045672287,-77.96652138655719],[161.705973639622385,-77.966166397178753],[161.707286341218719,-77.965988346012026],[161.708132647301682,-77.966142603200439],[161.707457618601097,-77.966709905343407],[161.705547050510035,-77.967796287473874],[161.703375369811027,-77.968951004231172],[161.700735885163056,-77.970380415583818],[161.69815417334209,-77.972091995373106],[161.695465214415776,-77.975714620043789],[161.695245834908945,-77.977061571613547],[161.695716915563821,-77.977957328489055],[161.698690132779745,-77.979169381267951],[161.700466909997317,-77.979819351223995],[161.702440322082253,-77.980195089211691],[161.704968286185277,-77.980618588898977],[161.706699259592142,-77.981111863177517],[161.707599427866484,-77.981490365642557],[161.707529514898681,-77.982329602899242],[161.707023896308016,-77.982505804192911],[161.704523425150796,-77.982256897679449],[161.696120593494072,-77.979750091248022],[161.694606935209265,-77.979041473328124],[161.692706195880845,-77.977826541284045],[161.691310155108368,-77.976435339666665],[161.691088014452447,-77.975479978010114],[161.691475593625682,-77.974806467839315],[161.692678149752737,-77.974112422227137],[161.692606139731026,-77.973838875610724],[161.692021720070386,-77.973616322518907],[161.689594063283209,-77.97364074136182],[161.68665636905294,-77.973783436160588],[161.682717205276276,-77.974269494966251],[161.676438600968623,-77.975179245036344],[161.674910577474321,-77.975582221233864],[161.673388678354911,-77.976052772037434],[161.672386285732927,-77.976338535260169],[161.67132240826129,-77.976466559638951],[161.667288064740006,-77.976504626737949],[161.66639211856554,-77.976174141466061],[161.666605651468672,-77.97589148253094],[161.667845449243345,-77.975430254463191],[161.669568481877036,-77.974685808320856],[161.670029247539787,-77.974343477681487],[161.670222711615764,-77.974001878811137],[161.669144551107394,-77.973956212566094],[161.654311539883821,-77.975282082345458],[161.632603105365433,-77.977235285404603],[161.621679192806511,-77.977966702005759],[161.613150979873666,-77.978499020040786],[161.6099688580681,-77.978758470860527],[161.603965038807132,-77.97971494291582],[161.600322187186663,-77.980374281677612],[161.586321513356097,-77.983031816730815],[161.575431787203826,-77.985223367150027],[161.573633262430235,-77.98563614633369],[161.569549202387179,-77.985506380539093]]]]}},
{"type":"Feature","properties":{"SURFACE":"moraine","FEATURE_TY":"Moraine"},"geometry":{"type":"MultiPolygon","coordinates":[[[[166.739766128444529,-78.206890831538686],[166.740205369150203,-78.206097680099802],[166.741535201867805,-78.203906025232271],[166.742670619650795,-78.202210454290423],[166.744811952112798,-78.199889476326163],[166.746506045676057,-78.198323821536931],[166.746850184696626,-78.196927117710274],[166.745028068644416,-78.19569743665248],[166.741014092836082,-78.194483716226159],[166.736041140413619,-78.194290660431236],[166.730295430060181,-78.194434616862765],[166.726727015496124,-78.194458935210264],[166.719552104818149,-78.194168619813567],[166.714780628568121,-78.193404533032918],[166.708644159255698,-78.19270539227918],[166.703385020280621,-78.192404245578459],[166.700936904542147,-78.192594732019572],[166.692618960038345,-78.191948766292711],[166.676890129215195,-78.189351796808211],[166.67490765153201,-78.188918631839826],[166.672324823285464,-78.188147372645133],[166.670859119021316,-78.187486447846354],[166.669948661699891,-78.1868150006501],[166.668193668016926,-78.185980851046565],[166.666471340430036,-78.185485312097455],[166.663087840573638,-78.184834203230068],[166.659727070772817,-78.184287129191773],[166.65555380324227,-78.183859691455211],[166.652785219493637,-78.183650254366654],[166.649463146782125,-78.183451331562722],[166.645882129276458,-78.183295951520876],[166.644199894342051,-78.183026880207464],[166.643045037446797,-78.182642997687438],[166.641032462424192,-78.181927117537754],[166.640137937665372,-78.181424791752661],[166.639489005807377,-78.18064414550048],[166.638879337180526,-78.180193124353906],[166.635843291741622,-78.17802283984966],[166.62794882002143,-78.174370417324198],[166.626785752525905,-78.17386427697673],[166.618128553666082,-78.170539341240442],[166.616696824864761,-78.170104293159255],[166.615556715644743,-78.169777104367753],[166.609957961445843,-78.168848341903924],[166.604651508450104,-78.168102264626924],[166.602425228782806,-78.16782495145867],[166.599375457243525,-78.167507375916799],[166.591562549302807,-78.166423089934256],[166.589580036174226,-78.16593280294633],[166.588420805894486,-78.165426576503776],[166.587528934007452,-78.164933420550312],[166.586651486417992,-78.16443159907071],[166.585198164187716,-78.16388286161424],[166.583208563175191,-78.163270401950612],[166.576937534878113,-78.161343155276512],[166.573806070271758,-78.160468615496498],[166.569601334269123,-78.159700636780713],[166.56042546543074,-78.15856702627778],[166.554651595716933,-78.158377413746422],[166.549198633437925,-78.158521889941426],[166.543997481113422,-78.158481931547513],[166.539005418415201,-78.158011901538032],[166.533461658842128,-78.157420972676363],[166.528765812820836,-78.157049585238298],[166.521320230648115,-78.156645858020653],[166.513612601557526,-78.156294580298962],[166.507284892955909,-78.155926735349041],[166.501749173020869,-78.155513446604942],[166.494845130639305,-78.154995082212082],[166.492883746625722,-78.154542342168227],[166.492259310351216,-78.153996263873083],[166.491065105278096,-78.15315974889603],[166.489906334935768,-78.152540451739654],[166.488497163877781,-78.152274171113163],[166.484936807896787,-78.152229612955537],[166.482740398386568,-78.152130552784612],[166.46533189548316,-78.150708291005429],[166.455634679150677,-78.14968518137907],[166.452329552819577,-78.149418537240194],[166.446278819834362,-78.149175191007743],[166.441873035403262,-78.148910118720337],[166.438008643452008,-78.148596830337056],[166.432194973921384,-78.148008794576782],[166.427250833171684,-78.147810472895131],[166.420689687942655,-78.147784844582134],[166.416592598910484,-78.147862643613351],[166.407049069608519,-78.148138482667946],[166.402984069157753,-78.148433245324497],[166.400285852197442,-78.148720910473045],[166.397839257702742,-78.148908595352239],[166.393195118621463,-78.148930767448135],[166.389911208113631,-78.148833065898899],[166.386595691198579,-78.148565040527245],[166.373623302448607,-78.14750689831952],[166.366976322819198,-78.146810195981743],[166.365263970480839,-78.146143697345607],[166.363856931890211,-78.145754860935597],[166.361101186847407,-78.145542486466582],[166.355876139076884,-78.145235042815543],[166.353965247723067,-78.14524283290298],[166.352056723738599,-78.145363217299277],[166.348477119334035,-78.145100219929461],[166.34709339209715,-78.144993657845831],[166.34405510521222,-78.144673243457092],[166.338489764454664,-78.143739091779892],[166.332606991328589,-78.14242330334389],[166.326968283150762,-78.140875782700235],[166.322133330849113,-78.139162039832911],[166.31954403751854,-78.137935565485677],[166.317236457791495,-78.13677002301381],[166.314630330546862,-78.135439483754951],[166.312629016067461,-78.134607964646676],[166.309203135914913,-78.133217511196833],[166.302273835550182,-78.132232641332237],[166.29731600161881,-78.131805868065683],[166.294566299655685,-78.131649177607173],[166.283605253972894,-78.131249042449426],[166.280334242513021,-78.131262929056305],[166.279776065061412,-78.131272400336812],[166.276710129615992,-78.130668295628951],[166.274485054134942,-78.130228299557672],[166.272479129991694,-78.129283557228035],[166.271003473765887,-78.128281051499229],[166.270091923597278,-78.127391285511209],[166.268632700201664,-78.126436460314153],[166.267186016346699,-78.12559477379628],[166.2651941813007,-78.124885056901419],[166.261829590142469,-78.123993704285695],[166.259829911204008,-78.123161620003614],[166.259473407792882,-78.122318461181962],[166.259694074173154,-78.121757548708786],[166.259348807202116,-78.121093125424352],[166.257904845417499,-78.120307733899295],[166.256485409751321,-78.11969235633903],[166.254265932518535,-78.119364877743365],[166.25067777694241,-78.118996544096305],[166.246565376025217,-78.118789285136856],[166.243283023484054,-78.11868945660828],[166.239995356405899,-78.118589318544579],[166.236709344167025,-78.11844233100463],[166.233679339159863,-78.118111272326843],[166.23117399893971,-78.117553433705993],[166.227222527447339,-78.116228535372514],[166.224074871814622,-78.11484097427892],[166.224261538701057,-78.113884397126029],[166.224972383098191,-78.112813621964179],[166.227144997495287,-78.112754546195944],[166.230988010263331,-78.113070531192292],[166.235936916764956,-78.113498538693008],[166.240902247377221,-78.114039805148906],[166.246426804676361,-78.114684182500554],[166.251428228133477,-78.115620892699368],[166.257263077749514,-78.116721366200423],[166.261496869959188,-78.1180411219365],[166.263810468569062,-78.119329755478461],[166.270982017416458,-78.122719409290482],[166.273550693489739,-78.12388942589827],[166.276089283363746,-78.12466405802202],[166.282482105187597,-78.125754218359532],[166.285533490999569,-78.126254432097355],[166.291920619507238,-78.12722211506474],[166.295774619506602,-78.127603072658772],[166.299371360614458,-78.128036690161792],[166.303538533312775,-78.128695746535513],[166.307974751761179,-78.129405707400451],[166.313002142543695,-78.130388954483678],[166.317493143108436,-78.131542086410619],[166.319542843265367,-78.13282600656018],[166.321342204614837,-78.13434111429028],[166.323367788391778,-78.135333132739049],[166.325932881661316,-78.136389614111195],[166.329045993638942,-78.137389086604514],[166.333262495377767,-78.138434291242959],[166.337986857618972,-78.139204790312547],[166.344049133272961,-78.139620163548358],[166.350412461596619,-78.140312887712682],[166.355173629736385,-78.141366058760582],[166.35881744901053,-78.142250889979678],[166.36327804136323,-78.143073264502689],[166.366853502942149,-78.143223396946041],[166.369802320673017,-78.142695489059264],[166.374671623092553,-78.142225760335407],[166.379068381292882,-78.142426030537152],[166.384655486221391,-78.143519661071934],[166.389367023859194,-78.144119681687428],[166.393788121932317,-78.14455519451235],[166.398993408524177,-78.14463597719957],[166.403911744774234,-78.144552445248038],[166.409944539146579,-78.144692889292187],[166.414391037613825,-78.145344836483105],[166.419123477708609,-78.146113968604155],[166.42523186839432,-78.146923142322564],[166.430134388047861,-78.146725872332169],[166.434763650605333,-78.146589944254416],[166.461537577251192,-78.146454159451679],[166.466796152448296,-78.146995358090223],[166.469604633218978,-78.147537116475732],[166.472127489228427,-78.148027239066138],[166.475449696653016,-78.14840692037599],[166.478462682749637,-78.148443355738578],[166.482566289980184,-78.148486776867173],[166.488054493450278,-78.148617228498267],[166.497213074431841,-78.149696861015428],[166.499499088140965,-78.150530973782878],[166.500717511095246,-78.151537256378774],[166.504385764585635,-78.152411339714774],[166.514929576045745,-78.153652118576716],[166.52048363583765,-78.154290889828957],[166.52547786602787,-78.154827040647831],[166.531805074439006,-78.155128878738935],[166.537578329547017,-78.155319029057466],[166.542251079672127,-78.155529917637281],[166.546402870900181,-78.155893099031758],[166.5533266164488,-78.156532780840777],[166.558043085464419,-78.157007766544595],[166.563262559444922,-78.157207612853128],[166.567887455893839,-78.157012937589855],[166.571191509974852,-78.157165542194491],[166.573974661415349,-78.157545447740034],[166.57760474831926,-78.158088558235235],[166.580427978626147,-78.158685744893319],[166.582158651583967,-78.159407334785712],[166.583615869162003,-78.160068691189934],[166.585078351438085,-78.160852037737399],[166.586842377168352,-78.161734411256134],[166.589957501215935,-78.162504928185669],[166.594167590859684,-78.163328940915306],[166.598360540789059,-78.163974095070841],[166.603889296860672,-78.164394136768024],[166.60777987251052,-78.164762130244796],[166.611962041651651,-78.165359672728826],[166.619571809958614,-78.16700461662542],[166.625502119504802,-78.168370725584168],[166.631311478718004,-78.170807556349899],[166.63859958064964,-78.174083961056851],[166.642433476498496,-78.176077702863452],[166.661388409874348,-78.180407450489284],[166.665622203485896,-78.181277818937644],[166.669278751988941,-78.181932828696347],[166.674889222276789,-78.182851098819711],[166.681026028174074,-78.183607502169096],[166.687460412344706,-78.184518579622903],[166.692247018671623,-78.185396451411918],[166.697860942095872,-78.186314266206821],[166.704002304595093,-78.187004704271502],[166.712673730874343,-78.188182395715742],[166.727225258170904,-78.190233465443626],[166.731446204009217,-78.190942704283458],[166.734579572354448,-78.191767851733829],[166.739106975790605,-78.192688270599234],[166.743056652016321,-78.193393535423994],[166.747202483867056,-78.193593408293836],[166.7521712621066,-78.193786069876552],[166.7577157495667,-78.194146748424458],[166.759509878086988,-78.195206481792411],[166.757435282524284,-78.196005053419],[166.757277782455503,-78.196849146374873],[166.75909554800657,-78.198012956902673],[166.760650550499918,-78.199238966206124],[166.76109083157229,-78.200411313041414],[166.760084057418965,-78.201036714260994],[166.757027505542965,-78.202686566770893],[166.751553172650773,-78.204734813326837],[166.748118977908575,-78.205720693007109],[166.745446038490542,-78.206237795980698],[166.742753794140697,-78.206650997467122],[166.739766128444529,-78.206890831538686]]]]}},
{"type":"Feature","properties":{"SURFACE":"moraine","FEATURE_TY":"Moraine"},"geometry":{"type":"MultiPolygon","coordinates":[[[[162.200732494301349,-77.870885583953054],[162.194959834562582,-77.871347095968716],[162.188849149304104,-77.8719865238198],[162.176596530692791,-77.873320375567999],[162.170162391088525,-77.874081133802108],[162.163996101157466,-77.87487903379845],[162.14850177677161,-77.876279815608456],[162.144664381867898,-77.876508004937932],[162.139455296106433,-77.876825055504398],[162.136426589086966,-77.877060062336255],[162.13311130294926,-77.877342603136228],[162.128100077179909,-77.877883349384518],[162.123866259563187,-77.878495837097731],[162.114244958707161,-77.879929539182854],[162.111690828257821,-77.880340039583103],[162.108535762834833,-77.880910712719285],[162.106459627455848,-77.881497116973975],[162.105633244800998,-77.88233091401861],[162.105363839356016,-77.883116366335486],[162.105572025354519,-77.884068151977928],[162.106576042443777,-77.885045176116734],[162.108921278661029,-77.88603653608692],[162.114493822287812,-77.887763135445084],[162.121377747610467,-77.889606999091413],[162.124400081820994,-77.890165563791598],[162.126566256752767,-77.890924453529422],[162.131258020216166,-77.894437213270066],[162.13166305615934,-77.895622195919827],[162.131675708282188,-77.897928672947472],[162.129579982268723,-77.901671199735176],[162.128968233768745,-77.901888159354726],[162.123316274738471,-77.901907862287018],[162.119550001556377,-77.901911480645552],[162.115783726121549,-77.901915047101156],[162.112900302854257,-77.901700827282198],[162.111630137232424,-77.901509631271949],[162.110273611153332,-77.90075763122789],[162.10989243652142,-77.899516681468526],[162.108932086352695,-77.898427882850058],[162.106598620168,-77.897380052381408],[162.104718719300251,-77.89662124021477],[162.103190637375519,-77.895589609967061],[162.102118545240444,-77.894043446011949],[162.101211602410473,-77.892001325915388],[162.10019389832479,-77.890296147193226],[162.099454887209703,-77.889327480377233],[162.096848757506478,-77.888327903502073],[162.092308207586626,-77.886689928001616],[162.090980437401043,-77.886666844455689],[162.088241696742756,-77.886796824344188],[162.087026382461005,-77.887221531688766],[162.08699466033346,-77.888071033521953],[162.0912282324241,-77.889822262290394],[162.094113414168078,-77.890773843190217],[162.095369528548702,-77.891806310949562],[162.096086386293706,-77.892830915973249],[162.096068632597309,-77.893671762889682],[162.09568033075783,-77.89400905887031],[162.093884691159303,-77.893753387015536],[162.09144984736065,-77.893042896810542],[162.088390051861552,-77.891801959868317],[162.085567759827512,-77.890644044720887],[162.083610771103764,-77.889315112857034],[162.081938552872231,-77.887938480687509],[162.080643492614598,-77.886281193417474],[162.080459725026344,-77.885263925212413],[162.080384532380833,-77.883919097398689],[162.080816353144968,-77.882685252872776],[162.081519719107575,-77.881450716345256],[162.082989911640226,-77.880296969140531],[162.085761240804032,-77.87926985911534],[162.089618815384483,-77.878201672958127],[162.093978289948041,-77.877253665289345],[162.098267402339758,-77.87647309144559],[162.102545642010057,-77.875749159915514],[162.111369876688912,-77.874261956903425],[162.123177169903443,-77.872689823841014],[162.141097058588343,-77.870479139306596],[162.145847818786763,-77.869930340501554],[162.150301241167085,-77.869437885473005],[162.153611371123503,-77.869154965336634],[162.155254576907225,-77.869065300003058],[162.157115111762181,-77.869095547643497],[162.156898206354413,-77.869759990921963],[162.155624898928238,-77.870314698654084],[162.150755261157968,-77.871247785324485],[162.144116917593038,-77.872615919234732],[162.140919947749097,-77.873346503017544],[162.143621341724156,-77.873280676204288],[162.14807609436906,-77.87278825460298],[162.153693449072051,-77.872077925881726],[162.160380147573562,-77.871334643920548],[162.171479515176259,-77.870210511356717],[162.178363403525509,-77.869690671635936],[162.184362381457277,-77.869388265647103],[162.189769692417542,-77.869246621681341],[162.193843117178204,-77.869081766026696],[162.198569464232179,-77.868587978208438],[162.20317753167177,-77.867646275302718],[162.206761618753774,-77.86656851576808],[162.209257329493255,-77.865532067111531],[162.211183463162968,-77.863768728425299],[162.213353267515743,-77.862107918846291],[162.215978992155584,-77.860678696874288],[162.220679063211691,-77.859456370607859],[162.225638980194958,-77.858232433574898],[162.2313346850963,-77.857201505008135],[162.237470076504195,-77.856496540814732],[162.244104379767691,-77.855863347867114],[162.259453760523883,-77.854794080923313],[162.262457198016648,-77.854613910148018],[162.273108530421325,-77.853982912795232],[162.278534385308831,-77.853774386740881],[162.283355958824927,-77.853744969998971],[162.295677417233861,-77.853741601548094],[162.309257559677093,-77.853946413790794],[162.314267812755929,-77.854187138627253],[162.318481213384757,-77.854412522003898],[162.324925688604878,-77.855179253372469],[162.322649607534231,-77.855552183991804],[162.319090580738646,-77.855829491339648],[162.314152942478785,-77.856157609057888],[162.309021184191209,-77.856310162350297],[162.302625080787237,-77.856215267106805],[162.296253923600602,-77.856064546209652],[162.289414864909759,-77.855681509894609],[162.283574350161359,-77.855537449542751],[162.278775571639869,-77.855472868155459],[162.269654350196674,-77.855509314552449],[162.266078364407065,-77.855794427801797],[162.249900112233803,-77.857754716878006],[162.245411351490446,-77.8583605639799],[162.23567621075037,-77.860247680380795],[162.232214336797483,-77.860979991373654],[162.229900685662301,-77.861502861012809],[162.227436994733921,-77.862436301012025],[162.22529518168335,-77.863238466258096],[162.223162152758931,-77.864002981597309],[162.220463659790795,-77.86486323223545],[162.214836035337271,-77.866462999037338],[162.211027105744279,-77.867420463681967],[162.207201309455257,-77.868434153788513],[162.203335863702108,-77.869559911097795],[162.202060380897223,-77.870162356107969],[162.200732494301349,-77.870885583953054]]]]}},
{"type":"Feature","properties":{"SURFACE":"moraine","FEATURE_TY":"Moraine"},"geometry":{"type":"MultiPolygon","coordinates":[[[[163.69668765196559,-77.966095395130068],[163.695608268929021,-77.966086481359341],[163.679723382096938,-77.967166533122068],[163.67668161361803,-77.967531149973539],[163.67305441071457,-77.968059259903342],[163.670157720382548,-77.968935630999837],[163.667764207816731,-77.970032530979523],[163.666237298903923,-77.970859736459261],[163.664888014247282,-77.972029939487555],[163.664456703051457,-77.972810216445424],[163.664201869603886,-77.973933420178199],[163.665591185994231,-77.975014705676045],[163.667213840191039,-77.976214605889297],[163.669949664670611,-77.977254687604031],[163.672769156770897,-77.977958201743874],[163.680581334532718,-77.97926991007435],[163.689088431937023,-77.979902515483104],[163.692811573351548,-77.980167398318812],[163.697104946273242,-77.980315149865049],[163.701419304551791,-77.980359737233798],[163.706271574807829,-77.980351617543036],[163.711224454281762,-77.979951057409522],[163.714820899230546,-77.979581729679609],[163.718627832118045,-77.979452869594326],[163.721552471844177,-77.9796497738255],[163.7244362623982,-77.980071843758253],[163.725451019102337,-77.980361243504134],[163.725645536924162,-77.980752549092855],[163.72440254098197,-77.981473865144622],[163.722140969962027,-77.981952985893784],[163.719330454905275,-77.982436658500461],[163.716550102000667,-77.982808302917633],[163.712431220451435,-77.983107970948126],[163.708623054541619,-77.983236746083421],[163.704880922404186,-77.983037415032172],[163.701189490798555,-77.982613397886425],[163.697697399300665,-77.982524060092771],[163.694183941650351,-77.982547234636655],[163.689049645296166,-77.982547496590499],[163.684789359402203,-77.982278322751938],[163.680300777987924,-77.981795877593342],[163.675857720133052,-77.981126327931563],[163.671946644381649,-77.980479651411244],[163.667783313541037,-77.979760557584683],[163.664203642490975,-77.978830274337838],[163.661206998039404,-77.977726743488859],[163.659499496052376,-77.976920178916671],[163.657600006429021,-77.975722254797873],[163.656764498022028,-77.974646263246015],[163.656497860715064,-77.973405738526679],[163.657676287993382,-77.971684137708053],[163.659862492682862,-77.970356306426964],[163.662320330848189,-77.969026113095524],[163.665271781062614,-77.967868445722331],[163.66841443425983,-77.967064088125639],[163.672928379679718,-77.966153713996704],[163.683652205908089,-77.965242967459517],[163.68719670501244,-77.96505133897621],[163.690430631033138,-77.965077926910212],[163.692842201602332,-77.965158669301914],[163.694943417920939,-77.965457657865329],[163.69668765196559,-77.966095395130068]]]]}},
{"type":"Feature","properties":{"SURFACE":"moraine","FEATURE_TY":"Moraine"},"geometry":{"type":"MultiPolygon","coordinates":[[[[163.632824843580124,-77.956041016621683],[163.635186943089991,-77.95633765732093],[163.637268979994502,-77.956693034900411],[163.640812774800963,-77.957688403304843],[163.643066579234841,-77.958490800125887],[163.644529443675964,-77.959187783638441],[163.645728129111745,-77.959868574119668],[163.64711981626192,-77.960893331229855],[163.647661022612056,-77.962084288499014],[163.646898907318104,-77.963091074223811],[163.644560372605184,-77.963906467650574],[163.640863258560358,-77.964771556317174],[163.636395186341844,-77.965456544315373],[163.630092613744296,-77.965905728062836],[163.622694477182336,-77.966392061104813],[163.614545263922906,-77.966651828963066],[163.606942569828789,-77.966859473624382],[163.602632899592749,-77.96682286472749],[163.601142187423875,-77.966247252257233],[163.600236992849375,-77.965498723418165],[163.60129835758741,-77.964339313295227],[163.60657957833061,-77.963657238919936],[163.612136113993529,-77.962973006653939],[163.616928694586051,-77.962061502156899],[163.619882328376264,-77.960866339914077],[163.620140269562427,-77.959733664175104],[163.619237037677408,-77.958937911127137],[163.615247376629242,-77.95631068940483],[163.613496606177705,-77.95568118325923],[163.609329877086964,-77.955026727028567],[163.604611197961844,-77.954461680194711],[163.600206971896966,-77.953640561764928],[163.596904917995062,-77.95276367232664],[163.595280180191935,-77.951572143456261],[163.594970614275411,-77.950556373709915],[163.595803777294037,-77.949269122493931],[163.597434939945515,-77.94799297555484],[163.600406437477744,-77.946780259893956],[163.604078717048225,-77.946028285716054],[163.608760825631663,-77.945566155507052],[163.619701209872488,-77.944833434362167],[163.626245282805911,-77.944447443294038],[163.634388274182157,-77.944187900117669],[163.640631625661683,-77.943963484251299],[163.646383086181032,-77.943518981264248],[163.651374577055549,-77.942885456770952],[163.655048893294634,-77.942085751590142],[163.658265887713327,-77.940925873873837],[163.660486617529699,-77.939382317993875],[163.66243598995095,-77.937879091755505],[163.664438416971649,-77.936103951675193],[163.665347867147972,-77.934423176634809],[163.665848709023578,-77.933362629967917],[163.66608946751964,-77.932238705034536],[163.666411917082741,-77.930778189849747],[163.668333573675852,-77.926920152915613],[163.669695077063892,-77.9256372429479],[163.670923340337652,-77.924924984243049],[163.672994101667797,-77.924093583931793],[163.675275224549893,-77.923493314330841],[163.676678780149246,-77.923180832378947],[163.678046343531179,-77.92308437173854],[163.678982961675047,-77.923711064741653],[163.678744066393335,-77.924825525355317],[163.677919088305345,-77.926160264611852],[163.6767822102141,-77.92767516212831],[163.67626903337009,-77.928744376965042],[163.675916080579526,-77.930364256995034],[163.675777951611678,-77.931038966565808],[163.676050702189428,-77.933456264990056],[163.676438549628386,-77.934144213144251],[163.678692488522614,-77.932469945338468],[163.679387178902488,-77.931743929784659],[163.679970914301208,-77.930290014116764],[163.680844268422618,-77.928777942305246],[163.684045079051913,-77.925207213841787],[163.686164061627096,-77.924103571676227],[163.688350993910859,-77.923905437811612],[163.691969008070117,-77.924563412640637],[163.694122992919802,-77.925814804403004],[163.694213363317914,-77.926655237690611],[163.693284606959736,-77.92721508407466],[163.690720991329698,-77.927864617806534],[163.689157234196188,-77.928859988133397],[163.688101813040788,-77.930028802584673],[163.687522766030639,-77.931435521030011],[163.68691326907782,-77.933001682233837],[163.687522889910866,-77.933902396332456],[163.688407381871713,-77.93481043563213],[163.689349377739802,-77.935437345957155],[163.689427253087871,-77.936286534728964],[163.688993601692147,-77.937066481106754],[163.687946603596487,-77.938131504117791],[163.684960135306,-77.940738323943862],[163.683162738225377,-77.94156771080317],[163.67378409852256,-77.945073975886231],[163.670562754431955,-77.946224265146682],[163.669716071486135,-77.946390694209043],[163.667511304769477,-77.946644800747606],[163.665884084644318,-77.946687530684926],[163.66525431101789,-77.945889836244817],[163.667436615394024,-77.944505171615745],[163.67010443196142,-77.943406448727217],[163.673287347547415,-77.942377216580169],[163.676485062705353,-77.941329911347239],[163.678125131153394,-77.939997510295882],[163.678118850959919,-77.938763618144051],[163.67782538968558,-77.937635499460811],[163.676902412157489,-77.936952753841524],[163.67640021632451,-77.936779679526424],[163.672918270661967,-77.9379233621776],[163.671312528921078,-77.939143980985605],[163.669656621138159,-77.940541831285103],[163.66751079756969,-77.94174838530914],[163.662835720631421,-77.94339788036892],[163.658802313404266,-77.944593227752151],[163.654034703379381,-77.945449401785979],[163.648214556301554,-77.946184088998763],[163.641984238623678,-77.946343107058297],[163.636297769619233,-77.946506879167146],[163.619118102930656,-77.947417280137074],[163.614470136687089,-77.947710853786546],[163.610824057010291,-77.948350666940243],[163.607913795183691,-77.949329917136282],[163.606595186549612,-77.95038796821315],[163.606657407494367,-77.951341009487265],[163.60969642072385,-77.9522110980637],[163.612089859007,-77.952348578474158],[163.615576421816826,-77.952439238904546],[163.620295351656466,-77.952994636205403],[163.623666031617944,-77.953590603214067],[163.625969796699138,-77.954121069422428],[163.62691004010523,-77.954748215445562],[163.628159108756648,-77.955204466688826],[163.628922203261482,-77.95543159337835],[163.632824843580124,-77.956041016621683]]]]}},
{"type":"Feature","properties":{"SURFACE":"moraine","FEATURE_TY":"Moraine"},"geometry":{"type":"MultiPolygon","coordinates":[[[[167.574522862889296,-78.168957384328579],[167.574909176999057,-78.166941281146805],[167.574988102155487,-78.16597471253381],[167.574520137008051,-78.165086036933673],[167.573752182651504,-78.164081186669137],[167.573563640589725,-78.163186481168111],[167.573732745521369,-78.162681074906985],[167.575376894809722,-78.162662124954423],[167.578177502213975,-78.162975277280779],[167.581672345485231,-78.162666806929266],[167.584022232945244,-78.162082711669967],[167.58711631057156,-78.16121507964975],[167.589383687083313,-78.16029144500088],[167.590881050071602,-78.159603534686596],[167.592905962252615,-78.158799535226763],[167.595760512274154,-78.158098283732073],[167.597657922595346,-78.157969412595634],[167.598699543388648,-78.159033100022285],[167.596849586420916,-78.160619192041693],[167.594656765658868,-78.161872690097795],[167.593204114329723,-78.162786505013997],[167.59312578341428,-78.163678411377788],[167.592811912299965,-78.164746239958149],[167.592271202164937,-78.16611164595443],[167.590552115192793,-78.167022789848133],[167.587953100047883,-78.167661023695857],[167.585545796949333,-78.167962770858153],[167.5806993679154,-78.168406205998096],[167.574522862889296,-78.168957384328579]]]]}},
{"type":"Feature","properties":{"SURFACE":"moraine","FEATURE_TY":"Moraine"},"geometry":{"type":"MultiPolygon","coordinates":[[[[163.597207714104286,-77.929886397842367],[163.595526136394909,-77.930200516426439],[163.593201111983888,-77.930968614106419],[163.592163050343828,-77.931967851892594],[163.592383659596607,-77.934563421709328],[163.592899110716758,-77.935857672210631],[163.594262517847199,-77.936995273091298],[163.596860025155991,-77.938597985073116],[163.5984224543393,-77.94002305286773],[163.599978605360462,-77.94149516812692],[163.600272021116496,-77.942566865171713],[163.600270279262702,-77.943800766278272],[163.60011074473789,-77.944474408690482],[163.596059190424086,-77.943361424933869],[163.592764341588236,-77.942437288123486],[163.589250242397611,-77.941281251781049],[163.585527609084835,-77.939893952203903],[163.582171513153327,-77.938063962040971],[163.58097954633962,-77.936196327104099],[163.581587750823843,-77.934733877064545],[163.582375931520744,-77.933614785718348],[163.583971541823985,-77.932507480456621],[163.586640421853048,-77.931409352786162],[163.589243900436514,-77.930591983333215],[163.591232999251162,-77.930106979616696],[163.59261839868239,-77.929954997188105],[163.593987960620581,-77.929849496847922],[163.597207714104286,-77.929886397842367]]]]}},
{"type":"Feature","properties":{"SURFACE":"moraine","FEATURE_TY":"Moraine"},"geometry":{"type":"MultiPolygon","coordinates":[[[[164.582668880543594,-77.932613024698767],[164.579732142684861,-77.934509970858727],[164.5761613674876,-77.933594358750767],[164.568766806101564,-77.930219143176572],[164.568745357247309,-77.930176576318757],[164.582386238172546,-77.930151414672892],[164.58300392154581,-77.930313382107244],[164.582668880543594,-77.932613024698767]]]]}},
{"type":"Feature","properties":{"SURFACE":"moraine","FEATURE_TY":"Moraine"},"geometry":{"type":"MultiPolygon","coordinates":[[[[162.056621654074462,-77.681690848322063],[162.056675574355268,-77.681522364129208],[162.056373725503732,-77.680104685071413],[162.055858573980288,-77.679313265144131],[162.06019603603022,-77.678197126416066],[162.064103779472163,-77.678371496052918],[162.075182118368645,-77.681470836327222],[162.07998370160675,-77.682892772737745],[162.075431246501324,-77.683056898503011],[162.060479932615266,-77.682761083102022],[162.056621654074462,-77.681690848322063]]]]}},
{"type":"Feature","properties":{"SURFACE":"moraine","FEATURE_TY":"Moraine"},"geometry":{"type":"MultiPolygon","coordinates":[[[[164.527566308045522,-77.760945935225436],[164.527752185840853,-77.761256741341683],[164.527076631078529,-77.762972784195767],[164.526660761323853,-77.763208130460441],[164.524724337085814,-77.764011885755977],[164.521914112704565,-77.765065437293686],[164.51528822543662,-77.766820677301936],[164.512536130132503,-77.767528121571843],[164.508700173227368,-77.76834193218528],[164.505936709358679,-77.76910536620845],[164.504251913436747,-77.769714890972281],[164.501595941800446,-77.771495449299152],[164.500090986706681,-77.77267292047199],[164.498346179523367,-77.773675710400255],[164.496934242521235,-77.774272943612218],[164.493602364068835,-77.77526751010177],[164.492210999616248,-77.77564866368175],[164.489700620911663,-77.774735868740848],[164.488744311367441,-77.774046666433321],[164.487818761957158,-77.773094732224465],[164.487701090911571,-77.772133610415139],[164.487991243072628,-77.770176141757403],[164.48911741241298,-77.767984436156127],[164.490410654154488,-77.766473345860589],[164.489784131370243,-77.765293364367253],[164.488874900298185,-77.764276242842769],[164.488762927306794,-77.76326823516311],[164.489235620896352,-77.761916741213625],[164.489961043607281,-77.76062736534486],[164.491251327232192,-77.759068933354271],[164.493128681412855,-77.757119952796444],[164.49431663789241,-77.756282955187245],[164.494963170240538,-77.755499121048047],[164.494830708466452,-77.754603313842154],[164.489622412919346,-77.746918523984206],[164.488680438613301,-77.746182836128668],[164.486714135794983,-77.745103358903535],[164.485031111825094,-77.743974417419736],[164.48442587010905,-77.742729496439324],[164.483849033262061,-77.741316194896228],[164.483506391687655,-77.74003006553599],[164.483053152948884,-77.73777379880697],[164.482556574819142,-77.734060113220835],[164.482683044089299,-77.73317009912914],[164.482811527732423,-77.732327441827309],[164.487274559438674,-77.732571879080453],[164.490178603381793,-77.732648712509885],[164.493269597760019,-77.732672772091064],[164.511393082363469,-77.733442067572611],[164.517987575239971,-77.734286088900305],[164.521114425127962,-77.735348542953815],[164.521477374802288,-77.735673333227396],[164.521656941364398,-77.73624117651579],[164.521823010249108,-77.736912124384034],[164.521179194715813,-77.737695996516322],[164.520597323826081,-77.738077362414458],[164.520483232665043,-77.73886406976699],[164.521168801641721,-77.739603365151211],[164.521863920797472,-77.740229871298254],[164.523100500509088,-77.740850434953728],[164.523606595556117,-77.741021878989002],[164.525115930512811,-77.741535674415587],[164.527127898006711,-77.742230127998766],[164.528130736088883,-77.742676334072513],[164.529403384531179,-77.743249371214773],[164.529405092313254,-77.743278987678309],[164.529439572995983,-77.743879600791402],[164.517617915442997,-77.747895582427589],[164.515006340123335,-77.749567427980466],[164.515301047911123,-77.750139704132721],[164.515092171364131,-77.750288003107997],[164.514706685423818,-77.751077688161885],[164.51518780161976,-77.751417691264791],[164.51603411553333,-77.751564267234571],[164.516372254478881,-77.752220562559742],[164.520230843306678,-77.75493748897037],[164.520205897583963,-77.755103685647725],[164.520587739119804,-77.756117925425215],[164.521252772385452,-77.757016557429992],[164.522976891722493,-77.757930158134727],[164.524676303226244,-77.758955630837036],[164.527099905711935,-77.760486423844],[164.527566308045522,-77.760945935225436]]]]}},
{"type":"Feature","properties":{"SURFACE":"moraine","FEATURE_TY":"Moraine"},"geometry":{"type":"MultiPolygon","coordinates":[[[[163.200255144742528,-77.443866496922496],[163.193106345733781,-77.443454047467199],[163.190827809780416,-77.443256844812154],[163.190336909033363,-77.442074604127683],[163.189172408928158,-77.441551394594612],[163.187948300919544,-77.441261859878026],[163.185732497221238,-77.440831099041645],[163.184046982466583,-77.440311615745799],[163.182634810026826,-77.439734050181684],[163.183115406422644,-77.438843727322194],[163.185291146368968,-77.438416523407412],[163.19411972146375,-77.438293509107893],[163.197210911710698,-77.438382565345933],[163.199960404800265,-77.438753250047895],[163.200227597925533,-77.439768666114546],[163.200652335061847,-77.442248463202375],[163.200577418890163,-77.443593045795168],[163.200255144742528,-77.443866496922496]]]]}},
{"type":"Feature","properties":{"SURFACE":"moraine","FEATURE_TY":"Moraine"},"geometry":{"type":"MultiPolygon","coordinates":[[[[162.102699912489129,-77.219931270203602],[162.10359169002345,-77.21954583635673],[162.105269204578406,-77.219073201716697],[162.107228461055627,-77.218544244946813],[162.121753909370028,-77.215396248697033],[162.124973512684392,-77.214880801500797],[162.128117152825752,-77.214598789986368],[162.129926651173577,-77.214517735809267],[162.132717770808171,-77.214554498391948],[162.134668965215099,-77.214817943666077],[162.135867614930447,-77.215056342961418],[162.135166121422344,-77.21561780000151],[162.133543543512076,-77.215922444715545],[162.118395063603714,-77.218663337966078],[162.114356374340446,-77.219330532535025],[162.110078095776231,-77.219942356898301],[162.106408420711318,-77.220272702195388],[162.103822668206703,-77.220393762990597],[162.102593550804755,-77.220267708351031],[162.102699912489129,-77.219931270203602]]]]}},
{"type":"Feature","properties":{"SURFACE":"moraine","FEATURE_TY":"Moraine"},"geometry":{"type":"MultiPolygon","coordinates":[[[[164.051024655520365,-74.423602136188507],[164.052496053420271,-74.424166451198303],[164.053772803776184,-74.424885064454159],[164.054200999734036,-74.425679583731693],[164.052970494878281,-74.426741731823228],[164.05048244576389,-74.428102305439609],[164.048411357020115,-74.429005913879735],[164.047166491163154,-74.429399333295365],[164.045920550060515,-74.429792668140038],[164.042594138797284,-74.430750348267168],[164.035283712472989,-74.431383198956496],[164.031523845918031,-74.431555144184188],[164.031310790827831,-74.431275452313628],[164.032762507866636,-74.430540612796364],[164.036511215220031,-74.429803565565663],[164.040880738007388,-74.428672181866048],[164.043572218607977,-74.427440113094477],[164.045642264478658,-74.425972256369292],[164.046255300013286,-74.42518241986177],[164.047906995374973,-74.424397120118869],[164.051024655520365,-74.423602136188507]]]]}},
{"type":"Feature","properties":{"SURFACE":"moraine","FEATURE_TY":"Moraine"},"geometry":{"type":"MultiPolygon","coordinates":[[[[162.619328129265767,-78.256333877816445],[162.619011579341986,-78.256228497153231],[162.617531998198587,-78.255370429909462],[162.6165686982674,-78.25468846162191],[162.615341557638004,-78.253894190521564],[162.611867895705331,-78.253357638582003],[162.608898418618821,-78.252996397339658],[162.59095235441572,-78.253015948275404],[162.585674921597132,-78.253194535185045],[162.571096745343993,-78.25425876957668],[162.565555968124272,-78.25437245084332],[162.560225156815193,-78.254776414559359],[162.559579533135093,-78.254849058258799],[162.531497516699829,-78.254146676178934],[162.531671747521159,-78.254027596325372],[162.535247074040967,-78.25276665629454],[162.538511915497878,-78.251667304425268],[162.553947734664007,-78.251786628476069],[162.557782884821819,-78.251927015728853],[162.561583886064028,-78.252189310406081],[162.564601307435709,-78.252325027052706],[162.567108284007219,-78.252179771124943],[162.570499971230504,-78.251814129410178],[162.576708630171822,-78.251141521381925],[162.581541147135994,-78.250447726686843],[162.586350873116231,-78.249924306716437],[162.591961656950559,-78.249461545542857],[162.596144978222327,-78.249222642484355],[162.601900730358551,-78.249389597695952],[162.60792579474338,-78.249659536705437],[162.613338138229693,-78.250157571898725],[162.618516540827954,-78.250478258785293],[162.623444609800657,-78.250687408726137],[162.628391705405846,-78.250783115448726],[162.634182166606394,-78.250827443020171],[162.638926809769941,-78.25058549727855],[162.644534488872921,-78.250131147648347],[162.648253944245283,-78.249432446959105],[162.653090835266454,-78.248738020024561],[162.67572577775951,-78.248697980636067],[162.679231212311009,-78.249073414662718],[162.682418861576451,-78.249714916683601],[162.688448410244746,-78.249926026767682],[162.694489989048321,-78.250090042053188],[162.697414085891921,-78.250619149660821],[162.69585709590342,-78.251560537688889],[162.694695265827335,-78.253242740548814],[162.695034930284436,-78.254361746726445],[162.692653469795118,-78.255241320592148],[162.689448043851513,-78.256116333138095],[162.68670275401675,-78.257392740981217],[162.686253405188381,-78.257981543889102],[162.619328129265767,-78.256333877816445]]]]}},
{"type":"Feature","properties":{"SURFACE":"moraine","FEATURE_TY":"Moraine"},"geometry":{"type":"MultiPolygon","coordinates":[[[[163.036654590660362,-78.266341280699848],[163.038959647822537,-78.265938389404596],[163.040675565074821,-78.265559039425142],[163.041023853614405,-78.265113895163552],[163.040558169965863,-78.264656354707455],[163.039835433353943,-78.263982825074493],[163.04443603181258,-78.262934697782214],[163.047223358342194,-78.262736116313832],[163.056933338706472,-78.262509551444452],[163.061901182801847,-78.262493628082325],[163.065180728163767,-78.262734940210805],[163.065328979440892,-78.263477493680611],[163.061885863341104,-78.264235651534264],[163.056874817419754,-78.264487060762264],[163.047538030513778,-78.265822743378507],[163.04462955211676,-78.266526334030814],[163.036654590660362,-78.266341280699848]]]]}},
{"type":"Feature","properties":{"SURFACE":"moraine","FEATURE_TY":"Moraine"},"geometry":{"type":"MultiPolygon","coordinates":[[[[162.892476450040988,-78.238444873084262],[162.892726575038722,-78.238613092139886],[162.894353884001788,-78.238734272042251],[162.904211660990285,-78.239095248326052],[162.907556748976333,-78.238895113085874],[162.911282284625685,-78.23808016899639],[162.916751068077474,-78.23677398210522],[162.919675466895058,-78.235832551311432],[162.925043621494581,-78.235082351476635],[162.931181752372538,-78.234628111401904],[162.938414593568126,-78.234280418854894],[162.944999396218748,-78.234397101717988],[162.950710471464618,-78.234878275159872],[162.95996764764206,-78.235504757009508],[162.96653888295441,-78.235724847753687],[162.97417615874545,-78.236173330275875],[162.981788290060706,-78.23683914508085],[162.987756089820579,-78.237392587616483],[162.993447006170243,-78.237938128332075],[162.997783263810021,-78.238360958057513],[163.002931139390256,-78.238900975406608],[163.013747044006237,-78.240155930725464],[163.020224242033578,-78.240987887504389],[163.025664174789739,-78.241421694982947],[163.03057020443913,-78.241784061071044],[163.035223264604156,-78.241987711401009],[163.040674309261249,-78.242364705408505],[163.049390024592356,-78.242982500554035],[163.053184301633792,-78.243351520366218],[163.057853732839902,-78.243498604122252],[163.063628059050899,-78.243590365670826],[163.067547510925465,-78.243271680482465],[163.073937784969843,-78.24292527444625],[163.084766586908444,-78.242444422624118],[163.089767077462312,-78.242249632126786],[163.093455460154303,-78.241602097231322],[163.095247766798366,-78.240713286201],[163.095844055511975,-78.238750537901851],[163.094196128142954,-78.237001048524121],[163.09171889361005,-78.235295335379107],[163.092084003942148,-78.234737101459714],[163.094912895113765,-78.234255432932045],[163.098291191197831,-78.233826847295305],[163.101967185200607,-78.2332833773972],[163.103978982887355,-78.23274150801349],[163.106012418128927,-78.232077194820818],[163.105349197820829,-78.231064886382597],[163.10322820551167,-78.230543053141488],[163.10083311253041,-78.230023245385013],[163.099057064901132,-78.229113294931793],[163.101388785001689,-78.228286620119604],[163.103110930276216,-78.227850638281737],[163.101906508689609,-78.226776179834943],[163.099892275530266,-78.225584831858143],[163.091612944104469,-78.224061875372385],[163.088342362298789,-78.223820804455599],[163.080957294244598,-78.223543233549009],[163.068480292561759,-78.222396669868871],[163.065278032486731,-78.221807146142964],[163.063955914142696,-78.221458284088996],[163.060887072333543,-78.220038883892386],[163.065787582183617,-78.219019857006856],[163.067333451742087,-78.219306446921493],[163.068703050343089,-78.219610635483477],[163.070408233106832,-78.219992812960513],[163.072389220085256,-78.220344498703398],[163.079167359323151,-78.221003734718963],[163.084880943865329,-78.221434775326145],[163.092731258604886,-78.222217304193833],[163.096772884946091,-78.222753757497173],[163.100485679325232,-78.223622042251321],[163.103920861665983,-78.224492074977888],[163.106740624090605,-78.225847571411776],[163.10900191648949,-78.227206479199282],[163.110701482409439,-78.228625750465213],[163.112403181609153,-78.229987993460071],[163.114169541065138,-78.231059049809019],[163.116216069174158,-78.232033170466451],[163.119560570098713,-78.233468446381664],[163.129207738360179,-78.236950129935892],[163.132596082079004,-78.238149776587463],[163.141117686043941,-78.240056864136278],[163.145423707492171,-78.240656047052227],[163.147313092579964,-78.240944084483488],[163.148370295242472,-78.241285437730241],[163.147691284919404,-78.242423960608619],[163.141791146841882,-78.242764082984138],[163.132381452360306,-78.242982445324401],[163.127404710703388,-78.243065187975773],[163.122739201980153,-78.242967150638691],[163.099878160806185,-78.242818851806376],[163.092162364070873,-78.242826567820742],[163.085490581666505,-78.243117811724233],[163.079863988630763,-78.24380703494333],[163.074819721903879,-78.244284690646808],[163.068751417060156,-78.244298756480731],[163.063268989154494,-78.244139523499484],[163.049311619040054,-78.243491966249323],[163.013754360688779,-78.241785420331112],[163.007752342187416,-78.241402093624899],[163.000137093228972,-78.240737060283834],[162.988518981890991,-78.239412428959739],[162.982577445323216,-78.238651088846837],[162.9760613119455,-78.238091911869873],[162.970326761166177,-78.237771935631983],[162.961677706462183,-78.23675513439656],[162.958168328835029,-78.236335673961236],[162.953507277805357,-78.236196732130495],[162.947971145580141,-78.23632698167313],[162.942943053325337,-78.236736699572717],[162.933996197203612,-78.237511011225678],[162.929176703917477,-78.238209996562631],[162.925984158931925,-78.239134727766967],[162.922273977717566,-78.239893599784779],[162.915760607700037,-78.240858098006584],[162.906129450938209,-78.242256206098872],[162.9008008924541,-78.242827705511019],[162.896926669356816,-78.242908863080984],[162.893033779352322,-78.243055528604188],[162.884622931128547,-78.243833810316431],[162.875503414264188,-78.245454043755558],[162.865937232611572,-78.248066244423015],[162.862131751598952,-78.249228750367905],[162.859509288007843,-78.250046056264608],[162.857168727224575,-78.250757122755076],[162.85401153636775,-78.251407340189871],[162.851450588115597,-78.25183757137394],[162.84750648660372,-78.252314344898195],[162.832138254036465,-78.253321777586891],[162.829082352023022,-78.253415587965421],[162.828671725194653,-78.252674536433446],[162.830737314272028,-78.251908124644999],[162.835642536659577,-78.250767297318873],[162.844460712320625,-78.24780337844166],[162.848624388299839,-78.24614866585965],[162.856153078145326,-78.242665128645555],[162.855988589028073,-78.242044572345776],[162.855651520560343,-78.240869691480654],[162.855029660447371,-78.239791311603653],[162.857443064074147,-78.238579660999122],[162.862726984224906,-78.236814399061217],[162.86842023202658,-78.235847118455425],[162.883958237673852,-78.235231360071907],[162.886358231886334,-78.235696668652963],[162.886135765147827,-78.236931515017304],[162.885411728748181,-78.237887017870051],[162.887840798329961,-78.238182511415474],[162.892476450040988,-78.238444873084262]]]]}},
{"type":"Feature","properties":{"SURFACE":"moraine","FEATURE_TY":"Moraine"},"geometry":{"type":"MultiPolygon","coordinates":[[[[162.770299628688349,-78.224145150295413],[162.768216409871883,-78.224280343167891],[162.756944220291984,-78.224882805540247],[162.753631489765581,-78.224968626568767],[162.748524276773026,-78.224311038800508],[162.744152260065562,-78.22411016652454],[162.738933689493649,-78.224065406549002],[162.732526665943197,-78.224412626883222],[162.725840360341408,-78.224856489198487],[162.709376015672376,-78.225967252155812],[162.703466637576298,-78.22664135865206],[162.695855791791928,-78.227531655892292],[162.691244586287809,-78.228564883334045],[162.687658143854293,-78.229997275215297],[162.681954500723691,-78.232373408979043],[162.675706217231607,-78.23473402160252],[162.670484501131227,-78.234688072928421],[162.668091993925572,-78.234220839500566],[162.668631653268591,-78.232880835964735],[162.672522086343122,-78.231334210416421],[162.677844992404857,-78.229468391763419],[162.678630137119512,-78.228296785960097],[162.674607102314695,-78.227706678566619],[162.672233021146752,-78.227173771860549],[162.672660113472034,-78.22644700596102],[162.679084259461831,-78.223134048597402],[162.680831818253182,-78.222644080053129],[162.682577113998661,-78.223604536630049],[162.681993611729098,-78.225180208253633],[162.681091024612499,-78.226964626545993],[162.682918175712558,-78.227491263468565],[162.686259711591759,-78.227293513642692],[162.690764959009528,-78.226768948978574],[162.693673764667665,-78.225999674379878],[162.700581703595134,-78.224435011526879],[162.712333741689406,-78.223512102097061],[162.725453275586091,-78.222551614734797],[162.732139961607544,-78.222155573466907],[162.751241097165092,-78.221630886965102],[162.761124280782411,-78.221761197684742],[162.78161740872585,-78.222543624562704],[162.792538975248561,-78.223024579535789],[162.797708331431778,-78.223399053214592],[162.817344196669495,-78.225907649263618],[162.823758972072454,-78.226925118693458],[162.826319529133485,-78.227383440669385],[162.83839132256881,-78.228207698716503],[162.844143611294072,-78.22841758306383],[162.847111934538731,-78.228728513386187],[162.844581588958391,-78.229036341239365],[162.840160258367149,-78.229120127116772],[162.835457729881171,-78.229195659888504],[162.831335436425917,-78.229164663290987],[162.824149531235918,-78.228089306859871],[162.816737286757558,-78.22708403575642],[162.803403762811001,-78.22535164405555],[162.794167044252561,-78.224615357270665],[162.790074256912675,-78.224461521335868],[162.785415958534344,-78.224319541589381],[162.782150886232301,-78.224122547267456],[162.777873790970744,-78.22341316905073],[162.776792970875505,-78.223297077888333],[162.774031873123022,-78.223379858848745],[162.770299628688349,-78.224145150295413]]]]}},
{"type":"Feature","properties":{"SURFACE":"moraine","FEATURE_TY":"Moraine"},"geometry":{"type":"MultiPolygon","coordinates":[[[[162.572607458671683,-78.220102376003055],[162.577656511749296,-78.219595247663506],[162.582919986329387,-78.21946463220857],[162.585982807810666,-78.219269358048479],[162.588829778702802,-78.218840628017418],[162.592455390806123,-78.218595413335635],[162.597982996095624,-78.218471920008852],[162.60491872991156,-78.218190201796432],[162.611060189895142,-78.217790701770838],[162.617196027067195,-78.217343002162806],[162.622822122077594,-78.216767152386495],[162.628915403509552,-78.216545641820545],[162.634111403469433,-78.216753522542206],[162.63899355471429,-78.217074888723758],[162.643395758987879,-78.217107793912177],[162.647316344383057,-78.216747180433728],[162.652581720705683,-78.216567788422566],[162.657477596319524,-78.216880136625917],[162.662328762740884,-78.217380415618919],[162.665512159236982,-78.218012868357945],[162.666178775243253,-78.218809340770818],[162.663845875505132,-78.21941460879124],[162.659517162707971,-78.220446195390409],[162.655713481935379,-78.221597148993411],[162.652172618798517,-78.222793497373274],[162.648765321342097,-78.223330219341619],[162.644340778099973,-78.223410665761804],[162.63033522604951,-78.223232579688016],[162.624854126881587,-78.223082963341],[162.619971208809517,-78.222751887626274],[162.615957034268462,-78.222161200899137],[162.610498259420211,-78.221898124113565],[162.604704370483972,-78.222004926660631],[162.59860950479046,-78.222130547311011],[162.590662997434805,-78.222003835037668],[162.5865756412378,-78.221751667493791],[162.582500486803809,-78.221490662423264],[162.576262664723231,-78.221043262388889],[162.574657797852296,-78.220806728144183],[162.572607458671683,-78.220102376003055]]]]}},
{"type":"Feature","properties":{"SURFACE":"moraine","FEATURE_TY":"Moraine"},"geometry":{"type":"MultiPolygon","coordinates":[[[[163.61494976155754,-78.274653324968597],[163.613578032789576,-78.274542841109977],[163.611111782868477,-78.27430993017839],[163.607839727503659,-78.274000313100743],[163.604323019121409,-78.273315103088834],[163.601113393347561,-78.27250573240417],[163.59817964549228,-78.271598835889037],[163.595776377723752,-78.270913600478025],[163.592549978662703,-78.270112554449923],[163.589048000796424,-78.269418418112153],[163.583895787185526,-78.268606340242954],[163.580094520236827,-78.268084076215501],[163.576812372261713,-78.26778284202878],[163.573791943923794,-78.267611242213263],[163.570740207380936,-78.267751200327794],[163.565997708709375,-78.268074684073042],[163.560979281633422,-78.268495541912884],[163.556526243928005,-78.268750771986063],[163.546532309854058,-78.269148218528088],[163.542089429320328,-78.269299357858372],[163.537647400528016,-78.269497989489395],[163.529866263085381,-78.26990437492465],[163.527622523688308,-78.270121015629726],[163.525382303251945,-78.270385362481051],[163.524260956822616,-78.27054596176896],[163.52366641097791,-78.27083325735687],[163.520233067498509,-78.271766953769415],[163.516806978349251,-78.272644067857982],[163.516971066195907,-78.271352179005561],[163.517035290336338,-78.270852443337731],[163.516059649983987,-78.269834046616069],[163.515268273655522,-78.269491863345493],[163.513938524321077,-78.2690982684624],[163.513442283065018,-78.268697821505782],[163.519023659846283,-78.268169050493782],[163.523199075919763,-78.267964187199013],[163.528138383755163,-78.268213767447136],[163.533361069736941,-78.268461282099238],[163.537231412036959,-78.268427896565299],[163.541394890365666,-78.26827906353752],[163.545835048040203,-78.268080292593794],[163.550289082083708,-78.267872793961558],[163.561687973020042,-78.267208119261412],[163.570869677957972,-78.266638062076524],[163.576410775178516,-78.266552403866072],[163.582730916842252,-78.2667507998421],[163.58875372119428,-78.267235173650803],[163.59364868849471,-78.267927292720913],[163.597429622630614,-78.268619085381602],[163.601184003149143,-78.269584646373062],[163.606541448742121,-78.270968941524103],[163.614019944211719,-78.273135181779907],[163.61494976155754,-78.274653324968597]]]]}},
{"type":"Feature","properties":{"SURFACE":"moraine","FEATURE_TY":"Moraine"},"geometry":{"type":"MultiPolygon","coordinates":[[[[164.336783465644118,-78.29346301646784],[164.34326823338975,-78.291482240971803],[164.35201874174237,-78.288422059808823],[164.354001139840165,-78.287531797181799],[164.357416870271862,-78.285956615414747],[164.358837637697377,-78.28517636022984],[164.360278071972402,-78.28433099461499],[164.363669537108393,-78.282830161527599],[164.364512507066195,-78.282556390090804],[164.365603187316026,-78.282836014937928],[164.365575438383274,-78.283562984961435],[164.364376886522791,-78.28502765037932],[164.363511192653846,-78.285801616051771],[164.362365708850405,-78.286531297151271],[164.359511694839341,-78.288043823853386],[164.357824738691164,-78.288600804782334],[164.353877118023036,-78.289824079471998],[164.352194739348505,-78.290324544385882],[164.344820341729729,-78.293611676848386],[164.336783465644118,-78.29346301646784]]]]}},
{"type":"Feature","properties":{"SURFACE":"moraine","FEATURE_TY":"Moraine"},"geometry":{"type":"MultiPolygon","coordinates":[[[[163.470544317216621,-78.237476789047903],[163.469887920673898,-78.236182585847445],[163.46971362514347,-78.235392739093697],[163.470369009307802,-78.234558078727332],[163.471604964979491,-78.233606510712178],[163.473354586087197,-78.232781077302803],[163.47537234457559,-78.232114427615883],[163.482766874408924,-78.230300168457063],[163.489667761696865,-78.230166457637281],[163.49269952948049,-78.230131240727161],[163.492675850501485,-78.230300852246856],[163.490349077235464,-78.231300452760451],[163.488050785486621,-78.232016702202912],[163.484934691063387,-78.232721499195478],[163.482655689985506,-78.233324874519596],[163.480903839924167,-78.234055166486101],[163.478797852605652,-78.235391246667618],[163.476738665371698,-78.236492592092205],[163.473555406696818,-78.237611471183243],[163.470544317216621,-78.237476789047903]]]]}},
{"type":"Feature","properties":{"SURFACE":"moraine","FEATURE_TY":"Moraine"},"geometry":{"type":"MultiPolygon","coordinates":[[[[163.855834197634948,-78.258880626208267],[163.857530236490618,-78.258392471859679],[163.859503376562657,-78.258053431490751],[163.862298512523012,-78.257620528542844],[163.865650314194653,-78.25723936323854],[163.881491126384617,-78.256123183807574],[163.886752722854794,-78.255920574593887],[163.889796223109641,-78.255815055738722],[163.904693967659625,-78.255770822424211],[163.908281331157355,-78.255782409823752],[163.911821672536149,-78.256246351177481],[163.915636072037614,-78.256821143095138],[163.917802087959444,-78.257166372069776],[163.920556937010105,-78.257290111888764],[163.923608998277274,-78.257127834585717],[163.927227298254053,-78.256809106642365],[163.936437671090999,-78.255661494508445],[163.941198337794049,-78.254840739058267],[163.945641919955108,-78.254522811491881],[163.947200748532339,-78.254566744431727],[163.948163031516572,-78.254755853851819],[163.948891847658814,-78.255149338446643],[163.94775528819747,-78.25552835265205],[163.945797518092149,-78.255859253981441],[163.942717382179097,-78.256351925755723],[163.931850915289289,-78.257544864230425],[163.915200648545266,-78.258549825543739],[163.911584870220651,-78.258764290427692],[163.90691894789822,-78.258518772637316],[163.897898664288931,-78.257590584574089],[163.892142994533828,-78.257223832365852],[163.885534341029654,-78.257081803354595],[163.879985362653287,-78.25740029105593],[163.873031864710441,-78.257939521507993],[163.869099073823151,-78.258599561219413],[163.865189146811673,-78.259137616729589],[163.861840815784973,-78.259519015207857],[163.859338685803323,-78.259627738091609],[163.857709190923373,-78.259446382970253],[163.855834197634948,-78.258880626208267]]]]}},
{"type":"Feature","properties":{"SURFACE":"moraine","FEATURE_TY":"Moraine"},"geometry":{"type":"MultiPolygon","coordinates":[[[[164.704840102584001,-78.300032741290408],[164.704977866220105,-78.299843805833973],[164.705547324926073,-78.299176361309989],[164.707516617075385,-78.298057579939154],[164.708642596217089,-78.297543817568851],[164.709745272753054,-78.297661657988641],[164.709998648200724,-78.298506975112275],[164.709978892669142,-78.299346590564326],[164.710231100824103,-78.300125351701794],[164.704840102584001,-78.300032741290408]]]]}},
{"type":"Feature","properties":{"SURFACE":"moraine","FEATURE_TY":"Moraine"},"geometry":{"type":"MultiPolygon","coordinates":[[[[162.123680975999463,-78.136363484129376],[162.123020508617856,-78.136865246334054],[162.125086615333601,-78.137385126513237],[162.127693978966477,-78.137921724467816],[162.130568596517065,-78.138456856527355],[162.13314510517398,-78.13910617774043],[162.134869327548671,-78.13990954070772],[162.135218986431795,-78.140746228120989],[162.137543917147184,-78.141330939879651],[162.141499413231827,-78.141937472775439],[162.144095952662838,-78.142520940246911],[162.15069223349974,-78.144670633069424],[162.150574293934,-78.145179611430635],[162.145151844310561,-78.144954720956974],[162.14278084055735,-78.144587211720562],[162.141573803228169,-78.143904352747455],[162.140104879246763,-78.143165854743515],[162.138075402646109,-78.142524199051266],[162.136471786036594,-78.142341410769134],[162.134561683724087,-78.142368005941478],[162.132503042703462,-78.14292072206058],[162.12991001155433,-78.143505024668286],[162.127263424976263,-78.143138214308564],[162.125614641995128,-78.142004799996684],[162.121168615563136,-78.138867286491461],[162.120557806516814,-78.1380131924154],[162.120438293052473,-78.137344827735973],[162.120332393461496,-78.136667794458788],[162.123680975999463,-78.136363484129376]]]]}},
{"type":"Feature","properties":{"SURFACE":"moraine","FEATURE_TY":"Moraine"},"geometry":{"type":"MultiPolygon","coordinates":[[[[162.167260993291279,-78.139441271415635],[162.164871567154449,-78.139082276532449],[162.162779619008745,-78.138723794088534],[162.1613718694216,-78.137702426892474],[162.158873811374377,-78.136723711489878],[162.15583845556381,-78.135680669045854],[162.152949114390452,-78.135202275051739],[162.150280187331305,-78.134891552543195],[162.149610624729775,-78.134320860558063],[162.151373305797392,-78.133777286910927],[162.152214913551973,-78.133679909535942],[162.153322733128306,-78.13362886957421],[162.155804451163846,-78.133544396880396],[162.158987811826677,-78.133965687891418],[162.162126139149734,-78.13455619388543],[162.167344929456021,-78.135619211006812],[162.169136589403792,-78.136139630273846],[162.169183624778469,-78.137099633076815],[162.168671005824194,-78.138108743229509],[162.168163257876643,-78.139060768099228],[162.167426375791592,-78.139892386046967],[162.167260993291279,-78.139441271415635]]]]}},
{"type":"Feature","properties":{"SURFACE":"moraine","FEATURE_TY":"Moraine"},"geometry":{"type":"MultiPolygon","coordinates":[[[[163.921039775291973,-78.243142866476916],[163.919702998601821,-78.242637643588324],[163.916476147043142,-78.24178428293304],[163.914315347354005,-78.241325403544735],[163.912142783835833,-78.241027004792031],[163.909960116393506,-78.240794365300914],[163.907518895596723,-78.240290471001984],[163.905106419064623,-78.239655478317815],[163.902682047509359,-78.238981819569474],[163.900812502560825,-78.238407155218511],[163.898928842442729,-78.237898017288231],[163.896491127684101,-78.237441587239687],[163.893788007137175,-78.236969497480175],[163.890784823402214,-78.236631428043083],[163.887781847160596,-78.236331262098616],[163.885039701059497,-78.236264543737178],[163.88094555800734,-78.235852575595615],[163.875781203915011,-78.235159303698808],[163.878813034028298,-78.235119918590044],[163.889038676555771,-78.234764690140096],[163.89097661266112,-78.234603838148857],[163.893185602435693,-78.23461066957266],[163.896169422528345,-78.235070876548676],[163.899416897706828,-78.235650870031208],[163.902679518942222,-78.236108424665332],[163.908136998149416,-78.236695057803232],[163.912188639267498,-78.237502309437446],[163.915394428451151,-78.238629542644318],[163.918060268501165,-78.239592222362063],[163.928049210318079,-78.241876319028606],[163.932095566667925,-78.242739682151011],[163.93591633489649,-78.243257873024248],[163.942714697627252,-78.244235102028668],[163.945969660719499,-78.24486212411027],[163.947852466885649,-78.245370716454403],[163.946460859211896,-78.245535616377637],[163.943157225432543,-78.245360838110741],[163.937446121153954,-78.244608637837345],[163.933090465752741,-78.243973769253188],[163.929003210799152,-78.243458862040029],[163.925159014779325,-78.2432236372522],[163.92324502838639,-78.243149146205525],[163.921039775291973,-78.243142866476916]]]]}},
{"type":"Feature","properties":{"SURFACE":"moraine","FEATURE_TY":"Moraine"},"geometry":{"type":"MultiPolygon","coordinates":[[[[162.387424161896092,-78.103024979602466],[162.386358481095385,-78.10295521344166],[162.384422061053471,-78.103057795611534],[162.382712695222182,-78.103375930884127],[162.381278677578536,-78.10375032128394],[162.380106372605923,-78.104084506658097],[162.374461419390968,-78.103743437796496],[162.372159830170744,-78.103047866809248],[162.370565629899858,-78.101576666273999],[162.371097392709117,-78.100407265850109],[162.370080620621394,-78.098820966805278],[162.368581937805033,-78.0981970449606],[162.365465637981828,-78.097486141316026],[162.362066455570556,-78.096890433868722],[162.358549987644381,-78.096745757855416],[162.355773246209594,-78.096993675145413],[162.353226163245012,-78.0974286970105],[162.349120342175411,-78.096260683673691],[162.349745556586385,-78.092172429355941],[162.349852961964189,-78.091720673843312],[162.353786854332867,-78.092380445486626],[162.357404016479308,-78.093306088458149],[162.361509859391447,-78.094464430400024],[162.366187652785385,-78.095469020752248],[162.374514702690163,-78.097238368682611],[162.379006297819899,-78.097895902433848],[162.383223105223777,-78.098554445478328],[162.385933641735477,-78.099869234080629],[162.387475221137976,-78.102798961089604],[162.387424161896092,-78.103024979602466]]]]}},
{"type":"Feature","properties":{"SURFACE":"moraine","FEATURE_TY":"Moraine"},"geometry":{"type":"MultiPolygon","coordinates":[[[[162.101964560957498,-78.07591062728099],[162.099767831433098,-78.075256696575252],[162.099346025670314,-78.074797812914213],[162.099228347023853,-78.074129512967787],[162.098627283722948,-78.0732279313698],[162.097741954229519,-78.072422220032621],[162.096824385200193,-78.071690919468111],[162.096063674587612,-78.070328779768317],[162.097809030580464,-78.067650448640194],[162.099124306446271,-78.066704591634092],[162.100818622980057,-78.065965923647923],[162.104602567603109,-78.066055971462362],[162.10691874397574,-78.066593501516465],[162.107576345446319,-78.067269104313112],[162.106230270798193,-78.06832775895154],[162.103818174207078,-78.069305672195469],[162.103377600787638,-78.070032388000911],[162.105138197809083,-78.070609362209666],[162.107456598838354,-78.071146979517692],[162.107258148698605,-78.071985566042486],[162.104949734525093,-78.072520608110082],[162.104273691954972,-78.073078473668389],[162.104373302592109,-78.073802974039822],[162.104979632991956,-78.074657007788716],[162.10456251435437,-78.075270449697697],[162.102826062267752,-78.075700126561074],[162.101964560957498,-78.07591062728099]]]]}},
{"type":"Feature","properties":{"SURFACE":"moraine","FEATURE_TY":"Moraine"},"geometry":{"type":"MultiPolygon","coordinates":[[[[165.127359702427555,-78.216819698300284],[165.129561678820068,-78.217212499102217],[165.132327340680774,-78.218220261054569],[165.134260188869973,-78.21928651344119],[165.139789123067345,-78.222366797662488],[165.141448217274473,-78.22332384692757],[165.142283061958125,-78.224113701192593],[165.143682658937422,-78.226018091059757],[165.144230374641296,-78.227028023673682],[165.144522758705961,-78.228090111194803],[165.144257796016348,-78.228876960374308],[165.141806351372338,-78.231628589400984],[165.140167465633652,-78.233038618587415],[165.136056097588465,-78.234607043606957],[165.134353403780267,-78.233713630103381],[165.134622940562309,-78.232644201054867],[165.135159955578104,-78.231353604645207],[165.135972759992825,-78.230181639541328],[165.136234602052781,-78.229064680448431],[165.135943676311399,-78.227380497119256],[165.134562328526698,-78.226589281386211],[165.132626656625604,-78.225183586783459],[165.13205906700469,-78.22406881000515],[165.132329629244111,-78.222546999018618],[165.131206005931801,-78.220921337666638],[165.129546250097519,-78.220369462627986],[165.127616458958869,-78.219699235324654],[165.126794345653082,-78.218787420170003],[165.126781961729932,-78.217561319023915],[165.127359702427555,-78.216819698300284]]]]}},
{"type":"Feature","properties":{"SURFACE":"moraine","FEATURE_TY":"Moraine"},"geometry":{"type":"MultiPolygon","coordinates":[[[[166.399624423225788,-78.272312098360842],[166.397228801347637,-78.272194248784146],[166.394725034285159,-78.272089803777163],[166.390015403235282,-78.27199862655128],[166.386150029898829,-78.271958315393491],[166.381444237333795,-78.271932802924397],[166.377851421412231,-78.271952677023108],[166.376198094224975,-78.271955585164193],[166.37473521125014,-78.2713491032533],[166.378566910677137,-78.270984794918533],[166.383245128821443,-78.270859018001431],[166.388237655695974,-78.2709361385904],[166.393770928806134,-78.271086653969377],[166.397076868723929,-78.270958732690474],[166.399537824828826,-78.270723588393665],[166.403764003810693,-78.270003429948375],[166.405872737915018,-78.269623203033035],[166.40813772424309,-78.269105355069854],[166.412508505604677,-78.268183668115412],[166.416021976817518,-78.267550232191837],[166.42446465653336,-78.266502803776802],[166.42828494212074,-78.266203027832844],[166.431860864016897,-78.266078671000514],[166.434069686048048,-78.266065253935153],[166.435470862952599,-78.266227754933468],[166.437181234295338,-78.266546010554606],[166.435801370362924,-78.26660951295564],[166.43414011773416,-78.266565470035644],[166.433042502253102,-78.266624067602194],[166.42732243649786,-78.267336769532761],[166.416179253155633,-78.268907753108536],[166.414829671123101,-78.269132011960167],[166.407582801856648,-78.270512277894582],[166.40460475006617,-78.27154462692323],[166.401634470065744,-78.272110988418945],[166.399624423225788,-78.272312098360842]]]]}},
{"type":"Feature","properties":{"SURFACE":"moraine","FEATURE_TY":"Moraine"},"geometry":{"type":"MultiPolygon","coordinates":[[[[161.958811280572149,-78.008848788562503],[161.956568621336089,-78.008591610138396],[161.95624227821753,-78.008425841944685],[161.955787778007078,-78.007877842066193],[161.95788953783574,-78.007675323489536],[161.959503354515761,-78.00766005889956],[161.962547817058635,-78.007837397237921],[161.964729976171498,-78.007918032811318],[161.969553031853849,-78.007736756388454],[161.978789484218282,-78.007049392077093],[161.981125492972467,-78.006738073197781],[161.987303850369614,-78.006590706693046],[161.988744132426973,-78.006850849105277],[161.989383322326546,-78.00718133927306],[161.984285503817318,-78.009776851023005],[161.982425887408795,-78.00992889451777],[161.980800664600025,-78.009886079308941],[161.978313584001,-78.009756256490505],[161.976305215456932,-78.009390614660276],[161.970193026264042,-78.008919778547536],[161.960949543316161,-78.008763645478993],[161.959863835360466,-78.008776362547465],[161.958811280572149,-78.008848788562503]]]]}},
{"type":"Feature","properties":{"SURFACE":"moraine","FEATURE_TY":"Moraine"},"geometry":{"type":"MultiPolygon","coordinates":[[[[161.915652580781057,-77.999935518883191],[161.911386691496404,-77.998955966830437],[161.904430303680073,-77.997065294345504],[161.901835259818682,-77.996419411388771],[161.899296964726403,-77.995997711757056],[161.896227563937799,-77.995635667243562],[161.89288192564058,-77.995226038988619],[161.89007804568439,-77.994862800693582],[161.888346252325022,-77.994438339099716],[161.887113439636977,-77.993827438461352],[161.886465343811949,-77.993323398411462],[161.886067478730183,-77.992826805506468],[161.884220157994747,-77.989701905132804],[161.884092017030497,-77.989194920233615],[161.88397558126124,-77.988688732150408],[161.884163149112709,-77.988346976451908],[161.885692473411922,-77.988000781013341],[161.888466795222826,-77.988247186255322],[161.890466581768351,-77.988670784701839],[161.890044889596027,-77.989188225906759],[161.889374614463549,-77.989755818320319],[161.888204896295065,-77.990500210978112],[161.888363210541939,-77.991172125078194],[161.89192240600994,-77.993551058371565],[161.893361915730026,-77.99386937799261],[161.894997933476134,-77.993971100028034],[161.897504824541755,-77.994218278957547],[161.900580720817004,-77.994638258752403],[161.903182143645608,-77.99534210193039],[161.906381425517708,-77.996201508549547],[161.91524179489835,-77.998135253968584],[161.917219977042379,-77.998442057710832],[161.919974272794178,-77.998638680034816],[161.922493344089901,-77.999010898229855],[161.937916252894865,-78.0018679123352],[161.94051601381193,-78.002398619674864],[161.941408883748807,-78.004355797651755],[161.935290443214569,-78.006354976844463],[161.933294861835122,-78.006047239473503],[161.931492009181824,-78.005513061606649],[161.929708112762427,-78.004970567588657],[161.928651996742872,-78.003347016286199],[161.929011623232299,-78.00277747379684],[161.926690463058236,-78.002313432250347],[161.923275407381823,-78.00179427649789],[161.920444638900904,-78.001381785379479],[161.916698354546725,-78.000648418732652],[161.915534034180013,-78.000377745060746],[161.915652580781057,-77.999935518883191]]]]}},
{"type":"Feature","properties":{"SURFACE":"moraine","FEATURE_TY":"Moraine"},"geometry":{"type":"MultiPolygon","coordinates":[[[[166.209023390283875,-78.158633691767164],[166.205219015831034,-78.158929757773578],[166.201689052675221,-78.159164571739154],[166.198421637362998,-78.159346922706177],[166.195473774652299,-78.159976863161575],[166.193337197550761,-78.160544519013513],[166.192830610649509,-78.160997385633564],[166.192913154370274,-78.161780148539677],[166.192499229998873,-78.163194529389401],[166.190666679163286,-78.166788795860356],[166.190195360529714,-78.167693744106089],[166.188646786404973,-78.168535004456089],[166.185979212726693,-78.169394894333649],[166.18225279393036,-78.170407766872884],[166.177440182610638,-78.171722326240015],[166.175048136824444,-78.172408460668137],[166.172399400124959,-78.173372470750735],[166.16816568199576,-78.175025805575473],[166.158399589553255,-78.178989353134583],[166.156302271662298,-78.179887378797176],[166.154205264246201,-78.180907395788708],[166.152390952873304,-78.182091816507167],[166.151124584691104,-78.183163175943093],[166.150435108268368,-78.184573308093363],[166.150002524106924,-78.185865061468007],[166.149845064329895,-78.187161329409093],[166.149961188977755,-78.188274372232996],[166.15090314924845,-78.189569843446108],[166.154251955102239,-78.193088493878761],[166.155461418173417,-78.194266051066833],[166.15804717115526,-78.195484842770981],[166.160101516596995,-78.196939512663874],[166.163419290092122,-78.200015309806972],[166.164053963427733,-78.200966771937004],[166.164728552852836,-78.202192332577596],[166.164565164324529,-78.203375685283561],[166.164128424433443,-78.204610954278962],[166.162957553125409,-78.206691230737107],[166.162232636094814,-78.207761885283631],[166.161241319978558,-78.208828515584131],[166.159409906677809,-78.209852851439706],[166.155736429458784,-78.211722726974884],[166.153091205595786,-78.212799922584779],[166.15070361146104,-78.213702431531402],[166.148572293682605,-78.214505249998666],[166.146453041662795,-78.215233608231514],[166.144610679622957,-78.216135436555376],[166.14044411375508,-78.218684291555959],[166.136870707015902,-78.221675973052868],[166.136544772969927,-78.223421392799395],[166.136574139009923,-78.223760696588101],[166.136604288323753,-78.224061330899687],[166.13678644116689,-78.224301589164014],[166.137142742486247,-78.224605751268584],[166.138079241707118,-78.22570627856075],[166.139222574883604,-78.226148606129442],[166.140632658340678,-78.22659497368808],[166.142061315888242,-78.227098567306427],[166.14267552578724,-78.227880196743868],[166.142757892671909,-78.228663201305892],[166.142263876882936,-78.229285819053175],[166.13994357799578,-78.230980115500543],[166.138133084092374,-78.2322215070363],[166.132812332761347,-78.228312501700472],[166.132196319613143,-78.227643338149591],[166.132661540495008,-78.226681433785544],[166.13272826086731,-78.225023792553756],[166.133017711513531,-78.224548055659909],[166.132466859668568,-78.22397484027627],[166.130863623670024,-78.22208639908267],[166.128793372853124,-78.220518077566524],[166.127588296447271,-78.219462570404232],[166.127205945057852,-78.218232710530657],[166.130318003817337,-78.21321901252351],[166.133529737099593,-78.209392857504326],[166.134802961812511,-78.208209044772147],[166.13551336269299,-78.207081297432481],[166.135943444175211,-78.205732970106226],[166.136112904310892,-78.20467177656775],[166.136007779572139,-78.203493507456145],[166.135925598460091,-78.202588524707593],[166.134913834301955,-78.200632559800539],[166.134004822327483,-78.199685826955005],[166.130742473713468,-78.197109430778085],[166.12803018753371,-78.194485664673863],[166.127087789280409,-78.193199359519866],[166.125286760159128,-78.188435118152142],[166.125101835518052,-78.186464534208838],[166.124969536148484,-78.182038055559829],[166.125140995233977,-78.180976980532321],[166.125333948806855,-78.180010834282612],[166.125796054177982,-78.179114616060644],[166.126524654450577,-78.178100518959056],[166.128523716312742,-78.17601531828052],[166.130968197611566,-78.172807915192024],[166.130911393777467,-78.172129434792708],[166.132416588212635,-78.170666761560625],[166.133438722487853,-78.169817709463018],[166.135549766663246,-78.169033166304047],[166.137428347001674,-78.168574647320341],[166.140387213048115,-78.168058196355275],[166.143636981074309,-78.1676502736738],[166.146371188698936,-78.167525874999527],[166.149641227986109,-78.16740040304586],[166.153185332708347,-78.167157398961763],[166.156433713542384,-78.166871262616851],[166.15915266629014,-78.166577104902132],[166.160490599187483,-78.166231905798909],[166.160970779692462,-78.165561897196199],[166.161160291878218,-78.16466141434708],[166.159470083450714,-78.161301636118154],[166.154468658771776,-78.157624198932623],[166.150174212342108,-78.155502268155402],[166.148198994926219,-78.154951919654039],[166.146264530461764,-78.154675704247722],[166.144056569135557,-78.154451297251342],[166.142116550636985,-78.15424044149681],[166.140430519708417,-78.153742189725719],[166.140648029094393,-78.153180864827263],[166.142539050478092,-78.152835684098449],[166.145525397365702,-78.152714861357538],[166.148225243414004,-78.152251118611062],[166.14734824794499,-78.151634378906962],[166.145655785581795,-78.151145209991284],[166.143723729709933,-78.150981656493613],[166.142602697916033,-78.150652764384418],[166.142270983068926,-78.149969793263026],[166.144954804346412,-78.149458385443737],[166.148218956044417,-78.149276595360021],[166.150902360805929,-78.148765130931764],[166.153818779510743,-78.147796348021629],[166.154324953684238,-78.147343494565746],[166.154276540064274,-78.146843794593352],[166.153943061840863,-78.146170163495256],[166.154718033646731,-78.145721545826788],[166.15604969133031,-78.145376176145305],[166.164446292857122,-78.144553483146296],[166.174519283892636,-78.144059299299698],[166.174923510247424,-78.145468156603499],[166.176047810907733,-78.145806441550661],[166.178231797625557,-78.145729237278076],[166.179584869955164,-78.145563111639945],[166.181475609459028,-78.145330348016458],[166.183931972417895,-78.145379441863241],[166.198016466535108,-78.146775544932311],[166.200506932010541,-78.147098220699618],[166.202754699376612,-78.147708785847541],[166.204474984317812,-78.148545975562357],[166.205680200051148,-78.149625669827756],[166.206888486363681,-78.150778199483341],[166.208870613482389,-78.151497212133677],[166.212415165655131,-78.151432004869321],[166.214797163275279,-78.150576560091665],[166.215818121684862,-78.149905778015537],[166.217128935537886,-78.14927774383888],[166.219809344133495,-78.148765616815638],[166.222244148980053,-78.148466207749365],[166.224431126924088,-78.148454437116484],[166.224751593445518,-78.148902022588516],[166.22484147894923,-78.149863232294649],[166.224107245540637,-78.150707908645913],[166.223356959097629,-78.151439229176432],[166.220939864305308,-78.15189902151478],[166.213888732690094,-78.152434861005247],[166.210888515293703,-78.152499398070617],[166.20868496447946,-78.152397706435465],[166.203631160870202,-78.151073557500538],[166.202455995558523,-78.150280287703396],[166.20127897959847,-78.149454082025642],[166.199580798608906,-78.14884310780495],[166.1976176196643,-78.148350065225856],[166.195132112818442,-78.148083905123102],[166.193780499322486,-78.148259564598021],[166.193569222940567,-78.148868010467481],[166.194497402398042,-78.149993618706048],[166.196762030721061,-78.150764540710185],[166.201319592719329,-78.152598502801439],[166.199513261146905,-78.153726831598675],[166.203789058488752,-78.155452671669465],[166.204912449353799,-78.155725049216684],[166.210040127560745,-78.157840717241299],[166.210634672306242,-78.158283388974965],[166.21042159089788,-78.158901112384214],[166.209023390283875,-78.158633691767164]]]]}},
{"type":"Feature","properties":{"SURFACE":"moraine","FEATURE_TY":"Moraine"},"geometry":{"type":"MultiPolygon","coordinates":[[[[165.690793259350642,-78.203763505666558],[165.693777861165586,-78.203195214833457],[165.70685131235382,-78.201310085301202],[165.712319592753971,-78.200908689159562],[165.717525104301501,-78.200784949919125],[165.72192366197865,-78.200825930546458],[165.726041087285097,-78.20081460927689],[165.732339457765278,-78.200521865425401],[165.737261514863917,-78.2002326352642],[165.741636383143998,-78.199877288591722],[165.745432967365019,-78.199021851804005],[165.74675550394889,-78.198178821411432],[165.752178878521363,-78.197041312999602],[165.767727369690277,-78.195489569194535],[165.774844776038492,-78.195135201099262],[165.783326308021088,-78.194776218263257],[165.789618652723419,-78.194482119754909],[165.795329584695764,-78.193678505393549],[165.79913000675495,-78.192992008004268],[165.803445327452749,-78.191918670896669],[165.806944257503289,-78.190897013867044],[165.809617153376905,-78.189654046136525],[165.810905458396974,-78.188414583953772],[165.811518816427451,-78.185326625933229],[165.812119323618504,-78.181956135851209],[165.812549770036355,-78.180042734016382],[165.814368438125257,-78.178642892109949],[165.821090326574932,-78.176717106055875],[165.825407879588141,-78.175690969722709],[165.829170068338527,-78.174504522267753],[165.832899642607146,-78.17291236707274],[165.836660312012214,-78.171838576257741],[165.840987066748454,-78.171047728218511],[165.846953531362487,-78.170134949019399],[165.8529383207553,-78.169608222447522],[165.859745853371351,-78.169029960921833],[165.868217138084162,-78.16878173042052],[165.875637066053571,-78.168976874750186],[165.883602396980223,-78.169406595026246],[165.886932931991907,-78.170010434853111],[165.886695651825505,-78.170458474373035],[165.886722317070479,-78.170910729668151],[165.887026852475344,-78.171302163566295],[165.889234455049461,-78.171519287946182],[165.90368860533016,-78.170751668520893],[165.915949252337668,-78.16974845809716],[165.920579124276856,-78.169460671582229],[165.923332629250979,-78.16962106151945],[165.925035061033071,-78.170394196404288],[165.922919881959729,-78.171356112874975],[165.91642952234028,-78.172553237298359],[165.887362933192634,-78.175959811806109],[165.876757856997017,-78.177113374487377],[165.873228057009015,-78.177692242818608],[165.872177923257254,-78.178248690872607],[165.873037923018529,-78.178753355543378],[165.876348849787206,-78.17919651491529],[165.880183455289171,-78.179009052260909],[165.883420628790901,-78.178264713743189],[165.887735205233554,-78.177359825041805],[165.890461589300457,-78.177124552963974],[165.894013622048135,-78.176941177239897],[165.896471646294259,-78.176936255943517],[165.899772661516153,-78.177040462184095],[165.899519139409676,-78.177318591374842],[165.898200037634126,-78.17800211979025],[165.897136505022814,-78.178510947349523],[165.895791812511135,-78.178911369229311],[165.892822230184578,-78.179415982932085],[165.889549106554284,-78.179707683665626],[165.884915339495734,-78.18006076267794],[165.881670468179351,-78.180692020178725],[165.877392348414958,-78.182275148559924],[165.873091382870399,-78.183349815301796],[165.869570300233477,-78.184098295982878],[165.865749644426927,-78.184333400890935],[165.863019442573744,-78.18444622076693],[165.856519693219752,-78.185651579410276],[165.85463777145452,-78.186155726120845],[165.851693626399964,-78.187290876716759],[165.849558351928266,-78.188138953657983],[165.844992786429458,-78.189434667391822],[165.840100040601328,-78.190187310597182],[165.836859626661635,-78.190921911529571],[165.835527136235697,-78.191491986417631],[165.833934444844942,-78.192396266331755],[165.830693673629185,-78.193074455576308],[165.82769247474468,-78.193426747493149],[165.817657972244575,-78.195247677659552],[165.814694726060736,-78.196043489552792],[165.811160450769137,-78.196499655090221],[165.805715404123447,-78.197185811156317],[165.799992908452339,-78.197876326699529],[165.783631877420248,-78.199660246868504],[165.774893891484851,-78.200297478418292],[165.747261963713868,-78.202115377090692],[165.742606109826312,-78.20229644842729],[165.73629522682657,-78.202363207350032],[165.731629195139419,-78.202430777569703],[165.726424866411833,-78.202667677236761],[165.721231486139544,-78.203017869931685],[165.716030891832787,-78.203311201378369],[165.706168982154423,-78.203784691861159],[165.70124053195363,-78.204016752390586],[165.698213396403531,-78.204084607251716],[165.695468562775034,-78.20409193573218],[165.692991140235932,-78.20392514414398],[165.690793259350642,-78.203763505666558]],[[165.836471039856434,-78.181102154512928],[165.837829098962061,-78.181050224686032],[165.839476520772479,-78.181041433190117],[165.840312681355869,-78.181263167699029],[165.84089580361038,-78.181706705441272],[165.842281502195249,-78.18198501745114],[165.844185339079502,-78.181698188437835],[165.854471079970665,-78.179871345780612],[165.855002605871874,-78.179532395958802],[165.853607993438487,-78.179197319329575],[165.850612377029108,-78.179549918005463],[165.847893599030215,-78.17983224116692],[165.846246917174739,-78.179784740387191],[165.845409970584143,-78.179506612762026],[165.845653264097962,-78.179171563386475],[165.846161675098955,-78.178605941157358],[165.847503752210571,-78.178092796532695],[165.852402505826205,-78.177688245194659],[165.856517069189664,-78.177675284923382],[165.858433496873204,-78.177670904015386],[165.86115017393729,-78.17738840990296],[165.865669810227956,-78.176945304887781],[165.867132292521944,-78.176738951586955],[165.868105265338983,-78.176569570534681],[165.869745278709843,-78.176394680439032],[165.871380934597141,-78.176253611980016],[165.877210324987402,-78.175877933168806],[165.88049860014533,-78.175812647622465],[165.88268001871424,-78.175633907068431],[165.882921597358262,-78.175186075239722],[165.880713820645383,-78.174912558178804],[165.877971480116287,-78.174977807023296],[165.872254984006958,-78.175450892919685],[165.869971281158797,-78.175767540993292],[165.867846569085799,-78.175905671854096],[165.865556039901549,-78.176046973584675],[165.859170346956518,-78.17649704817623],[165.855896146539664,-78.176609799415587],[165.852063284096687,-78.176796997785402],[165.848524443253268,-78.17708389890926],[165.84471336357791,-78.177488225652937],[165.842276714582567,-78.177888406253018],[165.839028805127413,-78.178519096780477],[165.833630588425393,-78.179771420723256],[165.831749260051765,-78.180219066432414],[165.829866457865592,-78.180901527443154],[165.828265893093942,-78.181523421324073],[165.825886854049543,-78.182753366605581],[165.825098798131307,-78.183266963689263],[165.824577699090611,-78.183662828444028],[165.826495145771958,-78.183771420491482],[165.829212707741846,-78.183367019707887],[165.831371749412938,-78.182736407098119],[165.835665909231437,-78.181379976713202],[165.836471039856434,-78.181102154512928]]]]}},
{"type":"Feature","properties":{"SURFACE":"moraine","FEATURE_TY":"Moraine"},"geometry":{"type":"MultiPolygon","coordinates":[[[[161.85363758369428,-77.958282819333945],[161.852384619200421,-77.958685857223983],[161.855235779128719,-77.96045246277734],[161.857413252195073,-77.961607544382233],[161.854192019727748,-77.962824773385904],[161.853172301240789,-77.963061715578348],[161.851872555270745,-77.963298676625953],[161.849789260813196,-77.963606639230065],[161.848450219154756,-77.963610903836937],[161.845973496878912,-77.963412764505719],[161.841412663813799,-77.962391566827847],[161.840463598470308,-77.961847436425373],[161.834968749384871,-77.960273349554313],[161.832680236702032,-77.95973329790192],[161.83039193076857,-77.959193227693731],[161.827295935519743,-77.958664890761327],[161.822486387786711,-77.957769886240428],[161.821630849470921,-77.957548318093629],[161.819827618590153,-77.956782550561144],[161.818550647668673,-77.955956982726889],[161.817815550821138,-77.95399918505899],[161.817845418994125,-77.952985230889666],[161.817955127039539,-77.952302640388993],[161.818357968928524,-77.951745586997902],[161.819029483077998,-77.951178206047601],[161.820463237671618,-77.950365971613678],[161.833689430416854,-77.947084357480193],[161.837791360313076,-77.946196249001758],[161.841305586904099,-77.945085768139947],[161.842092244746084,-77.942782143785308],[161.84139108846901,-77.942053668521666],[161.840594090181099,-77.940992779368003],[161.84046181755258,-77.940427871618468],[161.840578567294244,-77.939812950397737],[161.846152898231168,-77.933860588958183],[161.847250213622573,-77.932833779698527],[161.852307248082639,-77.929241982356984],[161.854211919897921,-77.928146004468871],[161.855654331525443,-77.927459136661156],[161.856823796917297,-77.926715231238518],[161.85911219788747,-77.925061076901457],[161.858846937662264,-77.923940939560495],[161.856832809581647,-77.922279247244447],[161.855581054385709,-77.921560959949502],[161.855420328093516,-77.920888755367812],[161.855536120756682,-77.920273849093959],[161.855718158256224,-77.919874298929599],[161.855929543301983,-77.919639661516626],[161.858108207629357,-77.91861051108377],[161.859972320489788,-77.918594650751075],[161.860815823337759,-77.918690834887954],[161.861115824397814,-77.918864722657233],[161.863815658723098,-77.923323384987498],[161.863714760008747,-77.924054274832002],[161.863307237453284,-77.92568401663074],[161.861878710301653,-77.927617497271086],[161.861265982338438,-77.928409147246015],[161.857504371272853,-77.931763870379996],[161.85678826132991,-77.932165169098354],[161.855519298486257,-77.932518999397232],[161.854825159426213,-77.932979302125901],[161.853941446480803,-77.93377158884843],[161.852686259831898,-77.935247543723492],[161.8517343848645,-77.936945540680085],[161.851773712708592,-77.938174832999167],[161.850746356027912,-77.938420674859969],[161.84855167167089,-77.939333999391678],[161.847756151974068,-77.940525283945121],[161.847650180758535,-77.941198421193974],[161.847575449007167,-77.942046196059536],[161.847988214317581,-77.942601544171964],[161.848121501924993,-77.943156910926405],[161.848340099058817,-77.945241833560232],[161.848016941005369,-77.946149264430801],[161.847585061966726,-77.946541345724555],[161.845827160493712,-77.947120526485904],[161.843541570371997,-77.947711481388367],[161.83156640432162,-77.950590376272558],[161.828130369118782,-77.950843685780413],[161.827472833390658,-77.951536612574458],[161.825884238643283,-77.953910103724553],[161.826842338047186,-77.954512491213606],[161.834272770280819,-77.956296219286415],[161.845910014718783,-77.95757206907804],[161.850616323201592,-77.958028241836388],[161.85363758369428,-77.958282819333945]]]]}},
{"type":"Feature","properties":{"SURFACE":"moraine","FEATURE_TY":"Moraine"},"geometry":{"type":"MultiPolygon","coordinates":[[[[161.995308000338753,-77.904905946110986],[161.994527121793936,-77.904967643821394],[161.992384870220036,-77.904994037229201],[161.982739604792641,-77.904030273447063],[161.968657331023792,-77.900369374402331],[161.967508662062528,-77.900041998315785],[161.965998721367754,-77.89939309691772],[161.963089117010213,-77.897394142058474],[161.962951024392794,-77.896838877383871],[161.961759803933717,-77.896403202339329],[161.959867107724818,-77.896302643999817],[161.958065021009418,-77.896610464899567],[161.956351881914685,-77.897307413247773],[161.954638544087345,-77.898004351715301],[161.953157913709219,-77.898525662166122],[161.950369682489594,-77.899168309901199],[161.946523877409817,-77.899882325100194],[161.945492726514402,-77.900060850047083],[161.941094666336937,-77.900727506281342],[161.94140772291766,-77.899829490849768],[161.941573134135069,-77.899438555470454],[161.944555933076174,-77.898445333285594],[161.946571188290932,-77.8979127059674],[161.949912174591219,-77.897317461069804],[161.952220760199708,-77.896900637129121],[161.954485603244791,-77.896250980339445],[161.954887264825544,-77.895751722403659],[161.955011172532693,-77.895128144889469],[161.956059821036092,-77.893935725507134],[161.960447833309303,-77.89213839745203],[161.96190815429614,-77.891567861055961],[161.962915796267652,-77.891330281380633],[161.964794130500451,-77.891305402402949],[161.965990744832737,-77.891798910389682],[161.966441392779473,-77.892528725236062],[161.965571880545298,-77.893321577826313],[161.965744186813822,-77.894051533940015],[161.969763673556628,-77.896202856933897],[161.974313021717535,-77.898284860539292],[161.981231722595993,-77.901236853979228],[161.983040768906704,-77.902001747041069],[161.984219883110313,-77.902445992676235],[161.987293345059896,-77.902914039023301],[161.989799588765663,-77.90328593041518],[161.991443429332008,-77.90343625447035],[161.992850015867219,-77.903637421491609],[161.99489334024085,-77.90428408441241],[161.995242941675173,-77.904623856434739],[161.995308000338753,-77.904905946110986]]]]}},
{"type":"Feature","properties":{"SURFACE":"moraine","FEATURE_TY":"Moraine"},"geometry":{"type":"MultiPolygon","coordinates":[[[[161.602302461093984,-77.850872892417797],[161.604441527741471,-77.85340566716161],[161.605851720319635,-77.854905237670238],[161.60739464064207,-77.857085711451859],[161.609973094394263,-77.86155498289655],[161.611656291169652,-77.86552019512294],[161.611900537786141,-77.866707836732374],[161.612355742571282,-77.867545616332038],[161.614039715048165,-77.869092912546947],[161.615226858707132,-77.869655589888168],[161.615060497387844,-77.870104513868881],[161.614398410795559,-77.871391932158019],[161.61249792217626,-77.871806073320244],[161.610940035564141,-77.872052247010188],[161.607010140346802,-77.872420526171112],[161.601983812351648,-77.872760106951262],[161.601212768618723,-77.869223042658845],[161.601641926314699,-77.867477893706592],[161.602538822743469,-77.86674419608633],[161.602563576942089,-77.865623271389808],[161.602098042714033,-77.864659963599749],[161.600464154682186,-77.862098846280503],[161.599092993207222,-77.860697926456226],[161.598107359192511,-77.859870907017111],[161.597436889716278,-77.859213316904416],[161.602302461093984,-77.850872892417797]]],[[[161.610211710533207,-77.837290502324379],[161.613393056141916,-77.838086183117994],[161.616182380152935,-77.838626941833596],[161.620073349575165,-77.839311946390538],[161.624781045951977,-77.840054030093228],[161.62973411760882,-77.840736413699531],[161.652386354938699,-77.842866921851453],[161.657536932852992,-77.843217101309733],[161.662383878648711,-77.84332535636608],[161.665581089720007,-77.843299181121637],[161.669062657653114,-77.843311997729373],[161.670436068091732,-77.843532531508544],[161.67238190420278,-77.84385054339873],[161.6737972468392,-77.844160296760464],[161.672792225715114,-77.844454637344214],[161.670894461879044,-77.844370178269827],[161.665752460126697,-77.844078459803796],[161.64996766974798,-77.84402167442056],[161.646240153644641,-77.844048994541893],[161.642136979772886,-77.843647111487016],[161.640492483604191,-77.843436227285665],[161.630020317713786,-77.842022766276884],[161.611548021218795,-77.83946325084959],[161.60918504678861,-77.83905529244862],[161.610211710533207,-77.837290502324379]]],[[[161.641616125614064,-77.783058135277301],[161.647138171288702,-77.781840760207643],[161.651365492342649,-77.780507101494948],[161.653801977182496,-77.779527254268999],[161.675056592260376,-77.773461874939002],[161.676850614250583,-77.773165796600424],[161.678903571078195,-77.772868697991214],[161.680477764356027,-77.772739386266124],[161.680675688766627,-77.773635495389158],[161.669733544911082,-77.777068206011919],[161.665315432227317,-77.778676239690057],[161.663118382876803,-77.779548238116803],[161.661401345111301,-77.780175801801448],[161.656395154924496,-77.781637087865278],[161.654892615629933,-77.782049529304373],[161.651560882409797,-77.782582923528381],[161.647479477899054,-77.783351399236182],[161.640511308755038,-77.784974285038189],[161.641616125614064,-77.783058135277301]]]]}},
{"type":"Feature","properties":{"SURFACE":"moraine","FEATURE_TY":"Moraine"},"geometry":{"type":"MultiPolygon","coordinates":[[[[167.619352847913746,-78.15697992471793],[167.61735805340831,-78.157906620516485],[167.615510790298174,-78.15949283300013],[167.612506919412198,-78.162108839322912],[167.611823981604346,-78.162730937545206],[167.611019947473807,-78.164084404525198],[167.611675242879016,-78.164589607071861],[167.612645817549918,-78.165248914791491],[167.612486601232035,-78.167041828198094],[167.611829748567004,-78.16784233144449],[167.610489597274068,-78.167959165938868],[167.608259702290013,-78.167821379755978],[167.602827087587968,-78.165515188781669],[167.601276720432082,-78.164615147098189],[167.602072380300143,-78.163270604196953],[167.605525441470036,-78.160208494497837],[167.610487080166195,-78.157802062964251],[167.613349820827722,-78.157101060386992],[167.61600389818139,-78.156679763141938],[167.619352847913746,-78.15697992471793]]]]}},
{"type":"Feature","properties":{"SURFACE":"moraine","FEATURE_TY":"Moraine"},"geometry":{"type":"MultiPolygon","coordinates":[[[[167.251903274174992,-78.104246515455472],[167.2549234681982,-78.104387386380566],[167.257921182008175,-78.104359075576383],[167.260338594858553,-78.104182279459465],[167.26249147916198,-78.104049167652292],[167.267622409238015,-78.10378399394871],[167.270184436671798,-78.104323572196492],[167.271332243634788,-78.104647843264217],[167.272253976744736,-78.10520437280573],[167.271813112108049,-78.105772151954866],[167.269662514951762,-78.105952144329763],[167.266336979090255,-78.105647819519348],[167.263280542900532,-78.105327972038225],[167.260598841589513,-78.105576532282939],[167.256380542741482,-78.106341777207774],[167.252089813842673,-78.106767402608739],[167.247802079286629,-78.107137081218823],[167.244267353586139,-78.107224310686618],[167.240994450386211,-78.107192967394155],[167.238532290700135,-78.107162080137556],[167.236560969335045,-78.106836545433225],[167.235124031981115,-78.106395855773172],[167.234209677129826,-78.105904846808997],[167.234698476944686,-78.105554092953824],[167.23717006911275,-78.10565084741809],[167.239973784907107,-78.106080625226781],[167.243494733711742,-78.105992822009071],[167.24671713508215,-78.105685583928349],[167.248848438970583,-78.105448820441552],[167.250705226368524,-78.105152543570554],[167.252004069981695,-78.104802216454459],[167.251903274174992,-78.104246515455472]]]]}},
{"type":"Feature","properties":{"SURFACE":"moraine","FEATURE_TY":"Moraine"},"geometry":{"type":"MultiPolygon","coordinates":[[[[162.183824910620359,-77.813397980925899],[162.187148530348793,-77.813690440378025],[162.18884046990064,-77.813432292578057],[162.190255829329061,-77.813174501722173],[162.191451876216604,-77.812796646319683],[162.192950072904864,-77.812314977833495],[162.194130987244677,-77.8119934687533],[162.196113177150181,-77.811630683823836],[162.198086716977912,-77.811324677313991],[162.211719313286352,-77.809667254775576],[162.218872672148393,-77.808354499841627],[162.221406691860068,-77.807942962794328],[162.224984406960601,-77.807602101893991],[162.226639945853407,-77.807456091552979],[162.237794366365193,-77.807465539515363],[162.247225247431345,-77.807157216483901],[162.25101491807203,-77.806199522827868],[162.249887525465908,-77.805970332632157],[162.250691469028538,-77.804887189315266],[162.252510529018878,-77.804235950391643],[162.26708636369267,-77.803720664985704],[162.27487231225507,-77.803548967473972],[162.291416325367038,-77.80350946550071],[162.294372464221055,-77.803441337058374],[162.297328569801408,-77.803373176392725],[162.298625156591299,-77.803460634084672],[162.299404640150925,-77.80352276474062],[162.302162784635044,-77.803909453166654],[162.307360572599549,-77.804326784813199],[162.31574743992104,-77.804777314915924],[162.318402537378063,-77.804822405465899],[162.329881390964999,-77.804764085825852],[162.337323049880126,-77.804022837924833],[162.343742123821414,-77.804110736957156],[162.34627203775986,-77.804538845106734],[162.34935709662625,-77.804870492006359],[162.359692210355036,-77.805077932314532],[162.365300039531348,-77.805043894027321],[162.38654326537295,-77.804502144211341],[162.397378180211206,-77.803977562162203],[162.402828927973388,-77.803607529184177],[162.412068156320316,-77.803061459843647],[162.417203689633425,-77.802803780433152],[162.437331908569377,-77.802403429360638],[162.442133907338672,-77.802371289149278],[162.446099792834502,-77.802474137894208],[162.455276493618044,-77.802944246949508],[162.468222821134106,-77.804190795257256],[162.47644899915673,-77.805150319428037],[162.479814091724705,-77.80547982253259],[162.483277717870976,-77.805472164025261],[162.487406959572269,-77.805079251998805],[162.490667102450089,-77.804895654195818],[162.493018267858332,-77.805042829257829],[162.494727946652091,-77.805519524699406],[162.496678006790347,-77.806107677267974],[162.498860715660896,-77.80681630690647],[162.500762889500095,-77.807573037647714],[162.503112384669066,-77.808569533127724],[162.508049973612572,-77.810711908379687],[162.508177306321784,-77.811159472696559],[162.507134597671183,-77.81193961806126],[162.505929860877927,-77.812374890645941],[162.499149590569743,-77.814472257978281],[162.496578574179949,-77.814997939665872],[162.493812059929581,-77.815300576450042],[162.491938983102131,-77.815328575987493],[162.490435407951566,-77.815027957158421],[162.489516745127617,-77.8145562669024],[162.48971824609589,-77.813891892459253],[162.491345450940145,-77.812959735464105],[162.49292153242439,-77.812186467425022],[162.49342242723057,-77.811417952098154],[162.492850065205459,-77.81072113380884],[162.491474800081903,-77.809980359945357],[162.488573854693698,-77.809032880502741],[162.485132164101145,-77.808087478217885],[162.480806926727524,-77.807407666680319],[162.475157201280581,-77.80671577120809],[162.448035152389508,-77.804809212710509],[162.440107344945091,-77.804584780214242],[162.435328109252538,-77.804513425774104],[162.424716130892733,-77.804366789092626],[162.418804849169788,-77.804505856023511],[162.413880769537542,-77.804892377956932],[162.400852036579408,-77.805604882789112],[162.381045753685441,-77.806674106036837],[162.371848814080835,-77.807098056405664],[162.351693848875357,-77.807549741460079],[162.34852798990056,-77.807442028585115],[162.34511803843094,-77.807279646621708],[162.342818739513319,-77.806962611405197],[162.339686563254787,-77.806751948408518],[162.337310857338053,-77.806668569810256],[162.329903029081947,-77.806494950121504],[162.325860203927704,-77.80661456211088],[162.32154248625136,-77.806772939755007],[162.316454101628125,-77.806860235849427],[162.312789208431013,-77.806642011705819],[162.308116739891858,-77.806241154991113],[162.303694926418757,-77.80589531997515],[162.299483211390651,-77.805716465708329],[162.289019778010868,-77.805908985830754],[162.283880212228325,-77.806164237833826],[162.267050448573571,-77.80704444997825],[162.2470608854685,-77.807815242130516],[162.237789455539172,-77.808411616155766],[162.22764856040709,-77.809216554669774],[162.222708406135581,-77.809646861529288],[162.218288033603443,-77.810093191409521],[162.208852811559979,-77.811184445678549],[162.201253801928033,-77.812371300011193],[162.197580378989471,-77.812982797540059],[162.194996256299504,-77.813515151314036],[162.188740093164569,-77.814659034671365],[162.184295208959668,-77.815160737077903],[162.179610604187275,-77.815598308610362],[162.176348405987483,-77.815768977588931],[162.174192273627142,-77.815842565179693],[162.178966793372524,-77.814349681786666],[162.181547951333812,-77.813817218719549],[162.183824910620359,-77.813397980925899]]]]}},
{"type":"Feature","properties":{"SURFACE":"moraine","FEATURE_TY":"Moraine"},"geometry":{"type":"MultiPolygon","coordinates":[[[[161.768830304660412,-77.768673356892975],[161.766104486902663,-77.768358465666722],[161.755603430260862,-77.76891906007252],[161.752720048932048,-77.769129786054663],[161.749856700469365,-77.769380230316685],[161.747573943230634,-77.76985335609929],[161.745388513813509,-77.770774224133618],[161.74422256929455,-77.771459603492787],[161.742202023798711,-77.771931881702258],[161.740412893265699,-77.772238196447262],[161.737052113972737,-77.772664702376531],[161.735277735929799,-77.773010377111262],[161.728204929975107,-77.774663190955778],[161.726732183778012,-77.775183334060713],[161.724751596600811,-77.77582134991836],[161.72203165807349,-77.776685676300005],[161.721576133958109,-77.775915596703712],[161.721661192478052,-77.775068287763347],[161.722562055243174,-77.774383516576705],[161.724032853738947,-77.773805732804078],[161.726233454102356,-77.773000984848494],[161.727986089410336,-77.772471681742019],[161.73075314788997,-77.771831185703974],[161.73585450421055,-77.770874603640138],[161.738929540825865,-77.770389822919455],[161.752117107565454,-77.768790511790584],[161.761254432924687,-77.768077303190296],[161.763859274179566,-77.767885403111904],[161.766501746185156,-77.767791956882007],[161.769677566532266,-77.767764472646803],[161.773457812977313,-77.768009156915468],[161.775348491881061,-77.768160266344424],[161.777521499115949,-77.768359809724529],[161.780249568240947,-77.768665138379404],[161.781353798680982,-77.768885921005193],[161.780067314843336,-77.769064530177403],[161.778489823558715,-77.769136579416298],[161.775289310120229,-77.769057042646324],[161.772611801198366,-77.768975627653589],[161.768830304660412,-77.768673356892975]]]]}},
{"type":"Feature","properties":{"SURFACE":"moraine","FEATURE_TY":"Moraine"},"geometry":{"type":"MultiPolygon","coordinates":[[[[164.532086632732074,-77.945984166381095],[164.5296497221712,-77.945579908011709],[164.525775570934798,-77.9444866018856],[164.523509883087769,-77.943410668938157],[164.52205610066585,-77.94233443156638],[164.521680226776027,-77.941263859965105],[164.522334956681249,-77.940479701578226],[164.521960647429552,-77.939352529724673],[164.52174320782035,-77.939018685582127],[164.525276443516759,-77.939720395736501],[164.52644178371051,-77.939951991392661],[164.528319776927162,-77.940070086558421],[164.533748677801952,-77.940262432086925],[164.533838194555301,-77.940265246425952],[164.534198746542813,-77.940277828189551],[164.539085430723588,-77.94003125823815],[164.541559366681184,-77.939838853916726],[164.54181204831886,-77.939825114488684],[164.543370815527709,-77.939739235220131],[164.567726763953857,-77.937445976949363],[164.570845243477265,-77.937484214016862],[164.566449592268015,-77.938745593559617],[164.537227439893513,-77.944435337232775],[164.532086632732074,-77.945984166381095]]]]}},
{"type":"Feature","properties":{"SURFACE":"moraine","FEATURE_TY":"Moraine"},"geometry":{"type":"MultiPolygon","coordinates":[[[[167.536362071120266,-78.074435894430238],[167.534836048403292,-78.073601261456517],[167.534416719362497,-78.072938456106698],[167.534817425190141,-78.072191860394696],[167.538504492202037,-78.069020920428272],[167.539859873149823,-78.065071872525721],[167.541437147761712,-78.063548914656096],[167.541914493230308,-78.061919725714148],[167.541035956155895,-78.060293849651615],[167.540235252030953,-78.057776063570302],[167.539657823642813,-78.053682780921932],[167.539709045204717,-78.052612445006972],[167.540265502157524,-78.051369351152672],[167.541187867627201,-78.050572075761536],[167.542062609397107,-78.049558092279881],[167.543462685521888,-78.047122402280408],[167.543610415630354,-78.046569518578607],[167.543752069071417,-78.045951066167433],[167.544158682998585,-78.045270122758367],[167.54537920807374,-78.044645086371418],[167.547505730650556,-78.044397290460324],[167.549156105676104,-78.044547420132645],[167.550628344057031,-78.045099782547837],[167.551630649743316,-78.045985067963656],[167.55164988656955,-78.047394341725109],[167.550331612966801,-78.048863710386925],[167.550069332941376,-78.05021348955708],[167.551225006547241,-78.051833300945418],[167.550173383981104,-78.053305566577222],[167.547772470552189,-78.054846744081019],[167.546393830084469,-78.056033589811307],[167.547195936273397,-78.06119103915799],[167.548075384698649,-78.062816898221755],[167.549232014676846,-78.064436753737851],[167.549517833164288,-78.065774312159192],[167.548886902555637,-78.06667825008337],[167.54629467487274,-78.069908482228925],[167.5454964475461,-78.072614383003923],[167.544044780431193,-78.073471550889451],[167.541435336477178,-78.073996013346672],[167.538810679663584,-78.07440783105838],[167.536362071120266,-78.074435894430238]]]]}},
{"type":"Feature","properties":{"SURFACE":"moraine","FEATURE_TY":"Moraine"},"geometry":{"type":"MultiPolygon","coordinates":[[[[164.307554881978177,-77.85374701710532],[164.30529012369314,-77.854520993695317],[164.303887572414141,-77.854901461438843],[164.302209064466638,-77.855341266262442],[164.298104390213581,-77.855930739736024],[164.294030504379407,-77.856295007945803],[164.289461768016622,-77.856478611257728],[164.285435736414485,-77.856561861028624],[164.28276475223339,-77.856545587044053],[164.279847876436094,-77.856410678966071],[164.277466029569439,-77.856279054270416],[164.274224693154792,-77.856484292631364],[164.271502436877455,-77.856795931508358],[164.266904284625468,-77.857100414047807],[164.262854171507229,-77.857304895748413],[164.258023073143477,-77.857434628392966],[164.253774624597781,-77.857286675208314],[164.2484523882394,-77.857131684022619],[164.242069428636142,-77.856970364570742],[164.237539912783632,-77.856881132102089],[164.231940516283544,-77.856785019367706],[164.227967530614961,-77.856586771492616],[164.22718743708009,-77.856417414154677],[164.229403524061411,-77.8560287704411],[164.232645730351237,-77.855776775836915],[164.236162438718281,-77.855522136620792],[164.239991231245625,-77.85499272410263],[164.24357136057094,-77.854401211429021],[164.247428543669173,-77.853750441475441],[164.250960310171422,-77.853392501318396],[164.259099241253494,-77.852711946443179],[164.262263380056623,-77.852909105712541],[164.264773971965525,-77.853880957201582],[164.268052492189156,-77.855030715712118],[164.269847716711553,-77.855496573814136],[164.271151555791732,-77.855677899419064],[164.272985172173946,-77.855862233740297],[164.275410149837228,-77.855759991874109],[164.279222863630594,-77.855342675341987],[164.283338678131202,-77.854744645748937],[164.287388916217282,-77.854445357495351],[164.291125310752392,-77.854477389478845],[164.295966576674374,-77.854338305394663],[164.304041453167002,-77.85395536452819],[164.307554881978177,-77.85374701710532]]]]}},
{"type":"Feature","properties":{"SURFACE":"moraine","FEATURE_TY":"Moraine"},"geometry":{"type":"MultiPolygon","coordinates":[[[[163.128658493262634,-77.781059602329179],[163.127265475316989,-77.780313755120403],[163.12642913268968,-77.779403868537258],[163.126375020765664,-77.778620321003785],[163.127461640917801,-77.777500985464755],[163.130058180419439,-77.776697436327282],[163.132697865234377,-77.775763478371942],[163.134626044153464,-77.77448894341704],[163.136282142050106,-77.773215976465224],[163.138994803564259,-77.771963309939025],[163.149819898537174,-77.769157835476776],[163.153509181539107,-77.76824370085761],[163.15851956934867,-77.767347736630967],[163.162651374191341,-77.766775814122198],[163.166737482882723,-77.766372118410303],[163.171369414134972,-77.765917778175947],[163.17570109404744,-77.765577280909326],[163.180017875269527,-77.76534038685736],[163.184275720378992,-77.765280347658774],[163.190393270849569,-77.765244249766965],[163.191449257803583,-77.765254815165335],[163.190743519815726,-77.765970390700929],[163.188489987160381,-77.76645371776759],[163.185759680620606,-77.766763852840512],[163.181678791102911,-77.767158628554455],[163.174769107033342,-77.768208994081803],[163.163111634334626,-77.770153225431216],[163.158934554707002,-77.770893530270016],[163.154985683908649,-77.771800628079873],[163.141384455859935,-77.776092858179581],[163.139812231263335,-77.777028791652626],[163.138704689148625,-77.778203831810288],[163.137713864088312,-77.77998566306988],[163.137573750569913,-77.780547423045093],[163.137513586538233,-77.780771863101904],[163.134862264412391,-77.780734881751613],[163.131108205375057,-77.78086490238114],[163.128658493262634,-77.781059602329179]]]]}},
{"type":"Feature","properties":{"SURFACE":"moraine","FEATURE_TY":"Moraine"},"geometry":{"type":"MultiPolygon","coordinates":[[[[164.427244973174453,-77.853818582165033],[164.420779641440106,-77.854167065271056],[164.417551046810701,-77.854308413958435],[164.413803330185573,-77.854343634904865],[164.410064148287347,-77.8543225917265],[164.403668485804388,-77.854268334679304],[164.399673284959505,-77.854137575731073],[164.388748232588682,-77.85399635814754],[164.385531516229491,-77.854034055065185],[164.382576761324771,-77.854124942018956],[164.378294103688376,-77.854156566054868],[164.37455790741339,-77.854173020336475],[164.371625400137589,-77.854104382339813],[164.364448173139976,-77.85388025945673],[164.362328813854049,-77.85375540988889],[164.356840744091556,-77.852987642111231],[164.363049272043469,-77.852578204121528],[164.365480342285394,-77.852428331183489],[164.385058942123663,-77.852002088454086],[164.388794375071882,-77.851976032192013],[164.392792249651308,-77.852059890270766],[164.396790179805947,-77.852143689641167],[164.400749865888599,-77.852452048933827],[164.404212619007694,-77.852475919366682],[164.40665563326732,-77.852269696082587],[164.410415927344332,-77.85212191962016],[164.414937683331942,-77.852264564178043],[164.418117260606635,-77.852460675346919],[164.423642439539947,-77.85295506552913],[164.425456315512434,-77.853297781295538],[164.427244973174453,-77.853818582165033]]]]}},
{"type":"Feature","properties":{"SURFACE":"moraine","FEATURE_TY":"Moraine"},"geometry":{"type":"MultiPolygon","coordinates":[[[[163.187081349482867,-77.774085520587491],[163.187580021484109,-77.773137918363247],[163.188807790230527,-77.772531797172789],[163.190542296838743,-77.771939093587733],[163.193112492253732,-77.771238210524686],[163.196504902577686,-77.770475823077675],[163.199877194082774,-77.769731152654458],[163.204841268841591,-77.769002705691364],[163.208964185093691,-77.768439117613738],[163.212828417622347,-77.767858952696187],[163.215867185754973,-77.767387631429941],[163.234042382700409,-77.763766528882769],[163.243857225973244,-77.761683735902551],[163.253300295617834,-77.760042897376167],[163.26218623061547,-77.757387251621353],[163.264749215381897,-77.756685706561896],[163.2669816950648,-77.75621022464675],[163.272266320280409,-77.755254471636476],[163.274185685219066,-77.754996633173064],[163.275829774696035,-77.754787774204047],[163.279119068258524,-77.754370108321183],[163.282373535708928,-77.754073760589236],[163.283976289871418,-77.754033320689743],[163.282726888006721,-77.754809139822584],[163.277742283887619,-77.756715654375199],[163.27547160104055,-77.757312337789429],[163.272925417690374,-77.757957993088709],[163.263632574832258,-77.760103124620741],[163.256246042946799,-77.762046549909172],[163.253388751263799,-77.762862438368771],[163.249406682116501,-77.763939285492413],[163.247728021889458,-77.764259969774074],[163.24552980900873,-77.764566505446481],[163.243060478855654,-77.764884246373128],[163.241413991896422,-77.7650833726819],[163.229571202408351,-77.766808586244281],[163.212608712328858,-77.769822688459044],[163.207551397523019,-77.770887627534506],[163.206119665916731,-77.771271522676273],[163.204034601487137,-77.772193687567182],[163.20311303595102,-77.772695789934019],[163.202488614886278,-77.773026714018798],[163.201133375088659,-77.773130225537599],[163.189769966258098,-77.773953282994597],[163.187081349482867,-77.774085520587491]]]]}},
{"type":"Feature","properties":{"SURFACE":"moraine","FEATURE_TY":"Moraine"},"geometry":{"type":"MultiPolygon","coordinates":[[[[162.98987677870997,-77.733162296134225],[162.990758073778977,-77.732838828339297],[162.991644441415104,-77.732515690684053],[162.999223569538287,-77.730923718627309],[163.003931578478159,-77.730135030375052],[163.005594433610383,-77.729871855559722],[163.006729571251583,-77.729602945870582],[163.015208505294197,-77.727402993327686],[163.017236966290994,-77.726754271188341],[163.01984837690523,-77.725886427986197],[163.021650508169898,-77.725118317657774],[163.02317049534804,-77.72439851347022],[163.024689117484314,-77.723640555606792],[163.025924607147402,-77.722978426493526],[163.026584265528044,-77.72247877583375],[163.027563018926458,-77.721980810215769],[163.031050710304527,-77.721797988384083],[163.034804024007656,-77.721622849422161],[163.036656504393619,-77.721638377065204],[163.038710211845682,-77.721838244711961],[163.040832303116758,-77.72186171644266],[163.052405160507448,-77.72013803960759],[163.062353937337605,-77.718518182416531],[163.066732973007475,-77.717955062960002],[163.070779186614516,-77.717665301469495],[163.072635836694957,-77.717633313929568],[163.07310579233868,-77.717863558165845],[163.073236045035259,-77.718376273120512],[163.072916991794045,-77.718593480479186],[163.070377702908019,-77.71918070476471],[163.066771580154523,-77.719812999644475],[163.062409109822369,-77.720320146214036],[163.0583362693026,-77.720722313865934],[163.054480600948523,-77.721290765940523],[163.050016225155531,-77.722143265669331],[163.031515003813809,-77.726025089233019],[163.028615062900229,-77.726950407138219],[163.026862966016353,-77.727598078793733],[163.025074371525591,-77.728310004469307],[163.015596605986673,-77.733081795787257],[163.013915880169577,-77.734409902797054],[163.011637732718185,-77.735004421221802],[163.008838713084202,-77.735536561851788],[163.005852439989752,-77.735837606082356],[163.003721980246354,-77.735870579689035],[162.990201884960044,-77.733906891821817],[162.98987677870997,-77.733162296134225]]]]}},
{"type":"Feature","properties":{"SURFACE":"moraine","FEATURE_TY":"Moraine"},"geometry":{"type":"MultiPolygon","coordinates":[[[[161.958620817373372,-77.657877095943945],[161.960704897284273,-77.657802071314492],[161.962837362104892,-77.657883551961447],[161.96502731780663,-77.658256170342227],[161.966435016802933,-77.65863174297985],[161.967583156108986,-77.659017952302619],[161.968578813016109,-77.659843407472096],[161.969457759947034,-77.660163006068728],[161.970845668547412,-77.660489297367093],[161.973543739365937,-77.66073443654048],[161.976755918973822,-77.660986584861433],[161.979689985260592,-77.661123635720031],[161.983680971972717,-77.66130541770886],[161.986306547511589,-77.66127737869661],[161.988402183183496,-77.661183771839077],[161.990479581976587,-77.661050601567595],[161.992831501154626,-77.661032197128719],[161.996283824670343,-77.661099790572493],[161.998727943579922,-77.661403550520333],[161.999603763015671,-77.661799331447796],[161.998427209193977,-77.662310957838088],[161.996922746188574,-77.662608407551701],[161.993804820260095,-77.662812912003659],[161.987685295830403,-77.662540830351475],[161.965780872446828,-77.661333316519347],[161.964166039039441,-77.661182639413937],[161.963309802992001,-77.66091245896763],[161.958737192254546,-77.658382952671815],[161.958620817373372,-77.657877095943945]]]]}},
{"type":"Feature","properties":{"SURFACE":"moraine","FEATURE_TY":"Moraine"},"geometry":{"type":"MultiPolygon","coordinates":[[[[163.382642570905659,-77.735305242122095],[163.384970532004047,-77.734331931834021],[163.385118313866116,-77.733714343204625],[163.386140695047459,-77.732772246600717],[163.388432873524891,-77.732062667314125],[163.390696806470146,-77.731417788975818],[163.404285086225457,-77.728812030862173],[163.408420984409332,-77.728124240262261],[163.412281105600755,-77.727485435345855],[163.41530335184089,-77.727011990667833],[163.418849670151332,-77.72659070487245],[163.422604126345902,-77.726353517192678],[163.427148828439812,-77.72617579477361],[163.430882160703845,-77.726051137360287],[163.43461608143528,-77.725916973495515],[163.438894999371399,-77.725741255552052],[163.444629583631126,-77.724964272869826],[163.455545790063013,-77.723555565012205],[163.461510278447349,-77.722944811278012],[163.465281368537035,-77.722641737922757],[163.468499775396197,-77.722455651363745],[163.471189909517335,-77.722255175521994],[163.472021542568541,-77.722188985074922],[163.471694240457538,-77.722779560344534],[163.478787607877138,-77.722052236665007],[163.506757410717114,-77.717927172721716],[163.520320387167089,-77.716764144792876],[163.520410002456572,-77.716763853728466],[163.52164923500311,-77.716758807464146],[163.534071067955153,-77.71678107891357],[163.536695167743432,-77.716860693220681],[163.538501789039117,-77.717050233873536],[163.540042874885529,-77.717289504453987],[163.539906636896035,-77.717850428311067],[163.53740069584623,-77.718395245375845],[163.531690195473459,-77.719118189105771],[163.515634225390158,-77.71995883101475],[163.507885441350254,-77.72027776801562],[163.500608752786547,-77.720873087669617],[163.489443113514824,-77.722276901349858],[163.485587407762125,-77.722916724180124],[163.480627033319394,-77.723762177456251],[163.476787696231867,-77.724393472671338],[163.471857438178859,-77.725079328849532],[163.467783813348575,-77.725543844159148],[163.462633974241925,-77.726054311758759],[163.454208012960805,-77.727022478097226],[163.44214116904871,-77.728814446573509],[163.427687201111723,-77.730626058638066],[163.41923192658686,-77.731667641861435],[163.415903313604218,-77.732302264507908],[163.413656185165451,-77.732891357430645],[163.411106795890731,-77.733594283019642],[163.408027804858961,-77.734292165166536],[163.404458463815502,-77.734816504977331],[163.400635001248475,-77.735286725929583],[163.392686906912019,-77.736435954403063],[163.389897509293633,-77.737028606610622],[163.378140342233564,-77.739655579085181],[163.37505792778785,-77.74035309222468],[163.373300695121742,-77.741068146236145],[163.369911430965061,-77.741926686420612],[163.366572871457834,-77.742569922075191],[163.34935420730659,-77.744745293345318],[163.346354342568162,-77.745105859285971],[163.332656137682733,-77.745850799116099],[163.339710650222884,-77.744075682265361],[163.343325709064203,-77.743383716863576],[163.348593629082274,-77.742426167037678],[163.354180487272856,-77.74125129536948],[163.359785217207275,-77.739963504599913],[163.363451140416856,-77.739046640754481],[163.366278881943941,-77.738295075754664],[163.375448799686126,-77.73653040389452],[163.382642570905659,-77.735305242122095]]]]}},
{"type":"Feature","properties":{"SURFACE":"moraine","FEATURE_TY":"Moraine"},"geometry":{"type":"MultiPolygon","coordinates":[[[[162.219755553031149,-77.621200343300671],[162.220297118100149,-77.619526812575089],[162.220765840141468,-77.618125448006893],[162.221195905024615,-77.617619819062497],[162.221801100204999,-77.617355612171394],[162.232917845713672,-77.617909700121032],[162.234986447847092,-77.618004085544499],[162.237055081752061,-77.618098454964439],[162.236396933737609,-77.619314688047083],[162.235766996402845,-77.619644109787146],[162.232778763061077,-77.620728924215314],[162.230134363505613,-77.621588893637139],[162.225747466114683,-77.622931196256189],[162.224029903753916,-77.623357897882926],[162.222335998202169,-77.623719321887634],[162.220413798198251,-77.623979030280793],[162.218811757810897,-77.624060035144979],[162.217828328711647,-77.623829937499949],[162.218097824476502,-77.623036075801835],[162.219358324655502,-77.621593554459707],[162.219755553031149,-77.621200343300671]]]]}},
{"type":"Feature","properties":{"SURFACE":"moraine","FEATURE_TY":"Moraine"},"geometry":{"type":"MultiPolygon","coordinates":[[[[163.023027873496176,-77.580315159776362],[163.026408526394619,-77.580413483505382],[163.027722087593673,-77.580376044772123],[163.029852392002823,-77.580230474807294],[163.032273342895138,-77.579980282957337],[163.035154392791981,-77.579960073079533],[163.037696427294009,-77.580269608979179],[163.039369220799216,-77.580855073755515],[163.043078871412064,-77.582696766004005],[163.039603163238297,-77.583952982306712],[163.036140940440589,-77.584182544132759],[163.032736207876013,-77.584197009511101],[163.028558442999042,-77.584151179043758],[163.025498217551529,-77.583836116299238],[163.023316449303564,-77.583188579344338],[163.022762248200195,-77.581325322500234],[163.023027873496176,-77.580315159776362]]]]}},
{"type":"Feature","properties":{"SURFACE":"moraine","FEATURE_TY":"Moraine"},"geometry":{"type":"MultiPolygon","coordinates":[[[[162.557309515104635,-77.482173438750038],[162.556116706456862,-77.481815599791105],[162.555181748312208,-77.481465782496713],[162.554300650523714,-77.480947957469539],[162.553596930448862,-77.479812750607252],[162.553322497642,-77.479021525826511],[162.553451400423,-77.47767601711989],[162.553997719964542,-77.475882107343352],[162.554501788944748,-77.475048585866972],[162.554481354997932,-77.474255608250971],[162.553946872915958,-77.473456194346085],[162.553344853093478,-77.472833377083091],[162.552429830442833,-77.472427640473882],[162.552048040691204,-77.471972427943058],[162.552137774902207,-77.471682893345033],[162.554615051630776,-77.47121284374748],[162.557046256012796,-77.470863623175347],[162.559067090689695,-77.471058623496006],[162.559373430406396,-77.471785234828616],[162.559555602864862,-77.472026537726407],[162.56049504034894,-77.472367141978239],[162.561908894454831,-77.4728449774815],[162.565785198731959,-77.473795757188171],[162.56868781440042,-77.474508465021842],[162.571566603703531,-77.475286250606487],[162.572728598984639,-77.475746828236979],[162.573871533826605,-77.476272850792583],[162.569888229108301,-77.477451143826016],[162.567720364749931,-77.477761265103567],[162.565336250860042,-77.478790970294611],[162.564517528797268,-77.479793784019506],[162.56460516316173,-77.480362419386552],[162.564845507125455,-77.481313386644572],[162.565457890384351,-77.481841458624757],[162.566599826889075,-77.482367433348898],[162.56828175117775,-77.482834790196733],[162.569014223669171,-77.483008625762892],[162.572100557881527,-77.483113787830561],[162.573116629317354,-77.483182934931534],[162.575158816960368,-77.483321898596515],[162.573353869528489,-77.484143176460876],[162.570456147791958,-77.484270222927023],[162.567895603185178,-77.484124556734088],[162.566137913640176,-77.483928614039328],[162.562446812803984,-77.483257683794406],[162.560229011410428,-77.48283007813454],[162.557309515104635,-77.482173438750038]]]]}},
{"type":"Feature","properties":{"SURFACE":"moraine","FEATURE_TY":"Moraine"},"geometry":{"type":"MultiPolygon","coordinates":[[[[162.838067224243787,-77.454137323008581],[162.836701161408968,-77.454397970736977],[162.835643447164642,-77.45448886449006],[162.8343839022086,-77.454366240402095],[162.833414772741918,-77.454120267176222],[162.833005383127016,-77.453721414778883],[162.833689435195396,-77.453119814584156],[162.83679603873253,-77.452195196687939],[162.841118709492207,-77.451533100091538],[162.844947688878108,-77.450790233026908],[162.847510412840819,-77.449981439325853],[162.850699707850765,-77.448729084223288],[162.854586067035143,-77.447771039858367],[162.859500098263368,-77.446872370466721],[162.863736826274874,-77.446537574375895],[162.866258074224703,-77.445830690317891],[162.867486079970888,-77.44512280395999],[162.86905565823497,-77.444123645402428],[162.869783085771104,-77.443353656515328],[162.869225963222902,-77.442554687057097],[162.869725304588201,-77.441664693528409],[162.872038855369368,-77.440791602848094],[162.874334394503734,-77.439974427698289],[162.876629632641624,-77.439157233776925],[162.878821254842478,-77.438685327748246],[162.883089791699149,-77.438228824757033],[162.886491332941489,-77.438104489100624],[162.888764080622224,-77.438304319139476],[162.890351610026045,-77.439115059200986],[162.891191986690018,-77.439856711768215],[162.890988004353176,-77.440585547277678],[162.889267764143682,-77.441231900936913],[162.886231906861752,-77.441923426183067],[162.883137941171981,-77.442791920309887],[162.881349537663425,-77.444623671606635],[162.881166314870995,-77.445296821504527],[162.880480166020931,-77.445907733029628],[162.874774585371057,-77.446896441539224],[162.871284254135531,-77.447357577538796],[162.86876281187682,-77.44805497981983],[162.868021637935982,-77.448843115035444],[162.868661178300442,-77.449352470473372],[162.869397113932109,-77.449525544207091],[162.870285497775285,-77.450051561496736],[162.869908893030214,-77.450492831703372],[162.86751111076839,-77.450741571372617],[162.864148091336091,-77.450706638091916],[162.859973526976688,-77.450817202194358],[162.856569498840088,-77.450941282015805],[162.854441501257213,-77.45114136537569],[162.853282563054421,-77.451577802200262],[162.852364982641234,-77.452116116417699],[162.84992981382203,-77.452486013512925],[162.847014158576258,-77.452728454129911],[162.84407929769074,-77.45302671249361],[162.839989689365098,-77.453761654002847],[162.838067224243787,-77.454137323008581]]]]}},
{"type":"Feature","properties":{"SURFACE":"moraine","FEATURE_TY":"Moraine"},"geometry":{"type":"MultiPolygon","coordinates":[[[[162.791721150635055,-77.411335580692167],[162.790943051049027,-77.412283037379169],[162.790630649048438,-77.412500038741797],[162.789292998652513,-77.412647811843655],[162.784842975034508,-77.412871100380514],[162.782493694692732,-77.412950515200464],[162.78064058614865,-77.413101530360493],[162.778492773458368,-77.413404063317373],[162.776025539651954,-77.413885017357089],[162.774886662016286,-77.414265238210433],[162.773704522775148,-77.414804455798759],[162.773350662936394,-77.415142482225448],[162.773819327756769,-77.415317024794732],[162.774536334166783,-77.415546445713247],[162.775725324812953,-77.415903000029061],[162.777002241104952,-77.415970222711678],[162.77854510487461,-77.415988732471931],[162.782046911778366,-77.416387176941811],[162.784217425216411,-77.416971869586433],[162.78454694139802,-77.417603669422363],[162.783610831934027,-77.41819763630366],[162.77925311599094,-77.420846435601234],[162.778047564153155,-77.421450800103372],[162.776293648119378,-77.422161007670397],[162.77457125779938,-77.422806673221217],[162.772626477206671,-77.423284921526061],[162.770446215838774,-77.423652009738134],[162.768747220667251,-77.424194476807315],[162.765446137815644,-77.427638720324538],[162.765246233563431,-77.428368198376731],[162.765365713335058,-77.428871589281272],[162.765933730552774,-77.429614830886933],[162.766990266596991,-77.430467258446043],[162.768587028711835,-77.431222792655589],[162.769762941592347,-77.431635563310607],[162.778169833602647,-77.433936446464216],[162.780165136181211,-77.434194862201494],[162.782446589796592,-77.434386833789773],[162.785787005509007,-77.434488267801214],[162.788838833112038,-77.434646395972351],[162.791890047878383,-77.434852063012258],[162.798457553192321,-77.435437460029107],[162.800128329846501,-77.435921435719479],[162.801768689234592,-77.436555722572535],[162.803164073632672,-77.437135398078894],[162.804835139108008,-77.43760981371274],[162.806807967696699,-77.437971197080444],[162.808580924510039,-77.438109591285624],[162.811367647895196,-77.438316198471369],[162.812852719813719,-77.438558983904656],[162.813977561670754,-77.439187011700682],[162.814466658472128,-77.440210318314499],[162.813771918764729,-77.440868288762402],[162.811650564687341,-77.441020784164024],[162.810910320846688,-77.440894790701407],[162.80969634026178,-77.440603588931765],[162.808992104055704,-77.440365729945853],[162.808048172933809,-77.440016501251691],[162.807061564488833,-77.439835815348331],[162.806069354117028,-77.439702364295343],[162.801555862558558,-77.439188977582731],[162.797000550901572,-77.438796483456827],[162.794902266589503,-77.43888371891137],[162.793063503780104,-77.438978899950428],[162.788647124410915,-77.439033720363156],[162.784831291383199,-77.438805114174428],[162.78359878276018,-77.438569637351094],[162.782673069936806,-77.438211965285163],[162.781748139344927,-77.437806715766328],[162.774016128939081,-77.435846962986915],[162.771510107478605,-77.435534996371416],[162.769217946793788,-77.435399361728926],[162.767161262842393,-77.43536532715369],[162.764849760864394,-77.435285496959935],[162.762555579423889,-77.43518776261655],[162.760541131973184,-77.434994586548655],[162.758830716059947,-77.43463140724532],[162.757377334588568,-77.434276045910138],[162.756207399530069,-77.433815981027109],[162.753881078351725,-77.431982232924355],[162.753261288701822,-77.430511441159581],[162.753213818767932,-77.429774726797461],[162.752773663822126,-77.428592324701143],[162.752096406236859,-77.428241710439337],[162.751064351838039,-77.428229099237541],[162.749753602952836,-77.42827385144173],[162.74838478765696,-77.428533775980256],[162.748024006811761,-77.428919013145375],[162.748147394976002,-77.429375091715301],[162.748507290022872,-77.429942422161403],[162.748648943570998,-77.430342576489849],[162.748767772383957,-77.430845976744493],[162.74846742190681,-77.431006673163736],[162.747373391143498,-77.431218506017117],[162.745835715676833,-77.431143129074158],[162.744642460540177,-77.430795708185244],[162.744463170482277,-77.430507316226326],[162.743441356300565,-77.42863770248016],[162.743276717095995,-77.428302665104908],[162.744645538069705,-77.428033235689284],[162.747162848383226,-77.427393731564052],[162.747273067132596,-77.427001079920089],[162.747407285808606,-77.426495736524643],[162.74652583801398,-77.425978860729387],[162.745090814677241,-77.4255674286904],[162.743119242369005,-77.425205422805874],[162.741992114865411,-77.424624260512189],[162.741628048508034,-77.424104246798223],[162.741558117693842,-77.42343265682932],[162.742018507313389,-77.422711215833928],[162.743249961022116,-77.42199432451649],[162.744428241126798,-77.421502472345878],[162.74579138257991,-77.421242234460209],[162.747609741336021,-77.421212841901749],[162.750404065279497,-77.421411399311509],[162.752691880326608,-77.42150898417438],[162.755304532088729,-77.421428470846578],[162.757162922368906,-77.421277884822644],[162.758525773755821,-77.421017581049526],[162.763390195536516,-77.419336561505645],[162.765732204256551,-77.418361365853713],[162.767017523365809,-77.417476679101895],[162.766861813226456,-77.417085149065016],[162.766204169198886,-77.416678738076385],[162.764680539571998,-77.416594784186302],[162.763071239996805,-77.416800312111647],[162.761075420901676,-77.416551053743333],[162.762702686706007,-77.415337069639079],[162.763926537216747,-77.414676858010552],[162.765369258228048,-77.414136226668006],[162.766987588204188,-77.413874171672006],[162.782107410831003,-77.411543403998223],[162.784490036813224,-77.411351973777258],[162.786839003827055,-77.411272541349675],[162.78968152068515,-77.41125499246678],[162.791721150635055,-77.411335580692167]]]]}},
{"type":"Feature","properties":{"SURFACE":"moraine","FEATURE_TY":"Moraine"},"geometry":{"type":"MultiPolygon","coordinates":[[[[162.569614283714742,-77.351814239402643],[162.569261716726885,-77.352142759904027],[162.567030720001043,-77.352733005383428],[162.56508890289615,-77.353209654234249],[162.563436288412134,-77.353582242845306],[162.5614724450148,-77.354162250388782],[162.559885936582447,-77.355159140591581],[162.55902783054691,-77.35633010116112],[162.558113860464942,-77.357668858161531],[162.556448902346574,-77.359833195262567],[162.554527082502545,-77.361951298237315],[162.55293620439403,-77.362995642334539],[162.551032556893546,-77.364209192394597],[162.549811854501172,-77.363963125647672],[162.548120885748233,-77.363608413976351],[162.547029930569067,-77.362961222550922],[162.546028406488489,-77.361995962344636],[162.544789397016046,-77.358372971440261],[162.544417369953266,-77.357021909211184],[162.544562724981319,-77.356516993755363],[162.545025407539612,-77.355843216279524],[162.547332468958757,-77.354133102501891],[162.551084701759095,-77.352732285880307],[162.553026976855676,-77.352255741413074],[162.559624609703064,-77.350821921804922],[162.564232420435701,-77.350042501545218],[162.565792286272938,-77.349959128783325],[162.567262141715446,-77.3502032568651],[162.568147036611322,-77.35071223490074],[162.569614283714742,-77.351814239402643]]]]}},
{"type":"Feature","properties":{"SURFACE":"moraine","FEATURE_TY":"Moraine"},"geometry":{"type":"MultiPolygon","coordinates":[[[[162.8509874645396,-77.374144214278246],[162.849268756901267,-77.373837841248715],[162.848277750931032,-77.373713844570716],[162.846518916751535,-77.373528500576484],[162.844754679722541,-77.373390378346798],[162.841903093309753,-77.373464447056477],[162.837778549198617,-77.373471568748556],[162.832910784120827,-77.373399858991434],[162.826508431272345,-77.373262440014244],[162.820642678862015,-77.373065916127715],[162.816355987554687,-77.372728467622139],[162.812561818124522,-77.372462336853346],[162.808233066864744,-77.372293281601259],[162.803858043983979,-77.372282896567242],[162.789234864687302,-77.372092683774355],[162.774604680859881,-77.371901149796358],[162.765130086196962,-77.371715713438661],[162.765769776771606,-77.371273368239287],[162.782023183397001,-77.369299351058771],[162.785389030493576,-77.369232257885656],[162.788488699598304,-77.369213750185864],[162.792517807935468,-77.369543859033527],[162.796802767745163,-77.3698816955349],[162.801852305084225,-77.370233117786114],[162.806155646047955,-77.370514879376657],[162.809701493323388,-77.370726260837316],[162.823633708075334,-77.371535204759823],[162.82824321090996,-77.371646812893772],[162.832344555221567,-77.371704960762059],[162.836988987720702,-77.371656913308911],[162.840680448570822,-77.371363545546203],[162.84484628626933,-77.371187847529512],[162.849238662077056,-77.37114162246904],[162.853595481678354,-77.371197645114066],[162.856418594598779,-77.371235804478559],[162.859220340383331,-77.371329608400956],[162.861470346611981,-77.371586078222691],[162.862415834394284,-77.371878306873171],[162.862328596458212,-77.372215123025967],[162.861709916596539,-77.372601777518383],[162.85854340298323,-77.372892761515885],[162.855897208901581,-77.373142658400752],[162.853991159121051,-77.373509108273979],[162.852903934887507,-77.373721356806712],[162.8509874645396,-77.374144214278246]]]]}},
{"type":"Feature","properties":{"SURFACE":"moraine","FEATURE_TY":"Moraine"},"geometry":{"type":"MultiPolygon","coordinates":[[[[163.066591040942939,-77.376870762838365],[163.072353663855779,-77.376493526840761],[163.075722333320527,-77.376422868436364],[163.07852312875707,-77.376514078974182],[163.08184092524624,-77.376658652112212],[163.085171630158754,-77.376708954633088],[163.088022490660194,-77.37663223866835],[163.091468935328493,-77.376271807541826],[163.095402996329852,-77.375981773826979],[163.099287443043409,-77.3758690389988],[163.10312308383061,-77.376019213060701],[163.107192728637045,-77.376184860950545],[163.111016472148208,-77.376343623873169],[163.114322511381914,-77.376496490234288],[163.117190902217914,-77.376363596114643],[163.120346591007717,-77.376116643748588],[163.123451820419575,-77.376046933354843],[163.126757933008264,-77.376199642763694],[163.128997806658049,-77.376509758782888],[163.129682801873173,-77.376859361974937],[163.130036378024556,-77.377529204316886],[163.129905678978332,-77.378033860837377],[163.129520563248576,-77.378540666155047],[163.129201551687714,-77.378766675445533],[163.128072222698449,-77.379195633811193],[163.126666349150184,-77.379634778440092],[163.123296431398614,-77.379753578929709],[163.12204689625753,-77.379575660025864],[163.119628171274201,-77.378977957918664],[163.117672152707144,-77.378563018642524],[163.114842887570887,-77.378527426761195],[163.112484753825782,-77.378675176098284],[163.108850589146954,-77.378795261628184],[163.105829067322048,-77.378528148885351],[163.102595545815689,-77.378094799102044],[163.099064708228525,-77.377774752823996],[163.09488367129515,-77.378010436149609],[163.090749551483896,-77.378068530573216],[163.080422550521348,-77.378171256364141],[163.07758890157865,-77.378182500850272],[163.074019751928802,-77.378030685857397],[163.067045615624039,-77.377100708558785],[163.066591040942939,-77.376870762838365]]]]}},
{"type":"Feature","properties":{"SURFACE":"moraine","FEATURE_TY":"Moraine"},"geometry":{"type":"MultiPolygon","coordinates":[[[[163.54136359917797,-77.350303224542799],[163.541581850622464,-77.350445396851399],[163.537456362542855,-77.350133322727217],[163.531655549729777,-77.349624941784342],[163.529175789240867,-77.349255653984315],[163.522386063682376,-77.348569127898742],[163.520352686359928,-77.348484777193676],[163.517432814913434,-77.347726341660362],[163.514772191873249,-77.347022607697951],[163.514114769446081,-77.346505661441014],[163.514233204498083,-77.345944164064946],[163.515871729537281,-77.345519191138379],[163.518040608933688,-77.344976826718451],[163.519749532104157,-77.34421491579333],[163.52178205483375,-77.343160954362446],[163.523610968133909,-77.341837685471404],[163.524376803125506,-77.340663678846582],[163.525173881697725,-77.339425308127375],[163.525956944574943,-77.338148096899076],[163.526491517160707,-77.336911696333274],[163.526759515953842,-77.335686473357853],[163.527151995464124,-77.333890717105618],[163.527052364354319,-77.33321078861664],[163.527069108663227,-77.332748274130395],[163.53039301790821,-77.333685919994025],[163.541067272483531,-77.335501793904342],[163.545697268934703,-77.336881791267288],[163.546052337318571,-77.339424133304533],[163.54172027761058,-77.343542187671773],[163.54169563109113,-77.343565489701163],[163.540158205656184,-77.344816362748389],[163.538898590623205,-77.345873008629397],[163.538395297556519,-77.346997604415165],[163.538783121320364,-77.34824985122853],[163.538719405337446,-77.348572963567776],[163.538927303414994,-77.34870972872335],[163.539148289837357,-77.349417633986903],[163.54136359917797,-77.350303224542799]]]]}},
{"type":"Feature","properties":{"SURFACE":"moraine","FEATURE_TY":"Moraine"},"geometry":{"type":"MultiPolygon","coordinates":[[[[162.145222959210258,-77.23642809693645],[162.146557802609976,-77.236226927327223],[162.145131169069799,-77.235924721463604],[162.143684354732528,-77.235668839720702],[162.141450963325411,-77.235471592363723],[162.138978984437756,-77.235257328373706],[162.131203932490024,-77.234856319974369],[162.114095787564821,-77.234133487151865],[162.106295725180871,-77.233834966309132],[162.102801423841072,-77.233614224156696],[162.099550305382451,-77.233391675599165],[162.097068018521128,-77.233185754356157],[162.093504379999587,-77.2323960275112],[162.087886380784397,-77.231679251066438],[162.080263994750595,-77.230828569296321],[162.077287265803704,-77.23055837428376],[162.075516978716593,-77.2305273556305],[162.071465163141454,-77.230457384096766],[162.066952336124046,-77.230220536152999],[162.063458495284777,-77.2299991776529],[162.059962771659201,-77.22976806950301],[162.05771973220223,-77.229617040634579],[162.061759949347078,-77.227430499994995],[162.064486552628722,-77.226124957609031],[162.065251920268594,-77.225348137282239],[162.064179566677439,-77.224716954121504],[162.062138246650193,-77.22395901964812],[162.060429838161269,-77.223750640359427],[162.05541229484669,-77.223505936397018],[162.052512156340896,-77.22379523178229],[162.050110417046938,-77.224148899780829],[162.047510665516626,-77.224278050656693],[162.045454360384667,-77.224350536232137],[162.043672344121262,-77.224327951767236],[162.041647893814599,-77.224297532905481],[162.040181756654505,-77.224106369498116],[162.040115746504739,-77.223537591912674],[162.041602242804657,-77.222888941415121],[162.043824709468765,-77.222359982487902],[162.047261805150271,-77.221965892202604],[162.051415053914496,-77.221747372421135],[162.055012385471116,-77.221641910208902],[162.06439001515389,-77.221787926220941],[162.067615377877758,-77.222066675484697],[162.069197132163339,-77.222657844883599],[162.073268724550076,-77.22497564223012],[162.074071702622263,-77.227183713684695],[162.073375789318646,-77.227736100480698],[162.073118296861225,-77.228520581517287],[162.073948569886454,-77.229096127404091],[162.07643090240461,-77.229302355930315],[162.079957587214921,-77.22942074701966],[162.084295420525962,-77.229425032458721],[162.086538742535907,-77.229575831207185],[162.089242672377566,-77.229855099402997],[162.091145418051781,-77.230277790686941],[162.093738805584877,-77.230931388170035],[162.099566745359567,-77.231815940742635],[162.10272813668675,-77.232261475582689],[162.106200870516318,-77.232547602119325],[162.118378665785087,-77.233521580067816],[162.120891405794481,-77.23362432465143],[162.128252495215406,-77.233738215539361],[162.131076580529111,-77.233671936407347],[162.134919832090077,-77.233620913567549],[162.137454983365643,-77.233658198342511],[162.140975431101737,-77.233822962744156],[162.143702091090262,-77.234045805547936],[162.146186527745982,-77.234251367568675],[162.149158249195523,-77.234520250086305],[162.151855411603123,-77.23484598357426],[162.154049772183441,-77.235164563775669],[162.15494933119561,-77.235515195691605],[162.155056820313035,-77.235971886212766],[162.154616239418687,-77.236571111051319],[162.153462108199165,-77.236957149426928],[162.151812597924646,-77.237327047943452],[162.150724155122333,-77.237536226807364],[162.149659102166964,-77.237680187293748],[162.148189787097607,-77.237489630830552],[162.146791962448361,-77.237074841935922],[162.14587312364074,-77.236780127710446],[162.145222959210258,-77.23642809693645]]]]}},
{"type":"Feature","properties":{"SURFACE":"moraine","FEATURE_TY":"Moraine"},"geometry":{"type":"MultiPolygon","coordinates":[[[[162.134894871063466,-77.227427440858492],[162.133169533289134,-77.228021082378078],[162.129154211554237,-77.228633010246256],[162.112503499226506,-77.230445833689558],[162.109124351445672,-77.230625152141698],[162.106292685116756,-77.230738393363652],[162.104057076083762,-77.2305405637522],[162.096518865404846,-77.228673788611843],[162.094889757552096,-77.228194227164749],[162.094421223155791,-77.22729104427043],[162.094825649637386,-77.226058395723996],[162.09582835526399,-77.225336807938916],[162.097980030058636,-77.22498403666134],[162.099779369710205,-77.224950130489802],[162.102044099638675,-77.225045026099949],[162.103016100101058,-77.225171799311113],[162.103302173414448,-77.225851645369914],[162.102301075431058,-77.226573350115629],[162.101797970154934,-77.227349742851331],[162.102622131540727,-77.227924671473431],[162.105240893395404,-77.228474832032035],[162.108251933994666,-77.228632468922811],[162.111587424478557,-77.228574315415031],[162.114750610317088,-77.228236253593877],[162.118431332127244,-77.227896868337496],[162.130838441273454,-77.227367577000862],[162.132377967950646,-77.227334012071296],[162.134894871063466,-77.227427440858492]]]]}},
{"type":"Feature","properties":{"SURFACE":"moraine","FEATURE_TY":"Moraine"},"geometry":{"type":"MultiPolygon","coordinates":[[[[163.522736858272765,-77.326493676017364],[163.522315315125098,-77.326747321031874],[163.519131201259967,-77.326047346088757],[163.51696012719276,-77.325403617227551],[163.515377248158927,-77.324485029325729],[163.5143265272728,-77.323411272210606],[163.513475650248665,-77.322616091615643],[163.510739860531856,-77.32224860337115],[163.513484130157792,-77.321430904412651],[163.515317703474921,-77.321227521861033],[163.517158666017735,-77.321024610396506],[163.518779772880038,-77.320646152726042],[163.519957534683272,-77.319935355821102],[163.52093389983807,-77.319031256586271],[163.521878859924897,-77.318210493100977],[163.522821388452058,-77.317427518968614],[163.523995739933213,-77.316763947441572],[163.525365225871553,-77.316331214719327],[163.527216198409633,-77.316072030633407],[163.534454841970501,-77.315802235909317],[163.534563941081188,-77.315803390532238],[163.531840674460199,-77.316773070542624],[163.525905250108679,-77.321143294603885],[163.522736858272765,-77.326493676017364]]]]}},
{"type":"Feature","properties":{"SURFACE":"moraine","FEATURE_TY":"Moraine"},"geometry":{"type":"MultiPolygon","coordinates":[[[[163.484880817030103,-77.249026629690789],[163.483244669764701,-77.248873271321344],[163.481539436955018,-77.248524467250633],[163.479398322510207,-77.247824567247093],[163.477597651515225,-77.246786454674989],[163.473466138733642,-77.244722829384443],[163.471112013375233,-77.243847562138271],[163.468482559241181,-77.243039582887945],[163.462345395918078,-77.241814133541183],[163.451861104324109,-77.236825984485179],[163.460881856403063,-77.235358276486096],[163.460747838027572,-77.235473996729695],[163.460131904803632,-77.235974328915248],[163.458649040668604,-77.236911090515505],[163.458024324686534,-77.237410852640906],[163.458362328443798,-77.238201493728141],[163.459433367393501,-77.239106645772864],[163.461103387147062,-77.23958621994467],[163.463801980437637,-77.240057353763078],[163.466712906569967,-77.240713133774918],[163.469838785582283,-77.241534741536981],[163.472437865834934,-77.24246405319704],[163.474316808127725,-77.243156392785636],[163.47695339963343,-77.24391732315911],[163.479141579812733,-77.2443927044622],[163.48207209861414,-77.244983080868735],[163.484951426851609,-77.245797717779013],[163.485554038824631,-77.246529648542491],[163.486386337363456,-77.247333526548587],[163.48758318833498,-77.247686965630265],[163.489809110098435,-77.247993918274261],[163.491350809590472,-77.247952528652149],[163.493449119806399,-77.247691441394522],[163.495554611040319,-77.24737390002214],[163.497181592072508,-77.246939675792717],[163.497021304313733,-77.246492861971774],[163.496385136767969,-77.245929542684294],[163.496268249394888,-77.245305343948004],[163.497389761994384,-77.244866518670293],[163.50001449932725,-77.2444975883799],[163.502098652343193,-77.244292466342827],[163.504869679897922,-77.244435776007293],[163.50867604646524,-77.244485509697981],[163.511249590996243,-77.244397684410728],[163.514584031895481,-77.244264726477567],[163.517681340239847,-77.244078296399977],[163.522308147873815,-77.24389692472657],[163.523834698900686,-77.243911296400483],[163.524710061538286,-77.24399811586251],[163.525331517271752,-77.244416881901003],[163.524944076569682,-77.244657126274788],[163.524121285834497,-77.24492583869916],[163.522265530815247,-77.245250367116853],[163.519655191710939,-77.245554041801569],[163.516260916698968,-77.245910799929234],[163.511860908531276,-77.246258697322205],[163.507484768342067,-77.246437369142001],[163.503399334598356,-77.246502196156172],[163.501070984025972,-77.24664395387758],[163.499495386812072,-77.246853905890902],[163.498130068202869,-77.24728628515895],[163.497993478051399,-77.247903382669492],[163.496860752374261,-77.248398408265103],[163.495003788834595,-77.248722743751216],[163.492897608583291,-77.24901060940131],[163.491195814856837,-77.249122168909281],[163.491124091729148,-77.24912458988004],[163.484880817030103,-77.249026629690789]]]]}},
{"type":"Feature","properties":{"SURFACE":"moraine","FEATURE_TY":"Moraine"},"geometry":{"type":"MultiPolygon","coordinates":[[[[163.509911315114039,-77.240057502293126],[163.509091325627452,-77.240272997967011],[163.507045619851368,-77.240309912979569],[163.505538428590313,-77.240230285554318],[163.504308244776979,-77.239998043716255],[163.502150380040291,-77.239411054622593],[163.500953904812491,-77.239057688226623],[163.498745165102406,-77.238694964958583],[163.496732555309734,-77.238563215705895],[163.493926298034239,-77.238588160614654],[163.490632139242052,-77.238495752881477],[163.487388287046144,-77.238235852956464],[163.483459697593815,-77.237570573694001],[163.48047932135313,-77.237204509631937],[163.47773162546963,-77.23695800135485],[163.474223986428086,-77.236690087467338],[163.47199735265275,-77.236392292289992],[163.471328982988609,-77.235987973635332],[163.47269217747322,-77.235603057045907],[163.473463827566178,-77.235558798904961],[163.479887779911678,-77.235287503973964],[163.480014212565806,-77.235292234809506],[163.486531330187347,-77.236201941101257],[163.488955869362087,-77.23684929452395],[163.491410096141948,-77.237275645238469],[163.495650995049829,-77.237705127934206],[163.498363026975369,-77.23793840773412],[163.509911315114039,-77.240057502293126]]]]}},
{"type":"Feature","properties":{"SURFACE":"moraine","FEATURE_TY":"Moraine"},"geometry":{"type":"MultiPolygon","coordinates":[[[[163.665487773971364,-74.945103185457697],[163.6633314973989,-74.944372988008482],[163.661603920423943,-74.943694281247076],[163.657297713795828,-74.940828688779121],[163.649554057351281,-74.936049927180591],[163.64934408563343,-74.935599980768146],[163.649992578732849,-74.935375887415645],[163.652151604209848,-74.935483974553961],[163.653881452417977,-74.935710236430182],[163.656797599935601,-74.936338221446107],[163.660768081085649,-74.937574748986904],[163.662709343304186,-74.939203627591681],[163.665708919462503,-74.943082580388833],[163.66592310785947,-74.943645985374374],[163.665923907834781,-74.943976187631236],[163.665487773971364,-74.945103185457697]]]]}},
{"type":"Feature","properties":{"SURFACE":"moraine","FEATURE_TY":"Moraine"},"geometry":{"type":"MultiPolygon","coordinates":[[[[163.737733236511616,-74.880340481638939],[163.73483878750136,-74.88037350406583],[163.734189545950358,-74.8803240720856],[163.732690460325784,-74.879813947598862],[163.731393595724398,-74.879422915818793],[163.729030561980522,-74.878809239142726],[163.72688813545642,-74.878353754984772],[163.723869317269703,-74.877793745011616],[163.720859118106659,-74.877177762531687],[163.717210400580115,-74.876381037391241],[163.712048982005285,-74.875035119256125],[163.70710343434223,-74.873686627042559],[163.702814565784081,-74.872501239515259],[163.689069234804521,-74.868056729277939],[163.685636841631151,-74.866879667390677],[163.683704438394813,-74.866203845280779],[163.679064105416217,-74.864330709950409],[163.679413128420549,-74.863951904427566],[163.689721121867251,-74.864523209239962],[163.695956880876565,-74.865527804989085],[163.699820229195097,-74.866152958990895],[163.705836902252287,-74.866876427530585],[163.712712378584769,-74.867674652374049],[163.723885986746978,-74.868970086456784],[163.729042556534239,-74.86936318673817],[163.734839531537517,-74.869757799317213],[163.740856936931465,-74.870715816226507],[163.746231848659164,-74.871841530416603],[163.748816411624205,-74.87200054623311],[163.750319532395906,-74.870201253844016],[163.746875198428882,-74.86745973657591],[163.740859306141942,-74.865040694533391],[163.736565961714717,-74.861215961829444],[163.735919992208892,-74.858404472188454],[163.732060690938738,-74.856262391336017],[163.729270006869712,-74.853456913123779],[163.72905452279727,-74.850763020522933],[163.729916010784706,-74.848226755022324],[163.730771188480645,-74.84649137336288],[163.731851481715665,-74.844631782225974],[163.733990759079148,-74.8429473162753],[163.735286483498953,-74.842612558590602],[163.737001962009884,-74.843167694308761],[163.737855277267471,-74.844580876264018],[163.741288834918691,-74.846718775378221],[163.74429641220371,-74.848117064911932],[163.746867336112444,-74.848624157394084],[163.750304169484821,-74.849809929976701],[163.751382246152673,-74.851042125354397],[163.7528829371158,-74.853183168821445],[163.75524360497721,-74.854475310230626],[163.758254321874801,-74.856099685441578],[163.759542606081311,-74.858073602666238],[163.765140671582827,-74.862958209710683],[163.769003958793803,-74.864364323862176],[163.772229593112598,-74.86554275228427],[163.771587689271797,-74.86739798447924],[163.772669361599014,-74.869365388182885],[163.774177017353679,-74.871054088678321],[163.776971702960935,-74.872293837839536],[163.779987862489264,-74.872956524048035],[163.783208625612247,-74.87211718167795],[163.78470282501425,-74.869874297484529],[163.784272895298898,-74.868069680831681],[163.783624961762712,-74.866210800962179],[163.786201511567782,-74.865200085187439],[163.789632580584225,-74.865488942601004],[163.79307745638144,-74.86621232877232],[163.795439750847493,-74.866269132701063],[163.797373484918893,-74.865256671389417],[163.795004979905656,-74.863568924424044],[163.798862274947112,-74.862617697421129],[163.804662689662052,-74.862624384728406],[163.809175665119852,-74.862222269193865],[163.820545192846794,-74.860766220510484],[163.823124184206392,-74.859067627883391],[163.828473985091506,-74.85631638192595],[163.831047544037091,-74.855079145831255],[163.831465193312681,-74.853961215509059],[163.831030059633463,-74.85300480300053],[163.831021852596024,-74.851543651392049],[163.83294079390464,-74.84890000068863],[163.833978348892572,-74.843221502507276],[163.833759558834714,-74.842206133304416],[163.833328461218741,-74.841532714735735],[163.83246018531446,-74.840694220564927],[163.831601638232712,-74.839847032665702],[163.830085871661396,-74.83811136966969],[163.830727127867306,-74.83732142161864],[163.84016141070461,-74.837320920173696],[163.848546997826304,-74.840067034322033],[163.852207708748153,-74.841418430161966],[163.854786703567015,-74.842876234682265],[163.85565509748011,-74.844402313169127],[163.856101200232274,-74.846245004131958],[163.85675785870967,-74.8480471021591],[163.862162670861409,-74.852761638208264],[163.864967176941661,-74.854339828105097],[163.868410219949368,-74.855570530023172],[163.871643813333691,-74.856860676728004],[163.873795180793508,-74.858050126992197],[163.875751018958312,-74.860515412397646],[163.87491544377545,-74.862534306922853],[163.873213073761264,-74.86512838674949],[163.873016967620401,-74.867035471870437],[163.873890992597325,-74.868439265214093],[163.875623326030535,-74.869728845210489],[163.878424092730853,-74.871080191156025],[163.882090497434149,-74.872713457110194],[163.884250515950299,-74.872932934503282],[163.886611787071161,-74.873271191149712],[163.888766920318972,-74.873716336152611],[163.888984652662913,-74.873996527980722],[163.889205604917407,-74.874390007535638],[163.889848883530931,-74.874787067998724],[163.89223602606333,-74.876125741499067],[163.893523603104995,-74.876580765886615],[163.895675181153933,-74.876752340776093],[163.896754906982409,-74.876748924085121],[163.898475362600152,-74.876577117712117],[163.901052054927902,-74.876969064589943],[163.902773253698058,-74.877249436397122],[163.903861322322825,-74.877529205589397],[163.905148332732665,-74.877984084787627],[163.908817671305741,-74.879437829587474],[163.909050274092891,-74.880500920509448],[163.909068446100378,-74.882075373150769],[163.908866214928565,-74.883086899476169],[163.908657872819845,-74.883928414622275],[163.908228353480354,-74.884725028160503],[163.904832741604878,-74.888256277901476],[163.903527500733247,-74.887705879481828],[163.901586366310426,-74.886806153102896],[163.900504432898686,-74.886187749868597],[163.89984911149034,-74.885742761058651],[163.898775467076604,-74.885172064905973],[163.897904131848378,-74.884729637388745],[163.894667256871088,-74.883722787698119],[163.891434618272569,-74.883158944325814],[163.888424073643421,-74.88264945708265],[163.867323251166113,-74.879795477156421],[163.864948057575788,-74.879521953872327],[163.861721836504643,-74.879240665950434],[163.85913881066358,-74.879017324646],[163.852251984872908,-74.878628956080107],[163.846920804688835,-74.878601755248269],[163.810377875046584,-74.877798486136783],[163.775901066826236,-74.878022380589485],[163.772898392090696,-74.877800209918462],[163.769461221126107,-74.877793596620137],[163.764731503524132,-74.877905506795827],[163.761503222543439,-74.878244578690911],[163.759728400149385,-74.878493796261367],[163.755102016956357,-74.878715895502722],[163.73903193342457,-74.88021896286628],[163.737733236511616,-74.880340481638939]]]]}},
{"type":"Feature","properties":{"SURFACE":"moraine","FEATURE_TY":"Moraine"},"geometry":{"type":"MultiPolygon","coordinates":[[[[163.878663689819746,-74.824938246111074],[163.881464987529057,-74.82650672641941],[163.884261272755566,-74.827745062449196],[163.8861973251108,-74.828588577744625],[163.888342683721987,-74.829429051105208],[163.888992226214413,-74.829713661014068],[163.88964184908005,-74.830384473609854],[163.888147515311971,-74.831119236907838],[163.885151830432989,-74.83191001529292],[163.883233052188245,-74.832405438484102],[163.878095870976892,-74.833476924336907],[163.872955009258391,-74.833982845429588],[163.868657714450592,-74.833148863495524],[163.864354616294861,-74.831183832812158],[163.863270780203464,-74.829660364927463],[163.86390072862892,-74.828426864610663],[163.867969032413981,-74.82781179475532],[163.871177965924971,-74.827131603494124],[163.873104024360572,-74.82651440103065],[163.875025247022933,-74.825953349080308],[163.878663689819746,-74.824938246111074]]]]}},
{"type":"Feature","properties":{"SURFACE":"moraine","FEATURE_TY":"Moraine"},"geometry":{"type":"MultiPolygon","coordinates":[[[[163.817332092065925,-74.817939396496584],[163.819260100995166,-74.81782214858471],[163.820762457864163,-74.817427543164925],[163.822681350377735,-74.816301379994641],[163.822669948872374,-74.814736395531867],[163.820734374485085,-74.812987419265795],[163.818808443096373,-74.811804481636827],[163.817730452140381,-74.810846193155427],[163.817080934357477,-74.809675501406744],[163.816861909218829,-74.808094698155969],[163.817497444093192,-74.806578921527745],[163.822205104810024,-74.806673242117228],[163.832262194106733,-74.806524058410886],[163.835266857036174,-74.806799545586131],[163.83783858789127,-74.80724935986747],[163.840403398932494,-74.807415965447476],[163.841685129194758,-74.807193011240031],[163.844441922229123,-74.8061776614895],[163.844961090232601,-74.805651827587823],[163.846501875233315,-74.805297802965654],[163.847024466630046,-74.805846229298766],[163.848101731817053,-74.807020875773716],[163.847255783163689,-74.808030636837955],[163.844905920120198,-74.808766041301752],[163.841484200323549,-74.80932581422843],[163.837851993622223,-74.80983187641921],[163.836148414624404,-74.811012052407179],[163.837433941168456,-74.811740963512193],[163.84064907584721,-74.812135917403566],[163.841933363975869,-74.812534936287648],[163.842575852140754,-74.812932316422462],[163.844086592236039,-74.814102215964411],[163.844308885209529,-74.814835114484566],[163.843456667908441,-74.815787926947408],[163.840888052021796,-74.815837871577216],[163.837029052326585,-74.816232611531973],[163.83488936361141,-74.816625988408887],[163.832111386554089,-74.817196993637012],[163.828259686212192,-74.817639289445779],[163.825051378290141,-74.817866605578629],[163.821191557407928,-74.818091471251321],[163.819322310994352,-74.81809071112292],[163.817866364100439,-74.818064822914295],[163.817332092065925,-74.817939396496584]]]]}},
{"type":"Feature","properties":{"SURFACE":"moraine","FEATURE_TY":"Moraine"},"geometry":{"type":"MultiPolygon","coordinates":[[[[163.629382192775267,-74.800253460010964],[163.631307070288557,-74.799694426634147],[163.632818069087961,-74.799009190183682],[163.63410182098454,-74.79834417211373],[163.63517901199765,-74.797606657012068],[163.640764664753021,-74.793462991454604],[163.642060013807878,-74.792053875987307],[163.642709178804722,-74.791264564142224],[163.643005145485034,-74.790919573372946],[163.647195607076327,-74.792175932698086],[163.648043455996458,-74.792458117062182],[163.649111356089179,-74.793077867060944],[163.648677978840368,-74.793751770945974],[163.645887027651952,-74.796054800709911],[163.644595274410307,-74.79689839380552],[163.643520397766139,-74.797570078559332],[163.641587084807895,-74.798581186344293],[163.640086245211705,-74.799257800199015],[163.638585106019804,-74.799651464996373],[163.635155483848365,-74.800094641430888],[163.633230623956791,-74.80032361230802],[163.63152084131886,-74.800427672200627],[163.629382192775267,-74.800253460010964]]]]}},
{"type":"Feature","properties":{"SURFACE":"moraine","FEATURE_TY":"Moraine"},"geometry":{"type":"MultiPolygon","coordinates":[[[[163.982433619141716,-74.707522632960647],[163.981015666597528,-74.707961147286241],[163.979541461113769,-74.708922508208516],[163.979403056906023,-74.709730929175265],[163.967617772315378,-74.708254135533139],[163.961214238573035,-74.706460020460156],[163.958006585156909,-74.705341184256767],[163.957560352482773,-74.704158856699081],[163.959837687964978,-74.699154259276682],[163.961107014543956,-74.698525773659696],[163.96427917860504,-74.697796957939872],[163.970436583330837,-74.697285192859567],[163.976385319853335,-74.697171615626104],[163.980847582548137,-74.696709888592935],[163.98550373969988,-74.695820415415653],[163.988256724779603,-74.695247853727821],[163.991020820710247,-74.694676115511356],[163.994410765463414,-74.694340005307197],[163.996323240009986,-74.694456640456366],[163.997816492571843,-74.694616798618355],[163.9993172352589,-74.695351611392169],[163.995087398805595,-74.696414774159095],[163.994238878928968,-74.696585797491522],[163.991700911493524,-74.697438259565615],[163.990851841570731,-74.697891593570404],[163.98980920853495,-74.698847924474578],[163.987923110520143,-74.700474507579443],[163.98137353866025,-74.703234922683095],[163.980848853685643,-74.70302573753024],[163.979912850483259,-74.702361813433299],[163.979054440330714,-74.701289608377351],[163.978180931915773,-74.700056234877167],[163.97583269158892,-74.699501696479075],[163.972860289341668,-74.699615158265473],[163.971179659188579,-74.700796091071879],[163.972702279912994,-74.70315182506792],[163.97355978223726,-74.704054585162282],[163.974640030080167,-74.70501187209112],[163.975929101406763,-74.705853193071462],[163.977216682209473,-74.70652495444611],[163.978496413129449,-74.707083153170387],[163.982433619141716,-74.707522632960647]]]]}},
{"type":"Feature","properties":{"SURFACE":"moraine","FEATURE_TY":"Moraine"},"geometry":{"type":"MultiPolygon","coordinates":[[[[164.011620004630714,-74.681507941141177],[164.010089737486368,-74.681185010928175],[164.006087607185606,-74.681070061962771],[163.999720597537078,-74.680841683439098],[164.003722952741185,-74.67893342153306],[164.00625714304374,-74.678080854468263],[164.00731143449002,-74.677633738853046],[164.006873166394058,-74.677017064053416],[164.005164941325859,-74.676172391331875],[164.00346031426389,-74.676014958473303],[164.004283464658641,-74.67483512130076],[164.006402182150538,-74.674092280534452],[164.021431189499879,-74.671890228610366],[164.025239328510452,-74.671435204028953],[164.028840415660227,-74.671039733974894],[164.033298791530456,-74.670803189666557],[164.036912031263313,-74.671133040675613],[164.038829801702576,-74.671701530097778],[164.039478342992794,-74.672428041527809],[164.039925921317149,-74.673609803973136],[164.040149269213828,-74.674228878018326],[164.039747793180311,-74.67541229593887],[164.039337490279053,-74.676256322449461],[164.03872771477765,-74.677207589916748],[164.037464913818781,-74.678053027811316],[164.035356954108892,-74.679069792781036],[164.031768149627993,-74.679908691181382],[164.029434312299657,-74.680315552671459],[164.024774912505819,-74.68098870627955],[164.02117133112489,-74.681327654988579],[164.018203706470615,-74.681507670993923],[164.014804836571358,-74.681335045110131],[164.011620004630714,-74.681507941141177]]]]}},
{"type":"Feature","properties":{"SURFACE":"moraine","FEATURE_TY":"Moraine"},"geometry":{"type":"MultiPolygon","coordinates":[[[[163.656876267379033,-74.545597266072335],[163.658124964505106,-74.54553466367679],[163.657912812554656,-74.545876212830066],[163.657274960483107,-74.546834783608134],[163.656845876335609,-74.547508090538074],[163.655996131427827,-74.548968468897996],[163.655572412567068,-74.549755302141378],[163.655364373808283,-74.550313952585711],[163.655141756800475,-74.551663149810139],[163.655139876496207,-74.552002296655047],[163.657245433209454,-74.554871749043357],[163.654714071711481,-74.555211178624944],[163.649224508582421,-74.557458899030692],[163.647109773269761,-74.558415221736738],[163.646476551797633,-74.559308265866534],[163.645844276583858,-74.559814946178989],[163.64478966834838,-74.559921022517443],[163.64394111364075,-74.559816989333626],[163.643524570417753,-74.559643043523479],[163.64331415989821,-74.559089337673669],[163.642902085164081,-74.557680990201987],[163.642495514940862,-74.555207986970316],[163.643349041014659,-74.553408493202085],[163.644840396640149,-74.551658903437414],[163.646527077145009,-74.550207369211947],[163.64927674046848,-74.54779280021566],[163.649920573111473,-74.546947776107814],[163.651398554377266,-74.546215115442422],[163.653502733723428,-74.54588013974768],[163.655610266723414,-74.545658509181692],[163.656661863337945,-74.545599353756629],[163.656876267379033,-74.545597266072335]]]]}},
{"type":"Feature","properties":{"SURFACE":"moraine","FEATURE_TY":"Moraine"},"geometry":{"type":"MultiPolygon","coordinates":[[[[163.91951094695915,-74.570008224278112],[163.919447745427192,-74.568450301093407],[163.917125483376168,-74.567999107268761],[163.915018961688901,-74.567715044142204],[163.913532236787887,-74.567497366307705],[163.907205098400482,-74.566484357384581],[163.904454396518673,-74.565868282020318],[163.898952030006825,-74.564024030011765],[163.898108875825557,-74.563516785966982],[163.896667888912901,-74.562266973816662],[163.896020632900786,-74.561539434613849],[163.895602673315153,-74.560914244142523],[163.895381106091321,-74.559965267634297],[163.897272432982732,-74.559508248450172],[163.899586228660638,-74.559460236181991],[163.902323859651119,-74.559454194359816],[163.903807993135018,-74.559897733512457],[163.904872440148495,-74.560742003515429],[163.909744131817035,-74.563723704873439],[163.912501792622351,-74.564669705143558],[163.915668031133947,-74.565345808906159],[163.919257197138251,-74.565913119590491],[163.928973396287859,-74.56719511038888],[163.939962421683077,-74.568752911071499],[163.949463706392805,-74.570158412360854],[163.956859959982353,-74.571326974411491],[163.9598203285328,-74.571892318948102],[163.962573378558062,-74.572789938225412],[163.965121201150538,-74.573737675995801],[163.966818974294029,-74.574526253463674],[163.968091827777272,-74.575254084189751],[163.967464525270742,-74.575422557426151],[163.964301201172646,-74.575312393360107],[163.960069351374614,-74.574640486695813],[163.956476038445913,-74.573913816014866],[163.953301900446405,-74.573294435977715],[163.950556097281151,-74.572961887309745],[163.948657414138836,-74.572788275997695],[163.944219350964914,-74.572523679512827],[163.941473008619823,-74.572407415055054],[163.938517138902199,-74.572246822004217],[163.936408174490197,-74.571849911965174],[163.934085193280083,-74.571342449169535],[163.932388734082878,-74.570845334762083],[163.926684556234846,-74.570172635140125],[163.924365922257408,-74.570060677020294],[163.921620621092444,-74.570010081541994],[163.91951094695915,-74.570008224278112]]]]}},
{"type":"Feature","properties":{"SURFACE":"moraine","FEATURE_TY":"Moraine"},"geometry":{"type":"MultiPolygon","coordinates":[[[[163.670719451849124,-74.466403542062821],[163.669243484097052,-74.467248752545004],[163.666516988994346,-74.468702477442648],[163.664419052904663,-74.469772122243938],[163.66168215596781,-74.471234471130487],[163.659787600817367,-74.472923164374606],[163.657260962740565,-74.47522186140796],[163.655785706230915,-74.477188535120177],[163.654933590552616,-74.479213587218652],[163.654500469767271,-74.481177323909179],[163.654072684809194,-74.483254576955957],[163.653642939269105,-74.485840561938943],[163.652780399589659,-74.48831721885395],[163.652149566658835,-74.489888572898948],[163.650441938730751,-74.49349579017489],[163.649388806691405,-74.495448707569935],[163.647696510887187,-74.497813277862107],[163.646420803777602,-74.499720517088534],[163.645363244340729,-74.501635472041201],[163.645132520408254,-74.503775525514442],[163.644265926822072,-74.507929660506107],[163.643415953439131,-74.510068324528845],[163.642771979108147,-74.511978128530018],[163.642343116293517,-74.513999064210779],[163.642326007428039,-74.516419860337152],[163.64311550605612,-74.523559719671638],[163.643529363615045,-74.525241487089176],[163.644360730079569,-74.526597815125541],[163.645402612392644,-74.528620931402926],[163.645382635638015,-74.530758801761678],[163.644535111513989,-74.532162716306985],[163.643054924780387,-74.533620778943344],[163.634428725739696,-74.533953615358456],[163.634850566255551,-74.532893317332125],[163.636128222094214,-74.530919848326292],[163.636975944992685,-74.529742136917832],[163.63740703871423,-74.528673166892446],[163.637628760836719,-74.527540670660883],[163.637641951514638,-74.525515301532835],[163.636596461014364,-74.52355775785604],[163.635552605022582,-74.52254283843989],[163.634513338660668,-74.521471714269438],[163.633261903215669,-74.52000692970725],[163.632219828470852,-74.518322914885871],[163.631598691109048,-74.516756732427808],[163.631203935658107,-74.513935905417654],[163.631207673924536,-74.512597826713218],[163.631647361177585,-74.511067761218172],[163.632071190945197,-74.509951164210094],[163.633349508133477,-74.507026071328767],[163.635054427500052,-74.503041241851193],[163.635274150267264,-74.501974645785523],[163.634860479331707,-74.501131644947989],[163.634022830443001,-74.500566369030807],[163.632347017514036,-74.50011434085215],[163.629621544628009,-74.499608127392918],[163.626053797874192,-74.499101671715238],[163.622491915382085,-74.498699277401357],[163.619763663695522,-74.498362333397907],[163.617252659611609,-74.497853914010349],[163.615786205194752,-74.497286198007842],[163.614740859896045,-74.496676172424515],[163.614536644445508,-74.495887215593783],[163.615409748872935,-74.492006585758119],[163.618376911088973,-74.487847756072327],[163.619857751764727,-74.486559882668047],[163.621750999050278,-74.48543640996543],[163.62490696757348,-74.484534774481162],[163.628064780397409,-74.483746364578721],[163.630999215529044,-74.482968647300382],[163.633529401685962,-74.482177986307903],[163.639410773628526,-74.479935509704902],[163.641935492091136,-74.47853184528627],[163.644253432448437,-74.477177909793781],[163.646358839284972,-74.475722473305595],[163.648460809256164,-74.474266782291124],[163.650359155111062,-74.472691451337383],[163.652250437870805,-74.471398281944161],[163.65435841767615,-74.469990225567628],[163.656878912180787,-74.468812471833587],[163.658770946939683,-74.468141303904517],[163.661496258788162,-74.467573270697216],[163.66883732836348,-74.466623260943393],[163.670719451849124,-74.466403542062821]]]]}},
{"type":"Feature","properties":{"SURFACE":"moraine","FEATURE_TY":"Moraine"},"geometry":{"type":"MultiPolygon","coordinates":[[[[163.858686617722128,-74.528396059620846],[163.85931420552987,-74.528228000156986],[163.859739104114965,-74.528053699229858],[163.859520991225025,-74.527330763379808],[163.858254509861013,-74.526592741885281],[163.856778437677917,-74.525810267159798],[163.854671384368743,-74.525073158494607],[163.853190379065694,-74.524403232062156],[163.851924363811492,-74.523561609090905],[163.851710573687967,-74.522490626355307],[163.854018337391238,-74.521821695988024],[163.856745539472826,-74.520799180141907],[163.857993891367528,-74.519963630245712],[163.8586289499668,-74.519231316296782],[163.859038499773419,-74.518726350347151],[163.85798255371563,-74.517882170337657],[163.855664643300173,-74.516931001227903],[163.851035546323573,-74.515462121518311],[163.846610110352202,-74.514234792355097],[163.845348536641097,-74.51366643254903],[163.844500513963283,-74.513167722892462],[163.844502015624187,-74.512941880996721],[163.846392263703677,-74.512655073659971],[163.849116999509022,-74.512771748909074],[163.851648943220141,-74.513042935791304],[163.854800013245523,-74.513390210445849],[163.85774102287732,-74.5132128144284],[163.858994759333399,-74.51219887147758],[163.859612255631703,-74.510740347890717],[163.85981459418943,-74.509955791838053],[163.852863891321107,-74.50635850539382],[163.856843999379805,-74.506355770173144],[163.858524042104449,-74.506410415603568],[163.860838081446559,-74.50657997795912],[163.861887317980035,-74.506915297160674],[163.863159895465941,-74.508548170841991],[163.863592124235112,-74.50973008795718],[163.863183650475349,-74.511411853264264],[163.862350144536123,-74.512994878939523],[163.861110893710958,-74.51534676248599],[163.859869980594993,-74.517707966744794],[163.859246170314378,-74.519344918820352],[163.858842650972974,-74.521366071239001],[163.859066816212277,-74.522880286838102],[163.859920089271696,-74.524565494449433],[163.861607528394984,-74.525806744431733],[163.863293415684439,-74.526821899859812],[163.865410073020087,-74.527823216409743],[163.866461623582609,-74.528168002054585],[163.867518022877135,-74.528560224259081],[163.868150794106242,-74.529343373730683],[163.867316006749121,-74.529853200560453],[163.864799833078678,-74.530186158411425],[163.861214348546014,-74.529965802474521],[163.857849654072083,-74.529009261718571],[163.858686617722128,-74.528396059620846]]]]}},
{"type":"Feature","properties":{"SURFACE":"moraine","FEATURE_TY":"Moraine"},"geometry":{"type":"MultiPolygon","coordinates":[[[[163.796811372254268,-74.518304327078866],[163.79471148771637,-74.518470965279874],[163.792195607994813,-74.518803063369774],[163.790927405579907,-74.519203748081466],[163.789882611633828,-74.519593521692855],[163.788411266348049,-74.520157368922128],[163.786095315701687,-74.519544329214256],[163.784836626477841,-74.518420034865898],[163.784412624558968,-74.517012093235792],[163.78335321971494,-74.515724310919651],[163.781664712517482,-74.514830277135985],[163.780197366362472,-74.514028746997312],[163.780621866751716,-74.513515490812722],[163.78041135848818,-74.5128963814374],[163.77977882590892,-74.512169128389147],[163.777667735932141,-74.50986714172079],[163.777042142126533,-74.509244003852018],[163.776192737481153,-74.508405678933826],[163.775142089533375,-74.506835919261519],[163.774091467974529,-74.505030692586246],[163.773032867321575,-74.503799333897632],[163.772193437666317,-74.502952320886081],[163.77156787279344,-74.501773468080756],[163.771557247610644,-74.501216970234339],[163.771772124368709,-74.499802136181614],[163.776460132470078,-74.500939170159157],[163.779119665023984,-74.502502203880724],[163.779758577667906,-74.503116958876717],[163.781017107941523,-74.504410877895097],[163.782284757021245,-74.505988017727219],[163.785439951082139,-74.509416425481632],[163.787119887691205,-74.511053772862013],[163.788384351870064,-74.511895990253038],[163.790703643466315,-74.513121473093662],[163.79259370022416,-74.514247656170568],[163.79406953420721,-74.515153299867066],[163.796807160435378,-74.517173924722258],[163.797264492354827,-74.517774453529526],[163.79716557612818,-74.51812463395494],[163.796811372254268,-74.518304327078866]]]]}},
{"type":"Feature","properties":{"SURFACE":"moraine","FEATURE_TY":"Moraine"},"geometry":{"type":"MultiPolygon","coordinates":[[[[163.509438558765197,-74.477190699166883],[163.509659915341814,-74.475897438113648],[163.514336257715144,-74.472128303775875],[163.517288108008813,-74.470674324019072],[163.530122040300768,-74.466646468329756],[163.533693534425311,-74.465750725721151],[163.538948714374214,-74.464629984525487],[163.546086158049633,-74.463677014936536],[163.554069257249807,-74.46194227803214],[163.560580545398011,-74.460600076563495],[163.579462531557937,-74.457463987597649],[163.585113805723552,-74.456684979336799],[163.596446133614648,-74.45449749132716],[163.600016982165414,-74.453714248446914],[163.606723808175929,-74.452207616291204],[163.609242572087652,-74.451360148655283],[163.613657316407625,-74.449785720110512],[163.619103050533397,-74.448499908833284],[163.621827375762649,-74.448281183618917],[163.622246124036337,-74.448841950338789],[163.623483734274657,-74.451540578987448],[163.623045531209073,-74.454012892606784],[163.623660810404459,-74.455635227919046],[163.625534667324928,-74.456433129135178],[163.629715604024881,-74.458279709178882],[163.624890370248863,-74.458794983347246],[163.620287104850433,-74.459007229865335],[163.616512028511693,-74.459237533879943],[163.60728792852484,-74.459905285365409],[163.602884838624504,-74.460302644224825],[163.596391741237909,-74.460902634595158],[163.579189542046521,-74.463088911855195],[163.575201035306577,-74.463593990054093],[163.571638654974976,-74.463925291367374],[163.566814039972343,-74.464712993245755],[163.558207945315502,-74.466163266289371],[163.554217923226105,-74.466837656371538],[163.549179243531455,-74.467730745012418],[163.537621881831058,-74.47019157661002],[163.534256174628496,-74.471037746757418],[163.526048556888099,-74.473386318854736],[163.517849168698007,-74.475622281541064],[163.51153451168193,-74.47691360114716],[163.510691759398242,-74.477082563011294],[163.509438558765197,-74.477190699166883]]]]}},
{"type":"Feature","properties":{"SURFACE":"moraine","FEATURE_TY":"Moraine"},"geometry":{"type":"MultiPolygon","coordinates":[[[[163.659026391261733,-74.420239428924305],[163.661948302523427,-74.420300018211421],[163.664668877356661,-74.420184543277045],[163.66717616641111,-74.419910920819973],[163.669472880470323,-74.419460534711646],[163.671565901328449,-74.419012941164866],[163.676366641494866,-74.419240091481683],[163.675318084601486,-74.42025040249311],[163.674690747237008,-74.421482293516007],[163.674684241198094,-74.422781892299938],[163.674884331195983,-74.423852802014693],[163.675298978496699,-74.425534124456888],[163.675284333228461,-74.427341834360561],[163.674868421014054,-74.4289013002562],[163.674434749025153,-74.432164636520397],[163.674425956847131,-74.433520617522035],[163.674416044291036,-74.435536011939888],[163.674202717652037,-74.437620216134277],[163.673556484087101,-74.441724299613014],[163.673127615369964,-74.44318862331707],[163.672282416855779,-74.444818091233486],[163.671023131136764,-74.446000472627063],[163.668710279001004,-74.447853808681202],[163.666410059151616,-74.449133417390584],[163.665351491673448,-74.44942709095757],[163.664727302411791,-74.449538199931766],[163.659508854313714,-74.448119699718234],[163.658043777215141,-74.447448548605294],[163.658671719092411,-74.446555698477368],[163.660564508001983,-74.445649272743324],[163.662448062694608,-74.444591368726009],[163.662662562278655,-74.443684867953834],[163.659549537862034,-74.440198746594717],[163.658085104230423,-74.439357998533637],[163.657460166336335,-74.438291211166316],[163.657896322201651,-74.43609246983408],[163.65770158924434,-74.433957149141079],[163.656450902166881,-74.432888197672071],[163.651231171521317,-74.430583236471435],[163.645408639927609,-74.426920783444316],[163.644362637922882,-74.425858378011185],[163.645003032480503,-74.424787571809006],[163.646265629646763,-74.423436036911269],[163.648566037099584,-74.422100371976555],[163.652120342440412,-74.421372347213705],[163.655464294445352,-74.421145924511436],[163.659026391261733,-74.420239428924305]]]]}},
{"type":"Feature","properties":{"SURFACE":"moraine","FEATURE_TY":"Moraine"},"geometry":{"type":"MultiPolygon","coordinates":[[[[165.143136522100178,-74.458625444640347],[165.140944987618923,-74.457515399992204],[165.139635435683317,-74.456973218904025],[165.141284304691567,-74.456678893858296],[165.142716015872765,-74.456275569074776],[165.144130044895974,-74.455646471742597],[165.145895925061097,-74.454340805554651],[165.149102894123303,-74.452632488754745],[165.151746045818044,-74.451772743407489],[165.156887305898465,-74.450735106590685],[165.161432026709235,-74.450029159818172],[165.169449052004154,-74.44840060433819],[165.172940040804065,-74.447591601914837],[165.176004154617914,-74.446789675256952],[165.178058816506649,-74.446318245730708],[165.185055973363887,-74.444981725192505],[165.186920475948,-74.444805388887715],[165.186965538760035,-74.445248156047768],[165.185996871501573,-74.446095981559694],[165.184187518909511,-74.447015099270004],[165.181359514912913,-74.448105105544613],[165.177291273210386,-74.449415726531313],[165.17320981830602,-74.450631852508565],[165.162157921279942,-74.453513570687832],[165.156615664935231,-74.454719322349149],[165.153139725176203,-74.455641567788334],[165.148441736430868,-74.457019471925079],[165.146204312800677,-74.457767792169449],[165.14378683332103,-74.458493947835549],[165.143136522100178,-74.458625444640347]]]]}}
]
}
