{
"type": "FeatureCollection",
"name": "clipped_ADD Rock outcrop (med)",
"crs": { "type": "name", "properties": { "name": "urn:ogc:def:crs:OGC:1.3:CRS84" } },
"features": [
{"type":"Feature","properties":{"SURFACE":"rock"},"geometry":{"type":"MultiPolygon","coordinates":[[[[163.489906659832741,-78.276491703309773],[163.496924942494047,-78.274454834489362],[163.505653725540469,-78.27367140961816],[163.517422751832441,-78.269979018224817],[163.534015590106691,-78.268093272875845],[163.568787539230669,-78.266498916584197],[163.582025217663642,-78.267031456775868],[163.597816470798193,-78.269023347752182],[163.602089358533533,-78.270751247596635],[163.61807151665181,-78.273382104318799],[163.627443235743556,-78.276745874425629],[163.625843620850929,-78.279390597133059],[163.489906659832741,-78.276491703309773]]],[[[162.959439196562926,-78.264537571200293],[162.955818011647182,-78.263549439868498],[162.939437889056364,-78.263464699255138],[162.937313973534259,-78.264016733402784],[162.786047793342249,-78.260408031192597],[162.788022580182542,-78.2573239524977],[162.797454077727195,-78.255057193371243],[162.7948635069815,-78.252032497695964],[162.783173624920465,-78.247676339608859],[162.77046087732117,-78.246800666472325],[162.759257102283044,-78.247816755879697],[162.737954767359156,-78.247869047573204],[162.729677785279961,-78.248815437298802],[162.710844063375276,-78.249044817495175],[162.694478439491974,-78.247631977200342],[162.653877060568618,-78.248504082016922],[162.6246491846276,-78.250257017145117],[162.591694549493241,-78.249309614245348],[162.581922308614992,-78.249672362497989],[162.572140063829778,-78.252205476358725],[162.581671383709534,-78.253749249020416],[162.601663500464809,-78.253193618025819],[162.619478353691193,-78.253622067218473],[162.627351185530813,-78.256532265294098],[162.458592445516842,-78.25230971078588],[162.464410898336325,-78.251026469671217],[162.466767515856418,-78.248311641244911],[162.461939385052574,-78.245134281044272],[162.464163397368026,-78.238651129659701],[162.429142638768838,-78.225817802963718],[162.440286675046593,-78.224035356448184],[162.468260074164363,-78.226109485949365],[162.480854440660806,-78.222674554831116],[162.496099163004999,-78.221538185231339],[162.502789197425471,-78.216237358444573],[162.494776460154867,-78.209989499953991],[162.517461374671484,-78.207743494187966],[162.534759935867896,-78.208288361710103],[162.559089564187104,-78.213306371719511],[162.571806097948837,-78.220669300260226],[162.585173258387556,-78.22109970104232],[162.594887718989781,-78.223909331823393],[162.608609599546668,-78.224110413676854],[162.624432776810238,-78.222940297829709],[162.63762468074404,-78.223485582624264],[162.645087375025838,-78.225357795595983],[162.633704005917252,-78.228154966752371],[162.615648018780405,-78.22866903895023],[162.599596643710584,-78.227357758938865],[162.573891503434879,-78.22983864753003],[162.552398503837736,-78.22978979550517],[162.535027667957223,-78.231353038490099],[162.520165744504027,-78.233899346792555],[162.5190315848659,-78.235007353228767],[162.53317582709019,-78.236635369715103],[162.545944506936024,-78.235624236264769],[162.556779547182146,-78.235680112933053],[162.567149632692207,-78.236429161406178],[162.573981145501904,-78.237882316190465],[162.569508641301894,-78.240653022607049],[162.548056796068181,-78.242068978971659],[162.540735800901615,-78.244465017691709],[162.546830477564384,-78.246005249388759],[162.596424674844627,-78.242808666900885],[162.614129295943769,-78.237197678075447],[162.631665536647148,-78.238274926278478],[162.659112415432617,-78.238049172440611],[162.670982093350204,-78.235597790958622],[162.677302462732484,-78.232639332228615],[162.69942071239862,-78.231680242809958],[162.712056571667631,-78.226757763978824],[162.718691521778624,-78.225504616819862],[162.730701025621471,-78.22429081219984],[162.751669222691476,-78.22412521898049],[162.779871281539954,-78.222149375583697],[162.790526328607001,-78.224363730974773],[162.804280058483243,-78.224536752069795],[162.816395875218831,-78.225790575814372],[162.838456768535764,-78.229736274956835],[162.846441032688858,-78.232395328023514],[162.846376532068831,-78.238112248357197],[162.838371097891411,-78.241100629691815],[162.828868163215674,-78.242731236229687],[162.825208612546817,-78.245361585086897],[162.833014561592535,-78.24871384364549],[162.829078934206024,-78.251326958146947],[162.831959099692455,-78.252547626344651],[162.853650378277734,-78.251131971871686],[162.868182177016166,-78.248064224821093],[162.868177079681089,-78.245203693320107],[162.887587703599081,-78.240702381072168],[162.885662360012248,-78.23722471990412],[162.878089310380233,-78.2343860161956],[162.883696820957397,-78.23187838193931],[162.892423431187268,-78.231130041379615],[162.911282687320352,-78.237217576988044],[162.925509176616941,-78.237082036243947],[162.941247590143035,-78.235285672391555],[162.956706149139194,-78.234982821845207],[162.986153027181587,-78.23729613926055],[163.005427420567202,-78.239879426477671],[163.044471352055695,-78.241891083373147],[163.071313497402286,-78.242689867116638],[163.096459571725859,-78.241275189562842],[163.119425163954276,-78.241833882890532],[163.143655334040858,-78.241164431308121],[163.193574538444267,-78.245290552973202],[163.208185209289297,-78.244885585664505],[163.220933160240577,-78.245738170545323],[163.232457489103524,-78.247418927288479],[163.245396912048449,-78.248143913605162],[163.272656325183306,-78.246906683265209],[163.294278181741987,-78.246937192713077],[163.310076096690466,-78.244761479128485],[163.331513439411651,-78.239617417344121],[163.334603470771071,-78.236526142270407],[163.326897710773352,-78.230823552116604],[163.273219842693806,-78.223515735706016],[163.216486394372822,-78.220345832681048],[163.200913842730614,-78.218282283090204],[163.19698053954022,-78.216520589858135],[163.181301755848637,-78.213851654240131],[163.168798126427617,-78.206450891286011],[163.161993524942375,-78.205003150569937],[163.14573480432756,-78.202058143536334],[163.131711823593037,-78.202098026634658],[163.11976477652334,-78.200738013651005],[163.106844885926733,-78.197885150324666],[163.10183574626754,-78.194050982401535],[163.095500440000677,-78.192552515643598],[163.064408550395768,-78.191015200702012],[163.058972005686769,-78.189970336874495],[163.052872114521051,-78.188445834994809],[163.050711770938477,-78.186491998997994],[163.051513450656898,-78.182025433135564],[163.043994226068151,-78.179033216973735],[163.044144521710365,-78.176260429186428],[163.055706150526504,-78.174050641729593],[163.062278412512541,-78.168747282182593],[163.061356370598247,-78.165620942385104],[163.020818888812954,-78.161292898470478],[163.006778981215888,-78.158448112547177],[162.997071329858102,-78.157900880327546],[162.986591880347419,-78.159020741694931],[162.98078069820798,-78.156908718057764],[162.963626073760082,-78.155749130250783],[162.954934887785157,-78.152246105294779],[162.942641004196872,-78.151158449651206],[162.926366685245171,-78.152733852454645],[162.884973947418558,-78.151621814852803],[162.897196692145428,-78.159445088557376],[162.904965924353434,-78.160787421286756],[162.914546527130511,-78.164119955057259],[162.914471578359894,-78.165187389055134],[162.905930031949964,-78.166382051893407],[162.893011976396338,-78.165701425107159],[162.879427041465362,-78.163561256867538],[162.859929205128282,-78.159119100086883],[162.851967834856424,-78.155517841180497],[162.841501960074822,-78.153611600766951],[162.832244934702544,-78.154267540186993],[162.823092440596525,-78.15940768936062],[162.817095722035987,-78.16056947927099],[162.804174448876012,-78.159894542137081],[162.801357077048209,-78.158910974952889],[162.803308963461433,-78.154330206238285],[162.800994041409211,-78.152761035703008],[162.774787797556911,-78.151663595505525],[162.769182310732276,-78.152105371108703],[162.761258949208667,-78.155476568757493],[162.759212775552186,-78.158207651550299],[162.765339284814246,-78.160621063701115],[162.763201464154008,-78.167403632399541],[162.779993060380775,-78.169958221981233],[162.794996986910832,-78.175217122164199],[162.807149613667661,-78.176412496473219],[162.823354584874266,-78.174922317729155],[162.837096798848904,-78.175063252115308],[162.85796336430235,-78.181190554469296],[162.853335383726261,-78.184824767816025],[162.819249297373347,-78.188160823708245],[162.803734537753854,-78.187918376819823],[162.791478211385822,-78.186783745667682],[162.776661494844433,-78.181239226920596],[162.747977947860477,-78.178610900958972],[162.73904081407872,-78.175294611447555],[162.72705627552466,-78.173990803950673],[162.700755101446703,-78.172922255053336],[162.687242476817147,-78.166859797325245],[162.671054567782448,-78.164912871526241],[162.652735722029007,-78.164779804886535],[162.640280845653763,-78.168230989729679],[162.62044708112802,-78.169372336538359],[162.617364963774946,-78.172186170579309],[162.629256184998297,-78.174020541897107],[162.667350600046205,-78.176521181962826],[162.67939157945338,-78.17520600606683],[162.697226481418824,-78.175244539254308],[162.700864081336505,-78.177382703101642],[162.695389175602941,-78.183442926269322],[162.697526106891928,-78.184236482324067],[162.710340791141192,-78.185000104740823],[162.725794007396217,-78.18402659102442],[162.737329953733251,-78.18563278927526],[162.737827530589016,-78.191186802791506],[162.727052470078377,-78.192402077988703],[162.6633426530789,-78.188324255232303],[162.648175533898154,-78.189099763392562],[162.640312804449565,-78.187827078407651],[162.639132305529671,-78.185120702988073],[162.654392088915927,-78.183001427206506],[162.65336204612592,-78.181412049513639],[162.647363260100491,-78.18046855217662],[162.628300469918031,-78.180206646208362],[162.621416740808939,-78.180889317370315],[162.621709193999777,-78.183771786670917],[162.61458053751366,-78.18904239095518],[162.622631742915161,-78.196661681191699],[162.678582105209358,-78.19985234498553],[162.697552201259043,-78.198927950830253],[162.7198969567782,-78.199320427199126],[162.727616024471104,-78.198170554060525],[162.748203019227788,-78.197874244119902],[162.756500870346684,-78.196951367840086],[162.778734078761318,-78.197295221579381],[162.787280271432593,-78.196467237856552],[162.804785852448475,-78.196467622376787],[162.821111616081254,-78.197165862763512],[162.847934062992039,-78.195142557171835],[162.876285129409979,-78.195403821265415],[162.888526353514578,-78.194315301271999],[162.904285404317875,-78.195369606783785],[162.914359052511685,-78.19796555683206],[162.955839936682509,-78.19554633943477],[162.987682213204636,-78.195452971478147],[163.014680150239769,-78.19627969636413],[163.052562248587066,-78.201619330173727],[163.071179361819361,-78.206159570965497],[163.079862698905686,-78.212695461077928],[163.078792870351151,-78.215485790025525],[163.068188355915794,-78.220540501801779],[162.989216047237875,-78.224871509360398],[162.958985629520413,-78.224139455104634],[162.929159579155083,-78.222383284072009],[162.905171187948184,-78.222673596285347],[162.889249653270554,-78.221530366837086],[162.881937462675552,-78.219504848267647],[162.852468710803834,-78.220470506786128],[162.839429884102515,-78.219829779216127],[162.823700353405144,-78.215490256043608],[162.805705144946103,-78.214350871310558],[162.798107164020962,-78.211693552568121],[162.785419102480745,-78.209258357545025],[162.758613992040893,-78.208471490420976],[162.74756099728981,-78.210077460330965],[162.726984124891857,-78.210856350113744],[162.674216788924497,-78.209723176872529],[162.661337907062943,-78.207980655159488],[162.609796736920202,-78.205047212237787],[162.556557195242675,-78.20322658649259],[162.534245398611063,-78.199516420876279],[162.520874632767175,-78.199103162517446],[162.507325194254975,-78.197029971402117],[162.500820916549515,-78.193937026608594],[162.486408417526093,-78.192721220776065],[162.479728393286933,-78.191254334125347],[162.449539351260483,-78.190111274202522],[162.444594852797621,-78.186683280159301],[162.478490422087759,-78.18601075539631],[162.490006751357043,-78.184399137209823],[162.49606366947512,-78.181414901031388],[162.502243776349047,-78.180843405453402],[162.510376745764887,-78.181452148217119],[162.514338109490353,-78.185155880288463],[162.525537226387002,-78.186971739372368],[162.559996060344218,-78.185536907774193],[162.574206358848187,-78.180721801139924],[162.584132437368908,-78.1795804713705],[162.597545345404939,-78.176495743396416],[162.587025306768311,-78.173257427370984],[162.582424847742772,-78.169389592258014],[162.557874511850514,-78.16547891746896],[162.583597465465488,-78.161275721886597],[162.577459566779453,-78.158016216250957],[162.577686580393532,-78.155166561162176],[162.583837627239518,-78.153976764255987],[162.590974676828807,-78.153379062934519],[162.602430629291945,-78.155011376966257],[162.619928986770304,-78.15608636057776],[162.648474143684268,-78.154781376693577],[162.66077057206229,-78.151916069931588],[162.660307964704543,-78.149023450968301],[162.671783073822269,-78.146082905522448],[162.698768596198022,-78.150340978577503],[162.704059649741737,-78.152362225457082],[162.725529134741805,-78.150335632141974],[162.72693824248546,-78.147301383359689],[162.691672553941601,-78.142154683468135],[162.683231746707378,-78.136179823132139],[162.688893871231016,-78.133171088021683],[162.727412628067697,-78.130422907631484],[162.73003065085598,-78.127728614167822],[162.724794676140988,-78.125702702845018],[162.7248406895541,-78.121331838695426],[162.700496633282796,-78.117951897981627],[162.674811673405372,-78.116558133466953],[162.671902644590432,-78.115414609323039],[162.672480930207769,-78.111717300347721],[162.653227791520294,-78.108487838193966],[162.654449031353664,-78.105703631871691],[162.696004726044976,-78.102699189360948],[162.703818452833673,-78.099598469649294],[162.697240750279661,-78.099028008584568],[162.688581301372579,-78.099782067940282],[162.658936394166716,-78.09952633395956],[162.654454727020294,-78.097115593081256],[162.662699021763075,-78.094784055342117],[162.645047463364307,-78.090783386999988],[162.652167995928835,-78.087734529072662],[162.649039786909952,-78.085891397875272],[162.639992480730172,-78.084731317235466],[162.625879846823665,-78.084716866069144],[162.615853989732813,-78.082184973026855],[162.589832853700898,-78.081062688444817],[162.573050319599758,-78.082984458971978],[162.558389023534914,-78.083507279708456],[162.548914129192184,-78.080621044562889],[162.521950048782713,-78.077807134860279],[162.506302582285485,-78.07219493603067],[162.476103728137787,-78.0696712415197],[162.450405328626545,-78.065901027427529],[162.433919259361005,-78.065152793918884],[162.424655520051942,-78.062135957377677],[162.422960427654004,-78.059152649313361],[162.430864318708615,-78.056205107545381],[162.458063073114488,-78.05571999463757],[162.453835396300349,-78.052123844617341],[162.429633115665837,-78.049850047597914],[162.415703004436267,-78.050077768367473],[162.412784130520635,-78.053186048200715],[162.394856891729063,-78.054483595469179],[162.388159927422123,-78.051134966036315],[162.396127236797099,-78.043058829589782],[162.411581392077977,-78.038341853606866],[162.420666167641031,-78.029915142500002],[162.425426189087062,-78.027787050324406],[162.437541407357742,-78.026564923352936],[162.443288630245377,-78.028960290716483],[162.437525838243374,-78.031447783698468],[162.435734502529499,-78.034822982671542],[162.452156489168004,-78.037408414470192],[162.453642423149461,-78.039425810182138],[162.463207955180877,-78.042749744771911],[162.4834905751527,-78.044919996925202],[162.500034631269358,-78.051848244221532],[162.497627718372172,-78.053473354398406],[162.487428926020158,-78.054774628656475],[162.487164976510769,-78.064125449981375],[162.494535974233173,-78.0647998988442],[162.518357724973214,-78.06428196681037],[162.522990875683945,-78.064623178916278],[162.528129438089309,-78.066960652381198],[162.536933749230769,-78.0665967337289],[162.533478395170761,-78.063507360269355],[162.534649643521277,-78.060719121414465],[162.561529626672524,-78.057953222887988],[162.588030464221561,-78.052734023341941],[162.575671504494125,-78.048038756998452],[162.557789135920729,-78.045612899704636],[162.553764178904004,-78.041689588856187],[162.541244133837154,-78.040121885597628],[162.530836313082659,-78.03755499953634],[162.534165816782632,-78.034552203235435],[162.550083406333954,-78.034293098626605],[162.561978324836872,-78.035557467642761],[162.575745188504783,-78.035586302451577],[162.595664946987029,-78.033185673738473],[162.581475072893426,-78.029971824106525],[162.573692178952257,-78.026028687082729],[162.577707435995734,-78.023426586989672],[162.591396512694246,-78.021454464107251],[162.590176145351222,-78.020309597990916],[162.576915273170073,-78.016563182666076],[162.560857465470974,-78.018063638298102],[162.547929677961037,-78.017493227232507],[162.536146699769006,-78.013090849866572],[162.538771998839565,-78.011312401324304],[162.560226853374331,-78.009364168079827],[162.570245199369367,-78.01185430231277],[162.582043534155048,-78.012473268162452],[162.59846640548497,-78.015049894841766],[162.600569416411417,-78.017001354537385],[162.608019722564194,-78.018372480320451],[162.616871911029307,-78.021771711033637],[162.628481773772734,-78.03141386102196],[162.622417933413402,-78.034923447570094],[162.611989647031919,-78.03623988979551],[162.593202196097877,-78.041299688161686],[162.587853479032759,-78.044539853229423],[162.604421516144356,-78.04574715717402],[162.633589332350425,-78.044796089845775],[162.649781639729412,-78.04143046161542],[162.687252621847023,-78.045201392591821],[162.698435264584532,-78.042706192514572],[162.701040525651592,-78.040012585297333],[162.717438325810519,-78.034827786700177],[162.703896996029442,-78.032986670617447],[162.687609913701664,-78.032867902882103],[162.642261158541942,-78.037258843551683],[162.638444920853686,-78.035963019241564],[162.639993537307248,-78.033200716944151],[162.651178509572304,-78.030937914186936],[162.683787830808001,-78.02745011640836],[162.663300908929102,-78.023267503677161],[162.656729894492202,-78.019973292351992],[162.663167825846756,-78.010193943040832],[162.674317615699493,-78.003940769563002],[162.675235290886604,-77.998276337340172],[162.688052687941138,-77.995622245405571],[162.705163537180141,-77.995381533602369],[162.728371733670656,-77.993134543725645],[162.73800012004142,-77.988035403255665],[162.756050945141169,-77.983481089600375],[162.761832024471943,-77.978133655524545],[162.757379005250584,-77.975893400296698],[162.758928714859707,-77.972224865435678],[162.78825535476409,-77.967288126484306],[162.795755712238986,-77.968884313973078],[162.79663751048372,-77.971583105335426],[162.792428243359353,-77.974389481554113],[162.802304318897313,-77.976302928860761],[162.835819368675089,-77.975273840292203],[162.843805869770307,-77.974287858403258],[162.87674874198558,-77.974875625115388],[162.888925402887651,-77.973397677649416],[162.935088929486795,-77.97306863723054],[162.943387835494121,-77.972206348843528],[162.95964037873452,-77.971933151950708],[162.966529883144347,-77.974131678856423],[162.960154575075507,-77.976581962324801],[162.937774958585123,-77.978246378089992],[162.917606646471029,-77.97856948661375],[162.911786926306064,-77.980407163473799],[162.903421158895185,-77.981244491427944],[162.898775779496276,-77.983545617720182],[162.887572759704767,-77.983598177746174],[162.874310899481031,-77.982178119497874],[162.844907549326649,-77.984597185661229],[162.833732147637249,-77.982874177693546],[162.813836718354679,-77.983151914391755],[162.779072052570058,-77.990688631472807],[162.744901940201288,-77.993214072876242],[162.72589178755797,-77.998145622040667],[162.719169452298075,-78.001122782835068],[162.731257608982247,-78.004765610360167],[162.724953525312998,-78.007219338569371],[162.693308007366852,-78.010177292449242],[162.685532835078561,-78.013253447393083],[162.691527901021345,-78.015829705305691],[162.690618662389539,-78.020292527747188],[162.701730405339617,-78.023446053815775],[162.716165451102285,-78.024809160673243],[162.725155797620033,-78.028010079791486],[162.767271669783923,-78.027507984500872],[162.778450151379815,-78.029253399152495],[162.783597886853755,-78.029223257723714],[162.801108158083736,-78.026429892556408],[162.816804997746658,-78.025722879677232],[162.824973626984615,-78.025785821922298],[162.839050883117238,-78.028090727625539],[162.840086337286095,-78.031789910467523],[162.834207162932898,-78.032564284377656],[162.812469123124941,-78.032297822358515],[162.790834348533565,-78.034350714157881],[162.782739932817009,-78.039551613976329],[162.768398180967665,-78.041490617336635],[162.758332750982277,-78.046565147560699],[162.763560920133841,-78.04843179158955],[162.777351839017854,-78.047787239209129],[162.783039444246413,-78.045291870127656],[162.812661013450082,-78.040656626911655],[162.831979949214457,-78.039592323700205],[162.846853033648898,-78.03752876220608],[162.877052389452842,-78.037109009353614],[162.883707994650194,-78.040297691119434],[162.872678706381834,-78.043522302986631],[162.85433701749966,-78.044139795043307],[162.837896048070604,-78.045947824413048],[162.837979101158794,-78.048812823276691],[162.827500727519663,-78.051002147930248],[162.838998787296504,-78.054315035797075],[162.834054538972651,-78.057141055769193],[162.81950151126145,-78.059070085325686],[162.809996207517287,-78.061321840201828],[162.789939712123015,-78.062897572060876],[162.780412581178865,-78.065147484079731],[162.780305301875217,-78.070861963971126],[162.770347688063453,-78.071573021548801],[162.744724850507282,-78.068964280863767],[162.732961185546998,-78.068825968031859],[162.723647523796927,-78.070085929269993],[162.722902517810525,-78.073519615561011],[162.737997216640736,-78.074682769684571],[162.752227398686983,-78.076881450433888],[162.758951820304873,-78.079165331371996],[162.760856329967936,-78.084676946878631],[162.785557528801547,-78.089122883145848],[162.803948260760848,-78.08693750857104],[162.815669801208884,-78.084566225223682],[162.830248517260401,-78.080670675505772],[162.835704664443796,-78.077265296885315],[162.829305007821915,-78.06827689535487],[162.834140870935357,-78.065726019088004],[162.880953335049639,-78.054416949382173],[162.893890138532015,-78.051827619022248],[162.902555353471399,-78.051086144487343],[162.928673143651167,-78.04479045720737],[162.945564627302986,-78.043143607039937],[162.955038656457816,-78.043776671549537],[162.960357782312002,-78.046035225156757],[162.974502643732279,-78.045797101733839],[162.990911016288578,-78.044362392405858],[162.99474695335752,-78.041644676641639],[162.993456373084058,-78.038705603032327],[163.001798075828248,-78.036645107098963],[163.023074042273635,-78.036323866321737],[163.032089526673758,-78.031614359487392],[163.069731912346214,-78.029834618023116],[163.084122597844754,-78.02748256346608],[163.09981912757479,-78.027795583423796],[163.100321237564998,-78.031178982734389],[163.081829673279771,-78.034539415941538],[163.076255151514829,-78.03647725702298],[163.067519102968816,-78.037187377791838],[163.06796202355568,-78.038498209116014],[163.08220945579194,-78.038791290177628],[163.109057378843431,-78.03691090741772],[163.129732054837888,-78.03673291127869],[163.149427840804606,-78.034268700019553],[163.150342357575823,-78.026572884571578],[163.156557579341126,-78.022561221194138],[163.174175353419656,-78.021207000440342],[163.189569404710284,-78.021210878452379],[163.194880086741477,-78.022848488649629],[163.180950395430926,-78.027683472980769],[163.182581622257686,-78.030640126138863],[163.187305803111087,-78.032212393458934],[163.207813168088705,-78.030142171409011],[163.215162336764536,-78.026972996992399],[163.225037755002745,-78.025185481805721],[163.239889299424362,-78.025379380425278],[163.24125078208246,-78.028604456693174],[163.237527765034031,-78.031225333574056],[163.228150246568589,-78.033916195750521],[163.179042848189084,-78.039458416933627],[163.130412092401627,-78.041095318186649],[163.122129927351153,-78.041983232762959],[163.100821876312637,-78.041916710222068],[163.093567876021723,-78.04320185245426],[163.072518473875959,-78.04477872540231],[163.061001716298534,-78.046972690871996],[163.040471574586292,-78.04720823975444],[163.025520541085314,-78.0496140073476],[163.004173818307521,-78.049530086195915],[162.985757469791224,-78.050587485159681],[162.955893148405266,-78.049052524240849],[162.939252524640381,-78.048925308369419],[162.928162966072904,-78.051706051721411],[162.920124382911695,-78.054053128566864],[162.921422118016068,-78.056994125989831],[162.907773516008035,-78.061843065427297],[162.918539985755729,-78.061461841570633],[162.952661526893678,-78.063723014598381],[162.958840780464072,-78.067419401165239],[162.956280526582162,-78.070640212801294],[162.950628087874321,-78.071247643543273],[162.925171990121356,-78.069771533676231],[162.913495360087836,-78.068326861036638],[162.883033447326454,-78.0717040102395],[162.886526187800428,-78.073158149225719],[162.890971504097024,-78.074172475800992],[162.92055519357254,-78.072878720285772],[162.967719837091067,-78.078370295374299],[162.975085862649735,-78.07754690568018],[162.978412719253242,-78.074899718902614],[162.98891193568528,-78.073398094400972],[163.000542922622429,-78.072808308912244],[163.016966076680177,-78.073120709204261],[163.028095470254044,-78.075181315786068],[163.013427951280704,-78.077816341112097],[162.991854570006495,-78.078607371575444],[162.976106882109832,-78.083893759094735],[162.955531886901838,-78.084882917681895],[162.959609759445812,-78.087999087774605],[162.950494967102429,-78.0904136456397],[162.931102646460118,-78.091114653941631],[162.923988714297565,-78.092469344446855],[162.905098876709843,-78.092564609167908],[162.898923487435951,-78.087414766391888],[162.890267353055123,-78.08586523746547],[162.873676679278304,-78.085240109047234],[162.860292660962216,-78.087411972608521],[162.87273998214215,-78.093922994813525],[162.866425290372149,-78.094808097434267],[162.845191672284443,-78.095567858188758],[162.831242922104337,-78.097615286217717],[162.812235311494589,-78.098463627206542],[162.809652099803913,-78.104204297521747],[162.782249523987645,-78.108176382460002],[162.785893849934553,-78.111269940239922],[162.79855044545539,-78.113339908030099],[162.802251647826949,-78.114956182710188],[162.815195471572906,-78.115583294591474],[162.833184702955293,-78.114284446295798],[162.854294876879607,-78.10661521043194],[162.885325246506227,-78.105819167094481],[162.900782845579187,-78.104281625902885],[162.904423620497198,-78.101360546892067],[162.918607552551293,-78.102097813806921],[162.928022812409949,-78.105083574138206],[162.970616387546983,-78.104407831728707],[162.985075766084321,-78.106111183837342],[162.973670177341802,-78.114609322777625],[162.966350489154593,-78.117181725495215],[162.937936736873269,-78.11705087809824],[162.929590165133902,-78.114367219036751],[162.916330789237918,-78.112927667720385],[162.900460831261995,-78.115697348258934],[162.899953190371093,-78.118524258475361],[162.910409545542876,-78.122045452510676],[162.900537262849809,-78.124622541827961],[162.874077340866165,-78.122625016381363],[162.865254705381119,-78.119241275175497],[162.85338649442042,-78.121288879125245],[162.846290964317376,-78.124175798196021],[162.815739196550197,-78.124615056946439],[162.800600667635706,-78.127056262311598],[162.778913645435239,-78.127989928905805],[162.792239373321877,-78.134561143552418],[162.811008218787521,-78.138202867975878],[162.821499986852047,-78.141434776274579],[162.825422487548934,-78.145378630691241],[162.847946181324801,-78.140962856601035],[162.861649974747166,-78.140195841724932],[162.878509912365956,-78.140847042435112],[162.885197258286098,-78.140463823550178],[162.892026271801399,-78.13783534600384],[162.902211477393507,-78.137662477966188],[162.910749119394978,-78.138291656884789],[162.917179717418605,-78.140266891596767],[162.92429875762781,-78.144809431970344],[162.930348885397223,-78.144451559209699],[162.944897713918721,-78.141840083222704],[162.949887266958569,-78.138832928659127],[162.925680639252533,-78.13447752931431],[162.932183129946083,-78.132785905763583],[162.940189953510071,-78.131766893327949],[162.961843820495403,-78.131011873473327],[162.97663271217229,-78.125287156086898],[162.988809030588328,-78.124137119296321],[162.988119026201929,-78.121235904059731],[163.002487080190178,-78.118834206102363],[163.034870342706853,-78.119025423863249],[163.052541681102753,-78.113528722514033],[163.088491871623319,-78.110994189550311],[163.090545331988096,-78.110529002057731],[163.084599687716292,-78.108321307991474],[163.083976600419703,-78.104404931557553],[163.099634751431864,-78.102987280457853],[163.112273887082893,-78.099665331488524],[163.121286254674487,-78.099044439945345],[163.134571414116436,-78.095974361254505],[163.15022612385178,-78.095317309035607],[163.163272801709468,-78.097458663428071],[163.156920744937963,-78.106926356714865],[163.165391686563652,-78.11235119370771],[163.152647787862065,-78.115231209771949],[163.119573717516033,-78.118883072874894],[163.100328127776947,-78.119664520341871],[163.092006076100006,-78.122045102077564],[163.060855528447263,-78.124959327121644],[163.048416614616656,-78.128371622316791],[163.023029554690083,-78.130897120671634],[163.016942484788103,-78.137336701627035],[163.005413588754237,-78.14232756820806],[162.986425531877501,-78.14399188282151],[162.975080678057196,-78.146136262857624],[162.988269671727323,-78.14855421887647],[163.001307279908531,-78.149141126444732],[163.016462874846098,-78.148925599533484],[163.024529990880268,-78.146384971154447],[163.038986855720538,-78.145281802288778],[163.066038976098213,-78.13184489113226],[163.081360641109399,-78.128764672907764],[163.097538979841715,-78.126795662057461],[163.104975731583835,-78.126063483737241],[163.116580278352728,-78.127603730454311],[163.11939882738605,-78.129469435792544],[163.112998142318105,-78.132751433642426],[163.095033488090934,-78.133659188363097],[163.093689669369752,-78.136431394096078],[163.097115794028468,-78.139501690670187],[163.092379532372547,-78.14206201371087],[163.06985527610874,-78.146366881256782],[163.0729542306631,-78.147721174033435],[163.08565002411919,-78.14853725834142],[163.091925876927178,-78.147746250517542],[163.101266914422695,-78.144642602014571],[163.157820430349318,-78.140431040242476],[163.176842437637731,-78.13304912336325],[163.218969110788692,-78.124005608233261],[163.23115628501796,-78.125151887381193],[163.239794064094269,-78.134101970781245],[163.20943077416473,-78.137044470862747],[163.202988494140129,-78.138663086922193],[163.194210495913325,-78.139386101526142],[163.184363075849262,-78.142081324340623],[163.189267243001638,-78.144245110009678],[163.221591007528275,-78.141148900225957],[163.2349499113798,-78.141507925217184],[163.243494314565851,-78.145153675346776],[163.257045202848019,-78.145384075693087],[163.267782682603638,-78.144394857315064],[163.28349229695516,-78.13965809004138],[163.27872236194338,-78.137329262447736],[163.281143939662087,-78.133806281940522],[163.294328674916983,-78.12606098178145],[163.300200470487368,-78.125339448930902],[163.316668354530435,-78.126542408865262],[163.313581943877864,-78.132955248478765],[163.300839838521739,-78.137875425929366],[163.306857190676283,-78.139797860348978],[163.3329392634773,-78.140945608387256],[163.347290272132739,-78.140619660117196],[163.361388965368548,-78.142087496212739],[163.376598300330045,-78.139742645781624],[163.377986560473403,-78.1340657071447],[163.38126181119307,-78.133386269819184],[163.402360202293295,-78.133289286696041],[163.415014287885811,-78.132179300468096],[163.422666038559129,-78.133953624718046],[163.42125069868689,-78.136718270035345],[163.409184220871225,-78.13883075543653],[163.40436882216764,-78.141387316126043],[163.411842333147206,-78.14394206874897],[163.445959312489805,-78.139538699897869],[163.461174095185754,-78.141230542558148],[163.465397241594587,-78.142957581863854],[163.486275008281666,-78.147225825039101],[163.501664257946942,-78.148992839003085],[163.508790673256215,-78.147761405062411],[163.50337060509122,-78.145319011075571],[163.504238616946168,-78.141784239927006],[163.509057720687082,-78.139227491346162],[163.524128092049494,-78.134887561707856],[163.543770657148826,-78.127090246281384],[163.566138833245816,-78.122472913616249],[163.580931758264654,-78.11998414898865],[163.614580165934967,-78.120582755815846],[163.623089670122795,-78.119760323039117],[163.645182670730122,-78.120028319804447],[163.653171129086644,-78.119008697051626],[163.673274712348359,-78.11852670532798],[163.690265489366141,-78.116869922260122],[163.710547720939957,-78.112430736783296],[163.712696807492762,-78.111676397541586],[163.709293573310987,-78.110289983226565],[163.692780260458903,-78.109767007767388],[163.68463535647399,-78.110724343369412],[163.662839953022342,-78.110565452780236],[163.614440197560384,-78.11245998207454],[163.597159779763132,-78.111401694027336],[163.587062108183204,-78.108794833908092],[163.573581346155692,-78.108556463747135],[163.544822100247899,-78.110360491670249],[163.513487618491297,-78.110619321294379],[163.49893134246048,-78.112402978473057],[163.472092632703351,-78.111106480523389],[163.453249336143642,-78.112052283611234],[163.442254338254571,-78.115983102864902],[163.425633698727239,-78.117776568543519],[163.408950764678849,-78.117225004885867],[163.404482228647055,-78.117846578416845],[163.403043067023759,-78.119140023118248],[163.409775506919885,-78.121758253510393],[163.401816853036223,-78.124956728960854],[163.384340527548858,-78.126429051841441],[163.368144722094513,-78.126269223526378],[163.358894456063524,-78.124336037465397],[163.35418868990908,-78.121194219928739],[163.364983850958083,-78.11498507156206],[163.39123073639206,-78.110340951371668],[163.412881720503549,-78.108861150278187],[163.424356518653468,-78.105545272137505],[163.428295776694739,-78.102554599290059],[163.459636761824385,-78.102315285475655],[163.487848239914797,-78.098032322309876],[163.492096228878353,-78.095442002136238],[163.49634008236896,-78.094966421767225],[163.507538693280395,-78.096787188446811],[163.5098277887422,-78.099375472310612],[163.515600609979117,-78.100796558415325],[163.523771176606687,-78.100226481812555],[163.528321689878851,-78.097654488778772],[163.535769462483898,-78.096363402557529],[163.549630930899355,-78.096327333030189],[163.577676077937895,-78.098556528558404],[163.586419707704778,-78.095493898030995],[163.588580667641082,-78.089927972454205],[163.602678394621563,-78.087836619730055],[163.617525729516188,-78.087438753751158],[163.642962983710731,-78.088950607940887],[163.657306297242116,-78.090640355150853],[163.687529238757264,-78.096430154619753],[163.699675687855745,-78.097596259734885],[163.713962408585758,-78.09751827817685],[163.714424099919256,-78.094699291515056],[163.710441076115103,-78.093449689248331],[163.674870735491481,-78.086455433840271],[163.648131486766431,-78.082868208521191],[163.643103056167689,-78.0812332598219],[163.629106074908066,-78.079299575425722],[163.58729116432184,-78.077968500720957],[163.562273623452,-78.077829726708899],[163.512224331196762,-78.08180589960395],[163.474240250475759,-78.091658227574541],[163.429808748558827,-78.093205892399851],[163.423340414085914,-78.091227448334962],[163.433691228069875,-78.088377981398807],[163.443070625761379,-78.087895506118869],[163.458289380412282,-78.085583149962488],[163.473012310984842,-78.079032229672222],[163.481595214497304,-78.077698579133269],[163.498198582185381,-78.076470030077246],[163.513122997724111,-78.073929274749403],[163.52204133155692,-78.073397837279288],[163.544655950374306,-78.073905802353309],[163.55508939408648,-78.073207102453651],[163.565325060644,-78.071419390137066],[163.568259401676698,-78.068749509535877],[163.578353719382761,-78.066499654068622],[163.593432538624143,-78.065638109535357],[163.61994483201255,-78.066133502949739],[163.62392967147693,-78.063594218811943],[163.63414701933479,-78.061367354044549],[163.648727375886466,-78.053710169500349],[163.650463565530117,-78.05096810703705],[163.64773761009306,-78.049887698365524],[163.628356562011334,-78.047676756613868],[163.620877314140699,-78.044120785309772],[163.624043786734433,-78.040817868489782],[163.634379789668884,-78.039347026341858],[163.646208003407708,-78.03577653319941],[163.67222473672922,-78.033563185094039],[163.694851728475726,-78.030066477156495],[163.711854447649387,-78.03054379469701],[163.723354622943987,-78.032502498971255],[163.731922281665163,-78.038138546032755],[163.727450174865908,-78.044247326623832],[163.708997847975496,-78.051757026018862],[163.720401111104451,-78.053713591068544],[163.73345896917715,-78.054202748849036],[163.749623219201794,-78.052485617082823],[163.777323315906926,-78.053202625789623],[163.786074702489856,-78.050631601922646],[163.79351621157096,-78.03969798349992],[163.809737307385404,-78.029294226510345],[163.803964370229835,-78.025526269647827],[163.795506056879276,-78.022082064592524],[163.782226430399305,-78.019493829551081],[163.748583553991637,-78.016411337863474],[163.708886160688763,-78.013170849864736],[163.65524326892907,-78.012341056541842],[163.64168682574595,-78.010947557153116],[163.607821430644805,-78.003784262012857],[163.590911409690278,-77.999100264839043],[163.583695242882783,-77.995631924831002],[163.59061605028208,-77.993207928419338],[163.590605399463044,-77.990334257662141],[163.580690060080087,-77.987587741532963],[163.555885843967445,-77.985471283309806],[163.546650284042812,-77.979114732228112],[163.55306644351009,-77.976048380242986],[163.57249869325878,-77.974050511792228],[163.585586823851742,-77.974459224524949],[163.598376525670687,-77.976250358432864],[163.604921658616661,-77.980122496834738],[163.631799682910525,-77.980450187072137],[163.639934424456897,-77.982530386879702],[163.665282033575835,-77.985796439220351],[163.707517837787663,-77.984927097930338],[163.718690756397876,-77.982804513998374],[163.732688005294875,-77.981949112081324],[163.743686146936227,-77.976228449595723],[163.759603538437659,-77.977005374689952],[163.772489531857161,-77.975828570265364],[163.771641429503035,-77.97293175505142],[163.767266931317181,-77.971521038483885],[163.74134709143263,-77.970533427501479],[163.724958720553616,-77.968432434611458],[163.719719464669708,-77.966929938594077],[163.719608998958648,-77.964077125697585],[163.709934173767067,-77.961338673311403],[163.707143405593655,-77.957624942617755],[163.717830760645882,-77.951625140891139],[163.702908843097561,-77.943135346802663],[163.705400753921111,-77.940441386802775],[163.714641969109039,-77.938159737799324],[163.705778886168162,-77.933181922537798],[163.701761765932616,-77.925988141743403],[163.691098875480577,-77.922489273795293],[163.693063394357836,-77.919763321162435],[163.7066976250712,-77.917919100168376],[163.712677555234791,-77.916183734326765],[163.713215660248494,-77.912458856675016],[163.72203098915341,-77.910152412598876],[163.728103058770841,-77.904832462347855],[163.73436777478841,-77.902370088643323],[163.742247199718804,-77.901584508023888],[163.746775386443375,-77.902045077568559],[163.752000727924042,-77.904331201953156],[163.757628811019032,-77.903791730603388],[163.760310966601736,-77.900487947977922],[163.758629391774519,-77.895317268472326],[163.766336111394338,-77.89294301376809],[163.773526199164024,-77.88722522871916],[163.793073951487202,-77.886671437801979],[163.806514538959362,-77.884580284745354],[163.823693316584098,-77.886567967689501],[163.84319494382251,-77.891937547179396],[163.84981221324685,-77.89802739442888],[163.8407672011285,-77.899024339254083],[163.825390077376511,-77.897396228866441],[163.806820729117618,-77.894153900425337],[163.794493961863537,-77.893263955681732],[163.787299453215354,-77.894222653033921],[163.82252532056728,-77.904340922334697],[163.823079800800798,-77.907779490241808],[163.826844577867291,-77.909091496852383],[163.846435626702657,-77.907011776862518],[163.862960546861103,-77.898825523664698],[163.878663290951067,-77.895262585687348],[163.886257138772521,-77.888153740990461],[163.870440691042177,-77.883367307627125],[163.868578522903817,-77.881377507861842],[163.865841201770195,-77.880849865374898],[163.856171274377999,-77.881351100133131],[163.847635795436588,-77.88367591292247],[163.833262888684601,-77.884831387777695],[163.817309715952973,-77.882896425591483],[163.809151873109329,-77.879430389319083],[163.810965842905205,-77.875754502455734],[163.847126029121284,-77.86323842906873],[163.86303965205704,-77.861308048074235],[163.868650929460898,-77.8615191543024],[163.87807881697708,-77.86263155356248],[163.883637741233372,-77.866397866961066],[163.887903950622984,-77.866790873850832],[163.917474833311019,-77.862069161518889],[163.944699709969484,-77.860450971122845],[163.986308000386572,-77.862040242823923],[163.993578638365079,-77.864651690383567],[164.011194832227545,-77.867014823770376],[164.01150115696052,-77.868010008371414],[163.999438706825515,-77.873263457578986],[163.983629201692878,-77.875237356124089],[163.964463549484947,-77.875941065118681],[163.955072686635759,-77.878815313772606],[163.960757433570279,-77.880734871746185],[163.989466298619647,-77.881437449100233],[164.005189172116388,-77.87942557433999],[164.019983771825707,-77.874824948402434],[164.024982918213169,-77.865980499953409],[164.029447137057474,-77.863408038022612],[164.039674286272827,-77.860641416235538],[164.056214909006911,-77.858950246104229],[164.086174143418759,-77.858364293118171],[164.115137257948732,-77.856668373928173],[164.145484390445972,-77.856953836544974],[164.154052247960379,-77.856219921871585],[164.169651837838614,-77.856269821655502],[164.182534338940854,-77.856722276879552],[164.19322900963212,-77.858967028159611],[164.190036230334584,-77.863767305348986],[164.197497641551649,-77.865658086384073],[164.242310421519988,-77.865684680200985],[164.261553897562663,-77.865005860045429],[164.295488189940414,-77.865882909517993],[164.312895330226127,-77.864512803758757],[164.322834818067491,-77.861023772907018],[164.301831853770238,-77.854108395309893],[164.309726862652838,-77.852375303148946],[164.320137040254707,-77.851448002308814],[164.351803534320112,-77.851138874392902],[164.365074854474017,-77.852508444527558],[164.408663545829853,-77.853056409535156],[164.419139102632442,-77.85303460954556],[164.427253946278171,-77.852131982764021],[164.460696246755845,-77.85281452758953],[164.485229136577601,-77.852104199555185],[164.486125051744807,-77.852328994292066],[164.482259650301216,-77.853212200815904],[164.526955457647176,-77.867832257739408],[164.538069680034198,-77.872402802037556],[164.544503670396693,-77.875046284629178],[164.547125330385001,-77.877638150260751],[164.549003641201239,-77.879494825964002],[164.549067645649984,-77.879621346862052],[164.549571561136418,-77.880602339089691],[164.550548788788063,-77.882502313903856],[164.55397389072624,-77.889160061646805],[164.552737745311276,-77.8918113512281],[164.555584455272765,-77.898134337968841],[164.560152804664227,-77.901791418583684],[164.560742904048993,-77.904756339921519],[164.561391211615927,-77.908015106297327],[164.560390951206614,-77.911498493700407],[164.558168648653123,-77.913984280355436],[164.553128042760278,-77.915342280708401],[164.544248613389357,-77.916734291219186],[164.540433726467171,-77.917331789535424],[164.526938012876172,-77.919445768059433],[164.520913289546229,-77.922662190788614],[164.517904348511991,-77.926277895759782],[164.516657607153491,-77.930056044584887],[164.518754907622139,-77.938238612293503],[164.525263321630064,-77.939719636475701],[164.530699165340224,-77.940073078951613],[164.53374244786923,-77.940270339072384],[164.540122839818508,-77.939918799302873],[164.543370815527709,-77.939739235220131],[164.567726763953857,-77.937445976949363],[164.569834753564521,-77.937471965000086],[164.570845243477265,-77.937484214016862],[164.566449592268015,-77.938745593559617],[164.556132723929323,-77.940755110777744],[164.537227439893513,-77.944435337232775],[164.531562777976546,-77.946141672309807],[164.528626719977041,-77.947871101554298],[164.524590976403658,-77.954645279937893],[164.524446743024356,-77.954887340957669],[164.52259559394173,-77.962079768233366],[164.523229659995451,-77.983275730427678],[164.523367356471226,-77.987879673142672],[164.521982085283412,-77.99703333948689],[164.521483689750681,-77.997805498894564],[164.518494275236179,-78.002430323051641],[164.518382677422608,-78.002529027280119],[164.507571101782332,-78.012182450981385],[164.473706035794493,-78.022125517373183],[164.464590927396216,-78.023992386431601],[164.454095735125719,-78.025406046699402],[164.442064600661553,-78.026435286450095],[164.42422117334047,-78.027442364875199],[164.385173071276995,-78.028779974464754],[164.3453924254203,-78.030137379100879],[164.331027299368884,-78.031153429384304],[164.322574754850791,-78.032200981433093],[164.321462838079299,-78.032701457458941],[164.323297591380367,-78.034035635724095],[164.323314631814469,-78.034047269495758],[164.342069419625147,-78.039530516997885],[164.345525095066677,-78.041355794963934],[164.344059839818328,-78.044056271399143],[164.333690269859574,-78.049636631504612],[164.333494732208237,-78.050030840582693],[164.332551349299109,-78.051935311295082],[164.334478943474267,-78.052439822904262],[164.338409835602306,-78.052685801437107],[164.345224465915067,-78.052818849470583],[164.354274539165118,-78.052995060791929],[164.357353265222315,-78.053252796073167],[164.358271365541441,-78.053329670383363],[164.358855864156851,-78.053495970671406],[164.360464471251021,-78.053952174821163],[164.36154959945344,-78.057839692424153],[164.362207469383605,-78.058166281371697],[164.36314951798019,-78.058632284845658],[164.368344451106537,-78.059501827619584],[164.369664218864926,-78.059722478186586],[164.372174067760966,-78.05995763348821],[164.391078961014983,-78.061727440692934],[164.394161653284584,-78.062260248833653],[164.397534584961875,-78.062841692318941],[164.406585460802887,-78.066864420382615],[164.412776518009423,-78.071449701468424],[164.415254720923741,-78.076100735701743],[164.41381152624902,-78.079395715839453],[164.413731518434133,-78.079577862422397],[164.407704273197282,-78.082944412785082],[164.398544589283802,-78.086209650252044],[164.380433223155677,-78.091522632092946],[164.366078761629041,-78.094943097462064],[164.361863638808074,-78.09558050114903],[164.359203538182783,-78.096535895514407],[164.327404130691349,-78.102661379991474],[164.321215391369094,-78.103852425920479],[164.239757349201284,-78.117175465694444],[164.225859693058851,-78.119941590199403],[164.221270441198214,-78.120854251839717],[164.20808313593156,-78.124108618884449],[164.207906579971763,-78.124203653403114],[164.206701176162653,-78.124852922412501],[164.206706189564073,-78.125035443363458],[164.206760360124804,-78.126554413513787],[164.211447578965391,-78.129728634361456],[164.213903688482389,-78.131392023213238],[164.214818867746914,-78.134147847952917],[164.207127627232438,-78.138350996822808],[164.204155859427317,-78.139290507834033],[164.192230120226611,-78.143059293815355],[164.168290171603331,-78.148459960139874],[164.140278970359759,-78.15301871163976],[164.124748650222045,-78.154655047252561],[164.09396757604074,-78.156195801458907],[164.085734809555532,-78.156809273432614],[164.081497447333049,-78.157121287365882],[164.074862728940161,-78.158060166636844],[164.072601081909227,-78.158378856105642],[164.069888142469182,-78.158364393247084],[164.033179555916519,-78.160718710065026],[164.01716513457481,-78.162762756496477],[164.010944908054171,-78.164446356061333],[163.984621410863383,-78.166662403397453],[163.958768997745352,-78.173044248572978],[163.928652947133259,-78.177855987736123],[163.916241761369861,-78.181244803387202],[163.892621740271238,-78.184476896840835],[163.872337108316998,-78.188949637919919],[163.856399022191368,-78.193960361731612],[163.840533482514047,-78.195602234833899],[163.812989745159371,-78.1988968070673],[163.799642698608011,-78.200944004560185],[163.788684432223846,-78.203166097493849],[163.787721062215468,-78.203440883424918],[163.782216327687962,-78.203540469999695],[163.752605474575688,-78.206643049951893],[163.689201248183053,-78.202288767038766],[163.676015632460718,-78.204127671800691],[163.656259829269061,-78.204796234677261],[163.6230945317551,-78.208808915541923],[163.608991897342037,-78.209642216739852],[163.587160949856184,-78.211188660591773],[163.580366924229708,-78.212680333463382],[163.537357551858605,-78.216749646194458],[163.522143312857679,-78.219126375021531],[163.503057087167036,-78.227222611137577],[163.480395631670973,-78.233627669724825],[163.475284094775219,-78.237967896272266],[163.447126587635495,-78.243795414805007],[163.445928746949079,-78.246574339356542],[163.437075222752043,-78.251741233854929],[163.435403367065675,-78.258381829982071],[163.440675471009484,-78.259998467636279],[163.448261196086236,-78.265757711982133],[163.446087133078322,-78.275542961175617],[162.959439196562926,-78.264537571200293]],[[163.283669480609433,-78.193974942453963],[163.288822193995458,-78.191075386479298],[163.283105501503456,-78.187316267997332],[163.249942091821026,-78.182191973996936],[163.207072549014413,-78.17941649070687],[163.202948584774447,-78.179537321083714],[163.190679568800988,-78.182442020016197],[163.198420406143498,-78.185288107374618],[163.211859367833881,-78.185627555070525],[163.222100122045845,-78.188139309181551],[163.248249307366279,-78.189316888776005],[163.26788849023788,-78.193380223425834],[163.283669480609433,-78.193974942453963]],[[163.108003076083605,-78.183023559499375],[163.12579100783006,-78.181273425141086],[163.128291655508747,-78.17857289951597],[163.099112836066951,-78.174632076917831],[163.095832397476187,-78.169850409579865],[163.079695133955738,-78.169834453778364],[163.084859200665448,-78.171810959165555],[163.074044988003294,-78.178052021409769],[163.088385127649701,-78.184268550027937],[163.100501211826412,-78.185373866060232],[163.108003076083605,-78.183023559499375]],[[163.391958428608348,-78.177700901937555],[163.404728142333369,-78.175629348637145],[163.403856549030394,-78.172724346224982],[163.399647267051108,-78.171480853438254],[163.388637722530973,-78.172774292678909],[163.369511316201141,-78.173071416888988],[163.364205440268364,-78.170298192130574],[163.374220276524625,-78.167301223420722],[163.387938751643162,-78.166047232366225],[163.406045079191301,-78.163125464265448],[163.426026435884694,-78.162580895852074],[163.43341409514835,-78.165974691848376],[163.428180418384585,-78.168506621253599],[163.430501906869608,-78.169386076050685],[163.442657008837102,-78.170591939007053],[163.45897176040026,-78.170999172610308],[163.477314019996669,-78.169826636714276],[163.485835427832455,-78.166317321103548],[163.486112479619038,-78.160436034290456],[163.475307519812446,-78.157241294338462],[163.468692890853418,-78.153581411768187],[163.455808162831573,-78.151916732893739],[163.440128435452237,-78.153158555513798],[163.427803413699678,-78.152082494906367],[163.417499797083451,-78.153597084603931],[163.417824475267111,-78.156468394873272],[163.406622424410131,-78.157111706104033],[163.388607812089077,-78.15650453390657],[163.382962558480017,-78.157186618094499],[163.378818415194417,-78.159784744036472],[163.374206803328576,-78.160295998738704],[163.361618768416378,-78.158883649356852],[163.357383960107768,-78.154960941118617],[163.343843328726138,-78.152522549591652],[163.329818097167646,-78.152614888531133],[163.3053095293333,-78.150371775193079],[163.298692803374053,-78.150768915448282],[163.292065751580708,-78.151600419815423],[163.291687716938355,-78.155645483457164],[163.313501448219853,-78.161479981849396],[163.305476883635691,-78.163839388399666],[163.298740919020986,-78.164378276206563],[163.285620651684042,-78.163840163386325],[163.270587759257268,-78.164607880400681],[163.259320109733608,-78.164296870714125],[163.246017519871373,-78.162392228383084],[163.229611584151684,-78.164092186041287],[163.206060238458093,-78.16118614374723],[163.191134681423364,-78.161875449838334],[163.179069097880699,-78.160621615948685],[163.170576793817759,-78.156944367422938],[163.158457399084341,-78.155731070709805],[163.143429828809786,-78.156489750428449],[163.128299668147122,-78.155035252923355],[163.101863736064672,-78.156377059584656],[163.079169640401545,-78.152913415640825],[163.049498256361147,-78.153445800519023],[163.046290990682962,-78.156319924238034],[163.080032104675041,-78.161721378704542],[163.094249149015781,-78.16152066162347],[163.109904464259301,-78.162496573135641],[163.118240455590239,-78.168155394539411],[163.118145344364905,-78.172547745446806],[163.131347165493139,-78.174088701141514],[163.158313548009687,-78.17474020317097],[163.171436342122519,-78.169829399146522],[163.18068825199299,-78.168967210933843],[163.200425343178125,-78.174472152584556],[163.212143183698004,-78.17597256989967],[163.239240086311611,-78.176487027770392],[163.255337041087671,-78.175007828959082],[163.287609808585415,-78.175084096579567],[163.297996955322077,-78.174396345159593],[163.30221711209569,-78.18082017615076],[163.310472055749841,-78.184118743306101],[163.307509892274652,-78.186820977746038],[163.321130813289074,-78.187136329987339],[163.330404177740007,-78.190880164182559],[163.331348199238562,-78.197363078092181],[163.351249750360779,-78.201755020599066],[163.382634931500377,-78.204877555227867],[163.387892200605506,-78.206493662663036],[163.412703028561793,-78.210361984327179],[163.433147308870673,-78.208729260491992],[163.410091290273812,-78.201842375746551],[163.406896617582362,-78.19780127875967],[163.396016797637458,-78.192414160403217],[163.394563314328622,-78.188181759728892],[163.388815501313985,-78.184424907604537],[163.391958428608348,-78.177700901937555]],[[163.93682229772412,-78.056172150589276],[163.913312885441997,-78.056263814615278],[163.904595827653708,-78.056993379070335],[163.883556790526342,-78.061098281638237],[163.874357198317,-78.064464940370726],[163.880183110435638,-78.067223839835265],[163.907359694134158,-78.066022995547982],[163.963259752009151,-78.066969914580838],[163.97251148218146,-78.064629420268048],[163.964352716768786,-78.060146402072306],[163.93682229772412,-78.056172150589276]],[[163.993311801348142,-78.019276568556705],[163.975271825328946,-78.018564923268698],[163.958155661278425,-78.016694158323375],[163.927882480175327,-78.011340894012491],[163.917331724368836,-78.008138103764324],[163.914461838727021,-78.004052782586541],[163.90496775220214,-78.000182468600926],[163.894623529838668,-77.993090869748229],[163.890392937785265,-77.991369739679953],[163.872982749362563,-77.98895629650049],[163.881774798016636,-77.985275225198265],[163.879841468578775,-77.982315018747585],[163.894651910419583,-77.977518792545098],[163.880894614125793,-77.974810282569194],[163.876172633093773,-77.971710415637119],[163.820148792416859,-77.969130103457246],[163.81017238112878,-77.969357283160363],[163.793392543249752,-77.971405287784975],[163.806019919880129,-77.973094619360523],[163.816907566621978,-77.971909087818588],[163.834176921758484,-77.972475518747402],[163.849938073934368,-77.973954703714242],[163.854922231486057,-77.975125308615063],[163.857168361337244,-77.978104958824076],[163.835579302834418,-77.978980437197905],[163.817146694409047,-77.981377543167085],[163.817094312109475,-77.982132978829739],[163.82333397597543,-77.984596135461757],[163.840870109281752,-77.98729387995408],[163.854565706978462,-77.987269931179867],[163.865896981293361,-77.988946838735799],[163.872061682343002,-77.989062016857403],[163.861185579680154,-77.9926626969322],[163.830143090137454,-77.992946169437687],[163.822977691570799,-77.994245446001059],[163.802311751788693,-77.994444562343944],[163.804759047566137,-78.003385952258029],[163.815137015516768,-78.005753725031568],[163.833103425424156,-78.005098225517074],[163.83804507092853,-78.002551419779508],[163.820200419990442,-77.999416513305135],[163.828872708072367,-77.996472740570013],[163.838476901219138,-77.996096635836423],[163.872589543541238,-77.997826109962176],[163.897616934856558,-78.012606725438928],[163.903763998680802,-78.01410923171818],[163.907979664816253,-78.018129700030585],[163.900861529556067,-78.020546905654399],[163.90274438957411,-78.023503454632731],[163.933911435210803,-78.028645268042126],[163.966728148205021,-78.028371099341342],[164.001176919072606,-78.020579868547998],[163.993311801348142,-78.019276568556705]],[[163.814270018298942,-77.952756401719839],[163.809568045415062,-77.950951864928754],[163.78390390693707,-77.949814168435807],[163.769772465305209,-77.950005862752022],[163.751631774051418,-77.951133784940453],[163.74215959167168,-77.954066848364732],[163.744692283069014,-77.9551600904135],[163.753656730512773,-77.955920120974028],[163.805903150887019,-77.955710371647456],[163.814270018298942,-77.952756401719839]],[[164.017447998125533,-77.990558142747233],[164.023969155583131,-77.993175281175525],[164.040487386884479,-77.992266721706585],[164.054641848956095,-77.989931039777474],[164.053095977351546,-77.986997683752236],[164.057330030679225,-77.984408184393203],[164.068831474957761,-77.982996715016554],[164.081309842498143,-77.979721753535671],[164.100765247730379,-77.979060024933503],[164.113547157846625,-77.977599023861629],[164.137670916040435,-77.976983368986865],[164.170853309456362,-77.977482025875872],[164.189065683723669,-77.976351894037435],[164.195182770011343,-77.975532071330392],[164.19911597285423,-77.973341187010163],[164.189910697120126,-77.971558182762521],[164.163220385954673,-77.971151445614396],[164.112718042647742,-77.968225924044063],[164.05660410294783,-77.966482545782142],[164.03981851723205,-77.968137542492187],[164.02401479396849,-77.974142628171492],[164.009021504043801,-77.974277758968995],[163.997027651605805,-77.973083872308692],[163.991153413621305,-77.973742818347716],[163.981420661016386,-77.979880466659353],[163.969668038998037,-77.982247259061694],[163.978881242086629,-77.986256729018777],[163.984635034336719,-77.985757412963721],[163.993937257480582,-77.982760381332056],[164.010583725587395,-77.981044946971352],[164.015769592057865,-77.981343758241906],[164.025323888650973,-77.984658309633701],[164.017447998125533,-77.990558142747233]],[[164.109215207207029,-77.938540076849293],[164.095865114461049,-77.941246299081399],[164.114385777318432,-77.945599373583164],[164.128140888774283,-77.946926765185424],[164.133686115109214,-77.946335374044281],[164.146747478986242,-77.940712481976121],[164.16456936601611,-77.939459934869916],[164.173497596126396,-77.943559707463223],[164.196868527634962,-77.946370624274181],[164.203032227840055,-77.945925811469465],[164.238976332743476,-77.939567117961644],[164.246908039919845,-77.935999554591007],[164.240942263794949,-77.933867669704782],[164.227498177108544,-77.933770632320361],[164.202776006880015,-77.930867211897166],[164.195069318678748,-77.927638182107103],[164.191500098485278,-77.927759206239074],[164.191529289783801,-77.923330677120276],[164.188797065234041,-77.92224603347961],[164.180435146434775,-77.920202862421135],[164.166460036530282,-77.918707448051421],[164.153584312141277,-77.918200527476259],[164.148375069345576,-77.918809066838548],[164.145883707777557,-77.923877846326349],[164.156213986716097,-77.926266345881047],[164.186303371847401,-77.928366985091913],[164.179211436761591,-77.931997477932498],[164.134842268260059,-77.935043916672498],[164.118386840041779,-77.938012282923737],[164.109215207207029,-77.938540076849293]],[[163.859345050707873,-77.96417689610449],[163.907853829422265,-77.968532498691317],[163.923947068308223,-77.968373393870564],[163.930283881376312,-77.962601246839284],[163.945297663087729,-77.96116240471909],[163.955089106233061,-77.963943693870121],[163.962324463009111,-77.963222822450362],[163.957470695429009,-77.964233420924401],[163.968294959462071,-77.965138215072301],[163.963037557495682,-77.963140034245981],[163.963885759400085,-77.960833940884598],[163.959449986425597,-77.959138294700438],[163.964501721694745,-77.957112817122223],[163.978364185163201,-77.956936111054716],[163.992249937660233,-77.958211977522353],[164.000952408148066,-77.955469272047367],[164.000821460702042,-77.952148151809922],[163.986228544459806,-77.942793780618146],[163.973954409149968,-77.939798937037821],[163.973224946599316,-77.936754147490589],[163.978773557058219,-77.933198193598159],[163.984839171289309,-77.932424304515763],[164.001823852012251,-77.934362087345804],[164.010752216379132,-77.937744846794402],[164.018313395649386,-77.94349497451654],[164.031854401538936,-77.947718234998732],[164.044181395047133,-77.948651169337609],[164.053408833499645,-77.947237993567569],[164.057136327985575,-77.941200453579583],[164.048262396206809,-77.935729152703047],[164.033185869359954,-77.930724220602954],[164.005628485809808,-77.927171851899672],[164.000739888357032,-77.924195457757932],[164.010837400491226,-77.921393467718161],[164.019327642319581,-77.92061436277757],[164.034126929350037,-77.914256864107728],[164.049396507105541,-77.912057957833667],[164.066337468438491,-77.912542503847561],[164.069405481381352,-77.913255055122761],[164.068794977459078,-77.917746127170162],[164.073877336619177,-77.919364866537961],[164.073394620156336,-77.92384105732107],[164.078178944382415,-77.92549501148811],[164.080629970566804,-77.929630152575342],[164.086629859052778,-77.930054319805578],[164.102142491793416,-77.927417729981983],[164.097401138495599,-77.921045903855642],[164.090255194352721,-77.918187415804638],[164.0910338921814,-77.909712364082537],[164.098251070602714,-77.909020108972584],[164.116259942260257,-77.909425794721813],[164.120577422929756,-77.908634701120491],[164.125496584072948,-77.904961346713861],[164.146629984335163,-77.903328299511315],[164.161196132312767,-77.904754562842726],[164.159009726477819,-77.911646436179325],[164.161756646050549,-77.912169365100183],[164.172218170537604,-77.911707131170516],[164.183021471456442,-77.902788702773336],[164.191108806542957,-77.901471973143686],[164.204435314236349,-77.90064098827402],[164.279278292919656,-77.905392270194724],[164.298506044360721,-77.908573595355108],[164.346598891217894,-77.913992589935347],[164.397086275712809,-77.918562129085132],[164.450394547229337,-77.919686853214884],[164.459672863329899,-77.917261802298526],[164.452421007904661,-77.914807350009681],[164.44387024228223,-77.906945947274764],[164.430046448761402,-77.904144630443767],[164.402780606346397,-77.904131706554466],[164.378195341831059,-77.90227467525483],[164.363529781451547,-77.896483551100332],[164.341384783169872,-77.89244725687719],[164.313403099465745,-77.89003034978046],[164.302818955867593,-77.887837501267853],[164.276823495449435,-77.887059442772568],[164.257497800697621,-77.884608794824231],[164.224473551180779,-77.882718320135282],[164.212876979700724,-77.882321082473538],[164.184412789531905,-77.883505199435433],[164.114146084968837,-77.887338669109624],[164.085826017470453,-77.88604530257993],[164.071453936215931,-77.892544319452909],[164.050156255619981,-77.894580192643929],[164.023764390128434,-77.894264400333626],[164.01110318653474,-77.893423131139798],[164.000566861830009,-77.891221863357472],[163.988152525501619,-77.890396467144939],[163.945720591090492,-77.888776615064955],[163.932983661209306,-77.891118515916901],[163.912236220752987,-77.892035034820708],[163.896645761418569,-77.894103678231232],[163.894272248747058,-77.896049678265413],[163.907962269428225,-77.899464366870575],[163.921717277691272,-77.899629151750602],[163.935950433272552,-77.89882835378873],[163.952277227081481,-77.896807834058905],[163.964850130291808,-77.897522199277219],[163.968650874125842,-77.899529986327707],[163.959416968342111,-77.907500414161177],[163.933455614917051,-77.912066824471921],[163.898909821823764,-77.914947528448863],[163.902032430228616,-77.91825195925162],[163.892960907400095,-77.920685619796998],[163.869346962441369,-77.917632582443332],[163.85323234100423,-77.91760298387706],[163.844740712592369,-77.920471296704676],[163.846348788719553,-77.921438602778707],[163.875639207425451,-77.922911642528959],[163.886438768604762,-77.926209249466723],[163.871226671134536,-77.928438653051813],[163.849265410968371,-77.928105676996395],[163.840053243545725,-77.928986062084277],[163.83060902910097,-77.930991054490079],[163.838296588530142,-77.937145551695437],[163.827012902730672,-77.938392323135545],[163.808964954630113,-77.938211399696584],[163.807574863355171,-77.94133559283452],[163.818289760566387,-77.944513648881042],[163.832702743062299,-77.944101107141805],[163.845186061798017,-77.946575240521042],[163.858574934687141,-77.944061093888308],[163.856695536896098,-77.938259477110279],[163.861574501018566,-77.936779557130848],[163.878044341163587,-77.935024035936323],[163.887580104420721,-77.930640602032838],[163.906402611136116,-77.930161194261288],[163.91456480755059,-77.933224261077982],[163.910756180347875,-77.938680933730339],[163.905145930531688,-77.941185917790818],[163.89503193011231,-77.943419286133633],[163.893788780587585,-77.949031240900197],[163.886514654624477,-77.954279684360927],[163.873277662407986,-77.957219465930322],[163.857518366877372,-77.955667146478561],[163.843965186386015,-77.955614707756325],[163.817848318872592,-77.961507088459669],[163.820439104484336,-77.962736581289533],[163.832272677328547,-77.964033262025637],[163.859345050707873,-77.96417689610449]]],[[[162.690658837357205,-78.258089429021908],[162.694548171809089,-78.255975863798611],[162.716741344682674,-78.252110690077757],[162.747202405338356,-78.252845258555453],[162.759625607365649,-78.255148661986951],[162.759474571716225,-78.259765460259743],[162.690658837357205,-78.258089429021908]]]]}},
{"type":"Feature","properties":{"SURFACE":"rock"},"geometry":{"type":"MultiPolygon","coordinates":[[[[161.556387005848677,-78.227960819872962],[161.55998881155179,-78.225635942486292],[161.553445927475849,-78.222309316150856],[161.570847021299045,-78.221974036107198],[161.584756862977514,-78.223853820230161],[161.587781021129587,-78.227525759740033],[161.581223636911432,-78.228486957961223],[161.57837636199551,-78.228589960323106],[161.556387005848677,-78.227960819872962]]]]}},
{"type":"Feature","properties":{"SURFACE":"rock"},"geometry":{"type":"MultiPolygon","coordinates":[[[[162.177120934393457,-78.245034722626471],[162.181230590208031,-78.243325610006792],[162.199547505760421,-78.243093075746827],[162.207861034396217,-78.241202955146022],[162.217029058380717,-78.240934224505054],[162.224131676172732,-78.242197414142012],[162.22594170833932,-78.244168224675661],[162.220344733078889,-78.246151439460263],[162.220221020791428,-78.246167552583145],[162.177120934393457,-78.245034722626471]]]]}},
{"type":"Feature","properties":{"SURFACE":"rock"},"geometry":{"type":"MultiPolygon","coordinates":[[[[162.364298558222345,-78.238825787096687],[162.361534027929849,-78.241514689540267],[162.355957735269186,-78.242103295882814],[162.330842019799832,-78.239523414971529],[162.334502380871953,-78.236458713140891],[162.355326989581016,-78.23625548640959],[162.357470732903806,-78.23551496710337],[162.354008741318012,-78.234335516512417],[162.330314378264006,-78.231031610162574],[162.339113705195331,-78.22858672266733],[162.34911167883331,-78.22846047387678],[162.372035226144902,-78.231790478032494],[162.378953543601739,-78.234039596283253],[162.376442347959966,-78.23674474020622],[162.364298558222345,-78.238825787096687]]]]}},
{"type":"Feature","properties":{"SURFACE":"rock"},"geometry":{"type":"MultiPolygon","coordinates":[[[[162.408972933171412,-78.240137771474139],[162.402365447551404,-78.235555191504034],[162.410372267117594,-78.234255828135488],[162.41473582594142,-78.234434005757777],[162.42322625744157,-78.235030490211656],[162.432486795132149,-78.237501688659918],[162.431002271966435,-78.240827134319645],[162.413989439847057,-78.240974487662143],[162.408972933171412,-78.240137771474139]]]]}},
{"type":"Feature","properties":{"SURFACE":"rock"},"geometry":{"type":"MultiPolygon","coordinates":[[[[165.11067261526793,-78.306712946809114],[165.117750076986226,-78.3024650729689],[165.117617829770126,-78.299417375036825],[165.102739665489963,-78.299330277110755],[165.092118572518643,-78.296797966233996],[165.076177290133273,-78.297054971938053],[165.06822402336644,-78.299790966457593],[165.055597888705847,-78.301417022754251],[165.036980437817022,-78.305543802761321],[164.719294474909248,-78.300280813620333],[164.718999605138862,-78.299147696101414],[164.720331939806044,-78.296854203595643],[164.723445684704899,-78.295354915000701],[164.725925188488588,-78.29518889302895],[164.730411390457306,-78.295076178032659],[164.751005360479326,-78.296303561172977],[164.755347530372973,-78.296359549400321],[164.759309613698406,-78.296470008022936],[164.759887042196141,-78.296416933891436],[164.760840319004245,-78.296429493318499],[164.778412902338857,-78.294712490602294],[164.783104969141647,-78.294281025304343],[164.783835233259197,-78.294182055158544],[164.784431985712274,-78.294124108454497],[164.798189232411175,-78.2922522781857],[164.809640286967493,-78.290712018093174],[164.81033053990663,-78.290600177743613],[164.810908650155568,-78.29052110212605],[164.839387328370606,-78.285909219167308],[164.8399839826929,-78.285774487878513],[164.841568001341045,-78.285515901151328],[164.843387016744856,-78.28500591832767],[164.848345501771377,-78.283885120267271],[164.859152381566219,-78.280576160415677],[164.861620900340853,-78.279882398119653],[164.866424671845522,-78.278904025032418],[164.872209585820571,-78.27787805605989],[164.898837484133338,-78.274676286154403],[164.91845534907273,-78.27234149529194],[165.019219328261187,-78.261882796661979],[165.029761927222609,-78.26068473716937],[165.057224070216392,-78.257596986624193],[165.059150526879819,-78.257342121950686],[165.062393924660853,-78.256972536871402],[165.071038000629557,-78.255766951798321],[165.093900393110772,-78.252735882060634],[165.099608812680344,-78.251779547997856],[165.105345598198852,-78.250977889713695],[165.121432565792617,-78.248195866526544],[165.122293253176167,-78.247974958198512],[165.123357008360017,-78.247795677243985],[165.125233020895962,-78.247218463318433],[165.129216484501001,-78.246194386348805],[165.130509240061599,-78.245595035381243],[165.132686699821846,-78.244924538373937],[165.134679665531451,-78.243660796910348],[165.136225559585768,-78.242943177871538],[165.137136285751637,-78.242101653444564],[165.139596465516178,-78.24054036418454],[165.142816011611274,-78.235683364707512],[165.144535455393623,-78.228024818101943],[165.141545351928499,-78.223385662962087],[165.128474462770185,-78.214122985826009],[165.127966100006745,-78.211017737927364],[165.128083107571484,-78.210874446955614],[165.128719209327187,-78.210464759457153],[165.129258920095594,-78.210250147597264],[165.135163592688428,-78.209471224894315],[165.160408159276955,-78.208458517594437],[165.167808343366147,-78.207480865505076],[165.173638489909592,-78.205984615250969],[165.176056887132063,-78.205703183297203],[165.184292839211849,-78.203630229494607],[165.199255927284014,-78.198095114267517],[165.204303361019754,-78.197085250057484],[165.236527709878885,-78.193741850089992],[165.241055027523601,-78.192614051817273],[165.241214016572854,-78.192355304372313],[165.241745708091173,-78.192333336270366],[165.269442689960357,-78.196446274847318],[165.278091426987402,-78.199889127043122],[165.273266340976988,-78.20340234947227],[165.259161962021921,-78.205469948440353],[165.25427023154208,-78.208032944153501],[165.260604192094263,-78.210926577539837],[165.262511012719983,-78.2151740649402],[165.266734003836774,-78.215870801188899],[165.296143600375075,-78.216438721470112],[165.318328671075221,-78.218783014939461],[165.345182514744721,-78.219418052864413],[165.361664096378348,-78.221244026241962],[165.371218693530011,-78.224581716764249],[165.377909801606137,-78.23050162546312],[165.375567419235153,-78.237502386452448],[165.37851171495322,-78.243871137989117],[165.388538348453409,-78.247154539988102],[165.396840158022854,-78.247702455305117],[165.404620817862195,-78.247144438358433],[165.426257084137688,-78.242643068625114],[165.44079975936063,-78.242103681497639],[165.459786246277673,-78.245352960141034],[165.481238450077285,-78.247265834575387],[165.498730263986431,-78.251896028700756],[165.506555615354188,-78.257687463605109],[165.504273592460777,-78.260881143456217],[165.483090209114579,-78.266137414344669],[165.470954990508545,-78.26759687074842],[165.463770336515722,-78.270893694689875],[165.46480304675049,-78.273901370064678],[165.468836773182204,-78.274525743913642],[165.478380922497848,-78.273635442295728],[165.477647039368833,-78.270773158374425],[165.48919116351442,-78.26824571323219],[165.508382991836868,-78.26725662657806],[165.522046097237336,-78.265440864134419],[165.533839600331419,-78.267083376405552],[165.552785748091026,-78.267351221084439],[165.557305634142097,-78.266488399828958],[165.554582218637478,-78.265386011152302],[165.541042751363676,-78.262813061678898],[165.545169601512526,-78.260206827284378],[165.566605108301587,-78.258436307289358],[165.575031344819479,-78.258545993950861],[165.585436999150289,-78.262316148824993],[165.579621781773994,-78.265192900889588],[165.567044355140013,-78.268462583442329],[165.563568770839652,-78.273285932706372],[165.585688041406598,-78.27487769689715],[165.596000911827673,-78.27462491045867],[165.609189904135235,-78.271565785434177],[165.625545370099161,-78.271385068122996],[165.638219600439839,-78.272340297740882],[165.6452896567815,-78.276725397953413],[165.628418981340388,-78.278170583376408],[165.619258639597007,-78.281013844701178],[165.619261010122386,-78.282312035975679],[165.620445895017241,-78.284416084983448],[165.63233523797831,-78.287338158298667],[165.640838161026863,-78.290948771273918],[165.654162621964502,-78.29276239228389],[165.66722093555876,-78.293431662039282],[165.682196058111117,-78.292577380617644],[165.71006333120647,-78.293851382818701],[165.709194795130088,-78.296965803937127],[165.696188243858217,-78.30193525717803],[165.694732612413901,-78.304681023097288],[165.684779253282301,-78.306987377867785],[165.677188999452227,-78.312237193313237],[165.685546779092761,-78.315166700490792],[165.11067261526793,-78.306712946809114]]]]}},
{"type":"Feature","properties":{"SURFACE":"rock"},"geometry":{"type":"MultiPolygon","coordinates":[[[[161.887846485621083,-78.191317540933781],[161.895095225049545,-78.193563956432087],[161.886183912230422,-78.19584306112003],[161.879699067160089,-78.19641418853233],[161.866050946425759,-78.196160184041744],[161.849661950494237,-78.194438138348801],[161.847737206932749,-78.19326638116307],[161.859133679758116,-78.190887605163397],[161.876138785885331,-78.189853968125306],[161.887846485621083,-78.191317540933781]]]]}},
{"type":"Feature","properties":{"SURFACE":"rock"},"geometry":{"type":"MultiPolygon","coordinates":[[[[162.027124967261528,-78.190306314824781],[162.071209746572805,-78.190784556524363],[162.083348275819816,-78.191983163007649],[162.085731116510857,-78.194752250393748],[162.08236685395471,-78.195450020432631],[162.044293731974079,-78.194880265979904],[162.021358567996259,-78.195673584634477],[162.008051898044727,-78.193144476925838],[162.009934975937341,-78.191914286950976],[162.027124967261528,-78.190306314824781]]]]}},
{"type":"Feature","properties":{"SURFACE":"rock"},"geometry":{"type":"MultiPolygon","coordinates":[[[[161.748940340099296,-78.172856402126669],[161.728816194983352,-78.167987338162703],[161.734079956989945,-78.165465781605548],[161.74188569244626,-78.164751921237411],[161.761131608491382,-78.165272013093798],[161.765082283373232,-78.167562845556418],[161.762420386093794,-78.170260431940193],[161.748940340099296,-78.172856402126669]]]]}},
{"type":"Feature","properties":{"SURFACE":"rock"},"geometry":{"type":"MultiPolygon","coordinates":[[[[161.946716438050146,-78.18080950016406],[161.937196677922259,-78.178845235705225],[161.904555146737209,-78.180850899623366],[161.896352747593852,-78.177196277079005],[161.890017881007765,-78.175971428518508],[161.884033166222395,-78.17530060312545],[161.870337200936092,-78.17591547197226],[161.861574852650648,-78.17261914991704],[161.835618396831649,-78.169902414468154],[161.836999927850854,-78.166658917939259],[161.845137278051425,-78.165354883206334],[161.857948794791014,-78.167584797662798],[161.865326240790381,-78.170270878309523],[161.899859598638471,-78.168880977442669],[161.91394371622269,-78.166157850286581],[161.925966665273108,-78.1674097707063],[161.933351649346264,-78.171578773207699],[161.959364440004975,-78.172853703873102],[161.970513653427986,-78.174661336238302],[162.023243943178187,-78.176774028312366],[162.060195569140092,-78.173825434371849],[162.070736008746934,-78.170779821058431],[162.068028920586045,-78.167345929319652],[162.055701450090936,-78.165105390530357],[162.040788833580791,-78.163690409842317],[162.036959092467754,-78.159917531404062],[162.041371423139964,-78.157764370437206],[162.055631142099202,-78.157795846827497],[162.063342488714483,-78.160262847302448],[162.075442947896391,-78.162228497587449],[162.083238138059926,-78.165401359126804],[162.097721940155537,-78.165094305568815],[162.113409225648553,-78.161214382911993],[162.132752457446713,-78.160487103035479],[162.14248271680367,-78.163331909119279],[162.159751108065109,-78.162820768768754],[162.161750010112883,-78.161842673621081],[162.156868204947045,-78.158012857921648],[162.145038808324927,-78.154914846714959],[162.114956226976375,-78.151566390715487],[162.10034508725812,-78.145644807919538],[162.071102338139212,-78.143151656271456],[162.06333090406045,-78.139628290130076],[162.063510434462899,-78.135830731406841],[162.075501061442566,-78.133263374383901],[162.080026325384324,-78.133533302724757],[162.08464826692736,-78.135216867309396],[162.091853452446713,-78.135595293496252],[162.120905618453179,-78.130306102434659],[162.138622420372997,-78.130149814347462],[162.163718452544856,-78.135571843062849],[162.178335631360227,-78.140452132179945],[162.191242825284945,-78.141355009090759],[162.194453946088174,-78.144510275378821],[162.184648535490851,-78.146733364284344],[162.182507131283188,-78.149462478402754],[162.192564286624048,-78.152996622327848],[162.191884949459592,-78.155822208352063],[162.185213325721207,-78.158252638707467],[162.189836992940371,-78.159897127367657],[162.202486546414946,-78.160751165461605],[162.210134495825571,-78.159895164597501],[162.225239120591368,-78.155147238586807],[162.243430782914544,-78.147737644483371],[162.24340465816266,-78.144866396035681],[162.260871816607079,-78.14124029371817],[162.275112087396167,-78.141058536111458],[162.293380073404194,-78.138282509821465],[162.303750576864758,-78.143092541480087],[162.288758279897422,-78.144977695379637],[162.250736191050436,-78.156880285331297],[162.217064082958871,-78.164566771040981],[162.190137667924773,-78.166502288620805],[162.176377556542008,-78.169465796808524],[162.162693664260615,-78.168289197965393],[162.153467856260363,-78.168775941840011],[162.131208007546462,-78.168342359729451],[162.109908138035792,-78.170503616690851],[162.103016768701309,-78.175791204338609],[162.109961490460506,-78.179122612980365],[162.104388972913739,-78.181625890393349],[162.098210762358207,-78.182565765194752],[162.084642506416117,-78.182279077737562],[162.07598632449924,-78.178881112446774],[162.060645927345405,-78.178254034644652],[162.053876201711972,-78.181151559224546],[162.032336744909514,-78.183893303129508],[162.025323017687072,-78.184316815706751],[162.000115978118629,-78.182519488043113],[161.972089404886731,-78.185216172092723],[161.953603942828806,-78.185300706166203],[161.946716438050146,-78.18080950016406]]]]}},
{"type":"Feature","properties":{"SURFACE":"rock"},"geometry":{"type":"MultiPolygon","coordinates":[[[[161.682133439737754,-78.15618510446987],[161.679639226653734,-78.154913228188903],[161.666439634920465,-78.154404131415703],[161.650853050203807,-78.15537295336722],[161.638719843579281,-78.154203255964063],[161.621489645981683,-78.148761526941584],[161.608077215567448,-78.147143726187736],[161.600480760155904,-78.144860617788339],[161.613056038383689,-78.14406637890751],[161.647099753411823,-78.147559152607727],[161.662954093752035,-78.145433873106285],[161.680974692582481,-78.145390235016308],[161.694488431900965,-78.147719695477534],[161.698049471435098,-78.151678501702889],[161.714508021022255,-78.15214116268794],[161.709929884384934,-78.15807270135592],[161.712319050696493,-78.161113050777445],[161.703339510952873,-78.1619346920683],[161.69611499515122,-78.162090855935631],[161.683700077276399,-78.161090670622443],[161.679331331399482,-78.158873432857348],[161.682133439737754,-78.15618510446987]]]]}},
{"type":"Feature","properties":{"SURFACE":"rock"},"geometry":{"type":"MultiPolygon","coordinates":[[[[163.716139605379766,-78.261411071985222],[163.702136448991496,-78.25963014703413],[163.694172858721998,-78.256110034672034],[163.696861881861906,-78.253097188604812],[163.749166398651056,-78.243459125565678],[163.820298424063196,-78.233733825779055],[163.837523144593689,-78.232101353393588],[163.880601115234072,-78.234257984584417],[163.897045973760044,-78.235593077580106],[163.917484453481279,-78.239915137223278],[163.932116931712841,-78.244892019659432],[163.961971857531012,-78.248153416223531],[163.960613987136497,-78.251598115877869],[163.954902907584284,-78.254107771050741],[163.937950052119447,-78.257192496126493],[163.920120916928596,-78.258615734089858],[163.903680813170268,-78.257379108636428],[163.884079197597941,-78.257323407766762],[163.851083130027291,-78.26115579804231],[163.838683320160271,-78.263765088133155],[163.826234480676817,-78.262685671168413],[163.815385338997544,-78.260485692089418],[163.795612318225267,-78.260684398824722],[163.768608247804366,-78.263854231620726],[163.750506238405052,-78.263050623497691],[163.731882013483414,-78.260190685137786],[163.716139605379766,-78.261411071985222]]]]}},
{"type":"Feature","properties":{"SURFACE":"rock"},"geometry":{"type":"MultiPolygon","coordinates":[[[[161.451695857312359,-78.103815744399625],[161.456285857473574,-78.106134754874489],[161.449311939892425,-78.107734510484548],[161.451695857312359,-78.103815744399625]]]]}},
{"type":"Feature","properties":{"SURFACE":"rock"},"geometry":{"type":"MultiPolygon","coordinates":[[[[162.243314022820954,-77.972429244196647],[162.190101659301064,-77.983504525632313],[162.186774904999254,-77.987544529228273],[162.167927359063725,-77.990629742948343],[162.159896064786039,-77.995832089507289],[162.143664223417659,-78.000485465869318],[162.143802001992356,-78.006235524039184],[162.119348576714231,-78.008948426782368],[162.090230468475141,-77.997905526889454],[162.089521180108676,-77.988237996913426],[162.095470815494309,-77.985767098518309],[162.113145614437997,-77.984084577538695],[162.137315079642235,-77.977096463552456],[162.150365657843821,-77.975102261598437],[162.16244380084828,-77.970172567045879],[162.174088537174129,-77.962344261258764],[162.156851396518988,-77.956066769618872],[162.148847403355148,-77.950410560470587],[162.149857276882614,-77.945960556522039],[162.140825109016191,-77.942586659215635],[162.127988122717539,-77.941065444743217],[162.121945384784169,-77.941617379383786],[162.117523546565707,-77.94508086815145],[162.121528881038444,-77.946823134013385],[162.130661058527039,-77.958869531511013],[162.12593825153192,-77.970591126513895],[162.089073651504975,-77.977491152042958],[162.070350056985177,-77.97829936257024],[162.046525924715695,-77.975892750877463],[162.026656497497868,-77.977512206919783],[162.022837422488777,-77.981209365824967],[162.037883882655251,-77.983947830337129],[162.039750899371313,-77.988087503045847],[162.053397928754464,-77.993144616715099],[162.061418470658253,-77.998800279297413],[162.068083729558481,-78.000261230304915],[162.065922851189299,-78.004830117505279],[162.076173014577449,-78.010058960879334],[162.115955572759958,-78.011133662680663],[162.13828429054135,-78.014552937116676],[162.153209593953875,-78.013838921063268],[162.164292942169908,-78.015603633910487],[162.17702553079053,-78.016304719995219],[162.188149389948904,-78.014940361436928],[162.183164468384518,-78.011883677084313],[162.183272906714734,-78.008875222733124],[162.186378217908839,-78.00621285868769],[162.198609190538861,-78.004159933377849],[162.192320516243768,-78.000046598446588],[162.18573655299204,-77.998578359631054],[162.185286037433457,-77.991169526043592],[162.204092857882927,-77.986107957567739],[162.218846850009555,-77.983632656567565],[162.229988503200417,-77.979697772108352],[162.247239037410196,-77.978238377968808],[162.251017104703863,-77.97855370087467],[162.242602917540239,-77.987010975422891],[162.222642951549545,-77.991417450813799],[162.215844635875584,-77.997531800066653],[162.222205891410482,-77.999023706040234],[162.223164899137004,-78.001093652234218],[162.226854023019115,-78.001925358750952],[162.236485352662726,-78.000947386755925],[162.237499706085543,-77.998146074954491],[162.250514566196387,-77.990406957771384],[162.256066041491664,-77.987908207827104],[162.263401561531907,-77.98713583444426],[162.283346414290747,-77.992471255045956],[162.286268019537658,-77.995654242151701],[162.281391781369166,-77.998198328972208],[162.283140528682054,-78.001188670595994],[162.292410944549886,-78.004151348606527],[162.306242232665795,-78.004127455737546],[162.309551982877764,-78.004876291503024],[162.314265602712567,-78.010893128622996],[162.312526239137526,-78.017471708843416],[162.305589897600413,-78.019880122892189],[162.308792349653714,-78.022351867567977],[162.306038764488932,-78.025645670880422],[162.299659722104451,-78.026388370723993],[162.282355098660815,-78.02614395564261],[162.27134306143887,-78.031951361555116],[162.251221821088251,-78.034698302400258],[162.232683063428198,-78.03395713689514],[162.226198266870426,-78.03469172276084],[162.227007755311661,-78.037629120739723],[162.254758534122857,-78.037580693581006],[162.266499704030139,-78.038939095816374],[162.27529731760626,-78.042207777022199],[162.291689298414241,-78.040551456418882],[162.305203957797715,-78.04230592409472],[162.298348458952518,-78.045213027749],[162.284087101854027,-78.04791347989665],[162.261979726799296,-78.048542455284959],[162.266448056904522,-78.060313282176296],[162.266395808283761,-78.063841959619396],[162.273187759299958,-78.065291640733065],[162.27946253498277,-78.068970640588049],[162.279983562914282,-78.073262500336284],[162.296100721735939,-78.075892144610464],[162.295641425505153,-78.079453255333846],[162.286914650019071,-78.08276552310592],[162.272312457058916,-78.085348205821262],[162.257043979398844,-78.090921726876971],[162.254226661025655,-78.096801375360343],[162.23481615463308,-78.104149980182967],[162.262841967776325,-78.104094245601814],[162.267106727575111,-78.105067608110687],[162.269919892582237,-78.106443656946624],[162.258928522106373,-78.11245772819035],[162.262074891693601,-78.113558117555414],[162.276150526519473,-78.113460904473996],[162.287111167326373,-78.115986060610922],[162.280662587027024,-78.118626533738848],[162.28407133793749,-78.122831203374915],[162.299179418047657,-78.125558566107799],[162.317287060050091,-78.120176719561201],[162.327199734538198,-78.118816034507205],[162.31616216062838,-78.112355102352623],[162.33931480024151,-78.111007143562816],[162.337514026813352,-78.108021144843505],[162.323751716792856,-78.104249410943353],[162.321564654669316,-78.100831320811636],[162.339847316408537,-78.099710753543675],[162.346785313086144,-78.09715883518038],[162.359342818491683,-78.095642442053787],[162.371272322242305,-78.096919492254415],[162.379575597051002,-78.10055303628836],[162.406350232254312,-78.103276553806936],[162.409657446695149,-78.105099309652587],[162.404065208862392,-78.110050375239453],[162.409522070009302,-78.110644668651531],[162.421256353879926,-78.110389836322852],[162.430541759644939,-78.115927268088768],[162.431948394837463,-78.120131075368349],[162.442889985697121,-78.122697649789004],[162.458411526328774,-78.123833559169469],[162.460965943989748,-78.125738443553004],[162.492266509388969,-78.135319443047166],[162.492241035787487,-78.138183314208902],[162.482259884503662,-78.139472457822947],[162.478866231986899,-78.141247492901812],[162.480743080806263,-78.149759959445035],[162.500775581028932,-78.151974999281222],[162.503270185401021,-78.153225378101183],[162.498345808705551,-78.156592319105997],[162.504952817528533,-78.160243548622574],[162.521381688837323,-78.16502454545352],[162.523625761567217,-78.168867971431425],[162.506630849724758,-78.17636640329755],[162.498487836529904,-78.177275448074766],[162.484561545767519,-78.175491426421402],[162.481289930307298,-78.173661737320742],[162.47381998188132,-78.172280217599592],[162.469252237560596,-78.169025218924475],[162.451833444173531,-78.168089594021239],[162.443850971299412,-78.164584673027761],[162.450032965715479,-78.161238133149141],[162.449222968233613,-78.157479654079225],[162.434054036902467,-78.154742148961404],[162.428382958285823,-78.151232132503466],[162.452911302073886,-78.149959965005493],[162.453939459251444,-78.146088126329033],[162.446442399763782,-78.142534014300395],[162.418563854249271,-78.136799564594128],[162.420312788481567,-78.135911378139241],[162.444522794831812,-78.135083446460129],[162.454331407104149,-78.132855321476157],[162.437955141682352,-78.128198373529884],[162.422081818275217,-78.127172399787909],[162.389400627365546,-78.12126561995079],[162.384006220042608,-78.12150076173269],[162.360939827242788,-78.12493689690605],[162.335163660919477,-78.127298213587594],[162.312963678101227,-78.131085250756215],[162.306497416193935,-78.134667205074209],[162.296766664019543,-78.136101122340904],[162.281124056763019,-78.131841518817595],[162.26566980636531,-78.12913246272106],[162.254397457384044,-78.123806792368498],[162.254760901432348,-78.121593931281339],[162.247199335841685,-78.115875799346639],[162.236463843735237,-78.112116337096822],[162.199546105667963,-78.108994708588455],[162.159121670030828,-78.108126954215578],[162.146724660768228,-78.107147481506914],[162.136374579231557,-78.104859433751074],[162.129508579588986,-78.100345204186937],[162.121581810048781,-78.098763931373426],[162.093299037110796,-78.096798830183346],[162.081747847332053,-78.095287767576707],[162.075049077856079,-78.092824358645743],[162.058046842782886,-78.090277669534174],[162.054030048513766,-78.086368511095074],[162.067386949386162,-78.084389359674731],[162.073319605185191,-78.079041905431524],[162.058416530591671,-78.072881349606547],[162.056838646115636,-78.068709224229735],[162.052313306416977,-78.067017896104318],[162.058008673684299,-78.063657249882382],[162.074124405817656,-78.061864422554834],[162.073399094272418,-78.05827992125117],[162.061495095124968,-78.054965947168171],[162.017633930866594,-78.055495608352757],[162.014387565340741,-78.052112613543073],[162.02559363312821,-78.049993122969624],[162.020252824901206,-78.045872226542045],[161.992828495662195,-78.045676230775882],[161.951441094039836,-78.0490001771376],[161.929708700147501,-78.048672353789499],[161.920864254596523,-78.049331921729987],[161.903603034441375,-78.047997636761934],[161.895037287393961,-78.046118037015873],[161.887607192320104,-78.041013761372838],[161.887971065733723,-78.03880929188206],[161.893915948580627,-78.035357892173366],[161.906202509898236,-78.033316186291685],[161.900940133159878,-78.030085014224071],[161.907896684941534,-78.029164909060455],[161.931836925638351,-78.031559937249185],[161.945902979146979,-78.031425334858767],[161.970450070536629,-78.033438184404105],[161.980999752234368,-78.035544823318887],[161.994367387979707,-78.035855956250899],[162.001658941849399,-78.040044928925809],[162.01567828133804,-78.039942502457478],[162.031867147061206,-78.040978614276483],[162.039616203571484,-78.042357467835686],[162.044792519169704,-78.046118317684389],[162.057534784086499,-78.048628478397617],[162.06921800837307,-78.050042437058295],[162.095674013177728,-78.050841290998207],[162.109532900731949,-78.063135888026963],[162.102652393711452,-78.069514964891383],[162.104648284579952,-78.071762297787032],[162.130717051770375,-78.072856359499625],[162.13632994104546,-78.074632334165983],[162.133047294368623,-78.077284585007305],[162.116477687704446,-78.079051432821586],[162.113122114368053,-78.084570296769471],[162.093647338278203,-78.085405977403383],[162.091069753932686,-78.086793052825357],[162.093584602259597,-78.087729020180177],[162.110205461128686,-78.089112446618216],[162.115135034994296,-78.091736760971472],[162.144364328237486,-78.094184170964894],[162.162253309646616,-78.097200286055013],[162.178210043288971,-78.098278224422145],[162.202028225869583,-78.098461096623623],[162.215991931295008,-78.097143434418228],[162.217056170894807,-78.0943441593963],[162.21211800324366,-78.091973751256361],[162.17518853031666,-78.088901032474126],[162.163064880556533,-78.085023248974608],[162.182760991669539,-78.083461075031224],[162.173047936196582,-78.078115919604002],[162.170773522861822,-78.067497639102029],[162.159038860613578,-78.061791508893961],[162.161622795051898,-78.059093161337742],[162.173530788909289,-78.056346014349714],[162.174943262455628,-78.054024307595441],[162.169283815988393,-78.050992472934013],[162.181183221115191,-78.04891479889416],[162.184347867436486,-78.046255492914938],[162.191974115547936,-78.043893282026715],[162.183411175184915,-78.040092033853171],[162.171147446750808,-78.037948461948815],[162.158822675689578,-78.03696964754279],[162.155758325928332,-78.035738966875726],[162.163038914033564,-78.032928837115051],[162.177572721403294,-78.033805080536581],[162.192350137360677,-78.032439081984108],[162.188237768874103,-78.028717669246646],[162.173124253904774,-78.027749137002857],[162.159465680742727,-78.025268240333702],[162.160770266184613,-78.023547122263466],[162.170540690049478,-78.02237468563942],[162.168747483913933,-78.021649836660785],[162.15602646471433,-78.020937525147247],[162.145628229048299,-78.021652458214803],[162.128260313900029,-78.021010710342253],[162.108234435650644,-78.017692967656615],[162.091629465744944,-78.016710726772871],[162.079734075027574,-78.016650282907818],[162.065372305766857,-78.018778377299739],[162.012888671004731,-78.023284752568017],[161.975327230250372,-78.02464710943832],[161.945158891863002,-78.023083022438001],[161.934344339379351,-78.021154724827269],[161.907828169723189,-78.020410234017092],[161.904906284679441,-78.018856272694492],[161.915648491117565,-78.016710688611155],[161.915604031442541,-78.013833488854644],[161.926609109460628,-78.008831790268204],[161.927197198235604,-78.005997718471974],[161.935849352513173,-78.003710654824246],[161.940221606568485,-78.000801709109794],[161.911460860302526,-77.997339497044834],[161.891626547227219,-77.992934474979762],[161.899239805592288,-77.980720426032079],[161.896191536139384,-77.975123522662372],[161.887570693448254,-77.971751415594497],[161.873084651023191,-77.968901905165211],[161.870753995210606,-77.966982066032458],[161.855878723662158,-77.964223009103492],[161.841307272558538,-77.957327732368952],[161.826394680668585,-77.954346434407881],[161.825778642587807,-77.950212847959165],[161.845937217404298,-77.945843906832962],[161.849950118066573,-77.943243836720043],[161.844231594081663,-77.937102126724724],[161.857748187343674,-77.923654789861857],[161.853898269017407,-77.921128108592725],[161.853839144592939,-77.917637267378069],[161.862638042991733,-77.914369836328291],[161.903466465358576,-77.903794197869686],[161.934018895450635,-77.901159533976113],[161.963780511245545,-77.896507700029247],[161.975360108795087,-77.899544859412998],[161.97825544287241,-77.901403701531279],[161.996976925846411,-77.903740262364579],[162.007383409193238,-77.906964427699194],[162.028338217192527,-77.924241032422145],[162.047272924363796,-77.928724966866127],[162.097402565561111,-77.934192529222159],[162.150865659160559,-77.935132025562211],[162.173931187678193,-77.937983458013804],[162.183291460643744,-77.94237621478851],[162.183258345424235,-77.946722448411904],[162.191261125545367,-77.952379000041518],[162.216162404480229,-77.960567580091663],[162.230696495344432,-77.963265862615742],[162.240283726772248,-77.966668864860296],[162.244974180843712,-77.969957097044727],[162.243314022820954,-77.972429244196647]]]]}},
{"type":"Feature","properties":{"SURFACE":"rock"},"geometry":{"type":"MultiPolygon","coordinates":[[[[161.983686620816826,-78.115450251282567],[161.979787492621455,-78.118747517603055],[161.973424417100262,-78.119841832977073],[161.956694811402826,-78.11933801727028],[161.930548086616398,-78.120476136173167],[161.927553136662198,-78.118116632314496],[161.939362345402742,-78.116580593261858],[161.945383398937651,-78.114756230984582],[161.950086840190977,-78.111007564381637],[161.947324111652335,-78.109878335464913],[161.932878477136143,-78.110193798310391],[161.919898803567236,-78.109126781033069],[161.919659920483355,-78.106087603733329],[161.928213609267601,-78.103788718457608],[161.925676106050872,-78.102020250708009],[161.912657257186765,-78.096549009617107],[161.899519064696563,-78.093925216207523],[161.89691425326501,-78.092031756686382],[161.889859715738055,-78.090603309786346],[161.887924953955633,-78.088639864747165],[161.872909646701572,-78.085878694291878],[161.878428547905344,-78.082988440187577],[161.900895995985252,-78.086381893738448],[161.913635957084324,-78.087128768381703],[161.922429918310371,-78.090372095807027],[161.958046270207802,-78.096459769794563],[161.95712038799627,-78.103060273289501],[161.975955388761804,-78.107588690893706],[161.983686620816826,-78.115450251282567]]]]}},
{"type":"Feature","properties":{"SURFACE":"rock"},"geometry":{"type":"MultiPolygon","coordinates":[[[[161.509644245760569,-78.08676773711754],[161.507469062046368,-78.090078722135488],[161.490681253363107,-78.090092103798995],[161.486022130396719,-78.089258569063631],[161.477575369865207,-78.084551060905881],[161.488775748090092,-78.082660272651637],[161.509644245760569,-78.08676773711754]]]]}},
{"type":"Feature","properties":{"SURFACE":"rock"},"geometry":{"type":"MultiPolygon","coordinates":[[[[162.51502535292417,-78.148272291476559],[162.514036470313187,-78.146199049537969],[162.517700221436741,-78.142698334298515],[162.524816327174818,-78.141936467317237],[162.536741299172405,-78.143767831524798],[162.537766078047014,-78.145837090614748],[162.535004990419566,-78.147738041010726],[162.527105733869035,-78.149543206038999],[162.51502535292417,-78.148272291476559]]]]}},
{"type":"Feature","properties":{"SURFACE":"rock"},"geometry":{"type":"MultiPolygon","coordinates":[[[[161.530666142857001,-78.078042741698127],[161.538725001872336,-78.07764695140861],[161.553869122555483,-78.078992450997347],[161.561400577682036,-78.077784361765353],[161.581883060526394,-78.077608176106693],[161.599675105008174,-78.076320469058857],[161.612829388112345,-78.070833185303997],[161.620509989803793,-78.070124017544174],[161.635454691672862,-78.071664901319537],[161.634901469111981,-78.075228228436771],[161.617598380832561,-78.076919724747754],[161.603303525101893,-78.082132470511979],[161.588616078079383,-78.081286120508977],[161.570491124747406,-78.081541527114709],[161.543578233803345,-78.083382991715681],[161.528307643150214,-78.082743935047404],[161.524761375603333,-78.079168059049707],[161.530666142857001,-78.078042741698127]]]]}},
{"type":"Feature","properties":{"SURFACE":"rock"},"geometry":{"type":"MultiPolygon","coordinates":[[[[162.996653468481924,-78.163930844779543],[163.002482809292871,-78.169860803058526],[162.996526884875522,-78.17606287812275],[162.986863328663219,-78.177519552991782],[162.974302517120265,-78.176592225606029],[162.969098778785707,-78.174342170197619],[162.97204417868312,-78.171668848561637],[162.971139585543995,-78.165895547958428],[162.974131490455989,-78.163225328181312],[162.98174838309933,-78.162268806231424],[162.996653468481924,-78.163930844779543]]]]}},
{"type":"Feature","properties":{"SURFACE":"rock"},"geometry":{"type":"MultiPolygon","coordinates":[[[[161.478117554348614,-78.060208497873134],[161.484245882308016,-78.059640889870195],[161.495904560253365,-78.060174907813177],[161.502457287122184,-78.063220598799106],[161.497407016189783,-78.06425764762551],[161.479662345594875,-78.065555966840051],[161.475124269866683,-78.065164835761536],[161.478117554348614,-78.060208497873134]]]]}},
{"type":"Feature","properties":{"SURFACE":"rock"},"geometry":{"type":"MultiPolygon","coordinates":[[[[161.521629941310806,-77.987690119404533],[161.529811150678739,-77.986853728273744],[161.548558569324854,-77.986021774887021],[161.563730462014206,-77.984392186612396],[161.576286647904055,-77.985187875543815],[161.581788266508738,-77.988063843246422],[161.580033686868262,-77.997470166926632],[161.582892799521545,-77.99933239640292],[161.583076180900292,-78.014435652274244],[161.601564466955978,-78.018995024903191],[161.618805095264577,-78.021522751476112],[161.629844207044641,-78.02469633802869],[161.652737612251656,-78.03528309403778],[161.638891265817989,-78.046712057417736],[161.626409918829779,-78.051611749751871],[161.639802331384573,-78.055411474200042],[161.629685890961269,-78.058517802833464],[161.59221897971247,-78.061743470820232],[161.539881771321973,-78.05967205962456],[161.528906595235696,-78.057847669489462],[161.525190434184537,-78.056150268995651],[161.527887150213928,-78.055262463302199],[161.534739616542083,-78.053777389909015],[161.550724155359291,-78.052153985803912],[161.542742211449706,-78.04926797506775],[161.520047244938013,-78.046094160524575],[161.511751571235948,-78.042618156146062],[161.490890783390313,-78.04422829436686],[161.48734134309646,-78.044909537565658],[161.521629941310806,-77.987690119404533]]]]}},
{"type":"Feature","properties":{"SURFACE":"rock"},"geometry":{"type":"MultiPolygon","coordinates":[[[[166.260683852367549,-78.268581700996521],[166.267714919232588,-78.267475075007681],[166.281365014774764,-78.267627964161051],[166.292577135613811,-78.266558441654084],[166.310566613727048,-78.266344953426767],[166.323706283835435,-78.266921816415362],[166.336503355159095,-78.267785805477374],[166.346328080722429,-78.271139386405309],[166.358156458204803,-78.27281917125633],[166.371454187529139,-78.270607271121136],[166.393270891114952,-78.270457388484147],[166.419462760228498,-78.268054412792821],[166.432407552661857,-78.264950303625639],[166.449955307910074,-78.265392989615918],[166.474307034967779,-78.270193679809736],[166.473394791700485,-78.271170529049328],[166.459271359767484,-78.27388361096871],[166.426864332636399,-78.273204133840395],[166.41324250401604,-78.277107224286866],[166.407728978766954,-78.277663608889114],[166.36507498980248,-78.278615939870107],[166.351780272803921,-78.282615590055201],[166.329874998884037,-78.283584233110261],[166.320159058036381,-78.283216569401858],[166.315331492899702,-78.285382074116981],[166.341800482903523,-78.291161190231946],[166.342939329506436,-78.295162677162779],[166.328907992246116,-78.301006554155961],[166.296306148171539,-78.305015139323388],[166.251407817467538,-78.304035451654073],[166.233818502230321,-78.302214656750294],[166.210382829810953,-78.293795490134315],[166.185350740310582,-78.289828631860388],[166.181858472884386,-78.288263205786691],[166.188281984719765,-78.283784548278987],[166.204639559861789,-78.281807280197512],[166.224494180126783,-78.28100503996761],[166.237977961958137,-78.278068214906668],[166.271757598039699,-78.278203152985171],[166.272518053490472,-78.277097788408952],[166.258710629628183,-78.274279155821517],[166.256730313665145,-78.272262500923404],[166.260683852367549,-78.268581700996521]]]]}},
{"type":"Feature","properties":{"SURFACE":"rock"},"geometry":{"type":"MultiPolygon","coordinates":[[[[161.627355825289612,-77.984274261811819],[161.660667000102706,-77.975610851907675],[161.673010824196552,-77.976533937190879],[161.6823242144674,-77.979364934710262],[161.708488280262401,-77.981893259921705],[161.725816736631145,-77.990891151885634],[161.726430687268845,-77.995167610759054],[161.744322441501396,-78.001930570500321],[161.747646370449274,-78.005909287968535],[161.758595161300718,-78.011252810655378],[161.759176506448256,-78.01755196188526],[161.745504559302049,-78.022369813876637],[161.735399401376611,-78.027432080382169],[161.725675061010776,-78.035398104748765],[161.72158615189079,-78.036161159795213],[161.716205805761348,-78.036382503646152],[161.711676142917298,-78.035627296244158],[161.706493336227169,-78.033769633647594],[161.704236692634282,-78.029915786256325],[161.675859070546863,-78.024227015916807],[161.669985031138111,-78.018353244753754],[161.675960840794176,-78.00896304124241],[161.664242843512739,-78.005980720594678],[161.66383456360515,-78.001699928329785],[161.648949151239179,-78.00032816959849],[161.640109968468352,-77.997193416366557],[161.628066368939614,-77.996068954385237],[161.616837445796733,-77.991474549067661],[161.627355825289612,-77.984274261811819]]]]}},
{"type":"Feature","properties":{"SURFACE":"rock"},"geometry":{"type":"MultiPolygon","coordinates":[[[[163.213417023938547,-78.073176771931472],[163.188573924205798,-78.075866324741085],[163.183724748824062,-78.079237538672842],[163.172470580868037,-78.081930458506122],[163.154376663027762,-78.083059557661201],[163.127924510171766,-78.082246062581817],[163.121389901569245,-78.082687290233011],[163.094799999501276,-78.088812475835965],[163.084840957117166,-78.089062058991217],[163.045939766320032,-78.093446388054844],[163.042247302651447,-78.097217136950007],[163.036344231594057,-78.099041947171386],[163.019387998360997,-78.100345844349107],[163.016511698939553,-78.103694529058615],[163.006176469403073,-78.103801820534756],[162.97426569444923,-78.101950678455694],[162.949430974400627,-78.099074545306138],[162.952895870751803,-78.09546973226459],[162.973080366166386,-78.095075285655952],[162.991767588152868,-78.089978340825922],[163.005404079858948,-78.091158100541847],[163.023177198705469,-78.089825154342208],[163.025036889241477,-78.088594784561991],[163.021135171796601,-78.086170335706143],[163.048740727553508,-78.083294558954961],[163.059113634305191,-78.079099696678455],[163.077272147944512,-78.079089843424626],[163.089049867499853,-78.080479704693374],[163.094028736373019,-78.080306875457879],[163.097802333985499,-78.079568043534323],[163.095383012993665,-78.076560235772021],[163.097991012170979,-78.073868171446733],[163.107684183051731,-78.073285746653497],[163.129616589591819,-78.073571751326398],[163.139588574483668,-78.067911652303877],[163.151488205880611,-78.065640411595581],[163.166005582445194,-78.065685804011977],[163.177732578399485,-78.067104556584525],[163.203115406266846,-78.065116697865676],[163.236742259475022,-78.064488731077773],[163.243836800625786,-78.06586169498479],[163.240781359226872,-78.068525046652852],[163.220400169074708,-78.070108867545301],[163.213417023938547,-78.073176771931472]]]]}},
{"type":"Feature","properties":{"SURFACE":"rock"},"geometry":{"type":"MultiPolygon","coordinates":[[[[166.144643895972905,-78.24033194831226],[166.161528767573941,-78.240894206918711],[166.178091532836561,-78.239025542370314],[166.180944883980089,-78.236414908167802],[166.170483957267152,-78.233478563416881],[166.151922681678627,-78.234206727418922],[166.146180494305781,-78.235048685635292],[166.144940020237158,-78.233480181435894],[166.131217413729445,-78.224120667026313],[166.130607245480661,-78.22345999493615],[166.130340019639902,-78.22265120969216],[166.13636280248727,-78.217324379130531],[166.151870176447517,-78.209660735088647],[166.15816517077198,-78.203089637931015],[166.158346078686208,-78.200808183681843],[166.146473460388648,-78.193243721320329],[166.142573384389323,-78.186952437483527],[166.145726564812776,-78.181201588862393],[166.184318790312545,-78.166745410536819],[166.186821455499199,-78.160130216456309],[166.201347814532966,-78.157592580074436],[166.219627087380843,-78.158192229946295],[166.226554036004643,-78.157133968861004],[166.220940582239564,-78.154639033203367],[166.220694591944834,-78.150150300042952],[166.204299114557614,-78.147570959483417],[166.205842807814861,-78.144197008128529],[166.225293340694179,-78.140187942527803],[166.21711292330437,-78.137354478648447],[166.203453481465516,-78.137333423626288],[166.196424621135264,-78.138731338706478],[166.184951614486778,-78.144569107389671],[166.152173863541179,-78.144633367969732],[166.151969338128254,-78.14470158218775],[166.150604493739024,-78.144313444859819],[166.150377162070043,-78.14429958146745],[166.150095160618179,-78.144227827678648],[166.148514109040121,-78.144184071252738],[166.146626884581366,-78.144067321725089],[166.146321360638353,-78.144123377408775],[166.146247409766829,-78.144120802205748],[166.14124080032974,-78.145046858087298],[166.137450312432748,-78.145736634357689],[166.137199830433303,-78.145794302887253],[166.137083227550164,-78.145816538116705],[166.112646246897413,-78.151459112847235],[166.109490436371175,-78.151904106762458],[166.102056459992184,-78.152903566432244],[166.097183787320546,-78.152874110194432],[166.09241168512915,-78.152815662348019],[166.088238488940902,-78.152287854461321],[166.084618701779419,-78.151795164813052],[166.084563419438439,-78.151780620619206],[166.063307358871555,-78.14618238477415],[166.061071540943658,-78.145129792290064],[166.049844246223529,-78.142008563638598],[166.047225068721872,-78.141555685060084],[166.046543583900473,-78.141320248001151],[166.040358911752776,-78.139178612617357],[166.039560068815746,-78.138823335436825],[166.032198142536231,-78.135405618065931],[166.027796266425725,-78.132676435680651],[166.02364471316082,-78.129942310615064],[166.022056811175474,-78.12422991434768],[166.015162855648526,-78.121536791203937],[166.014590810536077,-78.120758821132995],[166.012974708397167,-78.117866780224787],[166.012657215672164,-78.116318015089789],[166.013555335342488,-78.11279342989819],[166.018108669599826,-78.112602307122515],[166.022422444935302,-78.112778997478244],[166.026202071301867,-78.113049081553243],[166.028848147877397,-78.113353694234249],[166.032514264273175,-78.117090849170282],[166.047254174458544,-78.120078216383092],[166.052336179280047,-78.119087517918658],[166.054026378895315,-78.120739018679856],[166.054117856690482,-78.120775372810726],[166.054170578632011,-78.120829689784401],[166.054789194551034,-78.121046686466102],[166.055461914180285,-78.121319240897421],[166.05558134056713,-78.121326519710038],[166.05567951828121,-78.121360869008882],[166.056730010430243,-78.1213993202621],[166.057614332629186,-78.121455083551069],[166.057737572054435,-78.121435572789522],[166.057934787631751,-78.121442133915949],[166.063237365030062,-78.120562243700178],[166.067584651347147,-78.119871641561403],[166.067801308971212,-78.11980410910698],[166.068019585804961,-78.119768334016598],[166.071914660306305,-78.118521998562059],[166.076282445602573,-78.117160193837847],[166.076346262438847,-78.117103624974931],[166.076483945490992,-78.117060212649278],[166.076741133065923,-78.116755438777631],[166.077218409688328,-78.116335210909639],[166.077140150515987,-78.116283118357572],[166.077190534084281,-78.116224690806007],[166.071434074385905,-78.11243833803114],[166.071963445431521,-78.112143959365696],[166.072593630589324,-78.1118852332839],[166.0763484526843,-78.111571477196463],[166.07962262812174,-78.111323457711933],[166.085037312406257,-78.111259773386067],[166.089390826354816,-78.111218074152006],[166.100599340443011,-78.111567020053386],[166.112780748467429,-78.111963874260212],[166.116526650138809,-78.112283699497382],[166.121083376042009,-78.112686968063215],[166.124235888553329,-78.113196950855738],[166.127753084236559,-78.113791118231333],[166.130255134420025,-78.114615060903404],[166.132348430650922,-78.115329044160433],[166.14105311743711,-78.119642872060325],[166.141209292106396,-78.119683643955639],[166.141318724585716,-78.11973728697231],[166.143596511875671,-78.120309198535438],[166.146257369086953,-78.121007253057442],[166.146500608733305,-78.121038368453938],[166.146646027978647,-78.121075071135181],[166.155161587257794,-78.122162867181231],[166.163652123340682,-78.123264300841967],[166.164037653555596,-78.12329557502278],[166.164256800086321,-78.123324276019645],[166.168613194174696,-78.123670585036436],[166.173403992411068,-78.12406344679016],[166.173641577892852,-78.124070793125043],[166.173964008968113,-78.124096508949663],[166.177456562697955,-78.124197202692159],[166.181583037680753,-78.124332291710971],[166.181722302618965,-78.124318236536908],[166.181992104875121,-78.124326033806994],[166.184843963013691,-78.124164368973652],[166.185487767942419,-78.1239425135159],[166.186516130233628,-78.123839788856145],[166.186989892662041,-78.123425236546339],[166.187709596306462,-78.12317790847213],[166.187599539118423,-78.122892101434218],[166.188052122149827,-78.122496412939],[166.185074557171589,-78.116363369588669],[166.184977320586427,-78.116111038909878],[166.185777159478704,-78.114942670676953],[166.186910890858826,-78.113506301075773],[166.191586328276003,-78.112757026260169],[166.195372095380151,-78.112458618906075],[166.197969448866303,-78.112254780411007],[166.208529526763044,-78.112086826251499],[166.218013825498304,-78.112385815530033],[166.223853680926879,-78.113319830498739],[166.231446765862984,-78.117283501993754],[166.232525492414396,-78.117845550448706],[166.235648947308732,-78.11839586990358],[166.253793943015637,-78.119257874682859],[166.256836418094736,-78.119786226700626],[166.262543596197133,-78.122099084937332],[166.270438899910232,-78.127729895969594],[166.278435619605773,-78.131043318808196],[166.28134036980785,-78.131338074682589],[166.286004666225665,-78.13181020997672],[166.28696292454967,-78.131850110448894],[166.302174971910858,-78.132483176902156],[166.304253017752558,-78.132569777558288],[166.310901968325652,-78.133596788335126],[166.315155773058251,-78.134866942830854],[166.328018849691489,-78.140179491884538],[166.333315562670606,-78.143208701454839],[166.337190799777716,-78.143246482399135],[166.338535080829388,-78.143642922087338],[166.341295401927908,-78.144066716239294],[166.346233733265819,-78.145132373869657],[166.357385821503527,-78.146613313914472],[166.37438393843064,-78.148040390516442],[166.391703917831705,-78.148887075708515],[166.400454348521265,-78.148805433708617],[166.409694299781336,-78.148411618577811],[166.422927700230133,-78.147847866061085],[166.431542853208612,-78.147971776336107],[166.439891643401268,-78.148485152086138],[166.477743286036514,-78.151087406360858],[166.515313369038211,-78.154149945721159],[166.547640168852865,-78.157268697436635],[166.574453372251043,-78.160338770745426],[166.59438988448116,-78.163984816521136],[166.613574558923858,-78.169151297753757],[166.62226343068636,-78.172289574785935],[166.628503953574238,-78.175560910634772],[166.640223934105592,-78.18170051370538],[166.652888879333716,-78.18541552255418],[166.668083818943927,-78.188914138981929],[166.685057605506046,-78.191939489779983],[166.700000362283646,-78.193712554206968],[166.700563470069795,-78.193717563723794],[166.710355019575871,-78.193802590671496],[166.73201692350753,-78.193393322146576],[166.739132465063506,-78.193788099276517],[166.740844668567973,-78.194330470978471],[166.742225290333664,-78.196686651147701],[166.742242058485374,-78.196715538538328],[166.741557593539426,-78.20328701657003],[166.72844919201961,-78.223079592437244],[166.726289789105152,-78.228226983380111],[166.726582175474334,-78.229077680141515],[166.726662754554127,-78.229316749065546],[166.727077356962127,-78.232100484700226],[166.728604283289741,-78.232631468198733],[166.728702909019205,-78.232628022878203],[166.729220151577607,-78.232896289046451],[166.732757248336242,-78.232999745358754],[166.733568102206988,-78.232892485149151],[166.721986257305417,-78.23773886813926],[166.717679941742659,-78.241354540564203],[166.698772696643033,-78.24614903373363],[166.692200370291289,-78.247148931907958],[166.679013495333805,-78.246633619178638],[166.675895634103824,-78.244972220893686],[166.678564003077099,-78.241263378828961],[166.673672143318555,-78.239369954979466],[166.651587694110276,-78.241605546704832],[166.62872877488175,-78.245096991205315],[166.608144712907972,-78.245658443557645],[166.600611627869398,-78.246851125092292],[166.581308755200467,-78.24764747158666],[166.567983412905022,-78.247248809026672],[166.553513909064094,-78.249248105266972],[166.547067184456978,-78.251250296723853],[166.550761002044652,-78.253854210673794],[166.548910560383518,-78.255555744253357],[166.528108043579465,-78.259740470949779],[166.509365559325772,-78.260915380711495],[166.486492162283696,-78.2656530910821],[166.476339150847934,-78.266455578743376],[166.471586727208802,-78.266000452563972],[166.467608797660887,-78.264228972733406],[166.453556227945995,-78.262352570431432],[166.440627882083362,-78.261602410682755],[166.425773040833661,-78.262476876219822],[166.41386260184882,-78.260869703833208],[166.400876617747286,-78.260169751417692],[166.396067583996825,-78.258403768752615],[166.396420337258689,-78.254963257027953],[166.381567576936646,-78.253173986253927],[166.368452394202194,-78.252589875372195],[166.363221632482407,-78.253006513377784],[166.358965013774537,-78.253760687934374],[166.366815858743706,-78.256376349280913],[166.365711246397069,-78.257552319878556],[166.361740697050237,-78.258223469645955],[166.347796839600562,-78.258329024033003],[166.324366287157602,-78.254808827542305],[166.296300307549245,-78.255170447924868],[166.270160304429652,-78.253922857212785],[166.253900354689449,-78.255955435547548],[166.238268747624261,-78.254194989714478],[166.230524230439244,-78.2524097437949],[166.220324428861375,-78.253505826032423],[166.201786263731918,-78.253321650774197],[166.186286985027664,-78.251570239103273],[166.179605209882766,-78.248799555650876],[166.165844817208551,-78.248752325776607],[166.152908441822774,-78.251938628090514],[166.152851206883184,-78.255688116769889],[166.160860437994984,-78.263598010698018],[166.159952649634505,-78.266367626922857],[166.143714157574635,-78.268368632680676],[166.137971591107998,-78.270895882035404],[166.123790052656119,-78.272039809662871],[166.11096731960717,-78.269539387294373],[166.116729729124899,-78.264197784725653],[166.129044834502793,-78.258616857314863],[166.123323330884773,-78.25820015924576],[166.112096191979077,-78.258880080942916],[166.095442781170021,-78.261198711455847],[166.08228616080882,-78.257588086123178],[166.082692288355304,-78.254035756282178],[166.092625317488967,-78.252142094285446],[166.106373960669259,-78.252483085283359],[166.117766332082965,-78.25017194410043],[166.118097707658478,-78.246415794558388],[166.115603661624988,-78.245186253347029],[166.126954906780753,-78.244160027108791],[166.138064006015128,-78.242751760830757],[166.142970575552397,-78.241567432549886],[166.144643895972905,-78.24033194831226]]]]}},
{"type":"Feature","properties":{"SURFACE":"rock"},"geometry":{"type":"MultiPolygon","coordinates":[[[[163.338407363298671,-78.083141345211118],[163.345788548468903,-78.080745351543683],[163.352170002452539,-78.08003447000074],[163.364097694437362,-78.081751389308522],[163.373535849451031,-78.084352565038557],[163.379724207646831,-78.08401765846132],[163.385582198687018,-78.083201270187814],[163.387308402707163,-78.080456107500339],[163.383009811493423,-78.077339512741105],[163.398197599574843,-78.07482554146047],[163.41312245756103,-78.076051311791105],[163.423053248806326,-78.078734167451614],[163.439787723226743,-78.078528732305827],[163.452358180458702,-78.077544103013906],[163.456142447746032,-78.078987887563642],[163.449826606378281,-78.08235821660908],[163.417093741099535,-78.085141283274922],[163.412847606694044,-78.088543894975032],[163.391964071696606,-78.096212471996907],[163.390580491894099,-78.097766975699116],[163.395561728392238,-78.100203773828696],[163.39672096326143,-78.103847771135023],[163.383152421050198,-78.106363919193896],[163.374883611471517,-78.104704804814673],[163.372765169956153,-78.102744425012318],[163.378669113713158,-78.093301457014562],[163.369771694753723,-78.089901287672276],[163.340848292970122,-78.084342802155845],[163.338407363298671,-78.083141345211118]]]]}},
{"type":"Feature","properties":{"SURFACE":"rock"},"geometry":{"type":"MultiPolygon","coordinates":[[[[161.770362067996018,-77.989552086899636],[161.788073264581413,-77.979261085053039],[161.799794364367102,-77.978291896742903],[161.814001852064507,-77.975582626217957],[161.828861661958967,-77.974001969042504],[161.841409778539997,-77.978741537907013],[161.841762277680914,-77.982934696791091],[161.835020042285436,-77.985349413948057],[161.82206178368051,-77.987468720926387],[161.807471121676826,-77.985739906822701],[161.795016195005985,-77.988364891579081],[161.791889280537418,-77.991026880438667],[161.785126197428553,-77.992965409967923],[161.77247610062571,-77.992224657550537],[161.770362067996018,-77.989552086899636]]]]}},
{"type":"Feature","properties":{"SURFACE":"rock"},"geometry":{"type":"MultiPolygon","coordinates":[[[[163.119780424882407,-78.052392061876617],[163.1190435968347,-78.055201186224323],[163.111285740360245,-78.058277166295511],[163.101952043090961,-78.058761343297235],[163.084969595789829,-78.061625882193695],[163.057742549629694,-78.062136609645492],[163.029400070189922,-78.067569093377614],[163.012712830100298,-78.066646242588803],[163.002164555564917,-78.064436591669676],[162.989123465471039,-78.063915135370124],[162.967593163998231,-78.059925864631992],[162.983401410913928,-78.058446271354498],[163.021261059448335,-78.060855659131889],[163.040702671948878,-78.059628865605404],[163.067769652713082,-78.053709420223981],[163.076706837657184,-78.053073058926699],[163.091309058027434,-78.050531076793078],[163.106026279577748,-78.050126954875395],[163.119780424882407,-78.052392061876617]]]]}},
{"type":"Feature","properties":{"SURFACE":"rock"},"geometry":{"type":"MultiPolygon","coordinates":[[[[165.398751324927247,-78.183851833965193],[165.383215856957833,-78.185651452344615],[165.356270286930851,-78.191527000252364],[165.328956633167536,-78.193452397419307],[165.296376193307594,-78.192797059796689],[165.279369835978343,-78.190784537196663],[165.266412692566746,-78.187858343642375],[165.240497209970897,-78.184241723792383],[165.225487767214503,-78.183517301185077],[165.224537623608626,-78.183551942028785],[165.196216759183812,-78.174694098208093],[165.175795602056894,-78.168295669710233],[165.171435475144364,-78.166929302838369],[165.147422727407871,-78.166183720748606],[165.144664445996483,-78.165826311400352],[165.141002137179015,-78.165306564705233],[165.138214843127287,-78.163891890915295],[165.137127658218077,-78.162007775847798],[165.139589914849495,-78.158430808595512],[165.139954608963194,-78.15800770452833],[165.145247739212067,-78.156001054965316],[165.148318146797038,-78.15487001876383],[165.177716742946899,-78.147871551355792],[165.177837833658231,-78.147829841693977],[165.178086482801461,-78.147770331462041],[165.181764739377854,-78.146474400690948],[165.18659851489582,-78.144805472657325],[165.186668319974785,-78.144745663942331],[165.186818322276082,-78.144692569294094],[165.188329599937532,-78.143336589453369],[165.189636107656895,-78.14222861082385],[165.189644907755138,-78.142156065493936],[165.18970343016548,-78.142103889407437],[165.190440776078162,-78.135663767410563],[165.191361666402088,-78.134440661400831],[165.192570953225982,-78.132931739367123],[165.209774826590575,-78.123841182964824],[165.216613441277019,-78.120235982114735],[165.230872982459402,-78.114023020950711],[165.245100352944633,-78.107827303652599],[165.251641660638057,-78.105398980093369],[165.266546839229704,-78.099879487718681],[165.321007257950129,-78.085262027864317],[165.321159711769212,-78.085212603560308],[165.321355148521093,-78.085159619620995],[165.326488949009445,-78.083467086558329],[165.332623468291303,-78.081456750631176],[165.332756205761115,-78.081399198091418],[165.332909956254014,-78.081348666219071],[165.336253548513639,-78.079880617819725],[165.339992117760431,-78.07825622315967],[165.340075167082574,-78.078201869656738],[165.34021062070255,-78.078142110923082],[165.341495439195967,-78.077267727660541],[165.346413409053014,-78.074032486698158],[165.351106654737634,-78.068737581952647],[165.356065916518304,-78.053043209769115],[165.357568418044508,-78.051538297481699],[165.357042900074021,-78.05013311471879],[165.360377731838184,-78.044960825975181],[165.361594192405988,-78.04307457036856],[165.368162514835092,-78.038732922347663],[165.372389911015347,-78.036572015185541],[165.398082141648445,-78.023417809745439],[165.408168386147452,-78.019397517566645],[165.412534967176128,-78.017714895775072],[165.413018874835245,-78.017572831727463],[165.421922599612259,-78.015162542825209],[165.425751339779566,-78.014979998538053],[165.464467415128723,-78.016624457327538],[165.471680608870457,-78.019724696405333],[165.471302925450175,-78.022005874860568],[165.464155071071332,-78.024443809403124],[165.45787622709733,-78.032783258489985],[165.470937997634508,-78.033221058504637],[165.482960621462098,-78.029914464029147],[165.504288593815374,-78.026007684059721],[165.524538216974491,-78.025528370359169],[165.531083043997967,-78.023436956422913],[165.534209027045819,-78.02354911078055],[165.536205295954005,-78.023782976103448],[165.541175855773531,-78.024362954880417],[165.551165317065539,-78.027008789095248],[165.564385690550296,-78.03285368032121],[165.579034517384429,-78.041876790764576],[165.597300035467242,-78.05310632723149],[165.603301023008953,-78.057494622593566],[165.610560373620871,-78.062796841996459],[165.61307421602848,-78.065749993459491],[165.618130314077519,-78.071681087961778],[165.61816163452778,-78.076284314276265],[165.618173579497835,-78.077981012634808],[165.61165594182259,-78.087651335943747],[165.608950451831191,-78.091659698867105],[165.607300058014687,-78.09710050734121],[165.610059614174048,-78.100694224308086],[165.612276327809298,-78.10201753508764],[165.620463235722411,-78.106907703474647],[165.621851309575504,-78.109537596635789],[165.621683511746824,-78.109733254750452],[165.615799109076193,-78.116624338127011],[165.607609976478102,-78.122888524805731],[165.603775067158892,-78.124989967913635],[165.598588590237114,-78.127445576684224],[165.597649450166926,-78.128345820699735],[165.596508020007548,-78.12897087178078],[165.582194621798521,-78.134639121801428],[165.562468174861351,-78.140741745892043],[165.561960374257069,-78.140898295488427],[165.557914999785623,-78.142149236071319],[165.526251508694486,-78.150882214087559],[165.40704601252142,-78.180659432614192],[165.4008217825656,-78.182208953167574],[165.398751324927247,-78.183851833965193]],[[165.528888726569676,-78.027059439833991],[165.52756242879488,-78.027847880956244],[165.52432883173617,-78.033318395603672],[165.526206252357525,-78.036240767671188],[165.53259640393,-78.038346326696498],[165.54204296453284,-78.037087897542946],[165.5454315279257,-78.031625806829183],[165.532828123571591,-78.027223349984084],[165.528888726569676,-78.027059439833991]]]]}},
{"type":"Feature","properties":{"SURFACE":"rock"},"geometry":{"type":"MultiPolygon","coordinates":[[[[161.590011812374257,-77.871919037177719],[161.595474511517438,-77.871778452222046],[161.612591868834016,-77.870335025961253],[161.619608303857177,-77.868967417316696],[161.649885942286545,-77.868733564142232],[161.676176202124623,-77.87112982222088],[161.717713245994503,-77.869971786534606],[161.719228018060107,-77.87383824599064],[161.710924675731889,-77.877051962029668],[161.697256195316186,-77.879939852518859],[161.689854686233218,-77.884391169914906],[161.69336962705799,-77.888343327400506],[161.689887533399798,-77.895196403042064],[161.69825777505028,-77.902961813111858],[161.698659538421936,-77.907244333061669],[161.710837628198476,-77.910285388811886],[161.711248618462093,-77.913561292915318],[161.692817237196664,-77.923794125718302],[161.674601426736814,-77.928287539786197],[161.649735043640618,-77.941878652898922],[161.62303069621413,-77.947990429266056],[161.589810067732202,-77.951393437135067],[161.551523007250381,-77.952683053459822],[161.542461500707731,-77.952657866987579],[161.590011812374257,-77.871919037177719]]]]}},
{"type":"Feature","properties":{"SURFACE":"rock"},"geometry":{"type":"MultiPolygon","coordinates":[[[[163.413090433699779,-78.066501684931907],[163.401030933206243,-78.065304577105124],[163.373785994955682,-78.06507973306627],[163.371291186612012,-78.061185147436845],[163.36518588786285,-78.059671804507147],[163.360433399641039,-78.055983040708853],[163.363563099379633,-78.0534330196257],[163.372673591129512,-78.052860617512039],[163.382169857335327,-78.053381116526907],[163.396079328721243,-78.056217164363034],[163.396889977819939,-78.058614757928638],[163.403212783982895,-78.055774713794122],[163.397045689442024,-78.053912638312681],[163.397032351529901,-78.051717535682954],[163.37202749251,-78.043536315257839],[163.38150995863225,-78.037325884341641],[163.393550617664289,-78.035219448329059],[163.389441767890276,-78.032801895479636],[163.39039312518193,-78.029321648615223],[163.400025208871369,-78.027745977474325],[163.41406777904308,-78.030039642893669],[163.412676945545599,-78.033550607217705],[163.407731328145331,-78.036096029704126],[163.408401292847117,-78.039461227675901],[163.422638576545353,-78.044454853829322],[163.421519423790272,-78.048974518388945],[163.43384005529964,-78.052075086358073],[163.451182829261256,-78.049582092999174],[163.47150702040102,-78.041981257012367],[163.481185871754974,-78.040622937752985],[163.481259788188254,-78.035673341747028],[163.488155930915156,-78.032501818204452],[163.503867354630529,-78.031984364413788],[163.513228872419688,-78.036471282613306],[163.512096211509544,-78.03967155150319],[163.498490745775314,-78.041686077678435],[163.485922193309364,-78.047487809204171],[163.472677357489431,-78.050534668845998],[163.459867390869874,-78.056413275869033],[163.455937823166238,-78.062693183909815],[163.457598373170839,-78.06767539436666],[163.449800472555097,-78.070179834671166],[163.433390678315988,-78.072031255587632],[163.418587130928842,-78.072258393021727],[163.412241006298075,-78.070587023083718],[163.416421813864645,-78.067993436710609],[163.413090433699779,-78.066501684931907]]]]}},
{"type":"Feature","properties":{"SURFACE":"rock"},"geometry":{"type":"MultiPolygon","coordinates":[[[[163.210316770669067,-78.055209505599265],[163.215053440029038,-78.052651354232495],[163.22893004571236,-78.050912423038781],[163.242417416144264,-78.051112971824011],[163.25141740648732,-78.05491981131685],[163.246870509888538,-78.05747334164171],[163.217859094123298,-78.058515441873155],[163.210316770669067,-78.055209505599265]]]]}},
{"type":"Feature","properties":{"SURFACE":"rock"},"geometry":{"type":"MultiPolygon","coordinates":[[[[163.128728549160144,-77.991268102644426],[163.152716953625628,-77.988314713235482],[163.180260423050868,-77.986746862740304],[163.21246923709549,-77.986534004638699],[163.219884110986357,-77.988142237388431],[163.218478550305662,-77.990082437384331],[163.212182358475786,-77.990962993159371],[163.174280926871006,-77.992605841479602],[163.166593445421142,-77.993710887193728],[163.13904771812858,-77.995284321235118],[163.11609368824034,-77.998645581651985],[163.090102208777438,-78.000826207332807],[163.077628388055359,-78.004173396848117],[163.041904951640817,-78.00666921010837],[163.030649375354272,-78.010497426498432],[162.979546499594164,-78.01933927538667],[162.977332039713701,-78.021634449213195],[162.983670870178031,-78.023798088807311],[162.977306959076913,-78.026700032128886],[162.959313804931384,-78.02809357800524],[162.944777980268299,-78.027408029326438],[162.953238817424449,-78.025532824695986],[162.957057780419575,-78.021682104997637],[162.95367077521172,-78.019032660663441],[162.957625388580624,-78.016426708588028],[162.98510262147073,-78.012459908582684],[163.005115378953008,-78.004635654239607],[163.039108940109912,-78.001605171664593],[163.052468054291239,-77.99846647978012],[163.068698043107929,-77.996585167561449],[163.10170459013932,-77.993040818849835],[163.128728549160144,-77.991268102644426]]]]}},
{"type":"Feature","properties":{"SURFACE":"rock"},"geometry":{"type":"MultiPolygon","coordinates":[[[[162.615236841798065,-78.000146715987597],[162.6111048221224,-77.993891670638007],[162.570812190472537,-77.993236033029973],[162.560225363794814,-77.990785377300426],[162.562874138232644,-77.987507821710821],[162.596069433541004,-77.985604429630897],[162.612791074617945,-77.986538934328763],[162.618148057967318,-77.985976801909715],[162.625266310187669,-77.983170037524275],[162.638845683466883,-77.98159997102168],[162.61945332830669,-77.975703514564898],[162.61409306567478,-77.964476480964095],[162.562077913086966,-77.962555455418141],[162.547701686244466,-77.960566510434703],[162.507288406365944,-77.9624724101444],[162.498133397579721,-77.959445003604429],[162.473091889909938,-77.957848445513449],[162.443093718088988,-77.959523934481155],[162.430618537853888,-77.958695215383187],[162.427714101988869,-77.957330763607658],[162.430569157081408,-77.955439502485291],[162.452285685495497,-77.952184314272159],[162.448107119842916,-77.950767058284086],[162.431301645668583,-77.949194428148488],[162.406153770537287,-77.949808628206668],[162.384458876434877,-77.949462539911252],[162.356342215491082,-77.950725942320929],[162.345712100995343,-77.953723991558959],[162.345202387321478,-77.956557065627649],[162.33636272551567,-77.957453413346855],[162.308290736656915,-77.955006587509928],[162.289131663547494,-77.952402523465267],[162.261900849178204,-77.952244074651432],[162.248233778852693,-77.950605415318464],[162.23915538116762,-77.947236121578356],[162.238542279860184,-77.942956753444136],[162.226890162261355,-77.935519879436029],[162.230115781815783,-77.930828215949333],[162.214546554184864,-77.929407523008237],[162.20230601578541,-77.927303116703371],[162.198437129495204,-77.923375527580305],[162.186671266865943,-77.920766142421655],[162.151553243676062,-77.916860007316785],[162.139157848561553,-77.914547046363282],[162.130307895842378,-77.908985429641419],[162.126185143606278,-77.90458933618369],[162.132819564450642,-77.895693222297325],[162.107555321121481,-77.883160878781254],[162.105402156946269,-77.880219844215844],[162.130897712879573,-77.875896423767287],[162.150091052649628,-77.874636845562307],[162.227908769131687,-77.866991741260321],[162.241052574196715,-77.870992657944569],[162.257915709790353,-77.880030700820527],[162.269201513949582,-77.883154706599512],[162.3067779854793,-77.8899523673999],[162.31688572145859,-77.893205585223114],[162.322429749671642,-77.897700041876504],[162.316304096907317,-77.900157637122248],[162.30497499856358,-77.902267299275024],[162.311410540393695,-77.908432105907679],[162.305645032900628,-77.913781442518896],[162.236115833797925,-77.914861825930515],[162.255899273222639,-77.920305348400959],[162.2800272491572,-77.922449621069646],[162.289257735979277,-77.925379987680216],[162.301117862589081,-77.92658918431556],[162.326929996293018,-77.92763738513618],[162.330823645573702,-77.928657855705481],[162.332467840708603,-77.929907052226838],[162.327787331070027,-77.93077426128184],[162.310829083621542,-77.932325747320505],[162.290765164396475,-77.933372803507638],[162.264973691334433,-77.932301668305101],[162.256547426104163,-77.933440962219066],[162.275681384062096,-77.936784144540496],[162.277011331190181,-77.938814836214803],[162.289918405406297,-77.942907644596502],[162.30611277757788,-77.944371156186435],[162.355607859040617,-77.946226553269966],[162.373950124864081,-77.945224224032927],[162.387264770998883,-77.942149817600964],[162.402348011398658,-77.941152084656139],[162.41516830033521,-77.941741175539505],[162.426394461884229,-77.943382265873012],[162.443952949896442,-77.9440540090512],[162.453482868556449,-77.943695251328592],[162.455982934163245,-77.9405117943448],[162.472906942216554,-77.939828075311112],[162.488518266907562,-77.942024118318571],[162.490549508919401,-77.946158898048253],[162.501526291953724,-77.949320364323171],[162.503995453031763,-77.953408351566225],[162.518760565069726,-77.954873617314234],[162.533531135201429,-77.954896685493367],[162.539138441343937,-77.951762649967108],[162.53498838603889,-77.950036614535577],[162.529534261510975,-77.941916826786183],[162.52513367575321,-77.940218030744745],[162.521689456926026,-77.931880168054875],[162.510502272843723,-77.930242152438069],[162.501773138842196,-77.927516043735636],[162.513424256014162,-77.917568853585252],[162.519608558253282,-77.915872872357824],[162.539793646503739,-77.914988577160941],[162.531540177922068,-77.909995172085772],[162.515917581356973,-77.908550531019415],[162.507578024264319,-77.905104801373525],[162.50076317673998,-77.898093139451532],[162.506619725514355,-77.895616206221874],[162.507279228012465,-77.892071373151239],[162.475106848409666,-77.889052488752654],[162.468837905204197,-77.887559131291567],[162.476820709584786,-77.884511238736479],[162.459614577619647,-77.882035515020036],[162.44293363692762,-77.878127221913772],[162.42851633383637,-77.878978460033039],[162.439034321445064,-77.882103567237209],[162.444514430118716,-77.885859125277477],[162.45448193311671,-77.8891255061734],[162.455888239973831,-77.893325115076351],[162.473922563102775,-77.895712927123583],[162.467739982490258,-77.899171851219805],[162.45580906223492,-77.900846170322154],[162.456607677378713,-77.901954343648157],[162.461508493093675,-77.902040362555482],[162.474015519346864,-77.904916900627853],[162.465330883695231,-77.912936295923515],[162.453161094596425,-77.914237533223229],[162.440443564903404,-77.917491058860278],[162.418883721502226,-77.921202882832517],[162.406418953765183,-77.91829336058953],[162.400323814634646,-77.908076669522828],[162.395587321235269,-77.906414816817573],[162.39503700386183,-77.904299253057005],[162.386720163148738,-77.900851265287343],[162.370275236697751,-77.898287083457816],[162.370240674205832,-77.89176528569655],[162.348695174323325,-77.88630252155815],[162.336230070799047,-77.885517342495433],[162.326771897090225,-77.882751433280063],[162.30060603106628,-77.879753268356552],[162.290735744589938,-77.876476170071427],[162.290796331413645,-77.870490966963075],[162.269658555641769,-77.865722070991495],[162.289114663490409,-77.860330322292512],[162.308829680746015,-77.856650907614167],[162.339548748639913,-77.855623140751007],[162.353910195107972,-77.855828909568856],[162.370899480891097,-77.853597963635963],[162.378475339637902,-77.855582865745674],[162.383747968600346,-77.859844712445025],[162.397075745996773,-77.864918431876134],[162.400687282376907,-77.868876287713292],[162.413539386991658,-77.870487470017622],[162.419573542900224,-77.868992300045662],[162.414737518014903,-77.858003816708745],[162.44066428019832,-77.85051810799402],[162.457140644693851,-77.850563577919459],[162.46879089544467,-77.851867350718052],[162.491736965108203,-77.85026421725965],[162.511749476107354,-77.849993493499042],[162.52340572190775,-77.851738826565906],[162.529547640608683,-77.857040032224887],[162.553371790449972,-77.863065167716513],[162.54619086402343,-77.872458128330393],[162.538609770940297,-77.874820552711356],[162.518731817844269,-77.876369697481067],[162.519003535424275,-77.879900600000084],[162.523222271252791,-77.881616249275027],[162.524935658130147,-77.885785289050688],[162.536056931686659,-77.891102929428158],[162.54292858654108,-77.901243486571119],[162.552655722427573,-77.904381735358172],[162.56012750263173,-77.909160425376839],[162.572578009273485,-77.909971241391105],[162.607750415815303,-77.901164283661956],[162.616447454982364,-77.900482981569979],[162.622525261955531,-77.898751839550684],[162.635672441661256,-77.889800997976778],[162.63734265403545,-77.886534633468983],[162.628682523578959,-77.876585579342773],[162.609619666222983,-77.867782551011175],[162.597137367485374,-77.866157634077481],[162.583633708159226,-77.866083182902244],[162.561585716786993,-77.862613013990739],[162.55621886510815,-77.862752280488436],[162.560219135906976,-77.857956149032333],[162.55040559873035,-77.852694000069334],[162.55042827056954,-77.849832334024285],[162.567881714730021,-77.847595386143738],[162.61773290221663,-77.846833839744619],[162.626937964063643,-77.846132331254879],[162.658816720854674,-77.846702087012105],[162.677797415466557,-77.846007420225192],[162.745217834042194,-77.848833841951077],[162.749549412917332,-77.85148258136914],[162.74943244101604,-77.858901611919862],[162.745618153003164,-77.863688684593384],[162.749963239801019,-77.86757263910151],[162.747214730961275,-77.8696587042689],[162.737478152853555,-77.869916752378614],[162.729870918680405,-77.871025174252608],[162.697430109177304,-77.871954817475867],[162.67184105589547,-77.870850400184381],[162.658509052356777,-77.868942002037087],[162.653648725533401,-77.864769255639104],[162.643479413736117,-77.865512895669568],[162.637278172986186,-77.867010806078255],[162.642643954088356,-77.870689134471306],[162.653788262575688,-77.87381881880961],[162.659045984964109,-77.886328084761246],[162.690697260861839,-77.889387600379322],[162.695334297666449,-77.890847186432353],[162.695862668676142,-77.893181337911997],[162.686651537565183,-77.89600187930661],[162.66548881187137,-77.899300699474253],[162.643116650236294,-77.90699723490377],[162.623204520677319,-77.915687627811025],[162.602334289976454,-77.919099677026168],[162.594892521680521,-77.924337041154544],[162.579526301583968,-77.92738573239744],[162.569156497376355,-77.928373809685226],[162.561791823147985,-77.931862917508539],[162.564493693772619,-77.933598539693349],[162.594375715893648,-77.931932681431817],[162.600805625730686,-77.936777172208693],[162.614935730169094,-77.936485796449034],[162.638120070506403,-77.939293736119964],[162.641989866798468,-77.938870392770355],[162.639999329608514,-77.936392136480237],[162.643817941622871,-77.933265549309311],[162.666884550368394,-77.928978078777703],[162.682217982420525,-77.928092430623565],[162.694039217388195,-77.929338919792414],[162.698811757786729,-77.931130622016354],[162.690136727476784,-77.934091971153507],[162.67856497379384,-77.935533857367858],[162.701434222256324,-77.942746422694114],[162.697034054540524,-77.945410802115489],[162.697949077683461,-77.951103638359157],[162.686277485595753,-77.952906450420414],[162.674505205111984,-77.951611761454757],[162.666182125000546,-77.951897038054057],[162.657113179299671,-77.957029899050866],[162.659870625456591,-77.960387614811793],[162.675961583093311,-77.959811287028302],[162.679952985068837,-77.961379070888427],[162.677008992322044,-77.969772810258092],[162.657006677979268,-77.974195431553099],[162.658610150483412,-77.97579285114135],[162.663225027634184,-77.977493109526023],[162.676751135596305,-77.978663440136259],[162.690709689183421,-77.978828441499573],[162.689057358418836,-77.984864189541938],[162.667226967639635,-77.987358976751409],[162.645642638572269,-77.987767182834759],[162.639844114409357,-77.990252333869194],[162.639547634670322,-77.9930955255425],[162.652449485794961,-77.996796780007529],[162.63613889227355,-78.001461441155314],[162.625749151913908,-78.002451996676783],[162.615236841798065,-78.000146715987597]],[[162.423360188937181,-77.90015314639821],[162.417075680065068,-77.901140943756175],[162.415114420331378,-77.904292893817498],[162.425180061880184,-77.907995104193375],[162.441640405285199,-77.905636843909676],[162.452104082396147,-77.902444880135235],[162.443450591103044,-77.901209699580832],[162.423360188937181,-77.90015314639821]],[[162.494222387987065,-77.866154296965661],[162.49436747165575,-77.867352531411612],[162.503838621066905,-77.870671330396462],[162.512369401688289,-77.871149264122195],[162.517618585552043,-77.870568448727965],[162.522102771048623,-77.868001551235551],[162.516370011751746,-77.865532631793442],[162.505887419654755,-77.863439557774456],[162.494222387987065,-77.866154296965661]],[[162.563475296773731,-77.951290857888551],[162.571356101244845,-77.95639012824364],[162.596060124517493,-77.958209076062289],[162.614373586903554,-77.95799522738325],[162.617885440370316,-77.957332479276403],[162.62230184153421,-77.952823779259262],[162.632484361238284,-77.952560964290655],[162.637778409621546,-77.950044289604577],[162.633862832257449,-77.947966238494075],[162.63427888070504,-77.9457405141534],[162.631124462441051,-77.943968462149172],[162.617034786666579,-77.945826374426971],[162.619027806175637,-77.948819282046188],[162.616557908958612,-77.951520437855265],[162.605423364600711,-77.951972044255967],[162.592467573436323,-77.944218452990597],[162.593919127554756,-77.941369463296368],[162.580410558994856,-77.941241623397886],[162.571768649297297,-77.942861670155693],[162.561947240465344,-77.947944163955484],[162.563475296773731,-77.951290857888551]]]]}},
{"type":"Feature","properties":{"SURFACE":"rock"},"geometry":{"type":"MultiPolygon","coordinates":[[[[163.044885412654224,-78.021965822618583],[163.050828219302872,-78.018366866820401],[163.072890023733379,-78.016372974829693],[163.084794959304872,-78.017633259430369],[163.085649236939986,-78.019608895129409],[163.07077619099698,-78.022029856639094],[163.049020829042433,-78.023267701019506],[163.044885412654224,-78.021965822618583]]]]}},
{"type":"Feature","properties":{"SURFACE":"rock"},"geometry":{"type":"MultiPolygon","coordinates":[[[[162.367266317657766,-77.961692121910119],[162.369257514904376,-77.960138837957913],[162.38484285275058,-77.958016447067678],[162.403051662390538,-77.958761301941053],[162.409660260873864,-77.960829787962595],[162.411056074637656,-77.963485924851625],[162.402373392611025,-77.965075494776258],[162.393062467428507,-77.965329982004775],[162.380450893516922,-77.964586859543459],[162.367266317657766,-77.961692121910119]]]]}},
{"type":"Feature","properties":{"SURFACE":"rock"},"geometry":{"type":"MultiPolygon","coordinates":[[[[163.486662464872836,-78.024074299319821],[163.493345351528518,-78.021422026625217],[163.491922026362204,-78.018484768496464],[163.498641589468804,-78.015897844521092],[163.512039819660799,-78.016630425996695],[163.521769123879949,-78.019431722549228],[163.548339248520278,-78.020044879171238],[163.552983609317181,-78.022234722316952],[163.542562375973262,-78.024105305128529],[163.510585369875798,-78.024513441821043],[163.496682107235301,-78.027396622348547],[163.486662464872836,-78.024074299319821]]]]}},
{"type":"Feature","properties":{"SURFACE":"rock"},"geometry":{"type":"MultiPolygon","coordinates":[[[[162.942136452968185,-77.983962104819113],[162.939284315726155,-77.986679335808205],[162.921666317154404,-77.988417023982592],[162.908924886975001,-77.987729223585077],[162.901215838992442,-77.98424384801838],[162.905397463592408,-77.982021363355045],[162.914483674338783,-77.981467063700052],[162.930538841404854,-77.982383620962054],[162.942136452968185,-77.983962104819113]]]]}},
{"type":"Feature","properties":{"SURFACE":"rock"},"geometry":{"type":"MultiPolygon","coordinates":[[[[163.092088114999541,-77.969524714596943],[163.098865660440765,-77.973977773646112],[163.076660147419744,-77.976256709597152],[163.052284473148973,-77.976735357015357],[163.047556746619193,-77.980113568594405],[163.014705261735998,-77.983705187080588],[162.996043931832389,-77.984489865703381],[162.983434425309269,-77.983734165676807],[162.980644031359162,-77.980746756292547],[162.983024476738336,-77.978041405354574],[162.987273463976237,-77.977073063059706],[162.994713026458157,-77.976054500587182],[163.006299644168081,-77.977502048636552],[163.013504431712505,-77.977126330600825],[163.010445491236226,-77.974674832444975],[162.999689414602528,-77.973219543036947],[162.992657678878089,-77.970084636324259],[163.008730291300481,-77.96902482820181],[163.032581468125642,-77.968917455294076],[163.038536925798297,-77.968366781404242],[163.051349610122969,-77.965164983280502],[163.066465057662441,-77.964474844817659],[163.092088114999541,-77.969524714596943]]]]}},
{"type":"Feature","properties":{"SURFACE":"rock"},"geometry":{"type":"MultiPolygon","coordinates":[[[[162.946967309269667,-77.943282175231957],[162.950074115820769,-77.944505190545868],[162.925068749517095,-77.952627879316822],[162.899683888503944,-77.955003700978395],[162.885906053448707,-77.957535581830498],[162.892747952116309,-77.960995516570406],[162.90468006616743,-77.962721313064378],[162.906057663581407,-77.964546059181743],[162.888185821633158,-77.96698881575449],[162.870632130187431,-77.96721790844407],[162.831345010143281,-77.963396916862479],[162.823910678049543,-77.959262326900557],[162.844521120419671,-77.95773160443909],[162.85983328430757,-77.950140929227601],[162.88914483101226,-77.946717335230417],[162.906873894315424,-77.941328311135052],[162.922660295789342,-77.941209806989022],[162.946967309269667,-77.943282175231957]]]]}},
{"type":"Feature","properties":{"SURFACE":"rock"},"geometry":{"type":"MultiPolygon","coordinates":[[[[167.07624542607121,-78.190797003023917],[167.087801459729917,-78.189411870266071],[167.100818344544876,-78.190974622880276],[167.102288733552911,-78.193068117846252],[167.091512074816649,-78.199418406065718],[167.076740261354587,-78.199281573090261],[167.064264771923291,-78.198183901814204],[167.057906538119056,-78.196479386883809],[167.039863025833085,-78.19423157555147],[167.055164658927907,-78.191188158198941],[167.07624542607121,-78.190797003023917]]]]}},
{"type":"Feature","properties":{"SURFACE":"rock"},"geometry":{"type":"MultiPolygon","coordinates":[[[[162.750890957277164,-77.946319458516228],[162.753782495526025,-77.947909808293062],[162.749208825529848,-77.951571519290013],[162.741247300692095,-77.95280378137025],[162.729032176658535,-77.951804932203501],[162.725465724042323,-77.950030859998108],[162.727105427720232,-77.947276434420374],[162.739488394955458,-77.944778631310911],[162.750890957277164,-77.946319458516228]]]]}},
{"type":"Feature","properties":{"SURFACE":"rock"},"geometry":{"type":"MultiPolygon","coordinates":[[[[163.229188795726145,-77.973051457040043],[163.266974896099327,-77.967771655917801],[163.278462115073211,-77.970620273143481],[163.27119726628635,-77.973416074673224],[163.243690405301635,-77.978679128980801],[163.236695275306573,-77.979262663154216],[163.225165826865179,-77.977764885387273],[163.221616825296906,-77.976011776418773],[163.229188795726145,-77.973051457040043]]]]}},
{"type":"Feature","properties":{"SURFACE":"rock"},"geometry":{"type":"MultiPolygon","coordinates":[[[[167.46272373682018,-78.187598238210882],[167.45724413823956,-78.185254619196783],[167.463514830216099,-78.18369708825341],[167.467511831801062,-78.183753121699922],[167.492436437964045,-78.186015879916596],[167.49812730659923,-78.187565573420869],[167.514414066964548,-78.187183658718183],[167.52597056296824,-78.189139610744775],[167.53550479956283,-78.194406562083657],[167.532334333766357,-78.197389915712648],[167.486165686772466,-78.196951278626003],[167.480314428612417,-78.197503223066676],[167.471485797735255,-78.201547734145564],[167.455984774412087,-78.20221821442405],[167.445832076087243,-78.198734316411986],[167.46761918493155,-78.194588332399604],[167.46272373682018,-78.187598238210882]]]]}},
{"type":"Feature","properties":{"SURFACE":"rock"},"geometry":{"type":"MultiPolygon","coordinates":[[[[162.886361102359757,-77.941488439478377],[162.863022009576497,-77.944550062792487],[162.849326991467649,-77.941753100694328],[162.845584429454163,-77.937828339171958],[162.834303121768329,-77.936206644654774],[162.821151698394374,-77.935851405959198],[162.811216686603672,-77.930668383454417],[162.813777274222758,-77.929306607558289],[162.830708890700578,-77.927739970016304],[162.830734029448905,-77.925391104949369],[162.821459648360417,-77.921932017869722],[162.829155316204748,-77.917766994833883],[162.815670126119016,-77.914889027676523],[162.81346108196675,-77.912836113851313],[162.81974926470653,-77.9109786186375],[162.845925536272631,-77.90981130447615],[162.859126663605991,-77.91226670582077],[162.851771781109733,-77.921819902692434],[162.858574575027802,-77.922236525168387],[162.872270215149229,-77.919393444284268],[162.885896729834457,-77.920228093158713],[162.884440338440498,-77.924209728793357],[162.875867294177112,-77.924949383774234],[162.869522945941725,-77.928595890548493],[162.875876812665524,-77.929084094854062],[162.889823671598947,-77.926362049522723],[162.902587644040409,-77.926971827946502],[162.904845782339692,-77.929057042124271],[162.904654994732283,-77.933016298116527],[162.897239302195885,-77.938255662744012],[162.886361102359757,-77.941488439478377]]]]}},
{"type":"Feature","properties":{"SURFACE":"rock"},"geometry":{"type":"MultiPolygon","coordinates":[[[[167.319763960497539,-78.17764597598422],[167.33285555504952,-78.178172260673506],[167.361935376759789,-78.180103992213503],[167.367863694329685,-78.184056991802237],[167.351914003460678,-78.185732000520602],[167.338174488490466,-78.185788798369657],[167.323184086341001,-78.186983697624569],[167.30789799881498,-78.184823545665992],[167.311447440819308,-78.178569681150265],[167.319763960497539,-78.17764597598422]]]]}},
{"type":"Feature","properties":{"SURFACE":"rock"},"geometry":{"type":"MultiPolygon","coordinates":[[[[162.967920097532613,-77.942790767491985],[162.978329584237628,-77.940543897000381],[163.030624378716595,-77.942173679279747],[163.085488514644027,-77.942037985581052],[163.113930369515089,-77.94127057509084],[163.140362730960589,-77.938452323972186],[163.161112556914958,-77.938369617882501],[163.201461314388212,-77.933661058349145],[163.219844358112539,-77.934127679545853],[163.228501063791441,-77.936498182137868],[163.21357194545908,-77.938410511665026],[163.195518696519713,-77.939519947836757],[163.182609349300009,-77.942665718127486],[163.146375321418702,-77.94489525325362],[163.130339260753288,-77.946823724798833],[163.078932712658627,-77.946541056593986],[163.0624782693817,-77.948450518264167],[163.026744275917764,-77.94483011242032],[162.997099772783372,-77.946400523160605],[162.972816042379918,-77.94430646667594],[162.967920097532613,-77.942790767491985]]]]}},
{"type":"Feature","properties":{"SURFACE":"rock"},"geometry":{"type":"MultiPolygon","coordinates":[[[[167.085906254315802,-78.152976632544096],[167.090652536918725,-78.151861296006814],[167.090867593429181,-78.151789644185484],[167.090958794664886,-78.151758890787704],[167.097502655524607,-78.149573938947114],[167.108332048007895,-78.150365981532147],[167.124608969694805,-78.148423120050111],[167.13076664522481,-78.146803652625465],[167.15043880627303,-78.145489743516038],[167.17729283486824,-78.14587467603684],[167.193642128712952,-78.143425219980585],[167.219835905509768,-78.14440119994228],[167.226122789640897,-78.146596160382288],[167.203392111256534,-78.152375425431828],[167.183257882662588,-78.15280643021093],[167.17108396350028,-78.151477108499236],[167.157691720323612,-78.151247472641344],[167.139633448871308,-78.15376510274649],[167.103955695810981,-78.156205412865091],[167.084667059615072,-78.155528148125867],[167.0810071925427,-78.154744807396355],[167.081138664047444,-78.154117799378923],[167.085906254315802,-78.152976632544096]]]]}},
{"type":"Feature","properties":{"SURFACE":"rock"},"geometry":{"type":"MultiPolygon","coordinates":[[[[167.432476691174202,-78.167324559076803],[167.461884991844073,-78.160020069960211],[167.486281409235943,-78.162687267389984],[167.491078957786272,-78.164398701520838],[167.466485351887457,-78.168366428985451],[167.455961518030904,-78.169231438952167],[167.438381371246209,-78.169104130566211],[167.432476691174202,-78.167324559076803]]]]}},
{"type":"Feature","properties":{"SURFACE":"rock"},"geometry":{"type":"MultiPolygon","coordinates":[[[[162.968845134861766,-77.919033754605707],[162.997491037516227,-77.918106500213639],[163.012677385072124,-77.919943490254468],[163.013922185446717,-77.922879447203002],[163.007954086921814,-77.923471399626763],[162.977293379766991,-77.922588243978865],[162.964218830691607,-77.920282235383198],[162.968845134861766,-77.919033754605707]]]]}},
{"type":"Feature","properties":{"SURFACE":"rock"},"geometry":{"type":"MultiPolygon","coordinates":[[[[161.629901309630441,-77.80334516413167],[161.661846353887199,-77.792547844696131],[161.688596140315752,-77.786021423913837],[161.69927138308114,-77.78191699696383],[161.713557941169313,-77.779335796624991],[161.717725583051561,-77.775933810472836],[161.728020929088103,-77.772536432878468],[161.748441249795235,-77.76824966726673],[161.769545970316045,-77.767058021073808],[161.790077718225177,-77.771309103395126],[161.80297506287053,-77.771741753671108],[161.825552386706505,-77.7706218860462],[161.88429695208842,-77.769557004965193],[161.900469865070647,-77.772043591920777],[161.90760016345294,-77.770752330736144],[161.923970377578428,-77.764414512806965],[161.938764881036548,-77.762435911328566],[161.958637657092169,-77.762201864974159],[161.974192808238968,-77.760167943207009],[162.022765199237654,-77.750617393619663],[162.054156119870726,-77.750926596745103],[162.078890156595548,-77.748468352376491],[162.116639308899209,-77.747173076722461],[162.181778818311471,-77.740291539751453],[162.208711156146791,-77.736552716162734],[162.280974174808875,-77.72639689024416],[162.293871425592243,-77.720901811322548],[162.288375059816246,-77.719470168940845],[162.273261014333855,-77.72321604567685],[162.241567590652636,-77.726998085040648],[162.170758272746639,-77.726848922257389],[162.151231136012029,-77.727641554169637],[162.12696563023465,-77.730278017333561],[162.099749240456759,-77.731689324756445],[162.067931733086226,-77.731186526945848],[162.008397068802907,-77.731878264361413],[161.961989288164887,-77.733785713166895],[161.943185919002701,-77.733524791036487],[161.931161011066081,-77.732553668063247],[161.908360305250426,-77.732668858042913],[161.886064006877831,-77.731863069787536],[161.867120815254566,-77.732462028743726],[161.833493134358463,-77.731167893079615],[161.799002984845998,-77.733787776712532],[161.7772619722559,-77.733205494965347],[161.758168605396918,-77.733735291253282],[161.729020365034273,-77.732101493624256],[161.707527907399594,-77.728520212611087],[161.674220352088639,-77.726237729404474],[161.680668258552998,-77.714937867497596],[161.685735597226596,-77.716447642466932],[161.698510867679431,-77.717127857640421],[161.706719463468175,-77.71630455918968],[161.71375687848257,-77.715257320360209],[161.728487658327822,-77.710541430980086],[161.729872765253504,-77.707181996125811],[161.719074056922068,-77.703678441290776],[161.712659297286848,-77.698219217390672],[161.717675496461567,-77.692526078871936],[161.723904256466511,-77.691855232693115],[161.740446465315898,-77.69193048460285],[161.768240445806384,-77.689341713365494],[161.778256320994046,-77.691585535695495],[161.792851242963138,-77.69264673512852],[161.801826619235356,-77.689814772801512],[161.797749440820553,-77.68768683533682],[161.769683615159323,-77.681280794519068],[161.756106248068164,-77.679748577229404],[161.730742063000207,-77.678728172038873],[161.719587056580281,-77.677231290073308],[161.714708983802268,-77.67506231791161],[161.71873304696507,-77.67247052014352],[161.728030103969445,-77.671772366850718],[161.766469526067283,-77.67513972044749],[161.771803307571787,-77.676728245024009],[161.798131695752801,-77.680379093213617],[161.824408422200179,-77.688362393816561],[161.825561997197582,-77.691477632204766],[161.818168697342031,-77.6938340731067],[161.820848616554997,-77.697401176035825],[161.840354312514933,-77.706117719998062],[161.834152652739732,-77.712196272036678],[161.837431117767494,-77.714448979145331],[161.846305712576338,-77.713044869587691],[161.859191935370092,-77.705323301002977],[161.859336322735061,-77.701906715971674],[161.855494249947554,-77.700157398027429],[161.856665857631839,-77.696526374569004],[161.866992535251256,-77.693952667088595],[161.875652653307299,-77.693326463820597],[161.89280800303672,-77.690429148342716],[161.913693068988977,-77.679446514082386],[161.932338912094991,-77.675948959646163],[161.933846686071576,-77.673181833993709],[161.929380733603267,-77.67209040795791],[161.920545688772876,-77.673797572859243],[161.915562538905561,-77.675965909831362],[161.899863487138987,-77.677895530004207],[161.892954415767889,-77.678313499011651],[161.881390515374676,-77.677077474792597],[161.871941088334694,-77.677480254683942],[161.873956308429371,-77.684068925430196],[161.868647976876503,-77.686105645885434],[161.854742315508162,-77.685670185429842],[161.84563472104125,-77.679580519730891],[161.84754297931039,-77.670026594588066],[161.843748428199973,-77.666799825939819],[161.832478117992963,-77.665115396539647],[161.818960356698796,-77.665143019505805],[161.807068421338926,-77.667188291484976],[161.800296407588661,-77.67009476869535],[161.785183439387993,-77.669625762399392],[161.780986923489451,-77.668229993008211],[161.789517318404535,-77.659678128976779],[161.78098482888845,-77.656273962107235],[161.767597843937267,-77.654848574344342],[161.762269668805203,-77.652538607423097],[161.768252304253963,-77.650085469720636],[161.777613620020759,-77.648342331514883],[161.790311391029832,-77.648820872418312],[161.807947223458456,-77.654830140238886],[161.8191706353482,-77.656272485873188],[161.832671186303884,-77.656232358329376],[161.848208546648635,-77.65766213663845],[161.851336569918686,-77.661588094721665],[161.861871965980384,-77.663484893408153],[161.867901388642167,-77.66283189915886],[161.873834523440138,-77.657500985514574],[161.886132840426882,-77.655037370581255],[161.915352116089792,-77.654877445628046],[161.934085015037056,-77.658837985354651],[161.927784560058285,-77.664333125927456],[161.940579042057919,-77.665168732037813],[161.954446398656501,-77.662477843424426],[161.971002967854361,-77.660918996453674],[161.985453734735216,-77.661758845849036],[162.020145588883082,-77.67147830418358],[162.035220045543753,-77.674170798660867],[162.043339767709369,-77.676726540720196],[162.058662076423616,-77.678119807375268],[162.064630667518628,-77.680418120502395],[162.081730151719455,-77.681786451227694],[162.115416764043403,-77.682398813220928],[162.137010853375074,-77.685904948030284],[162.142527574938612,-77.690651954461444],[162.15574814241927,-77.693546404253581],[162.161517873724506,-77.696400918940412],[162.178431958747069,-77.699746382826646],[162.196741349002053,-77.702083831590031],[162.207941021535845,-77.70519907255327],[162.222303019380604,-77.716654462539054],[162.235705090755033,-77.718652216744232],[162.24568750086388,-77.717624041631368],[162.239384066857554,-77.714783465109264],[162.235105177552811,-77.708737689123197],[162.240179350365878,-77.701665776213247],[162.234755746554441,-77.695745989371346],[162.217592436054531,-77.691114020732101],[162.196428358859521,-77.682580512176202],[162.180538536202533,-77.679980485270136],[162.161846095537442,-77.675518065871103],[162.150456318348688,-77.670255386265282],[162.135127263502,-77.66934987907895],[162.125736940929499,-77.66428490856616],[162.122804205110242,-77.660442719959065],[162.130368069885265,-77.658095268286729],[162.130835227178295,-77.655048244325613],[162.119573170693002,-77.655201494380123],[162.104845373971926,-77.653840562564852],[162.091152213417161,-77.65402431066552],[162.066190659999648,-77.651280010696468],[162.063626346290164,-77.647744676511763],[162.068515166324147,-77.644521114035825],[162.058728312702328,-77.639988940858416],[162.043556567694424,-77.640352527452933],[162.031070233723767,-77.643609533534601],[162.010821179704976,-77.645061612048551],[161.97699886889967,-77.640838505590665],[161.95415166885897,-77.641057261624994],[161.947019160013582,-77.64044235371216],[161.940247362547041,-77.63855048622743],[161.907106261981028,-77.638278046844178],[161.897117562543201,-77.639021219008825],[161.91171910201399,-77.64211574179437],[161.913891490658756,-77.645939399924316],[161.909412504682081,-77.647782986718511],[161.897539688105383,-77.648956360116188],[161.881751347805505,-77.647534265878036],[161.874554271299303,-77.645879837902314],[161.855551418462937,-77.650670212814063],[161.845819202229876,-77.650832954779219],[161.837787942084816,-77.650134128925174],[161.832066642096095,-77.647869402451136],[161.819706614516235,-77.647172344149979],[161.81486366120015,-77.646124233139872],[161.802426170759617,-77.6409358950865],[161.786316293904974,-77.642759660285819],[161.771860004461558,-77.643351876827666],[161.753325268856315,-77.637946491428295],[161.742192929142902,-77.63645822208116],[161.72499479614541,-77.636687390621688],[161.862427194910879,-77.387587908270888],[161.88308311898956,-77.392024515570895],[161.909180947623554,-77.395188894528957],[162.001044018673355,-77.39716362567367],[162.02106785714858,-77.395110854043864],[162.02636636596128,-77.39261698047072],[162.024921138849692,-77.391430301360842],[162.021264303342974,-77.390549540059098],[161.982947205571321,-77.387438625689853],[161.954070389781407,-77.382736171723494],[161.86499794504951,-77.382832369710528],[161.91564092534955,-77.288410788598213],[161.927144813036108,-77.284463954874397],[161.936371227470175,-77.282892843303188],[161.939609139659126,-77.27970054012043],[161.927011393718828,-77.277708268511901],[161.921013878867768,-77.278309916614475],[161.935804450719928,-77.250421069912349],[161.951360283900442,-77.248125179431355],[161.967584460539342,-77.246658090394845],[161.977459717348381,-77.246689946380442],[162.00300614761457,-77.245013225956967],[162.028574192205184,-77.240731845635565],[162.039494488558887,-77.235777914196404],[162.039306796067279,-77.231689391384833],[162.036465002457163,-77.229903466656936],[162.024564869993384,-77.22917313558753],[162.014169320692361,-77.227418332136992],[161.972128572469671,-77.231616502731413],[161.945568672759094,-77.231942521415533],[161.95828588788217,-77.207794810881467],[161.962964421154282,-77.209331085345269],[161.998478598561093,-77.214639586145921],[162.021228180925618,-77.220735070102378],[162.044481660771567,-77.224607040261176],[162.052831103680234,-77.22758569173206],[162.079925770265987,-77.229267933076642],[162.110229617012351,-77.23267505106071],[162.146772392822271,-77.234294272735681],[162.149879065698542,-77.237925146288362],[162.141555510600966,-77.241305117225068],[162.105046317047993,-77.249065480170415],[162.095604342938827,-77.255353653934179],[162.050355060816685,-77.261256294139528],[162.012182227934375,-77.270229503325254],[161.992926314331299,-77.278900592644504],[161.985610861565476,-77.280685179884188],[161.981639337436121,-77.286139272317328],[161.974140881114351,-77.287785334432471],[161.959722959550277,-77.29431248406307],[161.923619347109025,-77.302068616897415],[161.922302462450858,-77.304844470775976],[161.912290544152711,-77.309866900515814],[161.913061794562566,-77.313485341908986],[161.92500143462243,-77.314243604868722],[161.943969419855051,-77.313043527509194],[161.958970481266078,-77.310342391576256],[161.974631721828644,-77.305012247606854],[161.991126002340849,-77.304874075934805],[161.998506688840649,-77.308710500451525],[162.012393841189294,-77.308553019267535],[162.007946324740857,-77.302366158536216],[162.023398950653302,-77.300554924000238],[162.035520579361673,-77.301319103407351],[162.053145086192814,-77.299852544549978],[162.040580401596372,-77.293220378483014],[162.054561245089616,-77.28274451132657],[162.082624737044966,-77.275178204084582],[162.135159984891629,-77.268158225231517],[162.145300638928006,-77.273897453724885],[162.14416010562897,-77.28269946838472],[162.140560093198445,-77.285994013168661],[162.128173886498388,-77.287981957399751],[162.114894932526283,-77.293300211332109],[162.101024175100321,-77.295805944586789],[162.089542995547021,-77.296706878841889],[162.072134581771309,-77.30457057963919],[162.051731633022371,-77.308516797496964],[162.035047874407638,-77.310036848806135],[162.027051142332738,-77.315204340236846],[162.039109953771572,-77.316582002487621],[162.054553119337157,-77.313971330189474],[162.085079531758254,-77.310728115100872],[162.09310991051268,-77.308430783767022],[162.104986854476522,-77.307302535588434],[162.11310694560251,-77.309849934108954],[162.117559658583474,-77.313881150175831],[162.124570846163095,-77.314383968086673],[162.130232229146117,-77.313930851568628],[162.139583760794153,-77.311726096426099],[162.135141798682497,-77.305677683650089],[162.141646824574337,-77.304783904457352],[162.148347896317205,-77.304417528599515],[162.16924914853891,-77.308156041987246],[162.177139972335851,-77.305782980327436],[162.188875084464371,-77.299661857367227],[162.210339095679728,-77.296663928970844],[162.216861485890888,-77.294756529320779],[162.221535736963716,-77.288320250579332],[162.238140135100622,-77.287532496200456],[162.248335994071823,-77.289471231006004],[162.260457001232623,-77.290087404702561],[162.270400326913261,-77.292202874331181],[162.287741192818117,-77.291326363029555],[162.308590289324229,-77.287597218237309],[162.32044025795102,-77.284239375055506],[162.33273374114853,-77.285276036346943],[162.356799410681958,-77.28292155378675],[162.377192757078291,-77.283202520378282],[162.3884209807932,-77.282564609628281],[162.397246127450643,-77.285461907741038],[162.408624478331717,-77.286589173139333],[162.43212036641205,-77.285569712353592],[162.448259912261165,-77.286149168675905],[162.460048118914614,-77.286992350387763],[162.470117327268866,-77.289034040407387],[162.481730874431207,-77.290000918540542],[162.499927300157196,-77.294021604785527],[162.501083385840673,-77.296962840613517],[162.48514363160038,-77.299653995667825],[162.465699224832719,-77.301168795914549],[162.441292359472783,-77.300041695331984],[162.397804792155796,-77.294097198905632],[162.361745577260905,-77.292036463693236],[162.331772790240336,-77.293271114176292],[162.2753185078559,-77.298655239286077],[162.246923948229778,-77.299172649331055],[162.234310804630525,-77.302215574717266],[162.225590022911007,-77.30270660182488],[162.211031580464009,-77.304920582500358],[162.193792822943493,-77.310210957545436],[162.186145669596584,-77.311163874820664],[162.167509852746235,-77.315862032234307],[162.166338209062701,-77.317061991819912],[162.192892158660186,-77.31854727653247],[162.19813039171828,-77.323890394072066],[162.211799690781504,-77.323470701032164],[162.223388691780372,-77.32447405830591],[162.225951869276969,-77.326420334662174],[162.215598026638872,-77.328557401335217],[162.21194940785071,-77.331166377002688],[162.221251354752042,-77.334874063354931],[162.245358842723249,-77.332222425722577],[162.263263064140176,-77.331420055489971],[162.277438338533443,-77.332176717497745],[162.283612923369418,-77.331658185103635],[162.297667165880057,-77.328589478668562],[162.312989617478706,-77.327318243098119],[162.326175957851603,-77.32451270259017],[162.340351377066639,-77.324815191308758],[162.373590922401121,-77.328889140162545],[162.385927323472373,-77.333458886640486],[162.391474217871149,-77.337174515778969],[162.387502942272789,-77.344145245662958],[162.390896748881488,-77.345933355271768],[162.390336126460426,-77.348170497397703],[162.386372296666309,-77.351962854569777],[162.38286745893879,-77.354582319775844],[162.36646239744428,-77.358389975597575],[162.359744375187205,-77.36156394818866],[162.360004750521966,-77.364647347396215],[162.371299030496999,-77.366515070001597],[162.387431376922251,-77.367253088307606],[162.410199045206099,-77.366763535851916],[162.439052341502986,-77.368069902795256],[162.461325971063985,-77.364893161703307],[162.479383006768131,-77.364134320069127],[162.486570614145108,-77.362967411361097],[162.497407021984372,-77.356794370479776],[162.50582047919363,-77.354345733930785],[162.520755640152942,-77.353577217220689],[162.532236448530085,-77.354678613015324],[162.535363924294984,-77.35655099839208],[162.524995307980134,-77.364419505807703],[162.504800730267988,-77.368750106209546],[162.503770683374029,-77.372239134522701],[162.515679869393892,-77.377410046239206],[162.517034326282754,-77.386760638480638],[162.529413241157698,-77.393003961090997],[162.540146148794435,-77.39380560060556],[162.556874522631858,-77.386637457004881],[162.567579709692012,-77.38443043417513],[162.581635440994546,-77.384017752846106],[162.593270972896534,-77.385031904174383],[162.601043515878473,-77.388739868221904],[162.606921718885133,-77.388377075525995],[162.612024382608354,-77.387555994053628],[162.619664587528376,-77.381208134920911],[162.644251959917995,-77.376846046765905],[162.668538365027899,-77.378156177544014],[162.677525047346279,-77.381023827100407],[162.691011345382265,-77.381859274870266],[162.691617707525978,-77.379077788854929],[162.705934574931035,-77.375617386546651],[162.728609689977077,-77.372608509067348],[162.753964213835729,-77.370713821922322],[162.782803767704564,-77.370267705118579],[162.804038508892006,-77.370802473320069],[162.833791649435057,-77.372231164801775],[162.846945621347089,-77.372164967324807],[162.860564164090931,-77.373550240035115],[162.932198509914457,-77.366027191840089],[162.950670656177721,-77.365410704312495],[162.958144626856267,-77.364376700104444],[162.978246178706002,-77.364430276594746],[163.018805111392965,-77.360573695579944],[163.033820396586776,-77.359856619616181],[163.041731094476773,-77.362318889479027],[163.044263661695709,-77.364494501002582],[163.041714014621959,-77.368023847914856],[163.028066432417631,-77.376701287823721],[163.003708478719716,-77.383128194320363],[162.952655007405184,-77.390930831476268],[162.935932182323199,-77.392483259300718],[162.923030833570351,-77.395209587664979],[162.860958999657925,-77.401586392150776],[162.835865813306555,-77.408783544449605],[162.821429186099181,-77.411088741914],[162.812407169067995,-77.411495824793562],[162.792164104707268,-77.414089279719292],[162.787381229493093,-77.419480785876544],[162.773868206525492,-77.427140645658994],[162.773933854061227,-77.430685983469743],[162.787031707184781,-77.432912566473064],[162.801134015411179,-77.434110630232169],[162.827760361140662,-77.441206630585654],[162.842448042523785,-77.442461178109383],[162.847104765174493,-77.446355082874234],[162.834470390906233,-77.449540690839541],[162.814686274765251,-77.452748069597533],[162.771884157611765,-77.465135559607688],[162.751424624088799,-77.468493255080702],[162.72554582775706,-77.479186926056641],[162.712690696569069,-77.482180061550764],[162.71129298753516,-77.483637804285763],[162.724659865634322,-77.485764931325889],[162.738216513185137,-77.484752536270761],[162.737596670489438,-77.481852446186707],[162.742588833751796,-77.479330489650067],[162.763237557176723,-77.477239879688398],[162.76720854588001,-77.477261765601938],[162.766076014406991,-77.478053647226488],[162.773488911503478,-77.479285732677241],[162.786538004791481,-77.47942932577061],[162.772036457028889,-77.476710134387247],[162.773488347718938,-77.475694452817407],[162.764178500254559,-77.472210213029413],[162.795976427584122,-77.466781174081618],[162.806100619827561,-77.462673252558332],[162.813219132950621,-77.461220551298069],[162.813244462354277,-77.457341436697888],[162.82010478108549,-77.455969086508503],[162.835469708510942,-77.454274856626213],[162.850151107366713,-77.457985243312649],[162.839767106096389,-77.465858857605909],[162.842878411166765,-77.467565942037069],[162.852509690633013,-77.4667126984438],[162.862063726763409,-77.456757892608707],[162.873053445021071,-77.455581429846163],[162.888545973408924,-77.46055568175457],[162.87999819524299,-77.465696071982862],[162.882748681029994,-77.467288944166754],[162.897566965152009,-77.467204557346847],[162.9145814851681,-77.463390717036972],[162.926871845926883,-77.463998843423667],[162.938961074275397,-77.466775913033771],[162.89746881766311,-77.478286905079784],[162.869526156020981,-77.488727585975496],[162.861140849622956,-77.489419439357704],[162.850111172960766,-77.493159914888778],[162.819954128332,-77.498814479804523],[162.805634155799453,-77.506427537461519],[162.807448513639883,-77.514122325893439],[162.804889389851894,-77.516596604072987],[162.801131142872862,-77.518563259883123],[162.79360157687745,-77.519909605572664],[162.780456664347668,-77.520514174186658],[162.732614114138556,-77.51700257996221],[162.711201654940339,-77.513507587853994],[162.704167882993971,-77.51060978740702],[162.696764360777593,-77.509271090915092],[162.691792442639951,-77.508628571405083],[162.678375487457004,-77.508768424994685],[162.672041663110008,-77.503995728872454],[162.65895372068718,-77.503909846246472],[162.65296766943095,-77.504731327341432],[162.650441827370372,-77.507420367357199],[162.641186943502163,-77.509654506886136],[162.6391268085099,-77.512375191580247],[162.630912799072746,-77.514912142678739],[162.61630781252768,-77.515123928820586],[162.605598467989807,-77.513385523477197],[162.598209399591696,-77.513884797804693],[162.59080334478486,-77.5148237934185],[162.58687133169704,-77.517526468315211],[162.558617035842275,-77.518338902465402],[162.525140214892787,-77.52322072282692],[162.51063368469616,-77.521603628893459],[162.510953391401387,-77.517215431523468],[162.507018917672553,-77.514850856959953],[162.508566816896774,-77.5120942745679],[162.523371107517477,-77.510241068344982],[162.524504918807679,-77.507456492264382],[162.536102401911535,-77.506594854856189],[162.554701464159706,-77.511998486136392],[162.568535982278433,-77.511580587924058],[162.573424858986215,-77.510783656363031],[162.571651086404671,-77.50943414024789],[162.558449097100521,-77.507505865803367],[162.55679365046214,-77.50551560445588],[162.536917817638709,-77.499051697122354],[162.494725033159739,-77.495106289602646],[162.477402746193576,-77.492434988408348],[162.467760306715689,-77.489986117047621],[162.448192992903444,-77.489151594981578],[162.438444225565519,-77.489271745987082],[162.413772598855473,-77.494158401884846],[162.418746181027586,-77.496397999927552],[162.444012600378215,-77.497202290820482],[162.451945462955678,-77.499638734427279],[162.452682680838848,-77.506365732305426],[162.46063033274055,-77.507647786701924],[162.460924789546112,-77.509789974864674],[162.46757609678275,-77.511216780723956],[162.465701707124055,-77.512030997670749],[162.46929750955519,-77.515374389430647],[162.48310073184274,-77.522524912003661],[162.498277085798208,-77.523478528349699],[162.520879944878175,-77.526144551158481],[162.530053660229896,-77.528939918458377],[162.561528623485799,-77.523717953295133],[162.56993980326726,-77.524852651015848],[162.5667903075109,-77.527500189398665],[162.535025954512207,-77.537784494964001],[162.5101505024939,-77.540012448702996],[162.505400258919025,-77.543362594664771],[162.49102522058223,-77.544626793701852],[162.476705542931285,-77.54705360224483],[162.452919238275285,-77.554102838668427],[162.465720162720032,-77.557111583629592],[162.470230710265128,-77.561008087625851],[162.465151168279505,-77.563525331669524],[162.441387872826311,-77.567633368443254],[162.424200319135281,-77.579716927563823],[162.417608488566373,-77.5831946793772],[162.418292111205631,-77.586340222353869],[162.41331731203752,-77.588630077682168],[162.399474332545878,-77.590429965630321],[162.39384922252512,-77.592292384522622],[162.39078858306263,-77.59568673116776],[162.375795336188702,-77.603257542523878],[162.379239400283097,-77.604504631251146],[162.382544804254479,-77.604392259404179],[162.394623302948332,-77.601006140684049],[162.410745105213039,-77.59929517202778],[162.427112332674881,-77.599178911038379],[162.430118253121606,-77.601229325749699],[162.419179133232035,-77.609076997780406],[162.407848463084235,-77.610678584955934],[162.389804581825302,-77.615793593271377],[162.374629819655127,-77.617904974971893],[162.356785789212779,-77.618908637297693],[162.342205453029209,-77.621269502377586],[162.323740848168285,-77.622016584330467],[162.312707031267394,-77.628505533638872],[162.314926108906974,-77.629848858029703],[162.336584136155892,-77.634554837164359],[162.328837165831203,-77.63758552188213],[162.338917087574401,-77.640701476395435],[162.36199919118161,-77.643181065778734],[162.376282632525005,-77.642574712827539],[162.391272810013589,-77.643710607708513],[162.422487289083506,-77.651121781368332],[162.440341210266979,-77.660015819439906],[162.458439022109047,-77.664533766817314],[162.488598137542056,-77.669887909117548],[162.492269566561617,-77.671656374351059],[162.504861365428496,-77.673351328167129],[162.520582372971603,-77.673201879075265],[162.517098953785961,-77.671072206027546],[162.52664545520858,-77.661300377702446],[162.524643765538997,-77.659933573348127],[162.502199236544755,-77.655315586124644],[162.493863601253025,-77.651890404152581],[162.491209074580837,-77.648319745255492],[162.494512382231079,-77.645679709763101],[162.511246409430498,-77.641083262872115],[162.50696452675686,-77.639547873546931],[162.50212497800004,-77.638880067891179],[162.484734067146718,-77.641608722588742],[162.470370242946643,-77.641447846998815],[162.46779471850337,-77.638147807445293],[162.475373681272856,-77.635797181116516],[162.475022270969873,-77.632910177896875],[162.485855543727581,-77.63032167259172],[162.526165527287219,-77.630874399488874],[162.535543961679224,-77.632004127002332],[162.543408997141086,-77.635479795579911],[162.55947447839614,-77.63623461522586],[162.564039017234961,-77.638914657681113],[162.557817249183131,-77.641358091007348],[162.558263108049232,-77.642531675523998],[162.561547655159529,-77.643931915680454],[162.571865366018102,-77.644775660524004],[162.57984289808752,-77.643875946590811],[162.592330669507419,-77.640653462020623],[162.610229002439183,-77.639649970597546],[162.624018517255223,-77.636964757921803],[162.63424290868673,-77.636984624845098],[162.641593668521267,-77.637560268304497],[162.662654536551372,-77.643916342419644],[162.689899779472057,-77.64757280642614],[162.698306186137756,-77.650978806265826],[162.718275897950491,-77.650496470228191],[162.731682748269094,-77.647655857159606],[162.731143200809043,-77.646778856521792],[162.715397217903273,-77.644533341503802],[162.701767015107777,-77.639418933980181],[162.690752155816654,-77.637810666058144],[162.666408312645132,-77.63618701210352],[162.663316802049479,-77.635122240283849],[162.668916031907315,-77.628782294201457],[162.674550736710273,-77.626298988211673],[162.671063044059991,-77.623825324059666],[162.635163656411322,-77.624873996488176],[162.590252003766977,-77.623127267483838],[162.578908564746342,-77.625606240859923],[162.592877632704216,-77.629406778559058],[162.590727158453205,-77.632123681844476],[162.583010795002735,-77.632663918842695],[162.563645933427637,-77.631040806051402],[162.546759693815176,-77.624218972117632],[162.548849615106434,-77.622810765156103],[162.556440966819451,-77.621757816362532],[162.574486135667797,-77.620826724099615],[162.593764630192908,-77.616232817486676],[162.605362710648308,-77.610217467315152],[162.605890944451147,-77.604530906715368],[162.620087167843906,-77.602040507452671],[162.624742492749789,-77.602407034395668],[162.631827467289241,-77.604991545576112],[162.64470510622823,-77.605297027031526],[162.650382318712985,-77.604658917491477],[162.659439010352287,-77.60153493574289],[162.677755490302388,-77.600885725129956],[162.682510792110321,-77.603952041711494],[162.672753380719826,-77.606987906945292],[162.662902858138636,-77.608358624536876],[162.658472355457036,-77.611690603728093],[162.68474743146146,-77.614415002328613],[162.713023369961945,-77.615146517959417],[162.715291297560896,-77.614013600328619],[162.712151129186338,-77.610005677374943],[162.716972985852152,-77.600155780245899],[162.734514265785009,-77.598462472897893],[162.747325958355106,-77.601673666661455],[162.75191455432585,-77.604838423599631],[162.758844064482332,-77.604811915460175],[162.765513435546438,-77.603776941843748],[162.761762675170132,-77.600668471549582],[162.763799585198086,-77.594399914451188],[162.772890347940745,-77.592834647049386],[162.798160066856497,-77.591231757384961],[162.811417811361167,-77.595398868158938],[162.814336777440815,-77.598442283586877],[162.80739557570314,-77.599752866426925],[162.798937198131341,-77.603142919528437],[162.803640538180304,-77.605894334120407],[162.825904891814616,-77.60315049225413],[162.83850453970382,-77.600163404982567],[162.847439105486984,-77.599505838553398],[162.876694305573182,-77.599003368976867],[162.907686898126116,-77.600957191236162],[162.938250116562386,-77.608403424161793],[162.939039289779146,-77.612413216709911],[162.92523717613733,-77.617216098609887],[162.917511141422466,-77.622419469005465],[162.916753876813829,-77.625225881222278],[162.912540882507471,-77.62591350665015],[162.893122364973152,-77.626304257746185],[162.884152020932191,-77.628789332296734],[162.887927993054717,-77.63063710703436],[162.929911761783075,-77.629247181381785],[162.956735042665457,-77.629128308369673],[162.98498952128989,-77.630464048423349],[163.024012163679572,-77.629741384675029],[163.044434372242279,-77.625637648783481],[163.049474206285311,-77.621955512456978],[163.050106132575195,-77.619700319031097],[163.035619719091216,-77.614788834365598],[163.01557642849906,-77.612704166943232],[162.996110773500533,-77.608366691117254],[162.992355678761641,-77.606608162980081],[162.978583220815352,-77.603806952795097],[162.973482445109539,-77.600017813702593],[162.961759022723612,-77.597661541436295],[162.925042557903254,-77.595450552018505],[162.911322164604996,-77.595750122052266],[162.898894810728848,-77.595145470507319],[162.877076541881735,-77.591818886259787],[162.865172484278816,-77.590851739506633],[162.838789300099165,-77.590712521390941],[162.834444859563973,-77.589625205353869],[162.830684004778902,-77.588106247499283],[162.831990512265747,-77.585335612597206],[162.845911340287444,-77.582354033454195],[162.882215721099982,-77.580605192759251],[162.884365508397678,-77.579583563319218],[162.883618455808573,-77.577333307842267],[162.875978878789226,-77.574040459219702],[162.864607409718445,-77.57271349154712],[162.856575269185669,-77.569644698003927],[162.845120795827199,-77.567791942836664],[162.812222737227273,-77.572590677474011],[162.803788920567996,-77.574886724478802],[162.806736709444465,-77.576038020950733],[162.832357744854932,-77.578947548042549],[162.830922149417631,-77.580380828000457],[162.825504361053788,-77.581461299906394],[162.80806836638277,-77.581705257871505],[162.778198169134214,-77.577411991538796],[162.739149260184746,-77.580180907618839],[162.719236446905541,-77.580328497934559],[162.705676799212284,-77.583079329527635],[162.67055262105211,-77.585301340695395],[162.669319427391201,-77.588953195241615],[162.640728731036091,-77.589700580165029],[162.639934720822509,-77.592515984249744],[162.633383511042382,-77.595008951863065],[162.61888199901378,-77.595593039852886],[162.608183749932294,-77.597152430409992],[162.597780887100043,-77.597044601019988],[162.591834989519384,-77.598767381091619],[162.575781057376815,-77.600505227010714],[162.568554882181303,-77.600001287231677],[162.566094061395688,-77.598988742434486],[162.570978162239129,-77.596456634105408],[162.574491833493198,-77.595805366710607],[162.593684815001382,-77.595360800240186],[162.596801683161232,-77.592474787654155],[162.578437071351402,-77.588375462520489],[162.580321430785574,-77.585641251462263],[162.595507791046145,-77.584234668726552],[162.615617445153049,-77.583547636061382],[162.630301452510878,-77.581255877773955],[162.640801198544892,-77.577247352985026],[162.65504284230434,-77.574777544324832],[162.665297956030656,-77.571338847319254],[162.663911855787291,-77.568385761850848],[162.671469818138632,-77.566033874713852],[162.669012725566489,-77.560149096906059],[162.684700787737825,-77.55834389693176],[162.686829079002536,-77.555627368675488],[162.67873367129414,-77.552223640926798],[162.68409609264873,-77.549724647665059],[162.666438333180935,-77.54322467968781],[162.661440570761897,-77.539620704164435],[162.679969742413135,-77.538008967267331],[162.686539141578265,-77.535591680085474],[162.676913331988516,-77.532084098041366],[162.686735362330637,-77.52961566148322],[162.712692442451612,-77.527838218364195],[162.741243531169374,-77.529398685390575],[162.777483090608257,-77.531807458550773],[162.790882641291944,-77.534016290958263],[162.78758691088737,-77.53951154239833],[162.778846875135542,-77.544642998964079],[162.765254812435046,-77.546591891265251],[162.756215059294249,-77.54985275883918],[162.738458277981238,-77.553373127607642],[162.743782587634684,-77.55944700592228],[162.732531223738192,-77.560879379905316],[162.725331141108342,-77.563929007738437],[162.73681123644991,-77.567963933752679],[162.748955950900836,-77.570060344702796],[162.758132460908655,-77.568982440908826],[162.752218343829043,-77.562870042929674],[162.754427085814115,-77.560159276633655],[162.758971583837223,-77.559271020108866],[162.765372714694138,-77.558666451124921],[162.77895350441139,-77.558823709906193],[162.787734987177544,-77.561561921080212],[162.797632699135306,-77.562660533241015],[162.804580021216196,-77.561359167247787],[162.805463890055847,-77.560176193213834],[162.790718167714687,-77.555305710697553],[162.786888678951442,-77.551376349518335],[162.811975991375647,-77.543694826473626],[162.824946197921605,-77.544869626952845],[162.828636329921352,-77.546627622993881],[162.831721993764518,-77.551029833293853],[162.822694647592897,-77.553852345911039],[162.823617277214424,-77.555041305533919],[162.832571946926379,-77.557093806293977],[162.835625062570671,-77.557004212134117],[162.846559305850292,-77.55201780493384],[162.860192379591354,-77.550067919054172],[162.872680086432354,-77.545184915016947],[162.870507524297778,-77.541854166160746],[162.856387944701936,-77.541403876030159],[162.842239174020477,-77.542040063392619],[162.827882516772547,-77.540165212545119],[162.818152901040264,-77.535838417060717],[162.823415124045738,-77.53047509270219],[162.836489565588892,-77.527556049062795],[162.856309939027227,-77.532197452073149],[162.865600215065484,-77.530430883128645],[162.861683044030485,-77.527313347802831],[162.878026208749077,-77.522688767788935],[162.884176514892886,-77.521931844025133],[162.896993998541717,-77.522210969552205],[162.901392019646636,-77.525222579861151],[162.917146924885287,-77.529972257722164],[162.922185599603779,-77.533764497978964],[162.918916070945045,-77.537787281954905],[162.909136479802271,-77.539037613114402],[162.910596022949903,-77.540517234145156],[162.923524680026105,-77.540730940442515],[162.939396406878473,-77.538874725440195],[162.951093999225975,-77.541380326919281],[162.95207604969471,-77.543453576562683],[162.948775658096537,-77.547375533657487],[162.944345152767028,-77.548136533531874],[162.922651704121392,-77.547553176724051],[162.899414433065857,-77.548361390035495],[162.88911696835396,-77.550393771770999],[162.877262765673834,-77.551202582396442],[162.879869043691741,-77.554232213733599],[162.865730653808384,-77.559006393314192],[162.866108221231684,-77.562398883902773],[162.907446633468822,-77.557857578078583],[162.92536507289222,-77.558032913780252],[162.93244752701861,-77.560573242119403],[162.921405907983171,-77.562698425113211],[162.915902048813052,-77.565422123853295],[162.899890084209687,-77.569842072436728],[162.899865693456803,-77.573450104527694],[162.906251104442589,-77.573869295774401],[162.920950844648615,-77.571595534942873],[162.937946289293222,-77.566135461320968],[162.957521790067631,-77.565845061836129],[162.968494060332375,-77.562062756825156],[162.985690043522254,-77.562201355717619],[162.988491842544363,-77.564273856947878],[162.977812679624435,-77.565841950252647],[162.962452698195818,-77.571960934277513],[162.944218995347967,-77.575629692220758],[162.942345346520511,-77.577344311004993],[162.94520046944146,-77.57855012797063],[162.962476083959842,-77.580206150452284],[162.978767497904016,-77.57445945655077],[162.994367784682595,-77.57255109491102],[163.014611004140789,-77.572522283086968],[163.030935892280382,-77.570908520668212],[163.037120672309925,-77.569302543673771],[163.052574440984529,-77.567336999481171],[163.058208818128122,-77.567132350492685],[163.081512732769085,-77.569395938737884],[163.087311052144969,-77.569056330685797],[163.130355670238231,-77.561829982931172],[163.148433313729697,-77.560926870153168],[163.171778409235799,-77.558054666409234],[163.204682869317935,-77.557138776531801],[163.220683646861431,-77.558491586595892],[163.248061367973634,-77.566279780467994],[163.24976230536987,-77.572657459381119],[163.243068191120443,-77.575205434737384],[163.242661285184795,-77.578030193362537],[163.253665684026203,-77.587546552596166],[163.264837648450992,-77.589872678616914],[163.283091377648901,-77.590442536533516],[163.310013001116459,-77.588974949854133],[163.341284341374461,-77.585175096288921],[163.355865905429908,-77.579637537974349],[163.3632978586094,-77.568262282295763],[163.360155043788524,-77.565666597836184],[163.35390259094126,-77.563972291663305],[163.291720429419627,-77.559030025618981],[163.269594317385781,-77.555019038426451],[163.266662753818849,-77.55316736602235],[163.244276181589612,-77.546996810833051],[163.23471745004835,-77.541530185363143],[163.236341309808211,-77.537704890358299],[163.256153045896241,-77.530440134944385],[163.269861121959025,-77.529379076358211],[163.282163039059213,-77.530021913101791],[163.292888466199116,-77.532587877541047],[163.298826401451947,-77.537024535488825],[163.31351106716491,-77.537461031881634],[163.323534387221088,-77.534808486491642],[163.329157063442409,-77.529472884745076],[163.335168557233999,-77.527012161935119],[163.332763240613701,-77.525754776235559],[163.322716482030415,-77.524873101757052],[163.288562198094866,-77.525418263232467],[163.276903692446012,-77.524316041249193],[163.273696048364343,-77.523028174703668],[163.274803335747578,-77.520249725074976],[163.283092389928299,-77.517111205063188],[163.308080991346316,-77.510862239762346],[163.323875207880604,-77.511440957020241],[163.32338435028916,-77.514851217898808],[163.318013870131892,-77.517352921897967],[163.324514024017759,-77.518513698710365],[163.335067646975347,-77.51762258532267],[163.351222712078112,-77.518261567801332],[163.355802512057465,-77.5197981749115],[163.352956401031577,-77.523401282067582],[163.355755417140443,-77.524514046526363],[163.367538643098698,-77.525527794209808],[163.397397285574158,-77.526320809168411],[163.426929199243602,-77.521891404262846],[163.427630932133468,-77.52126011918719],[163.40746442493645,-77.517434133579343],[163.414008198945908,-77.516270083577069],[163.420720173426787,-77.515356502612079],[163.431415704222871,-77.515574913364304],[163.48358155486838,-77.517812202249985],[163.503964381840632,-77.516159579048519],[163.52532867788301,-77.512534376628693],[163.570106112026679,-77.514179865270748],[163.581148056680036,-77.513847433613975],[163.588912447825123,-77.511976657643288],[163.58527724372928,-77.507137369777922],[163.586747987573858,-77.503301735397912],[163.615537196948196,-77.49995125002232],[163.626699308047932,-77.496321659354081],[163.653242917130541,-77.493308317162828],[163.652976296218498,-77.489991613485046],[163.625837690038196,-77.490640788412961],[163.613255121465926,-77.490236540889441],[163.586123873046176,-77.492299146138322],[163.571629198190777,-77.491874056415242],[163.547974550683421,-77.493266046394965],[163.539620838574734,-77.492739811861497],[163.535229907206684,-77.491471988062671],[163.545256575774971,-77.488144531211915],[163.554319119990197,-77.487715248291821],[163.571847402556159,-77.485276270859771],[163.600087609499667,-77.469624487693096],[163.619748446626488,-77.465355431664733],[163.644230363437799,-77.461444086821245],[163.651096938926145,-77.455376052271916],[163.654374817087813,-77.442179622207661],[163.640566367485633,-77.436834848857401],[163.636690065705551,-77.43251713677941],[163.64161287268837,-77.429756108448316],[163.6548115387709,-77.426966782907954],[163.663154042155981,-77.426265753302516],[163.665258858481195,-77.425100105717974],[163.663007506471814,-77.422820932697306],[163.65166039849197,-77.420121746294058],[163.648572081793816,-77.41609047139643],[163.622790179063628,-77.412562969051294],[163.592695045162287,-77.40515137517707],[163.588601633138097,-77.402107340266284],[163.576320101030888,-77.401545411275862],[163.568599484265661,-77.399700738140595],[163.570567307393276,-77.396982031269658],[163.577183332114942,-77.394562517017036],[163.591398738551305,-77.393020569157699],[163.592669841951533,-77.39340457011032],[163.595556588276139,-77.393910188620268],[163.595905628683795,-77.394049976009939],[163.596601421028737,-77.394094693814424],[163.598656280680586,-77.394454337188819],[163.60595990479618,-77.395203266260239],[163.618584044197945,-77.395899886373613],[163.631518738743068,-77.396030240229351],[163.636490545981331,-77.396154578268408],[163.638605866123214,-77.396101706183401],[163.644491948677086,-77.395953828722597],[163.64873764865149,-77.395847727811201],[163.65081023079793,-77.395724478393731],[163.680524222916574,-77.393953287093197],[163.681490599776083,-77.3938953842963],[163.692134389139113,-77.393513862010366],[163.697711698372331,-77.393314383441847],[163.699191388164223,-77.393353176947031],[163.710126554986118,-77.393635252937628],[163.714662966466307,-77.393752851979372],[163.72203154311191,-77.394433566623746],[163.722516531941466,-77.394478698029133],[163.726743876404186,-77.394870141826573],[163.732965414668456,-77.395941725703963],[163.734123438252965,-77.396283192390797],[163.736226919014342,-77.396903997333055],[163.737757517459556,-77.397355631598785],[163.742593249420139,-77.399818088904382],[163.742734592307073,-77.399891047078242],[163.743003939664021,-77.400026638040657],[163.744729389989772,-77.401920292883347],[163.744694901186563,-77.402755547410052],[163.74469386658194,-77.402775618282931],[163.744655863785056,-77.403701858421172],[163.744254802684111,-77.404015119317108],[163.742509410705338,-77.405377646257335],[163.72572780244758,-77.412001431722388],[163.724819631869593,-77.412808426218234],[163.723269959013692,-77.414183515519596],[163.722881338173721,-77.41452839848661],[163.722988305637045,-77.414906007304594],[163.723232609580464,-77.4157531917554],[163.723640666839913,-77.417184174555985],[163.726614338944643,-77.419920367719257],[163.731303823893739,-77.422592577621558],[163.739374400182044,-77.425803962117854],[163.749960164895583,-77.42885346898521],[163.759587245991781,-77.430956645475646],[163.770018469724903,-77.432544066319196],[163.777135852023861,-77.433154796580354],[163.77836407306512,-77.433194672493386],[163.780808200989014,-77.433272441663107],[163.790068466394189,-77.432887398626818],[163.829264094501895,-77.428946446559038],[163.829190656166986,-77.428990356654921],[163.828062630645036,-77.429669837350943],[163.827457581890343,-77.430034221992116],[163.827269239921748,-77.430082718753226],[163.821774212276665,-77.431508331334584],[163.819212651274853,-77.432173071812088],[163.819065505425613,-77.432202854514927],[163.773559463576788,-77.441281946873573],[163.752895697957797,-77.446023639314163],[163.740986746054716,-77.449946851140979],[163.740758637732341,-77.450093501506132],[163.740731431774435,-77.450110731067056],[163.737461976733073,-77.452215905320912],[163.737429093052214,-77.452321624979717],[163.737282261486882,-77.452794475009114],[163.737009724369074,-77.453671621898849],[163.737063512988556,-77.453733080306904],[163.737253345639687,-77.453957169122788],[163.738826479250434,-77.455794777691722],[163.741208139708789,-77.457071112800847],[163.741848134690258,-77.457414929044077],[163.742750386376343,-77.457898557668528],[163.755752615976093,-77.462064672459675],[163.773661312994363,-77.466217471509111],[163.809830578381849,-77.473731742919554],[163.821325413390582,-77.476116968958934],[163.83262947296754,-77.479105190134916],[163.841029122272545,-77.481322842274295],[163.849051032183809,-77.484415035903169],[163.853072558292496,-77.486817680236783],[163.854729433804465,-77.488414710434341],[163.855421540094028,-77.48928932015572],[163.849097478880424,-77.495654818235053],[163.852919112608419,-77.502900639107082],[163.84873291876437,-77.50643331733454],[163.841131320593405,-77.510597528441579],[163.829491779714829,-77.515245295694143],[163.815533366970129,-77.519745296010896],[163.797012181541191,-77.524811574019182],[163.786032259568259,-77.527471724476172],[163.779423976012652,-77.528517060803793],[163.776714674321511,-77.529724463031457],[163.735143381084725,-77.538888922089654],[163.730014130324037,-77.539831326270985],[163.712274645600331,-77.542576347576315],[163.693799502276221,-77.544858287121684],[163.676601822401807,-77.546327601192402],[163.675053004401065,-77.546459685411207],[163.674862552060802,-77.546458319465998],[163.663183404078438,-77.546348320350972],[163.637955598520563,-77.544407962218273],[163.633004179973938,-77.544246011183048],[163.631177623229263,-77.544187169081837],[163.629665422181063,-77.544137567372658],[163.624412366513468,-77.544278793022443],[163.618111859576459,-77.544449522729465],[163.617189628830232,-77.544474020262129],[163.612979822584151,-77.544793841719169],[163.606338702123566,-77.545298406313748],[163.604917962649466,-77.545406236432399],[163.564404352808054,-77.550719799786521],[163.56369750010532,-77.550825447180685],[163.559375199851786,-77.551467188496773],[163.542851516952595,-77.553921191524864],[163.540808485461099,-77.554307016546531],[163.531850346386364,-77.555997058798624],[163.523964887906914,-77.557484887476363],[163.522292127557108,-77.557948814883588],[163.512206174465263,-77.560748165213312],[163.51175599871749,-77.560872483478406],[163.511324392487865,-77.561122544732797],[163.507568261204995,-77.563291145611998],[163.505736043101479,-77.564348727387596],[163.505229009385204,-77.565098170880361],[163.50390086651467,-77.567058689207457],[163.503085891436712,-77.568264229976606],[163.503178833017358,-77.568871632021143],[163.503560784534756,-77.571314939947541],[163.503818739109221,-77.572966169078427],[163.504441182425268,-77.573434117735118],[163.506258559211375,-77.574800352128875],[163.506879920742279,-77.575268215910526],[163.50753893428589,-77.575367153801537],[163.513523284328272,-77.576263254697793],[163.517489800354753,-77.576856314937928],[163.51864985201621,-77.57693373448511],[163.52662097025555,-77.577460076390452],[163.535175319181747,-77.578025600313325],[163.535928649326479,-77.578018943448342],[163.551279450562362,-77.577888005772905],[163.564958796827142,-77.577771084768656],[163.56571716561146,-77.577764665468592],[163.567437090555472,-77.5778287580072],[163.576911075110672,-77.578187890929556],[163.57766265723302,-77.578216583117907],[163.580051251137434,-77.578566099700751],[163.593294721871871,-77.580502343802891],[163.594464421301268,-77.580673671662396],[163.594962084693407,-77.580782270164775],[163.62837748931878,-77.588019270944898],[163.674159609610086,-77.597845520866571],[163.680233639543303,-77.599147482830816],[163.692758071384418,-77.602678759838597],[163.698254357332985,-77.604983201391676],[163.700123949362052,-77.605766688439118],[163.703781677808053,-77.609263909193572],[163.704125131100767,-77.611230385759384],[163.704502860921565,-77.6134099797641],[163.704599877003147,-77.613967188700585],[163.704217292116994,-77.615578789475308],[163.70403412106927,-77.616350731713453],[163.700072313532502,-77.62339864608532],[163.690409692411521,-77.634323524633061],[163.679317063718287,-77.641572626704502],[163.666279737372832,-77.646306692135056],[163.644364562581387,-77.652183793833501],[163.622445637280947,-77.656455856442577],[163.614770391123614,-77.657513794010285],[163.607323069539007,-77.658373656904502],[163.579466541914144,-77.66037852356169],[163.552753897692696,-77.661624074649183],[163.519823858403726,-77.66297849892895],[163.511289784315181,-77.663592015682568],[163.504489810987025,-77.664080128178782],[163.499701961252612,-77.664675310498438],[163.497907006170834,-77.664898668839527],[163.496909900591135,-77.665318483243382],[163.473525327560907,-77.665994293519958],[163.422736455007282,-77.67028614038486],[163.385984583940143,-77.672005610845957],[163.362352814816575,-77.674851561556707],[163.319234430236577,-77.678120260474259],[163.281423029649659,-77.67942032780077],[163.240719004002131,-77.683407533180613],[163.228602783790166,-77.685480549372386],[163.221175816608451,-77.6881306193889],[163.198110485185481,-77.691214621528019],[163.185113807319141,-77.694218880428309],[163.171492812573945,-77.696065337645777],[163.131712096626529,-77.705690738169721],[163.07912468286321,-77.713415200229292],[163.070361752920064,-77.714021442828084],[163.05537988411993,-77.7170955643074],[163.039358050396572,-77.718064174324127],[163.030420741420897,-77.724041167320337],[163.018063755358355,-77.728949438487689],[163.008200984645754,-77.73027200823573],[162.996749789756393,-77.733919613428796],[162.989191482608163,-77.735013258739059],[162.972632175977935,-77.740738263595361],[162.959884273524892,-77.742301984326815],[162.943818915888528,-77.745685674883873],[162.93245820374085,-77.749380403894563],[162.916537086138675,-77.751252867661051],[162.898058710473094,-77.752100599582903],[162.872912217518405,-77.754403305525827],[162.855688581224626,-77.754931769973567],[162.830920443748823,-77.753438020306504],[162.817410740315495,-77.753464312790925],[162.808086434362082,-77.755239322333949],[162.81220940516792,-77.758368521015939],[162.794449732528676,-77.759966276257003],[162.771701673543248,-77.757083356378615],[162.721158119189312,-77.752946350352673],[162.701532998629432,-77.749779049979423],[162.691285769464685,-77.750402968076799],[162.694532916617788,-77.753731975391702],[162.714862030052785,-77.758011370288202],[162.730803181558912,-77.757394715752355],[162.742565232512874,-77.758569184917462],[162.743785790105562,-77.760423793551652],[162.736545343683673,-77.761653074757604],[162.737026279930348,-77.76234966849367],[162.764345436090366,-77.764561505054331],[162.776752304264221,-77.76638142935316],[162.778356743415628,-77.767581675827429],[162.771739071147607,-77.770006125346342],[162.759997906281001,-77.772093809570507],[162.720973578563843,-77.778105109660544],[162.726488180685834,-77.781328349652455],[162.721177092599817,-77.783838794330933],[162.711824306110259,-77.784896087504393],[162.692605437587133,-77.789612726141925],[162.66923491703227,-77.796818340782409],[162.654188265316378,-77.803229786562056],[162.638724582815684,-77.805316875630893],[162.629111633085444,-77.805600962486338],[162.599061812058807,-77.810130177772976],[162.568429595658102,-77.810259350133521],[162.543043878889847,-77.812507546810892],[162.512734717033794,-77.812764481793991],[162.500264380105932,-77.816070238520879],[162.494590449098268,-77.816489603178923],[162.482819981358006,-77.814190020121728],[162.485919024864302,-77.811185287962672],[162.478729640850588,-77.808951769721503],[162.451162815653731,-77.806782283105022],[162.423514564879753,-77.805820294221277],[162.359165656293015,-77.808968920225226],[162.303530361492847,-77.807260312319229],[162.246464291308001,-77.809163369061807],[162.212496297853477,-77.812104205655785],[162.206002409522654,-77.813662483560549],[162.166801453416184,-77.818684389390583],[162.149920148520806,-77.819899935974433],[162.136945463429697,-77.819093079530518],[162.105168786257678,-77.822487785939387],[162.091445456110876,-77.822566561348197],[162.073743656520463,-77.819606562491799],[162.06483134612688,-77.819026602900905],[162.007581078085309,-77.8208432509457],[162.000102457669868,-77.821998604493146],[161.972581399746446,-77.823364063692935],[161.92169703833909,-77.823553791856497],[161.903695782946926,-77.824606012935348],[161.851511721404108,-77.824244287896107],[161.832391440378586,-77.824826817221322],[161.741072545856696,-77.820220246006684],[161.714114000142274,-77.820029097944584],[161.663291004151972,-77.815872314662215],[161.658948100622808,-77.814171659228222],[161.633169311319193,-77.810420786519714],[161.627442272063121,-77.807594994784836],[161.629901309630441,-77.80334516413167]],[[162.099723450651368,-77.808272948201235],[162.110743676580256,-77.805958548720724],[162.109464194122296,-77.802732272658346],[162.101691466460608,-77.798098872625971],[162.076166726145601,-77.797035124931639],[162.070739604312223,-77.798242697940722],[162.073855875930803,-77.804412165762741],[162.099723450651368,-77.808272948201235]],[[161.888449046727459,-77.777883142900421],[161.881891326817055,-77.778739884936584],[161.88366784852758,-77.783714412208298],[161.875955206638906,-77.792696828281976],[161.867934623702752,-77.79501524288051],[161.862386842721122,-77.80037887552318],[161.848613894921812,-77.802298948535096],[161.84359195550033,-77.804825210250897],[161.845035172158589,-77.8059240239687],[161.865335700869139,-77.810378387390301],[161.87744356210041,-77.810042177755136],[161.886495157366937,-77.808907628657352],[161.896821544320318,-77.805634032660336],[161.897803929102167,-77.801686315884893],[161.892762331758462,-77.79960666409805],[161.898200324923664,-77.796708058451202],[161.902059257268064,-77.796899323327892],[161.918815480426417,-77.802186558609606],[161.929321662887077,-77.802130809831723],[161.933545415136678,-77.799549245871546],[161.930689141912893,-77.795991057272474],[161.916328974831856,-77.793201850541323],[161.908079385732833,-77.789756393881603],[161.909487561343212,-77.786396390600345],[161.899864118745029,-77.782857656630071],[161.899420168832052,-77.779857909769973],[161.888449046727459,-77.777883142900421]],[[162.028025525913762,-77.77531063728776],[162.023491652517151,-77.775159392421912],[162.021629797045364,-77.770637270074019],[162.013550592646794,-77.773466202623794],[162.014774748043777,-77.775111680320023],[162.019415805778408,-77.775599447218482],[162.014576775313287,-77.782150846307516],[162.017712307290623,-77.785237645941052],[162.014410457096602,-77.78788220832908],[161.979009774269997,-77.794063635567298],[161.983087471582593,-77.797216117319607],[161.972312537440558,-77.799347028300076],[161.968612940018033,-77.801964684531811],[161.971503442193921,-77.803276508622332],[161.992946740564889,-77.807006003631187],[162.026126162175672,-77.803015475233593],[162.048813276828128,-77.801726362618396],[162.045097008994645,-77.796674946149452],[162.051907636288519,-77.79045485233533],[162.05140675811333,-77.787320048996406],[162.037987888140947,-77.780096804873153],[162.030652575588306,-77.778721095390537],[162.028025525913762,-77.77531063728776]],[[162.243417389232064,-77.78516443791284],[162.229190740277204,-77.78519161729551],[162.211913188558583,-77.78702104467277],[162.190747730330372,-77.794188789253226],[162.18953468117752,-77.796974989973279],[162.195058152330319,-77.799174038604932],[162.226460061980049,-77.799480249977051],[162.227248939514368,-77.790929677213711],[162.2424136449537,-77.789089714744364],[162.24801802898827,-77.786601738540867],[162.243417389232064,-77.78516443791284]],[[162.499227703900772,-77.786298540460393],[162.513094074148171,-77.795002408471731],[162.529148514344513,-77.794343982868213],[162.537011186426895,-77.791679644646592],[162.532057373077805,-77.784818420366236],[162.517567164095311,-77.78290797810044],[162.507181597797654,-77.783965634431752],[162.499227703900772,-77.786298540460393]],[[162.326598961950111,-77.772586476608637],[162.319489681277474,-77.762496887507183],[162.311306079530084,-77.759046089593539],[162.290239499148157,-77.754137005644139],[162.276404710899101,-77.754009169854129],[162.261117212375154,-77.755947985523491],[162.257662077550634,-77.767182882469456],[162.262077976386763,-77.770349615341971],[162.25894215883406,-77.773004431681471],[162.250552542561678,-77.775303178004961],[162.248203612714661,-77.778011489213398],[162.251922250836486,-77.779540803559613],[162.264837838736895,-77.779955754081442],[162.275286796098442,-77.782004659424388],[162.287567975602286,-77.782841258257704],[162.300973665534883,-77.780949691155485],[162.32015317997363,-77.779812984758465],[162.328431801152163,-77.783254604634919],[162.321708413505803,-77.785849075574191],[162.289626279229651,-77.788929352894741],[162.283841877819327,-77.791892935369901],[162.286072806029068,-77.792808221405764],[162.3096955335198,-77.795119571501957],[162.316769864942785,-77.794115558766535],[162.319165534685595,-77.791410550548761],[162.328682277816114,-77.788096499514964],[162.361706134199153,-77.787572633025093],[162.370177362655681,-77.786247477928811],[162.366016839716821,-77.784703126819622],[162.349574232868548,-77.783115063712458],[162.346276589670026,-77.781772789356111],[162.350149750720988,-77.778703209702229],[162.333484012204394,-77.77618007812373],[162.326598961950111,-77.772586476608637]],[[162.358284496595417,-77.771826288335092],[162.376492265196134,-77.769478847877394],[162.383691888483099,-77.761977389749632],[162.378348418004094,-77.758444108822161],[162.357271256896837,-77.754479826742184],[162.348337587705856,-77.756118178838008],[162.35132547474106,-77.761181035146549],[162.347037325171726,-77.7659990239477],[162.347729419227932,-77.768097243930356],[162.358284496595417,-77.771826288335092]],[[162.484955352092044,-77.750337350774203],[162.465332541592005,-77.755826563517047],[162.460716237669857,-77.755676999595437],[162.453023145597001,-77.75365615329352],[162.440247246849395,-77.753171011544779],[162.43278255361048,-77.755099733021751],[162.418135042723975,-77.760819009330064],[162.403592781086985,-77.772527568260799],[162.39843276766959,-77.774615002774027],[162.389639064967184,-77.776094082290825],[162.39878028157159,-77.779895962076353],[162.413911795808559,-77.77984225781141],[162.434833744602912,-77.776895892418366],[162.449233150022479,-77.771499481928245],[162.454210371326099,-77.770977251085725],[162.465545296213662,-77.772556174634758],[162.479216797479722,-77.781409902562956],[162.502238588909051,-77.77790871784093],[162.506640097880734,-77.772475589716535],[162.524487240829927,-77.771558559562791],[162.540434593217356,-77.769003747127414],[162.535637339440569,-77.767000756655662],[162.515354816858405,-77.762708910289632],[162.50327417687069,-77.75617128682245],[162.484955352092044,-77.750337350774203]],[[162.548111787361364,-77.744131364186416],[162.534985095082504,-77.743891692053097],[162.527896006887801,-77.745263382378965],[162.529472375455299,-77.745905531766567],[162.554410390295914,-77.749678125699461],[162.567593135246142,-77.754752816270411],[162.571667287246328,-77.755552535869583],[162.576644957112734,-77.755180344808664],[162.581781917793393,-77.751002458813616],[162.575028848095315,-77.747393514890533],[162.548111787361364,-77.744131364186416]],[[162.465016947729339,-77.745602425374173],[162.476423887660189,-77.747002189127585],[162.483324356093135,-77.746427741292152],[162.489588142554908,-77.745563530347596],[162.495082331955217,-77.742858019233992],[162.513024764411739,-77.741405826588021],[162.506813366439872,-77.735619097057096],[162.497273006864617,-77.73538801946367],[162.477946237252354,-77.736908099069993],[162.457763080946961,-77.732353954456258],[162.441718599173015,-77.733610976081138],[162.442002980998126,-77.742508217537008],[162.451597851112922,-77.745555080480273],[162.465016947729339,-77.745602425374173]],[[162.772156667540486,-77.750018873303347],[162.778643671919724,-77.752332712589336],[162.787820277255264,-77.753293481809948],[162.794759317621669,-77.751946030969265],[162.799613670629782,-77.748546182544601],[162.788850665568702,-77.745340723037955],[162.776134365236715,-77.747421499344341],[162.772156667540486,-77.750018873303347]],[[162.682120644991954,-77.735471213748255],[162.689692756936921,-77.734413870694837],[162.69284450766807,-77.732111456129914],[162.684281959268787,-77.72652530348067],[162.671568367213752,-77.724320920375902],[162.661413580853207,-77.725538527330087],[162.662981948028005,-77.7289003510312],[162.670255301723444,-77.732449839628998],[162.682120644991954,-77.735471213748255]],[[162.619022637685504,-77.729434941948128],[162.610980231188904,-77.725971264092252],[162.609390498464194,-77.719216981596432],[162.60251486862785,-77.716402589165455],[162.592152069649529,-77.714309049978851],[162.571551538586391,-77.715562902625493],[162.567334074673994,-77.716410460531165],[162.56836747836465,-77.71981397994557],[162.596462328636733,-77.731942662908025],[162.595568858926583,-77.736400099368225],[162.601258962478653,-77.737946377716341],[162.605534102746361,-77.741755640833929],[162.627943638673884,-77.744835992712382],[162.630398165948492,-77.74636771469163],[162.622791797704764,-77.748723959153082],[162.615540405832462,-77.756827074615956],[162.609328779261801,-77.759276220894847],[162.589489556603013,-77.7603950681995],[162.582962682678755,-77.763247693684789],[162.585657600066071,-77.76434042708388],[162.612754893279515,-77.76427451897078],[162.628456439571494,-77.76369241199815],[162.649911447837013,-77.759892766678277],[162.651799594566569,-77.758485976803726],[162.647641845151071,-77.756095584519187],[162.652787070156904,-77.753575513863083],[162.665177494120911,-77.751535531479306],[162.665304743939544,-77.748683110382103],[162.677427411999815,-77.743764675441284],[162.677086209033206,-77.742590673120588],[162.666518668066317,-77.739407526354498],[162.648928985222113,-77.737005655583559],[162.619022637685504,-77.729434941948128]],[[162.487306064580224,-77.707032359601371],[162.485544786696693,-77.704570741983929],[162.471668818177619,-77.704862929528232],[162.439180475349218,-77.711619407937434],[162.430021049156181,-77.712053560813487],[162.423650380195141,-77.713632722263881],[162.414659099898074,-77.714137510098482],[162.407732327216308,-77.715488014133797],[162.359943270602002,-77.71678306688807],[162.357629920960306,-77.719492037799952],[162.362768367453498,-77.720788858110794],[162.370665207869393,-77.721252402242456],[162.395428857555629,-77.718829451545432],[162.430970101864176,-77.71663604065516],[162.474447515679941,-77.709320234931184],[162.483432766719261,-77.708813454746533],[162.487306064580224,-77.707032359601371]],[[162.781710374492263,-77.704106499471393],[162.77222990010219,-77.703597169382135],[162.770142571335214,-77.702833872638507],[162.767557700393553,-77.703969884058026],[162.771252350114537,-77.705888860349845],[162.767961772742382,-77.709714648222587],[162.760360219247985,-77.714930843582977],[162.756258651458893,-77.715692818308767],[162.75109516171986,-77.715904468585151],[162.73951777847094,-77.714631584399541],[162.729364667041835,-77.712384701944032],[162.715449091922665,-77.71196015486484],[162.718885426260215,-77.713935838133253],[162.7147751726026,-77.718757823192149],[162.729459278662006,-77.72718631648668],[162.728400446303141,-77.72997607499579],[162.719721690760679,-77.73226217365108],[162.718532795934692,-77.737903449345779],[162.714425712882871,-77.740491983343063],[162.726427316081526,-77.74198561102159],[162.743480322784052,-77.739550981072739],[162.751069089374482,-77.7371921391303],[162.748874575401203,-77.732398339346403],[162.751509987198176,-77.728642957438908],[162.764062965152561,-77.722992776352754],[162.77089036926418,-77.723388406843696],[162.772955455961892,-77.724339435755866],[162.770301306884363,-77.732182993156229],[162.776591577631109,-77.733661326796295],[162.797131340056325,-77.732196553924609],[162.804268198923097,-77.729260784867634],[162.802996048369209,-77.719789024142912],[162.798451365741442,-77.715933126965425],[162.800180093222849,-77.708981602919692],[162.781710374492263,-77.704106499471393]],[[162.561531272775909,-77.680388157664325],[162.568311875892874,-77.679268540606884],[162.567947134121709,-77.678474931435446],[162.557772047650559,-77.673832204133063],[162.540474226132204,-77.673650157324417],[162.53575435303307,-77.67708415424093],[162.544356247320849,-77.678924762700589],[162.561531272775909,-77.680388157664325]],[[162.818027872107393,-77.715919189552423],[162.826243964215223,-77.725913230928057],[162.829658453787317,-77.726553234030575],[162.85496878348917,-77.726875198259933],[162.854709748527085,-77.72053179355828],[162.849530918454917,-77.718929619605291],[162.843536833465663,-77.713052334596085],[162.846848734229553,-77.709195161575195],[162.856898840751967,-77.707776524139689],[162.869159159772664,-77.710169874046329],[162.871109845762248,-77.714318585113432],[162.879437680930607,-77.717749475867834],[162.890722755255865,-77.717788885789048],[162.899223727599178,-77.715627768616571],[162.90384060358241,-77.717185909559959],[162.921108356527242,-77.719609305911376],[162.927793955939194,-77.723734880496195],[162.939663290741152,-77.724816937446789],[162.953098588686657,-77.724813902776432],[162.967233819003354,-77.726226713837278],[162.967576019664591,-77.724086732489297],[162.962178580566189,-77.723718333247419],[162.953159506167651,-77.719013713360894],[162.963840560642552,-77.71663049803449],[162.993140256960601,-77.716021528119327],[162.999223773469254,-77.713447704046843],[162.987162522769154,-77.709962588587885],[162.983953531531284,-77.705953013924628],[162.969812049224799,-77.702556839280973],[162.949014515332692,-77.706564800011819],[162.938570899409967,-77.710613288775292],[162.899470535268307,-77.71545703015677],[162.887036815670001,-77.71252463436349],[162.88108425777898,-77.708585390606117],[162.869904029063179,-77.705717058122985],[162.871621502907431,-77.698970825695355],[162.866355127556261,-77.691975344572072],[162.858218482303528,-77.692796480113515],[162.840065677295087,-77.699863538361996],[162.838011859634889,-77.702898296942934],[162.840460872370954,-77.705917314939413],[162.822650495790725,-77.710461643840944],[162.818027872107393,-77.715919189552423]],[[161.837286946944261,-77.618187421106981],[161.82836332143799,-77.619829441194014],[161.812864753723829,-77.627359450187654],[161.81159383240967,-77.630143859071296],[161.816300155020002,-77.631892924910588],[161.824362758821309,-77.631042500334658],[161.842740812979486,-77.620841067679166],[161.837286946944261,-77.618187421106981]],[[162.927933768962788,-77.698095396678681],[162.933169647916912,-77.697713217485386],[162.940970002446136,-77.69536717078887],[162.933228172167247,-77.689830943315684],[162.925374154687063,-77.68820966715171],[162.913824937500976,-77.690733159916434],[162.912902818161569,-77.694313849515794],[162.921775742032935,-77.697681539184273],[162.927933768962788,-77.698095396678681]],[[162.152067132144907,-77.64029478527398],[162.15645428509572,-77.639813187718516],[162.161225173340824,-77.636525581648911],[162.157167754037118,-77.634125728124317],[162.150353922076107,-77.632526339452141],[162.144041659580836,-77.633220228351163],[162.138061642582898,-77.636899998215213],[162.13927488364078,-77.638936777469326],[162.152067132144907,-77.64029478527398]],[[162.292554759220195,-77.669840952472043],[162.324680228426217,-77.674989829265826],[162.355027354256208,-77.678160598832619],[162.403484283553581,-77.687438643830575],[162.421243120293667,-77.687490028041509],[162.432370801582948,-77.684437160229223],[162.425671404839107,-77.681540345042919],[162.411414604837319,-77.678449363950079],[162.403911924899916,-77.672755478092014],[162.39827870910338,-77.671204143614204],[162.401444013811783,-77.668022880687985],[162.395161533835079,-77.664732395571889],[162.408788346199117,-77.65916567909909],[162.395565367246149,-77.656649296849352],[162.370582263366373,-77.654021653297249],[162.368360266120419,-77.656925460436582],[162.378117469574164,-77.659376529174949],[162.378344437757988,-77.661426021759141],[162.371793680564025,-77.663146630692154],[162.363304923685604,-77.663616945564399],[162.34744115123263,-77.661978562319888],[162.335619533226719,-77.658568859755832],[162.332971853034792,-77.65477552449471],[162.337436033752283,-77.651847508942751],[162.32963188923577,-77.6469421385667],[162.320207424851787,-77.644279078905001],[162.292127316959778,-77.641644921504763],[162.277820594365011,-77.636794471552008],[162.261441539540556,-77.638799867225373],[162.248727853808759,-77.637553541780008],[162.239657308098032,-77.639798490308451],[162.244995740861697,-77.643031487431131],[162.223765087173433,-77.647889240603433],[162.192739389095976,-77.647642935466479],[162.180538305706705,-77.650075879035569],[162.183864992598103,-77.651399239261423],[162.193176661314226,-77.652051173252346],[162.20089161959018,-77.651037347572753],[162.210947605023762,-77.651000151562613],[162.228146286750132,-77.652101170525285],[162.23351972030224,-77.653713166938928],[162.235287952524487,-77.656701499636128],[162.232697399377088,-77.659391219813017],[162.238765992426181,-77.660559489751307],[162.25497070009942,-77.661047347470699],[162.27065406018059,-77.663564872047814],[162.292554759220195,-77.669840952472043]],[[163.010114846200054,-77.703824742672225],[163.024197544106187,-77.703350266372581],[163.036541846989735,-77.700505608410964],[163.055938491704381,-77.700051593368627],[163.06841545652091,-77.696830648464626],[163.092556987959313,-77.694170743536844],[163.104976913274612,-77.690931185429804],[163.11367051397616,-77.69030389039375],[163.127697619951221,-77.687708945007273],[163.143776512131296,-77.682863906880613],[163.144955955226607,-77.678897025883671],[163.132903988429689,-77.675894110833255],[163.118598621760668,-77.674710794458974],[163.104039970508182,-77.675550521430154],[163.087393694052423,-77.674517904207207],[163.082545083764444,-77.67187343685751],[163.077618782474389,-77.671254877323022],[163.081365107369322,-77.664263325396433],[163.068490421867409,-77.662982455018735],[163.064411678353309,-77.663447255881223],[163.063554394755414,-77.666245749982338],[163.069802436117925,-77.671437768416169],[163.075126257822632,-77.671538850468082],[163.068538028708929,-77.676362402824807],[163.041192636431049,-77.685938056974038],[163.018941514459954,-77.689348987278052],[163.001790455208237,-77.690771392776128],[162.996118986434936,-77.696112511302189],[162.999612323171135,-77.699805978812904],[163.010114846200054,-77.703824742672225]],[[163.158806944163587,-77.674625013193008],[163.171853781863888,-77.6748462778679],[163.183607008048256,-77.673179182071721],[163.214764019378208,-77.67332940169122],[163.227372676271074,-77.670180725114108],[163.254977559171891,-77.667214559730226],[163.246921828493782,-77.662839890804165],[163.23960216083583,-77.66148840452226],[163.236571357432894,-77.659645259036949],[163.223329402238789,-77.657312746564784],[163.192358361250882,-77.656230469025829],[163.180683297045789,-77.656721608737342],[163.173453970867314,-77.659106785166969],[163.15744636257233,-77.669482673321937],[163.158806944163587,-77.674625013193008]],[[161.806418124209387,-77.795763285961172],[161.78262517938208,-77.79771688468162],[161.783483891160131,-77.800927436990875],[161.795791247626511,-77.802596642232075],[161.809072921665233,-77.802248447593229],[161.811064694928433,-77.799694032180298],[161.806418124209387,-77.795763285961172]],[[161.950872335393029,-77.573861290590699],[161.95403852688861,-77.576606498781317],[161.973618134474123,-77.572584596223336],[161.97996832247523,-77.570158519078348],[161.976049549878667,-77.567960503658554],[161.976392857971007,-77.564166292367915],[161.979043085475723,-77.561481213841006],[161.987949032334399,-77.559234627068832],[161.988188016281242,-77.557964366176975],[161.987272021067582,-77.555899091812492],[161.974942594298454,-77.553960393573362],[161.967743427681455,-77.554946934257131],[161.95945664831018,-77.558125180988014],[161.949418983432395,-77.559402743647368],[161.950449302365939,-77.565217661481796],[161.957073002962971,-77.570039542858581],[161.95743865456754,-77.571450547926759],[161.950872335393029,-77.573861290590699]],[[161.871276592597923,-77.604696909427631],[161.885685585444492,-77.603617222976439],[161.899533504094023,-77.60371111202825],[161.921232010040825,-77.60703402388333],[161.934543420548067,-77.607077442708245],[161.948977423851574,-77.605314291181656],[161.954599699696331,-77.602675886472369],[161.973134914445438,-77.602222963473892],[161.982941704176113,-77.597850508755201],[162.008565261976685,-77.591647520686834],[162.043238699863167,-77.588232032931799],[162.05532712780203,-77.591767966030787],[162.051483612294987,-77.596524932348004],[162.055773357989949,-77.602557000154121],[162.05967131971974,-77.603910184969592],[162.075485368249105,-77.602829486516612],[162.08490551666597,-77.60043741454632],[162.091531306745509,-77.596848276603893],[162.110758600968722,-77.593624533362032],[162.136075950961555,-77.578168967425725],[162.134860936243314,-77.570003130299668],[162.138206178876118,-77.5631267691993],[162.13689151603171,-77.561015768257462],[162.12881937366086,-77.557869967429937],[162.10989423535392,-77.557957271181266],[162.103334239801825,-77.55868297042484],[162.088718797637654,-77.570231755272616],[162.044159578144331,-77.581160976398948],[162.015183901920324,-77.580288367689661],[162.004967172329231,-77.581626996790959],[161.967800312755486,-77.582943492920549],[161.952188523338833,-77.584858725279616],[161.950677603967648,-77.585899007464107],[161.956097069075696,-77.589638164879119],[161.969971358177531,-77.594619385519053],[161.968660953288264,-77.598077195365846],[161.965365651241399,-77.598942568447143],[161.959632534835748,-77.59935743751582],[161.948182060129142,-77.598094181215018],[161.936066629692988,-77.591827627760409],[161.910108088062543,-77.586000952144971],[161.911507628165992,-77.584684778262613],[161.926386208438743,-77.580757656160543],[161.92339425327603,-77.57921577889833],[161.911798784736703,-77.578061307484134],[161.89776812768244,-77.578510877007659],[161.872092567789423,-77.577160657667037],[161.858516734510687,-77.574312503980394],[161.839245581437837,-77.564351127977432],[161.823422876096856,-77.564348353468688],[161.80370625019151,-77.569236836636833],[161.804532318343291,-77.571538001715979],[161.795574978741911,-77.58332519809251],[161.806418853852648,-77.585868918037804],[161.820809423738268,-77.585196115928511],[161.835807359545498,-77.585440658492629],[161.839736191377227,-77.58934048762039],[161.852198616018086,-77.592311491314817],[161.858469751810816,-77.595553133971677],[161.871316250992436,-77.59888709904493],[161.868172047783247,-77.602517918620535],[161.871276592597923,-77.604696909427631]],[[163.115269122868852,-77.620648730777674],[163.12699713945949,-77.621901613668925],[163.143035634714607,-77.620049692629905],[163.157647660435231,-77.615293496386727],[163.163150911563662,-77.61184273987061],[163.176406921611374,-77.60897621890507],[163.185993471355175,-77.608729492643036],[163.210026195128364,-77.606096163887187],[163.237352902311898,-77.606199069158492],[163.236682927275893,-77.604846489206508],[163.23149274841785,-77.604201835259005],[163.205132398207382,-77.604059669121952],[163.194618301297709,-77.602092229149576],[163.180398021087541,-77.602400597358042],[163.172550076950643,-77.604851440279333],[163.169558182974583,-77.607509506747832],[163.164654608576058,-77.608355778811557],[163.14786307546845,-77.606993469361868],[163.134658675450908,-77.608597418690479],[163.116574521971586,-77.609526465771992],[163.096217225032063,-77.614148953619733],[163.093251911135411,-77.616948276063056],[163.102134376251058,-77.620528145551148],[163.115269122868852,-77.620648730777674]],[[163.294491246891027,-77.663614783460147],[163.324074225802633,-77.661541196778799],[163.363155633498877,-77.66219858633545],[163.373512274255859,-77.664328559938014],[163.388455921653104,-77.663175520568359],[163.393568454306717,-77.661834587534614],[163.396803640036211,-77.65873208878557],[163.392089723643807,-77.657082851603235],[163.388818249703007,-77.653364726397356],[163.377876439022344,-77.651659450207035],[163.371267876311634,-77.649013447277028],[163.382280325480281,-77.646171758950445],[163.398697703238696,-77.646277186496917],[163.402305047782193,-77.647122258713068],[163.404596776263503,-77.651246472151058],[163.412208644847027,-77.655698881804881],[163.427202040632295,-77.655824978890777],[163.468427797082256,-77.653582806078063],[163.479999574680221,-77.654840463809691],[163.507746614324191,-77.654034781509083],[163.519242205562364,-77.65566885590583],[163.532152633373499,-77.65354315767037],[163.533329850617008,-77.647292059275273],[163.529789264801082,-77.644851987691169],[163.538123120913951,-77.642532103503825],[163.615650394103852,-77.64332136726216],[163.636099374618766,-77.641030257230312],[163.637974108023002,-77.639483423914385],[163.634023923735128,-77.637745822419376],[163.633110575300208,-77.63345308593702],[163.630023883699494,-77.632847419341729],[163.601616190930145,-77.634187408873814],[163.588665194528915,-77.633943410227886],[163.577459296497352,-77.632430784880796],[163.564635327565952,-77.632095051715723],[163.549315406313411,-77.635171218283034],[163.533825973653023,-77.635164949943587],[163.529830610500341,-77.634514543217122],[163.526518551952051,-77.6332560381788],[163.528554071797146,-77.627690650396431],[163.526127152867844,-77.621842498435598],[163.527219906509345,-77.618380158375032],[163.531378764199758,-77.616754155263308],[163.521383348277055,-77.615299137324243],[163.505835121953766,-77.620554866155217],[163.497278426508416,-77.625706530579578],[163.478703160705408,-77.627373962996401],[163.48829552547889,-77.632755967683522],[163.481660969365493,-77.636105576032037],[163.493675269753112,-77.638720602198646],[163.491562738398613,-77.640716421956867],[163.474920440666978,-77.642246706334504],[163.445720340088997,-77.642868317451303],[163.404160611460981,-77.642354446645257],[163.389521836588415,-77.643308814581815],[163.378318331413766,-77.641797639800004],[163.36564521677505,-77.643642245738178],[163.33860880633685,-77.644074045266507],[163.329550249244846,-77.645586074479311],[163.316311291475358,-77.65119572914773],[163.306929723423139,-77.652885169202776],[163.289663552928147,-77.658038116625249],[163.289074069651605,-77.66237992227984],[163.294491246891027,-77.663614783460147]],[[162.175167412621931,-77.617631337901173],[162.176915192364163,-77.623748210345838],[162.196551647233434,-77.623885740642365],[162.204720409726832,-77.623070412669477],[162.215506670286061,-77.61806950132349],[162.220753491272518,-77.617092408706938],[162.255104533278654,-77.616165538371106],[162.269927925575217,-77.618030638127109],[162.265535541733726,-77.624372475373448],[162.271025417619029,-77.625375832683886],[162.275616793694837,-77.625063432368364],[162.281391308398867,-77.619726506522554],[162.28418934019254,-77.611319709774861],[162.283156891094222,-77.607878808862822],[162.277273055270825,-77.605112973775533],[162.280828472387213,-77.601620157090821],[162.270164233323698,-77.590293578405976],[162.27052234574694,-77.587451943542106],[162.284918003912622,-77.58717285704256],[162.291781729421899,-77.589545231776981],[162.306285564204387,-77.592281250178658],[162.313013927109296,-77.601831266363817],[162.309127175989147,-77.605001493723208],[162.332195276896528,-77.609235400410824],[162.37249923285566,-77.591573991233773],[162.364678700982807,-77.587964893168561],[162.337384445983076,-77.58448121728442],[162.333854501696663,-77.583200813229752],[162.319887477732806,-77.566869604417391],[162.305373587657186,-77.56196722961208],[162.3038764345267,-77.559961100230495],[162.294820770739904,-77.556623053700079],[162.288165000276848,-77.555191796864875],[162.285846772365829,-77.55110482588006],[162.267748145640326,-77.547134729933191],[162.261431189195889,-77.540789876995504],[162.234037018112701,-77.537321616173102],[162.227717810225016,-77.533682154280839],[162.226664364518911,-77.529457375815682],[162.211817254237502,-77.526766065753918],[162.207778685845028,-77.525044263044308],[162.200660264088668,-77.524244714684997],[162.192920518411597,-77.52379482300168],[162.189465770658757,-77.524907360537199],[162.195146897104593,-77.526446134892424],[162.201254563757459,-77.534449621346312],[162.21929901854881,-77.545470770631681],[162.223108975562269,-77.551559893649994],[162.221720977448712,-77.556055660279156],[162.245174924871662,-77.57082324743709],[162.247005574220566,-77.577234343476476],[162.244658353467798,-77.579939225065075],[162.234236996130932,-77.58208783381248],[162.223025119964376,-77.58991578002437],[162.227743938153793,-77.595974884451493],[162.221899305527444,-77.601306423487557],[162.210685927189218,-77.60444892812562],[162.198418380616602,-77.605423051277498],[162.183946225601431,-77.610160299772133],[162.164446975705062,-77.614550597337598],[162.175167412621931,-77.617631337901173]],[[162.356851670304508,-77.554059916705626],[162.362503936401765,-77.56429694038296],[162.35511172931092,-77.573814930218958],[162.358547200861835,-77.57995276154324],[162.370905155857287,-77.58292491050301],[162.383629054541245,-77.583855117207321],[162.406510185270406,-77.579573929705248],[162.402414101835546,-77.577238266497687],[162.403199067550048,-77.574976719547593],[162.414967821494798,-77.56496394883338],[162.407999870816241,-77.554870209523571],[162.413920759778534,-77.547684644720363],[162.407185909167794,-77.544089399485429],[162.397185282397828,-77.541704518138744],[162.393840369314006,-77.535747439424711],[162.376076050292284,-77.532350413061408],[162.36190826912005,-77.526110931080765],[162.336914043414367,-77.52507766057505],[162.32345509449604,-77.523018293114376],[162.307676030249269,-77.517937464936935],[162.295704035638067,-77.517069680081974],[162.292923828140204,-77.517348190322565],[162.293465108632233,-77.520251068324484],[162.298074810923367,-77.523678172425321],[162.317300446278495,-77.532395611982736],[162.321651658454869,-77.542773353286307],[162.333315961869374,-77.545509128023951],[162.349686443177632,-77.546165436400187],[162.357568807526917,-77.54963304777965],[162.356851670304508,-77.554059916705626]],[[162.428554617027345,-77.531235289286343],[162.425569995028951,-77.533332666782272],[162.437049019390429,-77.538152363497588],[162.461665099510242,-77.539458205692526],[162.46758683134064,-77.539085505510727],[162.472510472287269,-77.538260570612195],[162.469371913373436,-77.535183769955054],[162.47171557485251,-77.532430739729762],[162.494695044578293,-77.535008303459762],[162.500388168545101,-77.534434661837068],[162.504062613458643,-77.531048532917808],[162.465813755423397,-77.527563283790514],[162.454122021013745,-77.521430215090504],[162.443708361523221,-77.518248853715008],[162.417422299513049,-77.515375498590089],[162.40693911927923,-77.516598236173735],[162.431965965986763,-77.526091415898833],[162.435012590895013,-77.529974388445282],[162.428554617027345,-77.531235289286343]],[[162.636875483991616,-77.476845185856789],[162.625821902300572,-77.473742878741717],[162.611806597927256,-77.472562222346497],[162.59889092692859,-77.470264773465644],[162.597392268909431,-77.466079558731693],[162.588505058329218,-77.464909718038399],[162.57387914542312,-77.465039867256763],[162.568227420954855,-77.467515546365831],[162.568489942295429,-77.471533933685791],[162.579218283122202,-77.476846609215599],[162.57115797555582,-77.479158784462896],[162.573301487419059,-77.480953289734757],[162.585717893864626,-77.481490505013554],[162.590990770803188,-77.480508127245912],[162.592997367251172,-77.477783979364688],[162.604342599265607,-77.477731581001137],[162.617502091702306,-77.481222197171093],[162.626063692052611,-77.486786856302643],[162.637839482932094,-77.48980747636034],[162.659047446634418,-77.494686681308124],[162.673579563413426,-77.495105513787493],[162.678895226532688,-77.4916832011331],[162.661776442030714,-77.489268873723262],[162.645308690792461,-77.484602115831748],[162.63886563493196,-77.480976791169695],[162.636875483991616,-77.476845185856789]],[[162.751973216218204,-77.439082512382811],[162.769143085481943,-77.439150872750474],[162.771358027931882,-77.437525032711434],[162.752670909205335,-77.435303671627068],[162.747425812400138,-77.433065406141239],[162.73279663407132,-77.43240835620054],[162.729884495803248,-77.435730466883427],[162.740133225291657,-77.438174132201297],[162.751973216218204,-77.439082512382811]],[[162.285188675290925,-77.44231267719654],[162.293232037854295,-77.440006212337281],[162.304477867695823,-77.439284071298985],[162.320398935225995,-77.43978457857996],[162.332627616556721,-77.436526426511634],[162.353533710088925,-77.432752097958115],[162.362868433387121,-77.436029488791021],[162.355297653722999,-77.438579729868522],[162.357081151411705,-77.439329657087725],[162.36988053570073,-77.439580020598385],[162.38673983609624,-77.438281010846055],[162.396038704125942,-77.432804858540507],[162.422422553026337,-77.428102480446483],[162.43776553785267,-77.426160322315496],[162.485662050945365,-77.425306344414281],[162.502605750002999,-77.424035335014409],[162.520437740044144,-77.421330515098134],[162.524024533979713,-77.41871520809535],[162.52104901010884,-77.416976651292188],[162.497645764321049,-77.415000954707011],[162.488806253011631,-77.412036960633671],[162.46430953036176,-77.410822867674923],[162.429619389647485,-77.398547779713539],[162.416901738355335,-77.398272154647614],[162.40592378435241,-77.400211110088534],[162.400783381180872,-77.400336133397815],[162.375308412899415,-77.399807482387203],[162.353838362335352,-77.396530441948087],[162.306831714362971,-77.3927781377038],[162.291943542433529,-77.394118493882402],[162.272890207362366,-77.394474008248878],[162.244159812479552,-77.399337580440388],[162.242404553559396,-77.404946345306882],[162.224060516561025,-77.409396205625001],[162.227253903647323,-77.411231551475026],[162.250378425086268,-77.410221933669803],[162.292631604717599,-77.411462181574294],[162.304344462808103,-77.414375644773841],[162.294788371101276,-77.420059126075145],[162.2975639760094,-77.423117096790548],[162.293495691042608,-77.425699225097077],[162.284504928790966,-77.428859538263822],[162.272515900541606,-77.429970263214031],[162.266394891748121,-77.435275180584682],[162.268694505775215,-77.441166166669419],[162.264522197431148,-77.443741525171745],[162.264481964604443,-77.446604315297478],[162.256942247593884,-77.448945627874664],[162.256701609597684,-77.450124140975163],[162.264878570535501,-77.457263335322168],[162.270553227498311,-77.456664121337397],[162.282018013826331,-77.453072528683364],[162.3030130716771,-77.453496548776386],[162.312678768357785,-77.45281526631986],[162.304267697036465,-77.449134453452956],[162.287031297301752,-77.44455377995007],[162.285188675290925,-77.44231267719654]],[[162.613965427174094,-77.397993513550546],[162.60223045703296,-77.398912042045481],[162.596166659442275,-77.40088788084303],[162.60169861710213,-77.404612406434651],[162.615076170846493,-77.406353353623999],[162.622718058940961,-77.405445202179379],[162.627806098210726,-77.402932821626493],[162.622903493548961,-77.400014900747763],[162.613965427174094,-77.397993513550546]],[[162.022658765450444,-77.336559510014141],[162.006810905736899,-77.335890304464641],[161.990513544850216,-77.337377105718602],[161.98453588854116,-77.341787262495444],[161.987519474814263,-77.342610907642268],[161.992641948020832,-77.342544327839065],[162.017645802049742,-77.34055047516695],[162.027322737573741,-77.338173945668785],[162.022658765450444,-77.336559510014141]],[[161.95178404521991,-77.331419730506823],[161.968237281014524,-77.33203208319469],[161.993924753674207,-77.330342836455941],[162.015533231512308,-77.326899057751959],[162.021997961256119,-77.323450690827045],[162.018949365545723,-77.321386659302803],[162.007881828450252,-77.320034683365776],[161.989812351603575,-77.320068858385369],[161.983602243984024,-77.320712251143519],[161.963005766501965,-77.325520556025396],[161.940061746921202,-77.329429758388457],[161.95178404521991,-77.331419730506823]],[[162.137331399193812,-77.338621472520884],[162.147159814355689,-77.343074986080026],[162.154503111098052,-77.353093253984838],[162.164265695445437,-77.355906340975366],[162.173028494444821,-77.35625120079537],[162.180166913049334,-77.354724507283791],[162.167104060193793,-77.343000954468764],[162.166116780910897,-77.338774749000208],[162.160743052048758,-77.335041613728237],[162.139713369863131,-77.326565623665005],[162.140313897524464,-77.323245404564886],[162.136535161542952,-77.321371381272129],[162.11025159287675,-77.321483709264882],[162.096981805777403,-77.319484245604542],[162.07902194281894,-77.320248081801694],[162.072383265988634,-77.321637202286169],[162.049388044120036,-77.322531612845651],[162.047728410735914,-77.325282005667646],[162.051091866264699,-77.32616774992097],[162.060331086781702,-77.324939735672331],[162.07897664686908,-77.32498171688168],[162.089402949456684,-77.326774266938386],[162.092149771418889,-77.328436403752775],[162.07587515575463,-77.331614871889613],[162.066041762015885,-77.331633920254177],[162.059491838940716,-77.33306184055553],[162.051000808757266,-77.333657399292392],[162.049520238567453,-77.33452149522499],[162.06182580137164,-77.336610946288005],[162.07260255489831,-77.334449081004308],[162.088970712205537,-77.332994215748272],[162.11866077481065,-77.335436405368625],[162.137331399193812,-77.338621472520884]],[[161.980597011583768,-77.266447179341156],[162.00047860915285,-77.265165922222835],[162.01451643129235,-77.262672659199197],[162.057066107177917,-77.247188249400452],[162.078180091720839,-77.244280975545905],[162.077748781676746,-77.242514123260051],[162.071860351657477,-77.241168555286748],[162.050532058110178,-77.244363222652922],[162.040270249417432,-77.24840899343549],[162.031477348852434,-77.248850337541171],[162.025059043095098,-77.250317271688232],[161.993313508522874,-77.253563869849089],[161.988435168179706,-77.255065553010652],[161.98999899509954,-77.260915799187117],[161.981785226215777,-77.263195769358504],[161.980597011583768,-77.266447179341156]]]]}},
{"type":"Feature","properties":{"SURFACE":"rock"},"geometry":{"type":"MultiPolygon","coordinates":[[[[167.52709742167022,-78.150135272527876],[167.555090775426862,-78.149444270906002],[167.583997513810999,-78.153405611349925],[167.590119440955988,-78.15489604501505],[167.594559954171132,-78.157894840547826],[167.585029981615463,-78.160437575954788],[167.576124980356695,-78.161166132240609],[167.542204912377485,-78.16142624928122],[167.535892859754739,-78.162600082589449],[167.529540154542161,-78.166146431018191],[167.522255689148295,-78.167278357664514],[167.509355723893265,-78.16547604114632],[167.508747036869948,-78.163263858482679],[167.520648944478353,-78.151747837760283],[167.52709742167022,-78.150135272527876]]]]}},
{"type":"Feature","properties":{"SURFACE":"rock"},"geometry":{"type":"MultiPolygon","coordinates":[[[[163.131786590868501,-77.906421809738845],[163.15003255118836,-77.906939529713455],[163.16306010598251,-77.909025361925117],[163.161568583655537,-77.911384086013001],[163.158372738685017,-77.912739316518881],[163.141837806323537,-77.91445547341587],[163.10867385268719,-77.913753221752259],[163.091477626100016,-77.915210684906654],[163.084612771863931,-77.916618765924667],[163.066668199018153,-77.917438515560818],[163.051912874553011,-77.91708046553326],[163.055297166316336,-77.913317456470793],[163.081427395101429,-77.911266856503659],[163.088351619450975,-77.909880666715154],[163.131786590868501,-77.906421809738845]]]]}},
{"type":"Feature","properties":{"SURFACE":"rock"},"geometry":{"type":"MultiPolygon","coordinates":[[[[167.383679001941061,-78.137083868136358],[167.392646217929723,-78.135918924125704],[167.405304706595018,-78.136800695756662],[167.410658633501043,-78.138324173271286],[167.398194095426277,-78.146962057312493],[167.383440882295986,-78.14939831378085],[167.363872832973215,-78.149822328386961],[167.351142758802666,-78.14899420674061],[167.348191011632764,-78.146651278543089],[167.355382224747871,-78.141381361191094],[167.376641422889122,-78.139979254302645],[167.383679001941061,-78.137083868136358]]]]}},
{"type":"Feature","properties":{"SURFACE":"rock"},"geometry":{"type":"MultiPolygon","coordinates":[[[[162.743695246058508,-77.872400011020176],[162.765263816424465,-77.872104128624343],[162.769947793647475,-77.875693520243502],[162.760784188527282,-77.879224228286944],[162.726116331366711,-77.88016597688933],[162.712265492593872,-77.878283544430374],[162.713869080237401,-77.877084348306596],[162.743695246058508,-77.872400011020176]]]]}},
{"type":"Feature","properties":{"SURFACE":"rock"},"geometry":{"type":"MultiPolygon","coordinates":[[[[167.335657716850108,-78.130284985832418],[167.345511412352948,-78.129197587457426],[167.355492367782716,-78.130613066797565],[167.360397542553471,-78.133210623902286],[167.35136306367724,-78.135386741131938],[167.33779303470385,-78.136266722713316],[167.325040330742581,-78.134378232049286],[167.335657716850108,-78.130284985832418]]]]}},
{"type":"Feature","properties":{"SURFACE":"rock"},"geometry":{"type":"MultiPolygon","coordinates":[[[[163.914645616479419,-77.947444876299627],[163.92758692273884,-77.944384742805298],[163.951699972022084,-77.946636819315287],[163.957890098472717,-77.948279549492923],[163.961734152229496,-77.950276287789549],[163.947883116948788,-77.953450287624491],[163.928144023682677,-77.953848742915469],[163.915942731869222,-77.950915852345986],[163.914645616479419,-77.947444876299627]]]]}},
{"type":"Feature","properties":{"SURFACE":"rock"},"geometry":{"type":"MultiPolygon","coordinates":[[[[167.209473472147181,-78.127111076870804],[167.20902163088661,-78.126353201354945],[167.208924694986706,-78.126286788416508],[167.208894111642849,-78.126238654810408],[167.20654164992871,-78.124662187068651],[167.196653707254796,-78.117917805659076],[167.195094216725636,-78.116224098005119],[167.193717722716912,-78.114275044084081],[167.193952083714208,-78.113140546904702],[167.20091213533837,-78.112177359368133],[167.215191459919424,-78.111559907019924],[167.226240529704626,-78.113876609923096],[167.235306853101832,-78.117999640909517],[167.247696332973447,-78.119105085534315],[167.259605446138011,-78.116365558925182],[167.264593472005146,-78.116105200933447],[167.276617225935894,-78.117543646880662],[167.288449653646637,-78.121050230196531],[167.289637119013378,-78.124333951353705],[167.286813026997351,-78.125237001305194],[167.265779088718631,-78.127421747550187],[167.24266245189304,-78.123683807108563],[167.224416636314203,-78.126612058596848],[167.215731867538267,-78.127398726226957],[167.209473472147181,-78.127111076870804]]]]}},
{"type":"Feature","properties":{"SURFACE":"rock"},"geometry":{"type":"MultiPolygon","coordinates":[[[[167.269022080834219,-78.083416138757087],[167.275199034841563,-78.082004836684533],[167.283863464804142,-78.080864679251334],[167.331339332412,-78.078653014164871],[167.355388832221166,-78.074168059959021],[167.371730151718225,-78.066524707089457],[167.370057767222249,-78.06236942042446],[167.364687278829905,-78.059614162749426],[167.374895947229845,-78.052807307542651],[167.377190616628951,-78.050806685137204],[167.379089300307214,-78.050568068669676],[167.387403916356561,-78.047650758839893],[167.382531034315264,-78.046148518391519],[167.392214495850453,-78.037692761217841],[167.397268276093229,-78.030513570008253],[167.398489408083833,-78.022873369230467],[167.402191198976936,-78.018486398774428],[167.405290655207494,-78.016217917682198],[167.415952916576032,-78.017436836100245],[167.416152182533665,-78.020986234371861],[167.4204359247083,-78.023984168607456],[167.416350253533977,-78.026594390497735],[167.42674040505193,-78.029172698874248],[167.441676805216133,-78.027766330497926],[167.454477458663888,-78.024724705657988],[167.474368976868448,-78.025752245130732],[167.471270275908438,-78.031931406259432],[167.463663350490037,-78.034920817368373],[167.455274305612647,-78.035786447827363],[167.452701412183416,-78.036673082312774],[167.454599564661919,-78.037521101568572],[167.461751657868462,-78.037896457923353],[167.468548113785602,-78.036512851351176],[167.496230959383979,-78.034736598489076],[167.518231990556757,-78.034706191945403],[167.530050796582941,-78.033497191161487],[167.543860941838545,-78.034892717503837],[167.545299567759457,-78.036994267201052],[167.539916305949077,-78.043480923231115],[167.529066853733553,-78.048580637234309],[167.529983629717435,-78.05506127028751],[167.535337415536105,-78.060061217880616],[167.533232651528238,-78.068360181228712],[167.535483624764765,-78.071261510900683],[167.532466475474649,-78.073922070382224],[167.519148616114876,-78.076111669882593],[167.506913615660693,-78.086746820792001],[167.506599891372474,-78.089531290721354],[167.513544993969646,-78.092647643178751],[167.502683462792419,-78.097964541203808],[167.499960362078014,-78.103222171891019],[167.502159929188338,-78.10612166916566],[167.494980406668446,-78.108592533679015],[167.497798760324628,-78.11152038214324],[167.494155825337543,-78.114152981214474],[167.475746069855006,-78.118909651872954],[167.463524024873635,-78.124868294595345],[167.440527575582564,-78.125695165706347],[167.43065260811133,-78.128042000218571],[167.41881766580795,-78.133098672936441],[167.40842996733852,-78.133923634325967],[167.382806237937871,-78.132448710483217],[167.379189970654551,-78.131276350748408],[167.387345922833447,-78.126051277378224],[167.40725127530078,-78.124653633913056],[167.412697264127416,-78.121617483878097],[167.415280449573714,-78.118230434396978],[167.409911555800363,-78.110289355510815],[167.401576387265777,-78.108579029868309],[167.395990661778825,-78.10779662973556],[167.382007777094827,-78.10816336208643],[167.369263356696905,-78.107389459453529],[167.353971300545709,-78.110957004918845],[167.338094634433901,-78.111056808596231],[167.32612575877485,-78.10956993738111],[167.312667656639263,-78.109448845815578],[167.304907544483143,-78.107478017514353],[167.277571443378662,-78.104264845228926],[167.262784303166768,-78.105359710066509],[167.221605182588974,-78.105732584379467],[167.208622149136062,-78.104011328483452],[167.206972364190108,-78.101942206833968],[167.206792534250013,-78.098056284685271],[167.218254606856846,-78.096426047189027],[167.231971310965292,-78.096301861182368],[167.243047187384718,-78.098583410930047],[167.249349703518106,-78.098533312979782],[167.259475977114846,-78.098223704457141],[167.272511594898106,-78.095523377450277],[167.278229552942435,-78.092988446051635],[167.265425643584024,-78.090340635695611],[167.265840679689006,-78.085749267483024],[167.269022080834219,-78.083416138757087]],[[167.461368198316706,-78.110145945924359],[167.475527484041976,-78.110756048532267],[167.470555939591407,-78.106411083156686],[167.451211710886128,-78.104368138131306],[167.43676090035035,-78.09710434792666],[167.430672531848813,-78.095613482362907],[167.424784044191938,-78.091806670621267],[167.424148435853425,-78.088546050653775],[167.4183503344141,-78.087147358977774],[167.410954131943583,-78.087938006640385],[167.400567517689865,-78.091048676987512],[167.389612833114342,-78.088640115707321],[167.376420146294976,-78.088298783517644],[167.34896170135022,-78.09127162710179],[167.326513052720117,-78.091176980734332],[167.300554730038868,-78.094027651682794],[167.295372662584214,-78.09658777502149],[167.297361734098246,-78.098589741207277],[167.315397330702297,-78.098393709186354],[167.322822905000692,-78.097201398550936],[167.340450060411229,-78.096427102523705],[167.344698317571243,-78.097712694550083],[167.34796735023977,-78.101993838173186],[167.401612293567382,-78.102611909697032],[167.421236004861612,-78.106006274141706],[167.438145515703695,-78.106496617810436],[167.461368198316706,-78.110145945924359]]]]}},
{"type":"Feature","properties":{"SURFACE":"rock"},"geometry":{"type":"MultiPolygon","coordinates":[[[[163.103934104019032,-77.876232774784242],[163.101678112838414,-77.882794032805251],[163.092620469785629,-77.885071049329056],[163.086233802882134,-77.888535610120115],[163.058140248539701,-77.889795166637597],[163.039035286395773,-77.889590447065132],[163.035051831953353,-77.887101932621221],[163.053298713681897,-77.882558464120862],[163.048786654273869,-77.880223195758674],[163.051002397260817,-77.878769468787581],[163.082111911993792,-77.874604838744474],[163.088697047611277,-77.874097727434318],[163.09813065497471,-77.874694257972934],[163.103934104019032,-77.876232774784242]]]]}},
{"type":"Feature","properties":{"SURFACE":"rock"},"geometry":{"type":"MultiPolygon","coordinates":[[[[163.432764330295981,-77.903676599502191],[163.436617113784081,-77.902870667154133],[163.455854901911835,-77.902410586595252],[163.458933151098165,-77.905306996896954],[163.450764045043911,-77.908343884991581],[163.431327762525115,-77.907280144875301],[163.432764330295981,-77.903676599502191]]]]}},
{"type":"Feature","properties":{"SURFACE":"rock"},"geometry":{"type":"MultiPolygon","coordinates":[[[[162.838558852432669,-77.866487459307635],[162.840253404432531,-77.860252313024461],[162.829298226709767,-77.853822747361107],[162.838005937993216,-77.847906789521332],[162.846944716543248,-77.846394021480094],[162.857769134560868,-77.846162444352629],[162.88835987394944,-77.853086973931312],[162.891161739576063,-77.854979677314887],[162.867234883083853,-77.863681373938661],[162.86563460285609,-77.86761622013708],[162.851537239207971,-77.868943668482288],[162.838558852432669,-77.866487459307635]]]]}},
{"type":"Feature","properties":{"SURFACE":"rock"},"geometry":{"type":"MultiPolygon","coordinates":[[[[163.456390647420847,-77.893750298589666],[163.468675550061079,-77.89335557326234],[163.479888661461871,-77.895171852459541],[163.481781703116582,-77.897153480901608],[163.481410839430538,-77.898157322812366],[163.473982256475466,-77.899206531872309],[163.461157599727443,-77.898667088350209],[163.451572934585926,-77.89629968354059],[163.456390647420847,-77.893750298589666]]]]}},
{"type":"Feature","properties":{"SURFACE":"rock"},"geometry":{"type":"MultiPolygon","coordinates":[[[[162.919126630771814,-77.857522908353062],[162.918538619057045,-77.853893995029537],[162.921962195572434,-77.851257976266567],[162.933918520683847,-77.849776107191971],[162.944726442990572,-77.851671989423821],[162.948394202216662,-77.854257522599809],[162.951095464181293,-77.858854250937284],[162.945296690148012,-77.861666903282668],[162.930324650362536,-77.861545626699154],[162.919126630771814,-77.857522908353062]]]]}},
{"type":"Feature","properties":{"SURFACE":"rock"},"geometry":{"type":"MultiPolygon","coordinates":[[[[165.562175331435043,-78.009111728867992],[165.556024881227529,-78.009623101363914],[165.541591084405724,-78.009781195830584],[165.527273400762795,-78.009261692729567],[165.52102408982401,-78.008493732245498],[165.517953423607707,-78.005912736285325],[165.518756679602348,-78.004215750535934],[165.519813367017804,-78.003016793535409],[165.520449976077032,-78.00289577826085],[165.529835390971471,-78.002142721844933],[165.535583958108134,-78.001802162100006],[165.539004803980333,-78.002200772354158],[165.555218573437259,-78.004273456987207],[165.56109001354136,-78.005453005166572],[165.561236601845508,-78.005517276512222],[165.562976062123283,-78.00663777653115],[165.563254729959596,-78.007989254595074],[165.562729697249296,-78.008786380436334],[165.562175331435043,-78.009111728867992]]]]}},
{"type":"Feature","properties":{"SURFACE":"rock"},"geometry":{"type":"MultiPolygon","coordinates":[[[[163.396731878247181,-77.884852632064749],[163.402450366949552,-77.881506300213672],[163.426458671244092,-77.880483219792879],[163.435940057002483,-77.878270949048655],[163.432963028861991,-77.875189979447228],[163.440292535824142,-77.871845989484726],[163.446108750087035,-77.870935361636654],[163.460424778996298,-77.87039863904846],[163.471218091900141,-77.872355432357409],[163.479564375214778,-77.876047836689622],[163.503982178804449,-77.877965742602655],[163.517158736250622,-77.878239045556043],[163.528656676204776,-77.879704655878001],[163.53180148252909,-77.881346672167979],[163.521187603378308,-77.886963895024337],[163.502498257075501,-77.888637308849951],[163.489861816813516,-77.886996797489303],[163.464296915646713,-77.886852103659876],[163.439484189167615,-77.885201168560343],[163.41073015851191,-77.886330591334982],[163.396731878247181,-77.884852632064749]]]]}},
{"type":"Feature","properties":{"SURFACE":"rock"},"geometry":{"type":"MultiPolygon","coordinates":[[[[163.030631576250272,-77.855995944499412],[163.018780831910789,-77.852947541918795],[163.016841752715408,-77.851662664440667],[163.027519701616711,-77.846637344631688],[163.027747544175782,-77.843190576166663],[163.002165021856115,-77.837307855263489],[162.997412853029005,-77.831278616357608],[163.001199841694586,-77.828666668073993],[162.999509800384715,-77.827698489298371],[162.982586751074592,-77.82563541889121],[162.968296126782491,-77.825477630416486],[162.951294230388982,-77.831078756725162],[162.942597925953066,-77.831744776478772],[162.921550018154932,-77.836944460064501],[162.924048780430468,-77.837937241177613],[162.9398936954303,-77.838912422552596],[162.96238286645783,-77.835484204416531],[162.968931695270044,-77.835039432938672],[162.973461247822712,-77.836148354369826],[162.977828603372814,-77.837725143476348],[162.977506993255247,-77.840560883646475],[162.957868803006505,-77.846050792549818],[162.912560567697113,-77.845813372317906],[162.895765376861192,-77.842644024637352],[162.874211957643354,-77.840676584215288],[162.842381121515956,-77.835483699587442],[162.844265898765883,-77.831927212208143],[162.854931492144544,-77.829849781809557],[162.861607832378695,-77.827338871502803],[162.890679261288454,-77.823512398091083],[162.892710839202465,-77.820134122167431],[162.912604193053141,-77.816363108204229],[162.920842490357643,-77.811183124029583],[162.934895659567019,-77.808068604194958],[162.972720039365981,-77.802528744250424],[162.989200752068342,-77.801327811543842],[163.004578669231961,-77.798741140380969],[163.029643440011313,-77.796365239174591],[163.055128293684618,-77.790054515470132],[163.077486047987918,-77.786612983363895],[163.093520479557128,-77.784767744197069],[163.112530538440382,-77.784102554284146],[163.140735765289236,-77.781518445711001],[163.151727026656971,-77.783257754772947],[163.162010540370716,-77.79084342269023],[163.179423058316786,-77.795443206058508],[163.181370937562292,-77.801796007055302],[163.158562549426193,-77.81049522677182],[163.145548108873641,-77.813543953723808],[163.132982260709952,-77.819142258081598],[163.129986967982575,-77.822936763595266],[163.136111445176425,-77.827904492918535],[163.13276576385968,-77.830544645491671],[163.125032824392406,-77.834119747260971],[163.098895115572844,-77.839795124345486],[163.092370365882914,-77.849931631399102],[163.082441126730998,-77.854219597600704],[163.044495571977222,-77.857732919928864],[163.030631576250272,-77.855995944499412]]]]}},
{"type":"Feature","properties":{"SURFACE":"rock"},"geometry":{"type":"MultiPolygon","coordinates":[[[[163.186869176055751,-77.855951490158063],[163.187347886064288,-77.856854593337289],[163.182075087191805,-77.859372776790011],[163.176984607079589,-77.859946714641481],[163.164506708917202,-77.858472574605159],[163.157585450919242,-77.854960391690213],[163.173443819964916,-77.85297388272916],[163.186869176055751,-77.855951490158063]]]]}},
{"type":"Feature","properties":{"SURFACE":"rock"},"geometry":{"type":"MultiPolygon","coordinates":[[[[163.273210782170452,-77.839614179286386],[163.267965051920811,-77.835823776502366],[163.25848566805891,-77.832512131637074],[163.261091692022092,-77.830156789551097],[163.267026776084208,-77.82865313626381],[163.276814143322639,-77.828040044127377],[163.289454704377533,-77.82865891914436],[163.288937553911524,-77.834772883056047],[163.294885092842776,-77.8354949671225],[163.30744482540419,-77.835024969844895],[163.310246455175957,-77.836120449556802],[163.305009417557727,-77.839457236332152],[163.297234187153805,-77.841001109193144],[163.284436535892297,-77.841679401405827],[163.273210782170452,-77.839614179286386]]]]}},
{"type":"Feature","properties":{"SURFACE":"rock"},"geometry":{"type":"MultiPolygon","coordinates":[[[[163.390214878263976,-77.83948672851173],[163.392208409851548,-77.844135630420112],[163.375446748590065,-77.844306522655955],[163.365229148847334,-77.841968748064687],[163.362226373960283,-77.839399387970161],[163.370986210615513,-77.837907910586779],[163.385436257507195,-77.837255206181922],[163.390214878263976,-77.83948672851173]]]]}},
{"type":"Feature","properties":{"SURFACE":"rock"},"geometry":{"type":"MultiPolygon","coordinates":[[[[163.430522093102866,-77.843689770122054],[163.460605802105732,-77.841485753428231],[163.473216042601081,-77.843512513673161],[163.459696446743095,-77.84694695694364],[163.437715962018729,-77.848120476548829],[163.424009983948508,-77.846615819747299],[163.430522093102866,-77.843689770122054]]]]}},
{"type":"Feature","properties":{"SURFACE":"rock"},"geometry":{"type":"MultiPolygon","coordinates":[[[[163.491318506364905,-77.849918342044759],[163.493219183049035,-77.847610700840605],[163.498818443483458,-77.84593151926552],[163.509702075201886,-77.845038828632553],[163.519641832844968,-77.846679032059797],[163.518629222910647,-77.849194955535893],[163.51303605937153,-77.85144456197807],[163.500041375398837,-77.85190819390715],[163.491318506364905,-77.849918342044759]]]]}},
{"type":"Feature","properties":{"SURFACE":"rock"},"geometry":{"type":"MultiPolygon","coordinates":[[[[163.608829256866471,-77.834866625490534],[163.613367776873986,-77.831527601065503],[163.610071305737705,-77.829249624058747],[163.58768286800003,-77.825682837408763],[163.581081554058869,-77.82301957292006],[163.565707532984931,-77.821609939506303],[163.54760982591651,-77.817092634077824],[163.543654151433003,-77.810880874612138],[163.559086960431387,-77.809796408463242],[163.58573712201229,-77.81270995075576],[163.59034785248889,-77.814378808655647],[163.625885771975277,-77.821286505555676],[163.641289645192472,-77.82611354108019],[163.654510036716346,-77.828433194190012],[163.668258239178272,-77.829608104919046],[163.679136157487108,-77.832756048628383],[163.682277105406229,-77.836796729429281],[163.690526407187093,-77.840248676492251],[163.703822815778835,-77.843119303668985],[163.69943538211902,-77.846764370182484],[163.682024824944989,-77.847497567065759],[163.655733584339345,-77.846965195187977],[163.621345193336168,-77.841611277528656],[163.60998772919757,-77.838516220910748],[163.608829256866471,-77.834866625490534]]]]}},
{"type":"Feature","properties":{"SURFACE":"rock"},"geometry":{"type":"MultiPolygon","coordinates":[[[[163.256520566286241,-77.813002124313229],[163.259227591841892,-77.809277412484519],[163.281372513391773,-77.805850828881617],[163.294844776303734,-77.805867807213602],[163.317420481222058,-77.810466635266749],[163.312742087048406,-77.813976941521588],[163.292324615923661,-77.814117796383485],[163.281275100157956,-77.815413477262226],[163.268475007685453,-77.814916298067459],[163.256520566286241,-77.813002124313229]]]]}},
{"type":"Feature","properties":{"SURFACE":"rock"},"geometry":{"type":"MultiPolygon","coordinates":[[[[163.47218970491042,-77.721887455309599],[163.471694240457538,-77.722779560344534],[163.478787607877138,-77.722052236665007],[163.506757410717114,-77.717927172721716],[163.51994789066211,-77.716796462180298],[163.540038442786312,-77.716463467555727],[163.583190378211725,-77.716897589430857],[163.604632546918651,-77.716783376717942],[163.605529595148766,-77.71675533468462],[163.623175512947228,-77.716184955510599],[163.676655306776865,-77.714450310354465],[163.679230173086722,-77.714322705251476],[163.706628970135768,-77.712966796848576],[163.73507303343041,-77.711554886092529],[163.73856034577986,-77.711317533971936],[163.751517128934154,-77.7104329837736],[163.763431906776759,-77.709619597184812],[163.766043544321178,-77.709398759062964],[163.782862726473212,-77.707972698807751],[163.785606754467949,-77.7077397715735],[163.786603374373016,-77.70765574465949],[163.795074177418627,-77.706937225775874],[163.797270102102857,-77.706714122514327],[163.90607680645445,-77.695627336026305],[163.907963761780621,-77.695152484568737],[163.915789419781788,-77.697201396223349],[163.921344559975836,-77.702365554843993],[163.945633410803083,-77.726783693712008],[163.939880899263756,-77.73090731523348],[163.92028221296934,-77.735347367977525],[163.88819740182916,-77.736657058263333],[163.874064824978205,-77.735185186947859],[163.866346416964404,-77.733052561280388],[163.851924176240658,-77.733820302479927],[163.815857343722058,-77.730839904153711],[163.748667078449728,-77.729148954835495],[163.731749746034069,-77.730622242644685],[163.729309638401617,-77.732265429711347],[163.731966518718195,-77.733472113123923],[163.747164728799078,-77.734589582823645],[163.773493220329044,-77.73474968697775],[163.784567181730068,-77.734154494272545],[163.794030251543489,-77.735729747663981],[163.795888364725784,-77.737716673352125],[163.794108030843915,-77.73871229769847],[163.778977352566784,-77.740882393782485],[163.769647781906627,-77.741286970871357],[163.754951498451277,-77.744316237617738],[163.742094001323409,-77.745600511472617],[163.728215233418808,-77.745949826790195],[163.716057001226773,-77.744629420453592],[163.674881372024856,-77.745753290260964],[163.641205610976726,-77.741025215531394],[163.626705151286757,-77.742038415721026],[163.638572014105648,-77.745012805903755],[163.637749869538823,-77.748419646012906],[163.634353674573447,-77.749132985655407],[163.611969239932591,-77.748096001889678],[163.583423867251952,-77.74403465322176],[163.557249817692139,-77.743572533079174],[163.539895718352142,-77.74461997055414],[163.523559815440052,-77.748505878700485],[163.510767087518701,-77.748058379279001],[163.499382026440713,-77.746602182222219],[163.472077408994551,-77.746939144366351],[163.457568126689523,-77.748514982272155],[163.488977569005016,-77.753341496293402],[163.487902802879802,-77.760219276760978],[163.491667963737171,-77.761738904554647],[163.502781284330894,-77.763399495353525],[163.525935191290046,-77.759384233226442],[163.552044724199675,-77.753400904901895],[163.557388091260464,-77.753121004564647],[163.567774722015258,-77.755405986526142],[163.555223845812776,-77.758680303175495],[163.546198742682037,-77.75920195104122],[163.530452774167799,-77.767337652761654],[163.530581241317776,-77.770688364403696],[163.540188247678003,-77.776176192505545],[163.544217268654762,-77.782307589592222],[163.538538497370581,-77.787778587855172],[163.547483940278852,-77.78916591802529],[163.55735650897094,-77.787789257748017],[163.580057881303929,-77.778981967037083],[163.577397425776923,-77.775968732993732],[163.583034920679694,-77.773473484390337],[163.599226483720429,-77.771322333472554],[163.615129050684544,-77.771926838305504],[163.624958527409547,-77.773695344461487],[163.621066985630506,-77.771241076429746],[163.629409537217953,-77.767362762853082],[163.659502823560246,-77.766597181016166],[163.672265216609247,-77.763851703695323],[163.68823774932585,-77.761995257617684],[163.705344857948319,-77.762561777956648],[163.708428156181668,-77.763319532516732],[163.707285487293035,-77.767855659905791],[163.709628478277551,-77.769189855560867],[163.717019055266803,-77.769116341323226],[163.725122881101868,-77.764214701584081],[163.730514345611823,-77.763773090703452],[163.744592294422006,-77.765723505329206],[163.748083264990299,-77.767520402757199],[163.755473623678654,-77.767912883755699],[163.771365980961917,-77.76201046202344],[163.788709802097515,-77.760471994353153],[163.794807768137332,-77.762081455357759],[163.795975852413022,-77.763914314637333],[163.788477938054797,-77.766296324594023],[163.785857012651121,-77.769734977069803],[163.792826801546227,-77.773329540377745],[163.809283269295236,-77.774829268540046],[163.82602734166133,-77.775066987702132],[163.833285237561824,-77.7738540567576],[163.851974281272675,-77.773060516469613],[163.863276941204987,-77.7746111894932],[163.885572089352166,-77.773947510844565],[163.907385255984877,-77.774326881554373],[163.935642745737994,-77.770736280303566],[163.947426211761581,-77.771935698471196],[163.953140860548956,-77.77445084342132],[163.961554663388824,-77.775124347415797],[163.971531586433315,-77.774954954301577],[163.991619103842083,-77.770202806550458],[164.00846286193439,-77.76915348877165],[164.015083529833788,-77.767703011112829],[164.024114397783222,-77.767171650312164],[164.028934490274224,-77.76105254555327],[164.087301267561259,-77.757673777939118],[164.097407180967053,-77.759571985147176],[164.103010406609997,-77.763451654148412],[164.115045427298668,-77.7669287171462],[164.149237485075673,-77.77140284250892],[164.151859901938991,-77.774211441947855],[164.14256470836068,-77.776380180969554],[164.129159238521936,-77.776380143536983],[164.11776520924542,-77.774882183001566],[164.102869282442072,-77.775990654135271],[164.058837422887422,-77.776442902972548],[164.047954419136772,-77.780247307018413],[164.026976509312675,-77.784183633069659],[164.023309169173814,-77.783880931608451],[164.019106547852289,-77.778433371907553],[164.006143043982291,-77.778099050269333],[163.995224071123516,-77.780027434866511],[163.97824009162008,-77.781506465276593],[163.95632458316652,-77.781100259711309],[163.947379987729477,-77.781846208578358],[163.924321465909628,-77.779060829224576],[163.911448314699271,-77.779879712160223],[163.896889221857094,-77.779489990677632],[163.868735304787577,-77.780443264743667],[163.857574431037847,-77.778784589199617],[163.799465832122451,-77.781986968979197],[163.781972371664807,-77.78494091511898],[163.757955262061301,-77.782861417936857],[163.743033092267154,-77.783185332707575],[163.718104169643425,-77.779811286454745],[163.71108074605462,-77.777873587385969],[163.696915719717026,-77.777422251088552],[163.655678864015499,-77.779065883926677],[163.630444065434375,-77.77582404939281],[163.614906225107489,-77.784000581493231],[163.604222038564728,-77.785809784155632],[163.595809090817397,-77.788505226055335],[163.595604078343882,-77.791778371814814],[163.619667969081746,-77.79532527738526],[163.633556366005564,-77.79501754452285],[163.6450045371935,-77.796467110617314],[163.652770652656187,-77.79656346256067],[163.698883380469226,-77.79426958942129],[163.704576650778989,-77.794590807755171],[163.708884397612536,-77.796294002385764],[163.709115048249828,-77.798380645190861],[163.680218135558391,-77.802285055635053],[163.682440948749644,-77.803756567313314],[163.68755343124522,-77.804622974368826],[163.700021243435998,-77.802750855126632],[163.731201393352592,-77.802269229642988],[163.745419701425931,-77.805274680959229],[163.747670685275409,-77.807216282650103],[163.760067893778881,-77.810623858515669],[163.763324353529129,-77.812010641621825],[163.76309846865658,-77.815933087082826],[163.750877160178192,-77.817284207955296],[163.71128690507831,-77.81363100627874],[163.702592856762038,-77.813218904561566],[163.693684710735653,-77.814500677860067],[163.697373625997045,-77.816987237554102],[163.757749285445897,-77.825875059272676],[163.75626059192706,-77.829736734499505],[163.743770476987748,-77.831814044517131],[163.737119296032688,-77.834250191075327],[163.7250661745949,-77.835948554606304],[163.711553301056284,-77.833418813365697],[163.711422256342388,-77.829823005658881],[163.697158246240775,-77.826273395284929],[163.693530504012017,-77.823028316705148],[163.694588706250698,-77.818996984482609],[163.667103022209545,-77.816534658822434],[163.650401076898419,-77.811858712095756],[163.648536793048805,-77.808861293410217],[163.654955154162764,-77.8054616515048],[163.663213663480462,-77.804078239493464],[163.654644828642859,-77.802566561335837],[163.646729414515505,-77.802280976075068],[163.634299569831057,-77.805529293662147],[163.6163986369599,-77.807359524993458],[163.601427410919683,-77.804304573215475],[163.590829168949654,-77.798927319628845],[163.564798650230756,-77.79605356079621],[163.539228097262566,-77.795077751707893],[163.52729188662704,-77.79561917336575],[163.523739374060483,-77.801093208712359],[163.505122480099573,-77.803861770647146],[163.483167941012425,-77.80250945218414],[163.454157348468812,-77.797047374245707],[163.442711726981003,-77.793965606923692],[163.436916660004414,-77.790236556266748],[163.439455100298915,-77.787260848703909],[163.437227153604454,-77.784271337056893],[163.441991409633829,-77.780870757975151],[163.425009733463526,-77.780515942304561],[163.412156729096438,-77.777702573201537],[163.404268903258384,-77.770795320703883],[163.413859444064798,-77.768551179147494],[163.405195702326836,-77.76590606131488],[163.39539431294898,-77.76505277334148],[163.387296062837322,-77.765937180549685],[163.373751553340782,-77.769139293939503],[163.359058502268937,-77.766220905482427],[163.353791817074125,-77.764219668372903],[163.339520582960859,-77.763436969405333],[163.333156581751126,-77.765004865784348],[163.33161679981356,-77.767165191114771],[163.338431772966032,-77.768579869011617],[163.346318554188372,-77.772829662086011],[163.343993598659068,-77.778383595626153],[163.337640453968874,-77.780831772145802],[163.342648923728717,-77.783456961085889],[163.342277611069989,-77.786826984376859],[163.331177094835141,-77.79271064075877],[163.307069650605655,-77.795463105766501],[163.279674935504289,-77.801000875470294],[163.264991549590945,-77.801883809813717],[163.247657287584872,-77.804728310322204],[163.237686491081803,-77.804177087809521],[163.226038244584686,-77.80111532961385],[163.208106642930034,-77.798765688140236],[163.195733103935623,-77.791403476042802],[163.182844956482114,-77.786291774377602],[163.179934478651461,-77.777858861755263],[163.182466996900757,-77.773189791399602],[163.196655644914671,-77.768282858571908],[163.205224033308099,-77.767583018700876],[163.226092815318225,-77.763574776462875],[163.272623846529825,-77.753382143241453],[163.291759269327628,-77.752777939194445],[163.297943246367538,-77.751142632618127],[163.352273923132856,-77.739984143798239],[163.364374761317748,-77.736617326989162],[163.38669913460771,-77.733210192429382],[163.399140626583005,-77.729979664004816],[163.407787931948064,-77.72932008645823],[163.451882764600754,-77.722305662012303],[163.469954365030645,-77.721294143081153],[163.469297117462958,-77.722075153207967],[163.47218970491042,-77.721887455309599]],[[163.506382302622171,-77.773474420021117],[163.479611231772822,-77.770358673859448],[163.452796585252173,-77.773854681504133],[163.445906658949582,-77.780421505231303],[163.450861881472633,-77.781273435909341],[163.46374267174275,-77.780241099776518],[163.479037413706635,-77.777502349927971],[163.50838902059516,-77.777346861835809],[163.506382302622171,-77.773474420021117]],[[163.805834760258392,-77.710111239719808],[163.787223319712268,-77.707982069058176],[163.783144510864503,-77.709087408163796],[163.784104020706451,-77.721466759821325],[163.794029371235183,-77.724713468714882],[163.826095547954225,-77.727032129897523],[163.85040907620521,-77.724615262961493],[163.845024555854195,-77.720948944381519],[163.826647111522448,-77.716489065873589],[163.810525396933201,-77.713969815805029],[163.805834760258392,-77.710111239719808]]]]}},
{"type":"Feature","properties":{"SURFACE":"rock"},"geometry":{"type":"MultiPolygon","coordinates":[[[[164.885820623141115,-77.887917053951142],[164.884440760713034,-77.886348638336514],[164.884602109549945,-77.880578624316271],[164.885730804705787,-77.879822115320891],[164.897338053420299,-77.878653023074506],[164.919650278530611,-77.873108400443243],[164.922962459144742,-77.872560410637959],[164.928253946926446,-77.872028949731586],[164.930784762913532,-77.871944683802283],[164.934008046665184,-77.872948563386302],[164.936368996592165,-77.875226037130304],[164.935829797791797,-77.877108479313051],[164.93544480909614,-77.877522810000471],[164.926887244111271,-77.880744627115106],[164.91985599957124,-77.882720824215639],[164.912729674341421,-77.884343854745211],[164.894656787664076,-77.888327016347873],[164.889279146290932,-77.888959551915278],[164.888069362607837,-77.888791961122323],[164.887596390222853,-77.8887262502504],[164.88721978615169,-77.888554001402454],[164.885820623141115,-77.887917053951142]]]]}},
{"type":"Feature","properties":{"SURFACE":"rock"},"geometry":{"type":"MultiPolygon","coordinates":[[[[163.804074687838295,-77.818301847675912],[163.815462985038977,-77.821387495724181],[163.813942557965333,-77.822503068332793],[163.794790851899307,-77.823170968232404],[163.777446749408966,-77.821389727445279],[163.773077529226242,-77.818841024220248],[163.780384062668475,-77.817636392598033],[163.791507249319466,-77.817136391013733],[163.804074687838295,-77.818301847675912]]]]}},
{"type":"Feature","properties":{"SURFACE":"rock"},"geometry":{"type":"MultiPolygon","coordinates":[[[[165.073565083776145,-77.887880091950805],[165.072265491749704,-77.890754521753593],[165.069494762003984,-77.892292197977426],[165.067120585558854,-77.892473872490882],[165.064752977093718,-77.892654720038976],[165.060153634707262,-77.892553953976488],[165.058575882349345,-77.891942592527883],[165.058153561701971,-77.889269632494702],[165.073565083776145,-77.887880091950805]]]]}},
{"type":"Feature","properties":{"SURFACE":"rock"},"geometry":{"type":"MultiPolygon","coordinates":[[[[165.041005914229345,-77.88431379624312],[165.021567300205078,-77.888198089943998],[165.013022276984856,-77.885936614240293],[165.012260731660518,-77.885172734888513],[165.015525671725896,-77.883293154921262],[165.018479670532571,-77.882480066390656],[165.021711731303697,-77.882039579804612],[165.021943030639846,-77.882040792473362],[165.025019843777045,-77.882104058370032],[165.041005914229345,-77.88431379624312]]]]}},
{"type":"Feature","properties":{"SURFACE":"rock"},"geometry":{"type":"MultiPolygon","coordinates":[[[[163.855529931776829,-77.803502083406897],[163.869465624583682,-77.806288677254983],[163.873038485827095,-77.808450920444244],[163.858148401789748,-77.8114232387437],[163.852871456202962,-77.811685888402224],[163.83823532810851,-77.809924396411432],[163.823550675880654,-77.805422932766504],[163.826072740808456,-77.802733773827342],[163.83920657343117,-77.802019535327133],[163.855529931776829,-77.803502083406897]]]]}},
{"type":"Feature","properties":{"SURFACE":"rock"},"geometry":{"type":"MultiPolygon","coordinates":[[[[163.98119132020679,-77.802564581185734],[163.974209225221841,-77.803886040517682],[163.942949230205102,-77.80485342520268],[163.930548127269901,-77.807157836584679],[163.913883347751778,-77.806439166294709],[163.910690762495875,-77.805062614080995],[163.917760515343474,-77.794123814080223],[163.922275091991253,-77.792015059205809],[163.93612783604712,-77.790118925154587],[163.962041731113885,-77.790819917851479],[163.966696159992495,-77.79493560077205],[163.980303874475197,-77.797757136733793],[163.984891489888895,-77.801048682516821],[163.98119132020679,-77.802564581185734]]]]}},
{"type":"Feature","properties":{"SURFACE":"rock"},"geometry":{"type":"MultiPolygon","coordinates":[[[[164.019464451516313,-77.804209016039735],[164.01160735953394,-77.799826937388957],[164.014902767759793,-77.794344525511363],[164.024974764290391,-77.791380969285669],[164.046217810268985,-77.79151837284293],[164.074972213257638,-77.790537195924074],[164.101588410502046,-77.788742875286587],[164.12467552029733,-77.785607770724397],[164.150737987295003,-77.78360369538801],[164.179245070523535,-77.779019251511912],[164.192752995590666,-77.778942353369402],[164.202173027233556,-77.781924129611156],[164.230701315501193,-77.783738708931821],[164.249107195500841,-77.790411769515046],[164.24776894822898,-77.794147424930927],[164.238082314009858,-77.799245061233037],[164.214467570675424,-77.803777283951092],[164.197867135457841,-77.805418811321275],[164.126339071884928,-77.808436240105365],[164.100199469843716,-77.80788337627952],[164.086053085784727,-77.808404355101814],[164.049762891715773,-77.80541331357702],[164.03574907105255,-77.805834283921897],[164.019464451516313,-77.804209016039735]]]]}},
{"type":"Feature","properties":{"SURFACE":"rock"},"geometry":{"type":"MultiPolygon","coordinates":[[[[165.232821404963232,-77.859364964500514],[165.233774386316298,-77.863259464883924],[165.23277435904086,-77.864078530118775],[165.230933611161561,-77.864386079718045],[165.218693028312941,-77.864861859097516],[165.213683105039451,-77.863158371878527],[165.214013695844642,-77.862887159857834],[165.214533684520575,-77.862461670419222],[165.232821404963232,-77.859364964500514]]]]}},
{"type":"Feature","properties":{"SURFACE":"rock"},"geometry":{"type":"MultiPolygon","coordinates":[[[[164.023650370838595,-77.752263069786011],[164.01429339572141,-77.755456078655612],[163.996681543209263,-77.756682734672438],[163.966243398123851,-77.756982485074289],[163.941518952446302,-77.759469102173966],[163.904932698584901,-77.761399161547359],[163.886371755810472,-77.763780553630099],[163.880826459669265,-77.769126353631066],[163.874592284809012,-77.769729992623695],[163.85760408053369,-77.767980182189291],[163.855244559100555,-77.761872009474658],[163.859960269928507,-77.759318397564229],[163.865962208901124,-77.758412111298114],[163.909344396511045,-77.755105699886343],[163.932167629693197,-77.751891424845354],[163.947847594297542,-77.751872446724093],[163.95827515504746,-77.749938479535572],[163.975562694839198,-77.748593118028268],[164.003543769797375,-77.750288992229855],[164.017066597880614,-77.750186959210666],[164.023650370838595,-77.752263069786011]]]]}},
{"type":"Feature","properties":{"SURFACE":"rock"},"geometry":{"type":"MultiPolygon","coordinates":[[[[162.409012698078584,-77.628434708958295],[162.413378463648343,-77.625544920409141],[162.428313374598957,-77.625494758536277],[162.444451214393041,-77.626927361998739],[162.452307938655707,-77.62850877121457],[162.449806332941648,-77.631202833906926],[162.430799392971437,-77.632856688391627],[162.409012698078584,-77.628434708958295]]]]}},
{"type":"Feature","properties":{"SURFACE":"rock"},"geometry":{"type":"MultiPolygon","coordinates":[[[[166.619739939097428,-77.844061557829846],[166.622422461025224,-77.839737808657858],[166.620798452458672,-77.834041356368658],[166.614541787450236,-77.828617772974525],[166.61491029948786,-77.828096981830441],[166.615031922831577,-77.827925273896611],[166.618406226089832,-77.826771558446325],[166.623747758177586,-77.824944479204675],[166.628283522334527,-77.823886430092145],[166.633487507374298,-77.822672356493612],[166.653413917575534,-77.822510338396526],[166.685722144778651,-77.81885013726685],[166.699216862976954,-77.8161115513102],[166.712341930983257,-77.815693980345074],[166.724044935028502,-77.818708100626026],[166.722754020012786,-77.820477233442432],[166.717223984933952,-77.822263268084356],[166.69697606284862,-77.82381598489421],[166.687686894973012,-77.826874815993222],[166.68004591610682,-77.827940008675398],[166.67488618622005,-77.831133580308816],[166.67428909256131,-77.834269697682132],[166.697480598434254,-77.838853033137156],[166.713045702618132,-77.836848465761548],[166.73572364053615,-77.835918232068536],[166.764996596005176,-77.838019806668186],[166.768223816091876,-77.840196435535162],[166.766002105819211,-77.845030548557091],[166.768563702698458,-77.847377560180746],[166.766281466595842,-77.849920807585363],[166.763935478651206,-77.850944557070974],[166.761697436443399,-77.851921041481162],[166.760057771128288,-77.852212801289298],[166.759250214933331,-77.852356364137279],[166.754442385007167,-77.852515715510407],[166.751983468045722,-77.852597312863722],[166.727264724153486,-77.851684478774345],[166.720828420462368,-77.851682858873886],[166.718044364595698,-77.85168251444648],[166.716200494135734,-77.851807217223865],[166.714202528868839,-77.851942960297094],[166.704335598946841,-77.853864865349081],[166.691161501611219,-77.85816330556824],[166.685103838027032,-77.860138838148501],[166.680326504928132,-77.861010870110562],[166.678023445926641,-77.861102012592028],[166.673802989996744,-77.860570121494348],[166.670178050149104,-77.859311089988083],[166.65698613524691,-77.851293616789505],[166.650089272285015,-77.848815644030054],[166.645810535329616,-77.847919872307415],[166.643435983497199,-77.84742334513065],[166.636416794781155,-77.846704995790915],[166.62944544517552,-77.847812513201447],[166.624895482547743,-77.848534625746368],[166.620354782529006,-77.844595387108598],[166.619739939097428,-77.844061557829846]]]]}},
{"type":"Feature","properties":{"SURFACE":"rock"},"geometry":{"type":"MultiPolygon","coordinates":[[[[162.593252017594267,-77.573270054457083],[162.603197083796658,-77.574328396316986],[162.607580283971572,-77.57594590039335],[162.59269791546734,-77.578283658545743],[162.573772513666881,-77.577638015625681],[162.56642117997572,-77.576286493672569],[162.559406895513945,-77.57278264339125],[162.566987463999681,-77.570433709819397],[162.576749351122857,-77.569737947633925],[162.593252017594267,-77.573270054457083]]]]}},
{"type":"Feature","properties":{"SURFACE":"rock"},"geometry":{"type":"MultiPolygon","coordinates":[[[[166.657905058503729,-77.804787962793952],[166.671242972018717,-77.802344005774088],[166.675325067629529,-77.802246649955293],[166.685111350858222,-77.802428769097389],[166.694054782188346,-77.804460452115777],[166.708450832145388,-77.805308098549148],[166.719540089901045,-77.807270339388808],[166.736021729720136,-77.806646520235532],[166.745931917388305,-77.802690152394817],[166.752959723032632,-77.801304961800071],[166.741453038513413,-77.799532590982508],[166.736807186474152,-77.79957238109175],[166.71226592782341,-77.801894739370695],[166.699257949088889,-77.79924200876529],[166.699352414796806,-77.798948546484652],[166.711381173466719,-77.796406369330384],[166.73146976122689,-77.790350429008214],[166.732238920367166,-77.790011156732774],[166.739127299276049,-77.789351566462344],[166.752905382137897,-77.789249038964968],[166.760093371018144,-77.791286851546175],[166.766971737682894,-77.791530901832061],[166.777390628223657,-77.785730777202133],[166.784525177566223,-77.784655870821396],[166.796346161352375,-77.786672623297306],[166.793586694251474,-77.794951510699349],[166.786517687289376,-77.798203218785687],[166.778594278026873,-77.799818050312879],[166.779286927778287,-77.802657968828257],[166.774524594616366,-77.805227056320746],[166.753650739190306,-77.808995764596773],[166.742891869325092,-77.812663675264233],[166.725838242330155,-77.813525235051941],[166.715096368838687,-77.81124647017873],[166.701142672068642,-77.811841233981554],[166.674214473988087,-77.809316705485031],[166.661598696308033,-77.806864191413482],[166.657905058503729,-77.804787962793952]]]]}},
{"type":"Feature","properties":{"SURFACE":"rock"},"geometry":{"type":"MultiPolygon","coordinates":[[[[162.608058405198193,-77.571603445839315],[162.60655722649193,-77.569593795001623],[162.590406938323724,-77.564877461789777],[162.580328621940623,-77.559890411801121],[162.596429980246853,-77.552395685335881],[162.60293667465487,-77.551743468654777],[162.612485391788255,-77.554303828199807],[162.625730396095861,-77.554320366933638],[162.638629977236974,-77.557263794874757],[162.633490702962803,-77.560618014245392],[162.625579620011564,-77.563093052542158],[162.632358950328239,-77.569122954964826],[162.630523949898105,-77.571859827616905],[162.625162264742244,-77.572995733811979],[162.612167240306206,-77.572793539453201],[162.608058405198193,-77.571603445839315]]]]}},
{"type":"Feature","properties":{"SURFACE":"rock"},"geometry":{"type":"MultiPolygon","coordinates":[[[[166.808286457094198,-77.805624931087934],[166.829324860194561,-77.804071379938364],[166.840552718113116,-77.805920074077548],[166.842733409266259,-77.807722367313701],[166.840401918284755,-77.809231696764712],[166.821907934521221,-77.810262491447318],[166.808813180786217,-77.81313277478958],[166.792417999321401,-77.812043729545152],[166.794908455897996,-77.809043818337202],[166.808286457094198,-77.805624931087934]]]]}},
{"type":"Feature","properties":{"SURFACE":"rock"},"geometry":{"type":"MultiPolygon","coordinates":[[[[163.023816536739076,-77.560890431034366],[163.035068984196499,-77.556150305517917],[163.050050333802488,-77.554169217713536],[163.063641989829534,-77.556892979462546],[163.060164420241421,-77.560424565570372],[163.051593039852605,-77.562835889681111],[163.035693109606342,-77.564316203702361],[163.023816536739076,-77.560890431034366]]]]}},
{"type":"Feature","properties":{"SURFACE":"rock"},"geometry":{"type":"MultiPolygon","coordinates":[[[[166.847434546736224,-77.772375925012398],[166.865205007712433,-77.771581742604909],[166.870825019389798,-77.773532780505803],[166.870275427865749,-77.776309968228261],[166.858393769444177,-77.777762972083593],[166.845201619374876,-77.775571323111592],[166.847434546736224,-77.772375925012398]]]]}},
{"type":"Feature","properties":{"SURFACE":"rock"},"geometry":{"type":"MultiPolygon","coordinates":[[[[162.505012221914029,-77.506127735687969],[162.497388611493903,-77.511332040070855],[162.487706742498602,-77.512574875414614],[162.47236954831223,-77.510678361912511],[162.4669202825838,-77.504764279751711],[162.475987129289933,-77.500736013954906],[162.491644421642206,-77.500801617596863],[162.505012221914029,-77.506127735687969]]]]}},
{"type":"Feature","properties":{"SURFACE":"rock"},"geometry":{"type":"MultiPolygon","coordinates":[[[[163.009162020326386,-77.529212916101159],[163.020184795869341,-77.526399741622043],[163.01968913628923,-77.522579250375188],[163.010961288374972,-77.519209412748097],[163.003597143198164,-77.517870144022083],[162.995920893023083,-77.513379458680262],[163.011196387655104,-77.511534969698985],[163.01179380330035,-77.508182630606328],[163.002041303121047,-77.50055998081821],[163.005158953918311,-77.494009920826201],[163.016505536673662,-77.491101609494976],[163.032803407489524,-77.491521890614962],[163.044211710941141,-77.495700135791026],[163.039003230946349,-77.505831982268376],[163.052975301141743,-77.511438444963531],[163.034889956777107,-77.515008115922996],[163.032756825623238,-77.516702251346999],[163.051123154579415,-77.525317380344433],[163.081052361067094,-77.525521938868067],[163.094642955285735,-77.522542907265176],[163.106485401390046,-77.523509474903406],[163.115932632637708,-77.526182116144341],[163.143629761224645,-77.526253247911413],[163.1546818640754,-77.522534225329906],[163.16210733695911,-77.521492973860347],[163.173792554475796,-77.522571929056056],[163.181397491495034,-77.523611877781804],[163.186716729289543,-77.5259174473683],[163.176730020704667,-77.528117062978495],[163.174089009450711,-77.530796452002747],[163.179598620553492,-77.534008093464493],[163.170081224006879,-77.536926678460162],[163.093150617519143,-77.532990739496469],[163.051666227693829,-77.530026162252256],[163.041438483241365,-77.529986509483251],[163.024891505029217,-77.531487367016169],[163.012234049288736,-77.534568994612897],[163.003257442531549,-77.535036438218526],[162.973268246438153,-77.533648830481525],[162.969213661811267,-77.532747806471093],[162.966670762367187,-77.531428036354058],[162.971783084760062,-77.530471982323562],[162.978981046974667,-77.529619310307041],[162.991275643488365,-77.530270191247183],[163.009162020326386,-77.529212916101159]]]]}},
{"type":"Feature","properties":{"SURFACE":"rock"},"geometry":{"type":"MultiPolygon","coordinates":[[[[166.876589144580777,-77.742971445611857],[166.884436641551503,-77.742059481928436],[166.888150850158411,-77.742622947558445],[166.894870000467648,-77.746679753026228],[166.890186709025727,-77.749372561613413],[166.87555450425802,-77.750150228034741],[166.869731740015709,-77.748240244381932],[166.870132747032471,-77.745455895943877],[166.876589144580777,-77.742971445611857]]]]}},
{"type":"Feature","properties":{"SURFACE":"rock"},"geometry":{"type":"MultiPolygon","coordinates":[[[[162.986020594903465,-77.512724431845513],[162.975128151909615,-77.515374351626647],[162.955780519315766,-77.515725780581889],[162.94405428773905,-77.516983711436481],[162.929722142736807,-77.515424527836615],[162.925268348291411,-77.511523537697386],[162.945137409763163,-77.503150325027576],[162.951843272758794,-77.502181030576992],[162.964909690871821,-77.502267655685472],[162.986020594903465,-77.512724431845513]]]]}},
{"type":"Feature","properties":{"SURFACE":"rock"},"geometry":{"type":"MultiPolygon","coordinates":[[[[166.862121757317141,-77.728233555350471],[166.873987034678464,-77.727526367517797],[166.885649091377047,-77.729399960174362],[166.87370730019515,-77.734416384029402],[166.875018222337246,-77.737285436227879],[166.861414330981034,-77.738979570132031],[166.851457986120266,-77.738373507360251],[166.845206115251756,-77.735806765497458],[166.856780979574182,-77.733577011875965],[166.85573096349583,-77.730288281349004],[166.862121757317141,-77.728233555350471]]]]}},
{"type":"Feature","properties":{"SURFACE":"rock"},"geometry":{"type":"MultiPolygon","coordinates":[[[[163.203892692616108,-77.524186745000463],[163.212745018007354,-77.523023499326882],[163.224442952710518,-77.525194793407593],[163.225730637201877,-77.527236434621386],[163.225357473820566,-77.528436932634506],[163.216321522001522,-77.52991434407538],[163.204999942319574,-77.528569378602981],[163.201776256124305,-77.526900161029246],[163.203892692616108,-77.524186745000463]]]]}},
{"type":"Feature","properties":{"SURFACE":"rock"},"geometry":{"type":"MultiPolygon","coordinates":[[[[166.369311998218762,-77.690910557377507],[166.366893317274389,-77.689847706077529],[166.357783107539774,-77.682593980187463],[166.359348049033429,-77.681801636524227],[166.359471253496508,-77.681772894240154],[166.365458348097548,-77.680361907039739],[166.366109877791018,-77.680319539034144],[166.367342001795038,-77.680240492880372],[166.368451539575602,-77.680169145489316],[166.371609645491617,-77.680504679546772],[166.380683947579854,-77.681466910315365],[166.386789898615405,-77.682968392411581],[166.387046820412422,-77.683030835234362],[166.38788243309304,-77.683782241303845],[166.384413176766799,-77.686055467141301],[166.384230253727793,-77.68611508326326],[166.369311998218762,-77.690910557377507]]]]}},
{"type":"Feature","properties":{"SURFACE":"rock"},"geometry":{"type":"MultiPolygon","coordinates":[[[[163.367491822127249,-77.497761978762796],[163.37207486052688,-77.495882646876524],[163.383553172096583,-77.494842015694275],[163.395834174968172,-77.496453232183498],[163.394162819217627,-77.499485717974807],[163.385395774940719,-77.501223260957687],[163.373785674966371,-77.501927040013868],[163.367491822127249,-77.497761978762796]]]]}},
{"type":"Feature","properties":{"SURFACE":"rock"},"geometry":{"type":"MultiPolygon","coordinates":[[[[163.457406596142647,-77.492170421611021],[163.460721638027309,-77.489536272915871],[163.471431993529364,-77.488284307914682],[163.48363043662232,-77.488971175457905],[163.492803529842689,-77.491598363077657],[163.487340973721814,-77.493349649624889],[163.474462469584211,-77.495667274028904],[163.460677901026401,-77.496132421400944],[163.457406596142647,-77.492170421611021]]]]}},
{"type":"Feature","properties":{"SURFACE":"rock"},"geometry":{"type":"MultiPolygon","coordinates":[[[[166.323513878893237,-77.659321016404547],[166.341018302124979,-77.657143606654714],[166.371961560602756,-77.658202830254154],[166.375630135137811,-77.658493642949097],[166.375517348563022,-77.658517064041447],[166.369904797831651,-77.659149800624718],[166.332336004414088,-77.66181709333641],[166.331815580825264,-77.661854439219141],[166.331763685474272,-77.66184588740488],[166.320849743934019,-77.660024285975368],[166.323513878893237,-77.659321016404547]]]]}},
{"type":"Feature","properties":{"SURFACE":"rock"},"geometry":{"type":"MultiPolygon","coordinates":[[[[166.708657547500451,-77.657868716085858],[166.710351536548927,-77.656122459413368],[166.716828824887557,-77.655187062732892],[166.75865282430857,-77.656618341848343],[166.778387292946945,-77.65885048485265],[166.792621320572096,-77.657834354094533],[166.79764636396888,-77.660515929868524],[166.796533342260545,-77.661613507791159],[166.793215506384854,-77.662092171240516],[166.790502201176224,-77.662483105350617],[166.785586460487593,-77.663977720555906],[166.776387430156717,-77.668531960435914],[166.773787304028957,-77.669140047283491],[166.77165128180178,-77.669639361320534],[166.77017390564373,-77.66968671981806],[166.768054570500396,-77.669755589441692],[166.762835566756991,-77.669343791526131],[166.758775186705918,-77.669024013331168],[166.751901797210905,-77.667645174259491],[166.751167233109271,-77.665984736299805],[166.756778152076919,-77.660971191095385],[166.756007661849537,-77.660435696115087],[166.754822464014353,-77.659614014154599],[166.748855994838493,-77.65874332322781],[166.739714482080672,-77.658224453806255],[166.731203188939816,-77.657740517949165],[166.722150599669618,-77.657674330963687],[166.71280243545047,-77.657605767364885],[166.708924705607075,-77.657805055807074],[166.708657547500451,-77.657868716085858]]]]}},
{"type":"Feature","properties":{"SURFACE":"rock"},"geometry":{"type":"MultiPolygon","coordinates":[[[[163.073926443227663,-77.452901658373705],[163.076561216953849,-77.450222909215313],[163.091115403506592,-77.447616669684265],[163.164662998942362,-77.440690369500189],[163.182416887300434,-77.440931532447976],[163.205756600829375,-77.443004082244613],[163.214576951177605,-77.445053418538279],[163.212558922769517,-77.447771944798546],[163.178341239759874,-77.454419262506775],[163.163610439925975,-77.454450356063575],[163.151779189306268,-77.45352238316552],[163.139483633211199,-77.455005241726212],[163.119048320829791,-77.454886343513763],[163.101317529855891,-77.455867908990186],[163.08364815973863,-77.455308398456452],[163.073926443227663,-77.452901658373705]]]]}},
{"type":"Feature","properties":{"SURFACE":"rock"},"geometry":{"type":"MultiPolygon","coordinates":[[[[166.408909891058812,-77.630968963490631],[166.417479210018399,-77.629666540614025],[166.429377329416866,-77.630739853768844],[166.449011702755485,-77.636589938558771],[166.461306046740106,-77.637317884932443],[166.487366091354914,-77.636551968051009],[166.500805989335902,-77.637171970283518],[166.512187835808703,-77.640087363150585],[166.511720488095904,-77.640789883660659],[166.506504448987897,-77.641597136664572],[166.505060589282465,-77.641472648269271],[166.501956981448927,-77.64120669878605],[166.475556702918311,-77.641016222563437],[166.412382938093089,-77.641824104773477],[166.391834729397715,-77.6413475672217],[166.391565166503312,-77.641341789863588],[166.390287198866559,-77.640986431816671],[166.390563462794262,-77.640814639056586],[166.391286254284722,-77.640365168857514],[166.403882407290666,-77.636566522531282],[166.407276225393247,-77.633797504851827],[166.408909891058812,-77.630968963490631]]]]}},
{"type":"Feature","properties":{"SURFACE":"rock"},"geometry":{"type":"MultiPolygon","coordinates":[[[[166.800517057550053,-77.638083591057494],[166.813783697890841,-77.638522887837169],[166.821467678122616,-77.642079400017664],[166.819233009664089,-77.644543784559303],[166.803689664301515,-77.647741786579871],[166.793713159876745,-77.643756329096078],[166.792815457274401,-77.640641411385786],[166.800517057550053,-77.638083591057494]]]]}},
{"type":"Feature","properties":{"SURFACE":"rock"},"geometry":{"type":"MultiPolygon","coordinates":[[[[166.396653211217199,-77.622492806008438],[166.394036630963512,-77.622002375959184],[166.354584297756361,-77.617278995036315],[166.35727966033599,-77.616253388230533],[166.367862407464969,-77.615591458572879],[166.389640451812909,-77.619499931513474],[166.401747802693563,-77.620616385426047],[166.406863188556031,-77.623747998264307],[166.406479778300735,-77.623786641924696],[166.40446263692337,-77.623307527454571],[166.397524997040961,-77.622546231466316],[166.396653211217199,-77.622492806008438]]]]}},
{"type":"Feature","properties":{"SURFACE":"rock"},"geometry":{"type":"MultiPolygon","coordinates":[[[[166.752824634597118,-77.632590944739817],[166.767569172322595,-77.632901758027828],[166.770479275650786,-77.63390847454437],[166.767658357223326,-77.637724686497478],[166.761912599705909,-77.639404543767398],[166.747558653015545,-77.639195314464203],[166.74402744469549,-77.636719361830643],[166.746929158316959,-77.634219650632474],[166.752824634597118,-77.632590944739817]]]]}},
{"type":"Feature","properties":{"SURFACE":"rock"},"geometry":{"type":"MultiPolygon","coordinates":[[[[166.31002204985424,-77.6102778577919],[166.324416041791039,-77.608385152630802],[166.335714613202981,-77.609289949895697],[166.349021996469872,-77.611684968051918],[166.348748251294836,-77.613248760174699],[166.342270374579016,-77.614677670532529],[166.323006337558269,-77.613192548782749],[166.319118152161167,-77.612532869948041],[166.31002204985424,-77.6102778577919]]]]}},
{"type":"Feature","properties":{"SURFACE":"rock"},"geometry":{"type":"MultiPolygon","coordinates":[[[[162.54904372885369,-77.360353558891902],[162.55294171446036,-77.354900632661298],[162.560070491501051,-77.35209211613963],[162.57870632204137,-77.349597060450179],[162.584304610568466,-77.349987787996739],[162.581930465292771,-77.351173626988498],[162.588696556422519,-77.353839475999848],[162.586639767617186,-77.357217220033945],[162.589844793297118,-77.360056547741252],[162.602002430467479,-77.360690523146047],[162.608681694351219,-77.359964130809175],[162.657264162047738,-77.347004563590801],[162.679573628406445,-77.343862272069273],[162.697150076305434,-77.338746247939525],[162.712227241675151,-77.336742530224996],[162.741447960850252,-77.336490574206834],[162.780201659326167,-77.323646709786516],[162.78599672653948,-77.322980330238252],[162.798157441067957,-77.323584512431452],[162.81200299328367,-77.329729539153519],[162.806446664576413,-77.332208835427238],[162.780439878135724,-77.333298856579873],[162.756033270123822,-77.340210103283496],[162.761422862645901,-77.343434011848956],[162.75629491428316,-77.346821150797965],[162.735499060023841,-77.350242377721912],[162.727687685034198,-77.352568225023333],[162.729824990706248,-77.353459170529135],[162.74299415999792,-77.35355412651603],[162.74901470803789,-77.355041143841106],[162.751271453854059,-77.357161470617655],[162.726424860976408,-77.359255298466024],[162.70610995692229,-77.359088597264574],[162.690764928767948,-77.361484188534433],[162.666394865749112,-77.363288065268065],[162.618850875035065,-77.364218861944892],[162.612688771712243,-77.365804413472304],[162.597254894424964,-77.367676655350181],[162.560835270880915,-77.369095266045832],[162.553817471067674,-77.370325724376016],[162.548758619993322,-77.370469025032037],[162.537453553052302,-77.368400474106082],[162.539006183727594,-77.365384248266324],[162.54904372885369,-77.360353558891902]]]]}},
{"type":"Feature","properties":{"SURFACE":"rock"},"geometry":{"type":"MultiPolygon","coordinates":[[[[166.786270939599234,-77.603894464931997],[166.800514528087177,-77.602810459748198],[166.806066111035193,-77.604850829808896],[166.799664966331733,-77.608480247957644],[166.76447405225602,-77.61461868479384],[166.747187922747145,-77.615712717135168],[166.743039361024472,-77.610084775814215],[166.751117725465122,-77.6076882620481],[166.769799845990974,-77.607009781449463],[166.786270939599234,-77.603894464931997]]]]}},
{"type":"Feature","properties":{"SURFACE":"rock"},"geometry":{"type":"MultiPolygon","coordinates":[[[[166.143165958757976,-77.539676366534067],[166.144428408582542,-77.539211700036574],[166.147874454828155,-77.538279850536767],[166.151853674202897,-77.536475482602441],[166.152219637322816,-77.536340322117837],[166.161974562649817,-77.533541753071816],[166.164982683175481,-77.533195686385923],[166.166734021093788,-77.532330605676464],[166.17073784077661,-77.531359212540437],[166.17707625099672,-77.529820777267446],[166.178784836359114,-77.529584772038888],[166.179732743973688,-77.529453585385653],[166.179908558218841,-77.529428958903054],[166.181068760972437,-77.529461321959374],[166.183262670093683,-77.529521654725585],[166.183468379711769,-77.529526725903807],[166.200173052357172,-77.531380959969695],[166.200540423447848,-77.531421529939365],[166.203761104710793,-77.531250355550725],[166.213006629596265,-77.533356717845294],[166.223435846048005,-77.53168397676049],[166.242361121989944,-77.530426465929608],[166.26984726036909,-77.523864915069382],[166.267939824932625,-77.520633269708611],[166.263162511611,-77.518611655406261],[166.265342593720874,-77.518166007834651],[166.265801605973564,-77.518047415298881],[166.278015491162819,-77.514892024863329],[166.285508256685972,-77.51527117066847],[166.301515355347362,-77.512597448156455],[166.315194610876716,-77.511984893727515],[166.33556900256869,-77.516088760287715],[166.337273636154094,-77.518295838851884],[166.326521273315819,-77.521231718906108],[166.32710746859405,-77.524071942458988],[166.321771664669768,-77.526600852362776],[166.327310690338265,-77.530906009073149],[166.33171015316637,-77.531951845358932],[166.370232353095389,-77.532397711661062],[166.383381980527446,-77.534829702467647],[166.390629927035292,-77.537406487952012],[166.403850379210184,-77.537219368953004],[166.416012351836201,-77.537976901214719],[166.419382936787969,-77.539132105302528],[166.419978637561996,-77.545786302023615],[166.415576471645636,-77.548365336227761],[166.398696075266002,-77.553165555725244],[166.412149858601765,-77.554044861593354],[166.422781555386592,-77.55039184123909],[166.42862733608024,-77.549963710736378],[166.447170594151345,-77.551303910594839],[166.455644015305865,-77.553258196353909],[166.436119769711183,-77.566284821804814],[166.422997118478463,-77.566620662779528],[166.418981905855219,-77.566328702539579],[166.412770516726113,-77.564113152406307],[166.406979462839928,-77.564768866364901],[166.40686363056335,-77.567571507957325],[166.421321036575989,-77.570544976211139],[166.419743091820095,-77.573858921720785],[166.40392910230392,-77.575844893536299],[166.39602007525707,-77.578241954184222],[166.39469772468567,-77.580981981089948],[166.387049609940419,-77.583392645170207],[166.376771621142552,-77.5845226585257],[166.362176173064682,-77.584592548150439],[166.348067605742557,-77.58703299070531],[166.333836283789367,-77.587836970688116],[166.327245927628127,-77.587712436828767],[166.327072129556058,-77.587606176148128],[166.326822803526454,-77.586939871224658],[166.324543044564166,-77.586293774699016],[166.317208433798271,-77.585239047084897],[166.294871719136438,-77.583629460370673],[166.270805208568731,-77.583396392046566],[166.249141406094196,-77.583185694119621],[166.241592238474141,-77.582768312087978],[166.238099714199421,-77.582314979599289],[166.236709196911136,-77.582133972177317],[166.235538684408368,-77.581982116066882],[166.234596212532381,-77.581700559210333],[166.229275333085155,-77.580113038101032],[166.224173309775153,-77.576863222925581],[166.216252954921629,-77.564849935100014],[166.206238764465866,-77.56265265018672],[166.206440343187523,-77.56215849425935],[166.224185432207548,-77.56135253959269],[166.224353079319201,-77.561287611394548],[166.225083350443896,-77.561005285385832],[166.225682780789384,-77.560773435329992],[166.225620035117487,-77.560712733556883],[166.224566542478783,-77.55969437662668],[166.223717125200977,-77.558875350874359],[166.223439730803989,-77.558772855344756],[166.223064300645632,-77.558634728280666],[166.221254280370204,-77.557965194663922],[166.21853066457831,-77.557364462997171],[166.21589862433683,-77.556784929403335],[166.211901534722699,-77.55590476466746],[166.208140493550559,-77.55521854530275],[166.196175545557736,-77.553036647207861],[166.193705281407716,-77.552587180824631],[166.191126708376828,-77.552291242694039],[166.188285417500595,-77.551964948287107],[166.186691768765343,-77.551783244196926],[166.184996618752535,-77.551717967209171],[166.180925270714795,-77.551561798815143],[166.180437481764699,-77.551542954477839],[166.180349510403119,-77.551560544517841],[166.176434163362302,-77.552359066769924],[166.175090261420024,-77.552633328525189],[166.16769427073865,-77.556489637763235],[166.166341430389679,-77.557194514718944],[166.165839914217486,-77.557365874084837],[166.162875046211468,-77.558376459678925],[166.162625513595941,-77.558461618158148],[166.16251903966122,-77.558447765731998],[166.159489144911731,-77.558054950631472],[166.158996584264401,-77.55799130822237],[166.154899628952847,-77.556871654526688],[166.154690961874394,-77.556786764099513],[166.144270622108962,-77.552569494363539],[166.136890133711461,-77.547441290481899],[166.136485429956906,-77.54383351881836],[166.140425370425817,-77.541096811002859],[166.141361989747622,-77.540446091564334],[166.142889035300186,-77.539795178682581],[166.143165958757976,-77.539676366534067]],[[166.316453839482449,-77.546149900450075],[166.329233679223734,-77.543253891845168],[166.338517470881527,-77.542833754751356],[166.340616155733272,-77.541637472838985],[166.335568191884903,-77.540080364892788],[166.309545336983206,-77.540069189142471],[166.291468835840561,-77.541000785757916],[166.289310309615246,-77.542673805139017],[166.303699100528149,-77.54524668229017],[166.316453839482449,-77.546149900450075]],[[166.348526846654863,-77.551698533913921],[166.362826597771488,-77.551439216596449],[166.368294359839581,-77.549665225500547],[166.367764048751042,-77.545770372334587],[166.377450404724328,-77.543566347322567],[166.377668721058171,-77.540768864909097],[166.374672074206217,-77.540030441282596],[166.343601199422949,-77.544507324529334],[166.34208227085756,-77.544095259861564],[166.346436836144562,-77.546472623756799],[166.345558276064935,-77.550324505100022],[166.348526846654863,-77.551698533913921]]]]}},
{"type":"Feature","properties":{"SURFACE":"rock"},"geometry":{"type":"MultiPolygon","coordinates":[[[[162.616657458286994,-77.341926300553226],[162.610774477189182,-77.347434686073839],[162.594929245760397,-77.350038406716308],[162.58509833802546,-77.349896945280449],[162.586250722749838,-77.348610483088621],[162.580277664206562,-77.345339887862977],[162.608093348068167,-77.338175000755783],[162.616657458286994,-77.341926300553226]]]]}},
{"type":"Feature","properties":{"SURFACE":"rock"},"geometry":{"type":"MultiPolygon","coordinates":[[[[167.86886678020403,-77.642023918485961],[167.868235833412513,-77.642021646904027],[167.864610875165624,-77.642004911782763],[167.863029015278897,-77.64206590880076],[167.860410837102194,-77.642088485968841],[167.836695227915499,-77.643079562795549],[167.816667401023977,-77.643849271417608],[167.806377661794585,-77.644095146428924],[167.801141277670382,-77.644146199303137],[167.795088632560862,-77.644042964728939],[167.788354103228016,-77.643811389030077],[167.784990957433564,-77.643588052858846],[167.782710915548847,-77.643379951649734],[167.791709963087044,-77.641286178280097],[167.82879459347663,-77.639482987581886],[167.858309103942446,-77.639444382548945],[167.86886678020403,-77.642023918485961]]]]}},
{"type":"Feature","properties":{"SURFACE":"rock"},"geometry":{"type":"MultiPolygon","coordinates":[[[[162.285006404909495,-77.319622953952887],[162.269030378868962,-77.321241299632035],[162.241448191007549,-77.321043943715765],[162.238925809181183,-77.319715652090977],[162.241642334250628,-77.317992932603104],[162.272115949325325,-77.314133572309075],[162.29793170314386,-77.312501768103118],[162.32046496297869,-77.309474510001834],[162.362551071884553,-77.306358960003578],[162.404716697720289,-77.307355061304392],[162.427003982876926,-77.309964054919092],[162.43673798312301,-77.312248835080155],[162.455141679496592,-77.312065933903853],[162.479414655703835,-77.309743437478232],[162.490153447502053,-77.312883312691952],[162.481380083141374,-77.315625313668576],[162.46927121967488,-77.318038160949911],[162.445286811495265,-77.320456163068314],[162.409020725269386,-77.326061577964168],[162.403706348251717,-77.326108012178238],[162.392209451998667,-77.324051360506644],[162.384656401049,-77.320564207200761],[162.384604268983622,-77.317482842511524],[162.37999895668392,-77.315447394671466],[162.350749293613461,-77.313941794037987],[162.340269228819068,-77.31368990137365],[162.297616783324855,-77.316574532445941],[162.285006404909495,-77.319622953952887]]]]}},
{"type":"Feature","properties":{"SURFACE":"rock"},"geometry":{"type":"MultiPolygon","coordinates":[[[[166.757733241989655,-77.579271879017071],[166.787774422581265,-77.578629391824606],[166.799669413888182,-77.581634548224258],[166.797112762771349,-77.585613704206821],[166.778353763032612,-77.587257173282879],[166.75150121377348,-77.585781100203135],[166.74941480815329,-77.582358825091134],[166.757733241989655,-77.579271879017071]]]]}},
{"type":"Feature","properties":{"SURFACE":"rock"},"geometry":{"type":"MultiPolygon","coordinates":[[[[162.840588207314909,-77.340102348029021],[162.839311156675876,-77.343005194307494],[162.829484708498342,-77.348278372854807],[162.813694336969093,-77.349498754566355],[162.809627242586856,-77.346707032246599],[162.810017275088768,-77.341020507881694],[162.818065584303099,-77.339401309235541],[162.828450698571629,-77.339037599352437],[162.840588207314909,-77.340102348029021]]]]}},
{"type":"Feature","properties":{"SURFACE":"rock"},"geometry":{"type":"MultiPolygon","coordinates":[[[[162.877450330076471,-77.339262088232303],[162.892640570349329,-77.339702261805442],[162.897044800115822,-77.34119499138221],[162.889984945295168,-77.344455479417633],[162.872899983973497,-77.344481279495071],[162.868281128407318,-77.343441118805515],[162.865682372864768,-77.341932908078718],[162.877450330076471,-77.339262088232303]]]]}},
{"type":"Feature","properties":{"SURFACE":"rock"},"geometry":{"type":"MultiPolygon","coordinates":[[[[162.243546188362103,-77.278949567705283],[162.242545475839336,-77.281744039093454],[162.232035150004549,-77.28278493504537],[162.219424129793566,-77.280694752191849],[162.225126628784381,-77.273538961310337],[162.223113284256044,-77.271597527355965],[162.213160817207324,-77.268386713032271],[162.216671321684089,-77.265590470672763],[162.232370219870745,-77.264671925463915],[162.245951044420622,-77.26504386078436],[162.262756173506631,-77.259599257299854],[162.280872064565727,-77.258096005635807],[162.282298772520619,-77.261628981936084],[162.272491772248031,-77.267975986005212],[162.243546188362103,-77.278949567705283]]]]}},
{"type":"Feature","properties":{"SURFACE":"rock"},"geometry":{"type":"MultiPolygon","coordinates":[[[[166.242731156052542,-77.521175143053767],[166.236927118463427,-77.523743978140999],[166.207099540239284,-77.5264193475425],[166.202879732988748,-77.52549861957641],[166.202470751355946,-77.525410159141998],[166.201155530464149,-77.524800434546862],[166.199233851893155,-77.523911378006062],[166.199155278765261,-77.523874412849821],[166.199955844585872,-77.522879207002902],[166.200498240657282,-77.522206440843306],[166.200563043579876,-77.522124382227659],[166.203125819828699,-77.520661724406935],[166.205727109315575,-77.519176527178516],[166.205878541095302,-77.519089698896039],[166.20667853098368,-77.518824138328995],[166.215150459545868,-77.516009682090896],[166.215924724531703,-77.515753291545195],[166.216919350770354,-77.515606964016953],[166.219128572703568,-77.515282637680485],[166.220933256654689,-77.515017651349595],[166.222618588905277,-77.5150882857764],[166.223167583463379,-77.515110369464153],[166.223342518486191,-77.515118473971839],[166.223673480744878,-77.515206287247935],[166.227147914533816,-77.516143475899369],[166.228547817837153,-77.51651980494114],[166.232915444876028,-77.518189270915371],[166.237016508160622,-77.519754324697161],[166.238075154424138,-77.520017646964973],[166.240890738464543,-77.52071824144835],[166.242731156052542,-77.521175143053767]]]]}},
{"type":"Feature","properties":{"SURFACE":"rock"},"geometry":{"type":"MultiPolygon","coordinates":[[[[166.448581583407787,-77.511393636213185],[166.459434319774772,-77.510720295716155],[166.470402610338567,-77.512527991899077],[166.477817999246923,-77.515572818352553],[166.49524549086442,-77.517792093872217],[166.513073765751898,-77.522546631578081],[166.512747523163824,-77.528144151121296],[166.506946689352816,-77.533458143967579],[166.494294961336948,-77.535609745845051],[166.489455916359731,-77.53816631168921],[166.47960490170081,-77.539278958961404],[166.46644506618054,-77.539414558773643],[166.46106438902865,-77.538156882550552],[166.454938342949447,-77.536702332101484],[166.451116283624486,-77.53336676321851],[166.435018905881918,-77.53028202588375],[166.424481270153308,-77.526362708868973],[166.424090067265638,-77.523534039879081],[166.429403647670085,-77.521003089553403],[166.421043771642559,-77.514950252751973],[166.430227376871159,-77.51363021783709],[166.443553760943075,-77.513322825293173],[166.448581583407787,-77.511393636213185]]]]}},
{"type":"Feature","properties":{"SURFACE":"rock"},"geometry":{"type":"MultiPolygon","coordinates":[[[[163.548342853217889,-77.363004427036159],[163.528871400722267,-77.364429763275581],[163.5087001172773,-77.364863478930062],[163.493570064525272,-77.362012612556455],[163.483254569295156,-77.357187585923413],[163.485349954733124,-77.35447725091484],[163.495779431199054,-77.349461792362533],[163.507084379702974,-77.347349307683785],[163.51749801280846,-77.342332969045685],[163.520119341926176,-77.333965682935059],[163.524373424214474,-77.331558449608579],[163.525372782559344,-77.332269487101328],[163.53039301790821,-77.333685919994025],[163.541067272483531,-77.335501793904342],[163.542418035146909,-77.335904676330514],[163.545697268934703,-77.336881791267288],[163.545850574488128,-77.337981262889386],[163.546052337318571,-77.339424133304533],[163.540743957066184,-77.344470147675494],[163.539258565116711,-77.345880903179037],[163.538719405337446,-77.348572963567776],[163.542706224414928,-77.351180921145001],[163.555371007316211,-77.355725062589926],[163.559089814682011,-77.357058446029484],[163.561734989321053,-77.359248278099386],[163.560273139047951,-77.359855693325315],[163.55671667424113,-77.360344400699958],[163.547901266942972,-77.360976941575117],[163.541718221930864,-77.361420208251772],[163.539174189828287,-77.361760793230545],[163.536386318706349,-77.362135390579027],[163.548342853217889,-77.363004427036159]]]]}},
{"type":"Feature","properties":{"SURFACE":"rock"},"geometry":{"type":"MultiPolygon","coordinates":[[[[162.910172915234995,-77.316745563193422],[162.910610808804478,-77.319270701133831],[162.90237430771279,-77.320718901942854],[162.892469169324784,-77.321271456652525],[162.881337446104823,-77.317292507055967],[162.887882278633413,-77.314707487889052],[162.901256127558639,-77.315000114590575],[162.910172915234995,-77.316745563193422]]]]}},
{"type":"Feature","properties":{"SURFACE":"rock"},"geometry":{"type":"MultiPolygon","coordinates":[[[[163.035626525778412,-77.323963814085801],[163.023786734558655,-77.320319972020087],[163.012729978089851,-77.321097915933265],[162.984774812296735,-77.320338812492949],[162.961206143178543,-77.318600486682925],[162.95221593297299,-77.316367191008908],[162.982481185982607,-77.312660450345405],[163.00816527430004,-77.312870221912405],[163.018284678550685,-77.314933119178619],[163.063045688878503,-77.309012529123478],[163.077870763951012,-77.309418297886182],[163.090261589553563,-77.31100694105902],[163.092002370686885,-77.314329351275063],[163.087247238341462,-77.319715979097779],[163.069018139502646,-77.327055345874626],[163.051901234107305,-77.329033687261187],[163.040575328971016,-77.326942351214072],[163.035626525778412,-77.323963814085801]]]]}},
{"type":"Feature","properties":{"SURFACE":"rock"},"geometry":{"type":"MultiPolygon","coordinates":[[[[166.975122242506302,-77.542202698955933],[166.965162508288188,-77.538993156011657],[166.950399768128904,-77.536530479123172],[166.936970977360005,-77.536947577934242],[166.889673820030765,-77.544687716701816],[166.885417017160592,-77.541556340892285],[166.89126418066715,-77.536244429797918],[166.887035401740036,-77.535098651532806],[166.873217187774173,-77.535872550830234],[166.867919837781074,-77.533876009643222],[166.867140123499695,-77.532227254259098],[166.871539816025518,-77.530935225049404],[166.879360779105184,-77.530182171364856],[166.894029626405114,-77.531434081229719],[166.900409089100322,-77.529994868549622],[166.909055525967915,-77.529343273061869],[166.915391533756434,-77.52624581299311],[166.911373554738447,-77.524552785880246],[166.899780647239936,-77.523274062931264],[166.886991432238091,-77.523107021086417],[166.88152439050063,-77.521739756384477],[166.886823392358082,-77.516400900531409],[166.905630090395476,-77.514544837188723],[166.912546823433104,-77.512090136392189],[166.896352699533793,-77.509594813217603],[166.893298426238658,-77.508318723479931],[166.904834320164753,-77.505966208586159],[166.923614293936879,-77.505188567416155],[166.92994001321,-77.501754909822509],[166.920967835655318,-77.498501462171006],[166.933394965088809,-77.493521876838614],[166.920142399563616,-77.490472077405471],[166.916518366407388,-77.487068068616452],[166.927778591553704,-77.484737002126963],[166.952366376353723,-77.482342475086512],[166.960124047107058,-77.482795168488337],[166.964498457256354,-77.484478709239028],[166.981555637506261,-77.486720952466044],[166.985594384968948,-77.488450158717256],[167.000606365268339,-77.489586796621424],[167.006537117493394,-77.488783872142207],[166.994964766416473,-77.485403479905116],[167.005428031951908,-77.482545628224543],[167.020162680350978,-77.483355906987967],[167.030666218903917,-77.485631192916202],[167.044986804358359,-77.484313824431823],[167.06972690743342,-77.486626839064698],[167.097998206763236,-77.485498835175704],[167.103516593564848,-77.482412496039444],[167.113203591489594,-77.480093073557725],[167.113482637716857,-77.477306829976882],[167.10693994169668,-77.471381805060958],[167.116509158468375,-77.469056915726483],[167.115003579403833,-77.466182157882855],[167.128267319769293,-77.463285811595966],[167.135402953268056,-77.463541766506054],[167.144596547383372,-77.465301661809747],[167.156342969797748,-77.464417087297647],[167.172118922166362,-77.461669143620469],[167.184224832180462,-77.462417921100737],[167.195108681789861,-77.464335036169615],[167.229105223649867,-77.465463334049986],[167.236855647946413,-77.46451406307699],[167.246898983238509,-77.460736539208355],[167.263051116716554,-77.460983105293508],[167.276443328413308,-77.462951798759704],[167.26397988079114,-77.467937103220294],[167.273763427809484,-77.471215134538994],[167.274795939100329,-77.474470913426458],[167.299762294576595,-77.475269532721512],[167.313298744934201,-77.47271223052563],[167.328948087100798,-77.471997996955594],[167.335473645038888,-77.474231445887312],[167.342799707187055,-77.480183563318917],[167.330379357979297,-77.483061528142159],[167.320594842416938,-77.481559768167912],[167.307659743929264,-77.477999922227283],[167.300543106855002,-77.480920044494624],[167.302680705471488,-77.48382249328121],[167.294731613757875,-77.489030329052866],[167.297408664970931,-77.48994806861576],[167.32460453061617,-77.492430070708636],[167.320237462070878,-77.495870810261437],[167.328418791363077,-77.497395442410024],[167.334708030693349,-77.496575491993639],[167.347420512270531,-77.486003585123171],[167.356286632268848,-77.483830880524835],[167.365072631468223,-77.483231134983413],[167.394440921283064,-77.483501648203031],[167.400876344904219,-77.485801714329341],[167.398196314735173,-77.489182081761712],[167.412171222136294,-77.491338672042659],[167.421244556255516,-77.491610828438624],[167.428261253822257,-77.490403603459328],[167.431484794684593,-77.487282621682823],[167.444297737962557,-77.485078105859543],[167.463355011854617,-77.483227898621735],[167.46702375377231,-77.482033421827026],[167.472256248786266,-77.475268419508254],[167.481890558113292,-77.469127073555384],[167.487261679483026,-77.468438714626075],[167.49806897421692,-77.470838062766461],[167.491681130746542,-77.476717710466133],[167.490927079383198,-77.484555502248199],[167.485290665219509,-77.489876440668624],[167.464921348589428,-77.495701372391508],[167.447885804295652,-77.499260451010485],[167.457777716468115,-77.501564104013497],[167.463237422859549,-77.504464882050939],[167.476813304393573,-77.503825786560313],[167.481764716192259,-77.505123993433784],[167.48715687703961,-77.506669247993713],[167.486985644349147,-77.509530550929881],[167.472050691969997,-77.512507614616069],[167.452070861614885,-77.512906327147277],[167.445325625529534,-77.514209377568392],[167.424789262768172,-77.514418583755315],[167.412989011732321,-77.515597130439474],[167.398652218706133,-77.514265785781674],[167.397592921465076,-77.512124884274996],[167.392456101629165,-77.510437042323517],[167.378551549895263,-77.511378151324848],[167.366407991792755,-77.510617139227961],[167.35158280856524,-77.511078666864051],[167.334289759016372,-77.519604283443314],[167.295916804362719,-77.52093406108267],[167.287628268156652,-77.5222626954818],[167.287217956292693,-77.525041080186313],[167.281362091542576,-77.52679726949296],[167.277345552448907,-77.530156667922611],[167.29722894368561,-77.536722146279544],[167.301469838767616,-77.538988732549896],[167.299583529821916,-77.540249510588794],[167.270876922025906,-77.540177399868],[167.265274728332031,-77.542987471139824],[167.25434355859764,-77.54357954362824],[167.248731701837016,-77.541611082153423],[167.227547767473709,-77.537648208493877],[167.222436139286827,-77.536909330644846],[167.21637600641273,-77.537109430842335],[167.185099804134495,-77.540879535349319],[167.11384934793341,-77.544531003954816],[167.099648156618656,-77.549430823591265],[167.097766300718746,-77.554939142491762],[167.090514524743469,-77.555578694689558],[167.082336541641297,-77.555060135990416],[167.075005015077153,-77.551494010662083],[167.077551058869773,-77.548338318047456],[167.070675062546997,-77.545457282410695],[167.053962622159673,-77.546636462417922],[167.010296253798941,-77.553421840755604],[166.968425115975379,-77.55603748903134],[166.944552248312391,-77.554059469887221],[166.940334025761388,-77.552718246948984],[166.941146948703846,-77.54995650116166],[166.944755196148748,-77.549009017279971],[166.974349272281216,-77.54601100957403],[166.975122242506302,-77.542202698955933]],[[167.174722699369056,-77.4946581982949],[167.191758873868594,-77.496897310096045],[167.194577973475418,-77.498793805862988],[167.206944479310494,-77.502326069186736],[167.220385824633098,-77.501838774813294],[167.236210769192922,-77.500158131283555],[167.231096422509069,-77.498373688912594],[167.207518916844265,-77.494747634389398],[167.184621364160762,-77.493309013780717],[167.180406252167444,-77.491602419292093],[167.172069274648436,-77.490458727709608],[167.151437251462909,-77.488709649058848],[167.137217239821382,-77.48608730986065],[167.121786250867729,-77.484989415026988],[167.115702638681512,-77.485817213251934],[167.116087344050698,-77.486684482697527],[167.126178557996468,-77.489869037540402],[167.141241510104862,-77.491046158702261],[167.152071439718327,-77.493033896957229],[167.170552485128127,-77.492945447005368],[167.174722699369056,-77.4946581982949]]]]}},
{"type":"Feature","properties":{"SURFACE":"rock"},"geometry":{"type":"MultiPolygon","coordinates":[[[[162.614333466911177,-77.261899523498585],[162.635053495371551,-77.265766586318435],[162.634184723713503,-77.26662864193348],[162.617163673761155,-77.267888122030826],[162.595431153381838,-77.264930021207931],[162.582572813366511,-77.264853413705197],[162.580381036627386,-77.265539410356183],[162.593682056617723,-77.268360759540585],[162.593087758249993,-77.269009527109901],[162.575463606856118,-77.269848571701857],[162.561717423943037,-77.267687621857263],[162.553696088356901,-77.264258815973506],[162.550295325539224,-77.260202501619005],[162.536943735020429,-77.25891040360203],[162.508492449387973,-77.259389353176459],[162.503525752812521,-77.259940387606406],[162.50547345652501,-77.263275137582923],[162.532605078601733,-77.266683816990223],[162.551989684121168,-77.270983310472232],[162.552816604352046,-77.274802824016717],[162.54077183990438,-77.275976539251062],[162.529299891818056,-77.274919058844915],[162.523564624271387,-77.272074262283184],[162.510952243341649,-77.269591932982109],[162.47466598095383,-77.264635277300428],[162.458080011080199,-77.261204721751724],[162.445646796879061,-77.262003215108834],[162.416334712765376,-77.262111001723909],[162.402721017173207,-77.264703636017913],[162.372760255565709,-77.264531367101043],[162.363067361948822,-77.267305544478546],[162.362138676904578,-77.268811566178442],[162.367013008342809,-77.270374713740225],[162.392420039004264,-77.270769686239248],[162.451857306772951,-77.274594980994763],[162.465603003156986,-77.274065564233382],[162.486368824749746,-77.277699178999072],[162.501576234913585,-77.27894774622888],[162.50463442488919,-77.280772936762617],[162.519057621139808,-77.283468724927431],[162.519858799713489,-77.286821226480015],[162.515710780222292,-77.287502701655541],[162.511169244312697,-77.287598986584811],[162.489228801932114,-77.284770697439754],[162.479260930385323,-77.282659292618362],[162.432916861276311,-77.278738439328762],[162.422547091141013,-77.276914280145164],[162.410839413260987,-77.276021731743285],[162.358577796711444,-77.275280848465897],[162.344309566199655,-77.277102244344675],[162.331972988329966,-77.27664489771206],[162.3324337943194,-77.270883233277289],[162.339552266946612,-77.268519414723841],[162.350726670485869,-77.257850452580598],[162.344373940132726,-77.254541098523617],[162.352525141842563,-77.251707543827308],[162.371395419757363,-77.249316133092407],[162.3825223093707,-77.250595062010277],[162.384672944129733,-77.253202921610097],[162.381025126323237,-77.257965364474344],[162.3960531858678,-77.259224193493992],[162.42841791422947,-77.254754461113961],[162.452634943001442,-77.256395465787307],[162.460067416442001,-77.245468145285031],[162.454922709228924,-77.24224748401457],[162.46195298128626,-77.237015657816741],[162.442182702272873,-77.233574817117358],[162.412605457955863,-77.226100737450693],[162.405551645198528,-77.220391002257131],[162.394351364537499,-77.215305379170744],[162.380506275984771,-77.21594256633837],[162.371206192723207,-77.213482717015268],[162.423356402625842,-77.202263909984723],[162.441917628773126,-77.200120255305436],[162.445532261431197,-77.200582339892904],[162.44681226406064,-77.202609471765072],[162.442289261038809,-77.206156595999374],[162.430113092354105,-77.209335424467938],[162.41792025001169,-77.211040269519444],[162.41619724808973,-77.212649640400045],[162.421190626789468,-77.214620473903167],[162.435122100990583,-77.213918254463209],[162.4482404402209,-77.215488141298124],[162.452799932949517,-77.219207596096851],[162.444753010614988,-77.221505890759019],[162.446325083531576,-77.224169824604402],[162.454118667459454,-77.227767209878536],[162.464169282880846,-77.229788308482014],[162.47288887644703,-77.229195688143719],[162.476488696861367,-77.226585988152152],[162.476086566984378,-77.217974785306978],[162.47814486067432,-77.215257635762867],[162.485571797433749,-77.212049118240074],[162.493576029466567,-77.212443764146499],[162.509398930783561,-77.216210843831291],[162.529445807666178,-77.213996036058404],[162.535685556979445,-77.2124727662178],[162.555389317090032,-77.211121692725655],[162.566279424342866,-77.214931770904329],[162.567638760403497,-77.218634087776266],[162.563669058808642,-77.221217847193984],[162.547151551339397,-77.225789219893244],[162.542244927009421,-77.228307989098766],[162.53003434704695,-77.23094197014278],[162.511237759256517,-77.231870397575946],[162.501184014503394,-77.236891254070756],[162.486891071368461,-77.238755888398259],[162.487214198555733,-77.240840692510631],[162.501087492168011,-77.242027898273037],[162.50802429548969,-77.24594965826833],[162.50271044506917,-77.248440522576189],[162.486851621284387,-77.250197095962349],[162.481005760948563,-77.2519129626926],[162.481243246088809,-77.254083697907006],[162.492912325517864,-77.254989302739276],[162.504369955728635,-77.253464595085305],[162.519657133761854,-77.254415569050408],[162.535948691320442,-77.254316136491923],[162.546944860076678,-77.253456250897941],[162.568073705687766,-77.256820744744303],[162.582643800442924,-77.257379346717727],[162.620675947800578,-77.252613411464495],[162.638094042408227,-77.251638671871959],[162.668554811631083,-77.251998873255403],[162.69460644825071,-77.246352143819536],[162.713655689289823,-77.245460550592895],[162.725900476199456,-77.24595294835828],[162.73647486078363,-77.24763243666348],[162.771819532832922,-77.250102551243501],[162.793645420522978,-77.252990419704432],[162.798362403641789,-77.254537366222195],[162.796793546836255,-77.257286388978514],[162.791405530050326,-77.257964364239015],[162.774213417346431,-77.257611337079794],[162.764173694095433,-77.255543555516809],[162.739015431308161,-77.255022091328357],[162.723456855196986,-77.253358204148427],[162.718405683322487,-77.251273148996816],[162.704196083318379,-77.250386104729529],[162.692925734996493,-77.255881571732942],[162.704559804050973,-77.259538886324577],[162.701862633045153,-77.262211307923835],[162.678168904092416,-77.261428026067065],[162.651762340386114,-77.261773936535889],[162.648591736424891,-77.257669030342939],[162.64592342121469,-77.256747792527392],[162.640941450288324,-77.256996180912452],[162.625477790765018,-77.258799827886889],[162.614333466911177,-77.261899523498585]]]]}},
{"type":"Feature","properties":{"SURFACE":"rock"},"geometry":{"type":"MultiPolygon","coordinates":[[[[166.817079363717028,-77.541273262831197],[166.829402513817115,-77.540357374475064],[166.854428432814785,-77.542504176831216],[166.857553557813276,-77.545760480886528],[166.853535784104793,-77.546623354074313],[166.822686355000371,-77.546548402803239],[166.816471008962452,-77.545317340626326],[166.814466760584565,-77.543586333001187],[166.817079363717028,-77.541273262831197]]]]}},
{"type":"Feature","properties":{"SURFACE":"rock"},"geometry":{"type":"MultiPolygon","coordinates":[[[[166.359175612840971,-77.514519599610665],[166.35420993195055,-77.511937980056942],[166.3410268804993,-77.512112671491366],[166.331317030363294,-77.510246597263375],[166.339218171625902,-77.507852967384977],[166.351229863814694,-77.506526220401938],[166.363769053821613,-77.503415042181743],[166.375099462474907,-77.50488511551346],[166.379197621931695,-77.509952093724635],[166.391031882303793,-77.513380744637956],[166.375234591935339,-77.51875231645316],[166.358608868670416,-77.519591692445218],[166.353922037386411,-77.517052866982084],[166.359175612840971,-77.514519599610665]]]]}},
{"type":"Feature","properties":{"SURFACE":"rock"},"geometry":{"type":"MultiPolygon","coordinates":[[[[163.014115212350703,-77.300555195433247],[163.028244474200562,-77.298416769975574],[163.040539106830522,-77.299342741510273],[163.040934523004751,-77.302355107742443],[163.033072128921702,-77.304852993034586],[163.019026332903138,-77.305056454550453],[163.012378771688276,-77.303291704654256],[163.014115212350703,-77.300555195433247]]]]}},
{"type":"Feature","properties":{"SURFACE":"rock"},"geometry":{"type":"MultiPolygon","coordinates":[[[[166.761479082917475,-77.521271503989425],[166.758440269684002,-77.518312634015388],[166.762416768438982,-77.514891553999831],[166.780280073039137,-77.513869498552282],[166.794875214539644,-77.515226238277407],[166.820259849565616,-77.512865925524622],[166.830922987237898,-77.514990895506045],[166.844880944083229,-77.514070817871627],[166.855280570001327,-77.515119518887488],[166.856207363234546,-77.517659991568124],[166.842926136940832,-77.520986208250349],[166.827879680550609,-77.523067576131709],[166.821733199277048,-77.523478550504294],[166.809541727248927,-77.522757365520022],[166.782280118530593,-77.523966370413049],[166.769837517563701,-77.52347588767789],[166.761479082917475,-77.521271503989425]]]]}},
{"type":"Feature","properties":{"SURFACE":"rock"},"geometry":{"type":"MultiPolygon","coordinates":[[[[166.642001969878834,-77.509554956053933],[166.633266008859891,-77.506300287566688],[166.636843810406333,-77.503963816658214],[166.649879021411863,-77.5026967175544],[166.659313397812781,-77.50591526143188],[166.694210361048505,-77.505709685609389],[166.710393702292095,-77.506619213011462],[166.727562550870431,-77.511130465828373],[166.716327863027601,-77.513060204926347],[166.6922962611429,-77.511317619910741],[166.677026293497619,-77.513420547513817],[166.664734316262724,-77.512801183127635],[166.649606008704126,-77.514767515089119],[166.638887002235776,-77.512298774471347],[166.642001969878834,-77.509554956053933]]]]}},
{"type":"Feature","properties":{"SURFACE":"rock"},"geometry":{"type":"MultiPolygon","coordinates":[[[[163.522183825352982,-77.328297976973644],[163.520627406320472,-77.32877913146055],[163.508967163327554,-77.325049203313881],[163.502690136674374,-77.321405175166703],[163.490355088091633,-77.320790135493624],[163.47969014806651,-77.31908896503802],[163.476312986223206,-77.3179629096539],[163.476377814798923,-77.31404518859253],[163.482432551229437,-77.311593514004869],[163.504419080139257,-77.310362955230872],[163.518594699469929,-77.307752798822634],[163.5243556501743,-77.307969644977845],[163.524443922596703,-77.308071419586554],[163.524743094754712,-77.308413359298029],[163.53323705049533,-77.311140837178655],[163.54020073019052,-77.312178666349993],[163.542061435569252,-77.312203414574611],[163.543221602819983,-77.31221943618236],[163.550308863573804,-77.31091765280361],[163.552602816968516,-77.310496254367948],[163.570365035252735,-77.304984875294608],[163.571628984058322,-77.304742021285165],[163.572985382103724,-77.304481449852631],[163.573351333820312,-77.304716158306931],[163.571076245931351,-77.307597263418089],[163.567517524465728,-77.310116680122647],[163.566486747286206,-77.310846454194035],[163.561451954809485,-77.313210998141159],[163.556279967844347,-77.315638996925159],[163.553528480439297,-77.316056899732871],[163.546117166527125,-77.315697161941884],[163.53912957039023,-77.315357573425459],[163.536049928036959,-77.315448145687569],[163.535515270245924,-77.31546441840915],[163.531840674460199,-77.316773070542624],[163.528410982957666,-77.319298678941195],[163.525905250108679,-77.321143294603885],[163.521993979182213,-77.327747347003225],[163.522183825352982,-77.328297976973644]]]]}},
{"type":"Feature","properties":{"SURFACE":"rock"},"geometry":{"type":"MultiPolygon","coordinates":[[[[163.331040033920942,-77.284217349024715],[163.371714768004779,-77.284076065705662],[163.376116581500526,-77.287554805496313],[163.371479485494518,-77.290097682855517],[163.345181928301741,-77.294086322889484],[163.332599885581345,-77.29705199817505],[163.282018127210733,-77.300809226296238],[163.259505746063468,-77.303826806284064],[163.227635679230474,-77.304277166612621],[163.213392513333019,-77.300900858757117],[163.210676925277539,-77.299420317497436],[163.211696812865284,-77.296637863233073],[163.221181141819756,-77.294417118019638],[163.224018632727365,-77.291755414567476],[163.243860708718728,-77.290221213321971],[163.259214155385735,-77.287406841240454],[163.290489086597887,-77.286726273560873],[163.331040033920942,-77.284217349024715]]]]}},
{"type":"Feature","properties":{"SURFACE":"rock"},"geometry":{"type":"MultiPolygon","coordinates":[[[[166.530601441009708,-77.48865005637667],[166.551275000187132,-77.486340259083292],[166.55799756985175,-77.488385350224959],[166.557019222068448,-77.491141187631953],[166.544051171675193,-77.492884163558543],[166.535095938338657,-77.492126284668089],[166.528730882661108,-77.490708383295612],[166.530601441009708,-77.48865005637667]]]]}},
{"type":"Feature","properties":{"SURFACE":"rock"},"geometry":{"type":"MultiPolygon","coordinates":[[[[162.643484081146596,-77.223413708266406],[162.641696151989407,-77.226626136854776],[162.635702783556809,-77.22907027899987],[162.627209732739118,-77.230406528254122],[162.613201240085147,-77.236090048579612],[162.601538616005939,-77.238141789347367],[162.594059082359365,-77.241374185285053],[162.585063160190288,-77.241736286474392],[162.570794297285488,-77.244589762228316],[162.558647262908238,-77.245235495151306],[162.555613537924899,-77.243536633522623],[162.559557519155703,-77.240950504336524],[162.57783901007457,-77.234514512281194],[162.582308077992252,-77.231090511270409],[162.586902385072875,-77.230015198090101],[162.611241059760658,-77.227818235863722],[162.627942009166503,-77.21995751220534],[162.634338517699973,-77.219216315126843],[162.643484081146596,-77.223413708266406]]]]}},
{"type":"Feature","properties":{"SURFACE":"rock"},"geometry":{"type":"MultiPolygon","coordinates":[[[[168.673393357693215,-77.575685302319215],[168.685980229475092,-77.5760616932955],[168.699998395338838,-77.578665910185222],[168.697685790144192,-77.584134608413521],[168.690473133752675,-77.585148102129267],[168.677926568172495,-77.583523454583343],[168.664009246888469,-77.579900335102138],[168.664158957963565,-77.577122411408013],[168.667893970024579,-77.576204580397615],[168.673393357693215,-77.575685302319215]]]]}},
{"type":"Feature","properties":{"SURFACE":"rock"},"geometry":{"type":"MultiPolygon","coordinates":[[[[161.977861702627848,-77.170444306452112],[161.978495319123084,-77.171435427253371],[162.000301032811421,-77.17505730533793],[162.013315815080205,-77.174990809996615],[162.053277926618591,-77.177685160506471],[162.055886553604353,-77.175663537452195],[162.046957852374845,-77.172343676502095],[162.031383900147006,-77.171463768755629],[162.021015590380074,-77.169722404205814],[162.007957238426258,-77.16982280088402],[161.996219289037185,-77.169019898228228],[161.993764134779127,-77.166517971574734],[161.998299185413913,-77.163977064511855],[162.005009604101673,-77.163008302498611],[162.017176798475901,-77.163513487243122],[162.038681267972606,-77.166464093575584],[162.064758942011252,-77.168158061140687],[162.083115104497097,-77.171401727061649],[162.099248344503565,-77.172226407137202],[162.120801560015082,-77.172113745292179],[162.150894343593137,-77.16916030389018],[162.162091950279546,-77.170335954686834],[162.170489913867073,-77.173445891904933],[162.183715080463486,-77.173223639522476],[162.206547958885466,-77.175279403374176],[162.210843250237531,-77.179709885247433],[162.224719365533929,-77.180566384155682],[162.22926347673743,-77.184114905641252],[162.242251152103933,-77.186305722647177],[162.287576938316505,-77.181847431529988],[162.321536493795776,-77.17542461571432],[162.344710348540616,-77.172777436421924],[162.3715564616015,-77.16812680181323],[162.38174487063111,-77.17128827786108],[162.363652674332656,-77.176709753639102],[162.325206978541217,-77.185406123476668],[162.310543014104923,-77.187515112765354],[162.301750429224171,-77.187940451573397],[162.281333731060187,-77.191786597864805],[162.272107142775752,-77.196236778109991],[162.253108847275229,-77.200699628460114],[162.231049479012455,-77.203000258917271],[162.217761637425696,-77.200613068363168],[162.218597547783077,-77.196179194908169],[162.199013597175565,-77.189413539479631],[162.197833972378845,-77.184023990481123],[162.195196291631021,-77.183128067084027],[162.182316824182436,-77.183105259236797],[162.167962925350537,-77.184098972972649],[162.154355917424084,-77.181811338881502],[162.149753570169764,-77.1788469149364],[162.138760046930116,-77.177525735645901],[162.100603367976532,-77.177127851403114],[162.073922539749418,-77.177713488366265],[162.058409407975631,-77.179779345407468],[162.070372023931355,-77.182685315988849],[162.080761612985185,-77.18800658334132],[162.094259629537419,-77.190360070354288],[162.108524921312465,-77.191356754570677],[162.113351441800774,-77.192975523289732],[162.131447901022028,-77.195255125812054],[162.145179061394856,-77.198031047096805],[162.160256270046034,-77.198317697230664],[162.194806042355225,-77.203228212860139],[162.196934931177793,-77.20688263226161],[162.183093677895101,-77.209317299378966],[162.158840125448393,-77.208197491552298],[162.121010281401652,-77.205110439222054],[162.01806116899084,-77.189417892735975],[162.002202875298764,-77.182586602077691],[161.990730620972101,-77.18159424326744],[161.984570109181249,-77.1794069389003],[161.973991558995067,-77.17784584703395],[161.977861702627848,-77.170444306452112]]],[[[161.989070671434661,-77.148959041504185],[161.993910695712373,-77.146449690284868],[161.999382098484574,-77.145711216743635],[162.004725163301146,-77.145543005705548],[162.008801262019091,-77.14635508456962],[162.019920894745866,-77.151589372351893],[162.031605468503784,-77.153626294508854],[162.036245116175166,-77.153302525929163],[162.057204389149035,-77.147355410679381],[162.056584888862403,-77.145239121082142],[162.037148970947214,-77.140969868584435],[162.035557384155567,-77.138987435079471],[162.038676961664208,-77.137389322560907],[162.055250269950648,-77.137389191102656],[162.076360386725781,-77.141094260235889],[162.085402024537132,-77.138713453555241],[162.08259788288666,-77.135336535685937],[162.097466518414478,-77.134912518792063],[162.120315646889821,-77.136907620094149],[162.135327659744206,-77.137112641788249],[162.158070677394221,-77.1296036690416],[162.149586861004309,-77.125991993731745],[162.127879826660092,-77.121970420745455],[162.122202385989539,-77.11783382692758],[162.098686969863195,-77.116322409487012],[162.088272745583993,-77.114640169130837],[162.064102052796443,-77.113584131483705],[162.053806048482869,-77.111823729873407],[162.03020286949689,-77.112469325360564],[162.025352711266066,-77.111997613957328],[162.026178933060379,-77.108632986446537],[162.034344747002763,-77.105793821731311],[162.062173822981862,-77.100997176085301],[162.071778099822751,-77.097595252761863],[162.091845679471021,-77.081845749393096],[162.105586429411403,-77.077105941139493],[162.118698565895812,-77.075838726304625],[162.122580761335257,-77.077068250791939],[162.138055922894182,-77.083962286100331],[162.136816497622732,-77.087956613756447],[162.142236039533117,-77.092153503004113],[162.162529428160752,-77.098792651233268],[162.164349264497559,-77.101399570921515],[162.158567228257311,-77.10671498591941],[162.150072966698417,-77.108970177393786],[162.149131047128776,-77.11303856981192],[162.15866955344714,-77.118450610098208],[162.168834697030718,-77.121138017483801],[162.180509801999193,-77.12195354838947],[162.185889639706886,-77.121042563978065],[162.195740779287547,-77.116877737662918],[162.201684425305018,-77.116172968950252],[162.224416696287761,-77.118228007858946],[162.235835058433537,-77.117395921417696],[162.263376265394839,-77.117927729364013],[162.278198775848409,-77.115276152908407],[162.288403138183469,-77.107413041153464],[162.272062371431474,-77.101099037222099],[162.262820207475926,-77.093483743464418],[162.25482463580488,-77.090065029710928],[162.222764563678567,-77.082908669264611],[162.212659559803569,-77.079733616394165],[162.211027144470251,-77.076102715152871],[162.224223790710738,-77.073690101107545],[162.230120282134607,-77.077724267899825],[162.241452642123932,-77.079537632343175],[162.254928090859664,-77.079068245828978],[162.264620104467554,-77.081243707093222],[162.283828630956435,-77.09323387308423],[162.313400383287558,-77.100903886167288],[162.316681205524389,-77.103700993002349],[162.302947119171478,-77.114905754818778],[162.3047627728902,-77.115923761417292],[162.326903108231164,-77.118395259423124],[162.345414202762953,-77.117194332914067],[162.34030510711915,-77.113968994463164],[162.348134270752212,-77.111265260394219],[162.352953630686983,-77.111311621517771],[162.371365937178666,-77.114215810463207],[162.376224523369359,-77.113655055897453],[162.370151619645554,-77.110362456928812],[162.355641521038848,-77.106657897405057],[162.34634166928069,-77.102947721067878],[162.362174888341713,-77.102660179782731],[162.384747060342647,-77.104814696225063],[162.399918138507132,-77.104225015630661],[162.400656656467334,-77.103626303963736],[162.378129493700442,-77.100455668898675],[162.375422371466129,-77.099288168897303],[162.382231410050167,-77.097571124181371],[162.407360488677881,-77.097918997014531],[162.417307694034946,-77.096533314545624],[162.402142925886579,-77.092597787064079],[162.39473445772046,-77.08921097807432],[162.401820440147958,-77.086851935226008],[162.39771639889392,-77.084414739252978],[162.39918156625032,-77.082950801137159],[162.427175650789792,-77.082454046123047],[162.441595820992006,-77.083670300673205],[162.444284387101192,-77.086997853731134],[162.439135760014949,-77.087606369140076],[162.435460658090818,-77.087130590650929],[162.425595182034101,-77.088536387999156],[162.430476817232687,-77.0917429750385],[162.438140941060368,-77.09136366650722],[162.442624097903405,-77.089107116171249],[162.466409936462156,-77.082608174640853],[162.537383891196583,-77.078349016419011],[162.543175046280737,-77.079672600720556],[162.540334232214974,-77.082332030598664],[162.535922366776276,-77.083230936850853],[162.485783497056445,-77.086758758060185],[162.473243060914228,-77.089728043987151],[162.464816708824088,-77.090286847918108],[162.457390160253141,-77.093645582371295],[162.455216146912448,-77.097302688674361],[162.472640087930955,-77.099627775687196],[162.474368009817312,-77.103774489739465],[162.496847832698023,-77.107106450015394],[162.509435346357236,-77.107266410586732],[162.523956041132294,-77.106055497508564],[162.53273591765381,-77.108914708046953],[162.549086474997068,-77.110311317862084],[162.549042900851759,-77.112492047479691],[162.556923026447947,-77.115925224229514],[162.57115729176698,-77.118031408708461],[162.598570339041657,-77.119778606573917],[162.605317518581728,-77.121168318380796],[162.60379488905491,-77.123945466319611],[162.5934117724305,-77.124489764614054],[162.573165837605757,-77.124183006744786],[162.559845435234365,-77.126062090204655],[162.547610404052932,-77.125641123232953],[162.536855322115542,-77.116084612482283],[162.4972834404754,-77.114158667003466],[162.465165312904162,-77.109189909926684],[162.448064066639716,-77.10535732117394],[162.435219981924291,-77.10638363845743],[162.446245987247778,-77.109210348171061],[162.439568810990664,-77.112904030601811],[162.415301136624606,-77.11037973331382],[162.403946433209711,-77.112756345169487],[162.409265770323913,-77.114627799377956],[162.432425321184411,-77.1163848951483],[162.437387867821428,-77.117981034421845],[162.427515054339466,-77.120284663284409],[162.409301907792042,-77.120833916734199],[162.398801537749108,-77.124699949472046],[162.391132707214496,-77.125594405297875],[162.389762926956109,-77.126608864856252],[162.412084000957634,-77.13069896536588],[162.438505886046357,-77.130180299321751],[162.449851011695841,-77.131233912342708],[162.452820558605055,-77.133374251493763],[162.449185018759295,-77.135979137255561],[162.452944159882691,-77.138102314507691],[162.470166532474337,-77.138582404243692],[162.493830283159298,-77.136446035774327],[162.505871377993287,-77.137012661876071],[162.518063862207384,-77.140017824520513],[162.518583867597897,-77.140856259835402],[162.511457597778019,-77.142141626556054],[162.498385742713907,-77.142299363092548],[162.483638459871855,-77.143637895955806],[162.469817623658344,-77.142614096077665],[162.448025330790045,-77.144480569458437],[162.457717592167285,-77.147006761008555],[162.460123976610646,-77.148902089619042],[162.474289057353616,-77.150227907378195],[162.497140028428959,-77.150123026563918],[162.512033598653545,-77.150812274427679],[162.565446764635396,-77.145896579040766],[162.574940989976966,-77.145774850316897],[162.608016232579217,-77.143202772849349],[162.627210326267118,-77.143046717294723],[162.641918611266931,-77.140894537272644],[162.655567234261099,-77.140119696520742],[162.667063770127868,-77.141074775850996],[162.672611852083293,-77.143028258378379],[162.664174783773063,-77.146282167356631],[162.656230323884103,-77.147063801664132],[162.644014084571779,-77.150189503080881],[162.628015098882287,-77.151708485501516],[162.581288832473405,-77.152644926105665],[162.539599126410508,-77.155724977797647],[162.533331729792195,-77.157225202717001],[162.514681120571254,-77.157614109526889],[162.486100598848878,-77.162119295515865],[162.468661150103344,-77.163026709620723],[162.438821917336043,-77.166121737800168],[162.42761340008758,-77.164950537925549],[162.424537106318212,-77.162856139283377],[162.434494390550583,-77.157834156969315],[162.450176082694156,-77.153215127172956],[162.441645581636124,-77.149753712718066],[162.442490602102623,-77.144090868194894],[162.434413224212904,-77.142099593195837],[162.421921812199173,-77.141844925709577],[162.408137031933279,-77.13969547544292],[162.38444385182359,-77.133740469816672],[162.369078161740731,-77.131168357354284],[162.359393082701274,-77.127942001647156],[162.357005504014893,-77.124289004224806],[162.320659613007365,-77.122763672922574],[162.292696122739216,-77.124354028325214],[162.281770431860679,-77.123014176740142],[162.267117559596187,-77.124274204730725],[162.24366026996168,-77.122715422276229],[162.202797607132197,-77.124158433010024],[162.186297644492782,-77.128761081873449],[162.18446441524776,-77.131494993420603],[162.193312222463533,-77.136168021559598],[162.207971888124291,-77.138827643432393],[162.217584352938985,-77.148187252913701],[162.210641066145058,-77.148651375245933],[162.203287554483239,-77.148039136844545],[162.199137895730246,-77.144005030347373],[162.171085837193004,-77.137395819704594],[162.156981134993401,-77.138060376648156],[162.143339243909168,-77.140010101652848],[162.142298684206764,-77.141997733939647],[162.158083540096584,-77.146991945632493],[162.142461909426572,-77.148287048435648],[162.130465754003893,-77.147676368745437],[162.115770191020601,-77.145023611218733],[162.104081969027163,-77.144687917839533],[162.09044684486787,-77.147676846377948],[162.094113968532412,-77.149656982597037],[162.091265921319149,-77.151817343055853],[162.084831476523476,-77.153256427707973],[162.075592086636163,-77.153473500222432],[162.06453638309543,-77.157280977068339],[162.037537592916181,-77.158108306721772],[162.02108082367323,-77.160839844254355],[162.009271363781266,-77.160091606078097],[162.000430335306447,-77.15731270630701],[161.98462974510565,-77.157480000245897],[161.989070671434661,-77.148959041504185]],[[162.083929477646194,-77.104206346282766],[162.081498930133534,-77.106897611782529],[162.083742649637855,-77.108898996252918],[162.104312086436295,-77.110919593999554],[162.123578090262441,-77.110851182032448],[162.126345136623911,-77.106975805287803],[162.107487123365701,-77.102630656691872],[162.094854273580836,-77.10122397708875],[162.090003373805587,-77.101778099822326],[162.083929477646194,-77.104206346282766]]]]}},
{"type":"Feature","properties":{"SURFACE":"rock"},"geometry":{"type":"MultiPolygon","coordinates":[[[[166.428635501742804,-77.456173858719325],[166.43399403986794,-77.454207429067239],[166.444083096800057,-77.454621549852632],[166.44857145130635,-77.458355640315517],[166.457617537761081,-77.45911100381521],[166.488968119644056,-77.455450583215253],[166.507917140937138,-77.455315134976786],[166.519322041923459,-77.456687112136564],[166.525635587117762,-77.45863904716839],[166.514153976064165,-77.464375367656245],[166.494884005475143,-77.467105866275247],[166.48386511838541,-77.464978975739257],[166.474338097306912,-77.461347898127855],[166.448192494956089,-77.462746136330779],[166.446809108734612,-77.461535452401193],[166.429493264542174,-77.45850138713358],[166.427589205039567,-77.457704258206959],[166.427350600442622,-77.457605168963795],[166.428253945256756,-77.456598424945469],[166.428635501742804,-77.456173858719325]]]]}},
{"type":"Feature","properties":{"SURFACE":"rock"},"geometry":{"type":"MultiPolygon","coordinates":[[[[162.898928918581589,-77.228576463345675],[162.914488354212438,-77.226831366511249],[162.93511207200828,-77.225692345646394],[162.946801521173626,-77.227302596785862],[162.94844955240535,-77.230494056871621],[162.942719486645444,-77.235813101776486],[162.930609408773648,-77.240699690091134],[162.889186274992369,-77.245128391127295],[162.867304189405758,-77.248370660340385],[162.848597734288745,-77.24752373616306],[162.835627807953841,-77.242802324952393],[162.847875425611761,-77.240252815742082],[162.871112504684845,-77.237580969684046],[162.884234522925283,-77.234810627770031],[162.892571688876529,-77.230045737111823],[162.898928918581589,-77.228576463345675]]]]}},
{"type":"Feature","properties":{"SURFACE":"rock"},"geometry":{"type":"MultiPolygon","coordinates":[[[[167.980528145022646,-77.518769501358264],[167.992847185962717,-77.517166358808709],[167.999594821766408,-77.518007968024293],[168.004796796419953,-77.519885350933833],[167.98248018800831,-77.52356092014918],[167.982567469727684,-77.527236215454067],[167.969135284700997,-77.528127623596589],[167.964175608929679,-77.527578246177612],[167.956597730175019,-77.526040477648891],[167.959234444422549,-77.522910258031018],[167.967837510097553,-77.522229788268504],[167.980528145022646,-77.518769501358264]]]]}},
{"type":"Feature","properties":{"SURFACE":"rock"},"geometry":{"type":"MultiPolygon","coordinates":[[[[168.964187885297349,-77.56206852823901],[168.97385216275481,-77.560095233729982],[168.984446103113896,-77.560590810899882],[168.98921038011386,-77.561847447679312],[169.005597957832748,-77.568780820433801],[169.00077788127868,-77.572150536790375],[168.986623996625781,-77.572469916215709],[168.983544547084364,-77.571982787869189],[168.980492794316348,-77.570098010341312],[168.963158105040009,-77.565629531070059],[168.964187885297349,-77.56206852823901]]]]}},
{"type":"Feature","properties":{"SURFACE":"rock"},"geometry":{"type":"MultiPolygon","coordinates":[[[[166.435109568095982,-77.445615732152888],[166.442161055139451,-77.444710429264006],[166.455729033226362,-77.449375385368654],[166.441027178648454,-77.451436150751974],[166.441306014585678,-77.451194565260195],[166.442360968747664,-77.450277705405341],[166.442504655036828,-77.450153042744461],[166.441462685888524,-77.449952194258785],[166.439899137006137,-77.449650294507606],[166.439643486805551,-77.44960179549544],[166.437694274133491,-77.449466838427355],[166.428663975859365,-77.448845743750269],[166.426836427787777,-77.448563817681148],[166.426341271920251,-77.448487522691039],[166.42571469677253,-77.448391459225647],[166.426356031976127,-77.448201664067682],[166.435109568095982,-77.445615732152888]]]]}},
{"type":"Feature","properties":{"SURFACE":"rock"},"geometry":{"type":"MultiPolygon","coordinates":[[[[167.932136332131307,-77.517420056842866],[167.937997370595326,-77.515826500385685],[167.95624767427438,-77.515011847142048],[167.970687098401555,-77.518316329380241],[167.968221313552874,-77.51881094189261],[167.965726723728608,-77.518488978224468],[167.952392457665098,-77.520629250321832],[167.937761525166565,-77.520657505330078],[167.922207759995416,-77.519654758653203],[167.923466088801263,-77.518077580397986],[167.932136332131307,-77.517420056842866]]]]}},
{"type":"Feature","properties":{"SURFACE":"rock"},"geometry":{"type":"MultiPolygon","coordinates":[[[[166.761829036772781,-77.456019694375826],[166.794486643247467,-77.452982409930343],[166.806977294511512,-77.456293945742658],[166.805627127843337,-77.459028645584482],[166.799415208230243,-77.460368664569231],[166.785904387995373,-77.460925320660451],[166.760549064009638,-77.457446221729043],[166.761829036772781,-77.456019694375826]]]]}},
{"type":"Feature","properties":{"SURFACE":"rock"},"geometry":{"type":"MultiPolygon","coordinates":[[[[162.872211437876103,-77.216746028351579],[162.885302926102469,-77.214632899013822],[162.931889551071862,-77.212246685582443],[162.926631148266523,-77.207834128924162],[162.920597970688959,-77.206359308868613],[162.920186924409677,-77.204224093162111],[162.925483267098059,-77.200395196694458],[162.932608901614913,-77.199608976304162],[162.970592008312707,-77.202666913659627],[162.979481247980914,-77.205990012863595],[162.98540258108045,-77.211846786146083],[162.987154873299829,-77.215996663417371],[162.984599565990464,-77.21901909033889],[162.977889587452722,-77.22107542678441],[162.965982067919271,-77.222035236395868],[162.954775268636382,-77.220815146947032],[162.910913702545173,-77.221216325894019],[162.890049532666524,-77.224866584497704],[162.874063770140623,-77.226434905916932],[162.855726847531031,-77.227091461050435],[162.849056423590412,-77.223731055875177],[162.854625611048505,-77.221256048908259],[162.872211437876103,-77.216746028351579]]]]}},
{"type":"Feature","properties":{"SURFACE":"rock"},"geometry":{"type":"MultiPolygon","coordinates":[[[[162.545081042197808,-77.191326662545393],[162.53162552655786,-77.194054729268032],[162.480357292385321,-77.197288526644371],[162.46872994162959,-77.199425019703185],[162.458112200412643,-77.197818249855729],[162.458306390185101,-77.196249859246649],[162.479180140344369,-77.192442847216924],[162.497151743659884,-77.191906421157995],[162.536127987774591,-77.187624177850566],[162.549034455704373,-77.188306479292393],[162.545081042197808,-77.191326662545393]]]]}},
{"type":"Feature","properties":{"SURFACE":"rock"},"geometry":{"type":"MultiPolygon","coordinates":[[[[166.890326233816324,-77.457078268208079],[166.906125182747957,-77.457135598208737],[166.913252779429541,-77.458880412409115],[166.914304041847998,-77.461735730108984],[166.89917276806807,-77.463625583983685],[166.886232894054586,-77.463221268587716],[166.880227556006474,-77.461758996064376],[166.878155539482094,-77.459908295710136],[166.890326233816324,-77.457078268208079]]]]}},
{"type":"Feature","properties":{"SURFACE":"rock"},"geometry":{"type":"MultiPolygon","coordinates":[[[[167.868911354629375,-77.502438035496624],[167.868635963454921,-77.499633195399596],[167.876267190164498,-77.49440438395817],[167.883617528529385,-77.491954450783481],[167.884456479156682,-77.489201661398681],[167.883451800069651,-77.48600018901503],[167.871299670000383,-77.483577799376306],[167.864684801144762,-77.484186229139098],[167.858996503477897,-77.488016021016179],[167.847207419182098,-77.49025829963648],[167.836781153963756,-77.496171816044438],[167.815686503888799,-77.495480596150955],[167.791744032554817,-77.490456812142739],[167.787693377634554,-77.487908123726228],[167.789687583107963,-77.483907903577631],[167.794195688671607,-77.483399051664065],[167.819466915849404,-77.483892853651781],[167.842717863810776,-77.481672115906107],[167.830812377415214,-77.474991272880416],[167.831534791077871,-77.472772630741304],[167.84535530158675,-77.470801229222971],[167.858499098966576,-77.473411463934355],[167.858027354125426,-77.475774278626744],[167.86208197411213,-77.477504874373636],[167.901861944703853,-77.481120592663899],[167.908497741129707,-77.484788039323277],[167.906168066109728,-77.490210630634465],[167.898113514903372,-77.492628218359314],[167.926188587283406,-77.498401563953863],[167.93821523104063,-77.503613968749292],[167.945177402087182,-77.504025429280205],[167.955287386591124,-77.502903902019909],[167.960546127589225,-77.503893340490563],[167.962745669657693,-77.50678593238807],[167.949991263857783,-77.51273085687275],[167.894745700065869,-77.511945443688816],[167.882734826424269,-77.511042432477865],[167.868865204858423,-77.508726137690374],[167.862251922345706,-77.504920191657519],[167.868911354629375,-77.502438035496624]]]]}},
{"type":"Feature","properties":{"SURFACE":"rock"},"geometry":{"type":"MultiPolygon","coordinates":[[[[163.471920579616466,-77.258997447689566],[163.469403078606547,-77.259570230344039],[163.438348166637752,-77.253893551706597],[163.42884245343015,-77.251209189712583],[163.436714898604578,-77.245983326703239],[163.431703266587419,-77.242807538961415],[163.432646031196555,-77.241318130173838],[163.458741502127538,-77.246335544470796],[163.462913629220623,-77.247559032194914],[163.468356519274238,-77.249156217853837],[163.471001029392198,-77.250769110801386],[163.472761500270622,-77.253419748261152],[163.471920579616466,-77.258997447689566]]]]}},
{"type":"Feature","properties":{"SURFACE":"rock"},"geometry":{"type":"MultiPolygon","coordinates":[[[[169.147128450722732,-77.549860615281275],[169.162027707990944,-77.549524200725713],[169.176556122015256,-77.55083931228431],[169.184677678540794,-77.554316935863653],[169.18588466005167,-77.557387980248507],[169.180081245713637,-77.558237576042401],[169.162664136103359,-77.558236454380506],[169.153236889612259,-77.559418979625619],[169.140465878056744,-77.556119704746649],[169.139424417957173,-77.552691156315163],[169.147128450722732,-77.549860615281275]]]]}},
{"type":"Feature","properties":{"SURFACE":"rock"},"geometry":{"type":"MultiPolygon","coordinates":[[[[169.369369161056085,-77.495042196767969],[169.378223347818306,-77.50525432467829],[169.379409862710332,-77.50846163696103],[169.380561136283234,-77.511569146054541],[169.379591273139852,-77.525587777909749],[169.377347091063228,-77.526916787057644],[169.374715103163197,-77.527192018923571],[169.362162729438381,-77.52684265887288],[169.347267680865173,-77.529184421159172],[169.329798000464223,-77.528883727023711],[169.324763490227213,-77.52973089776107],[169.325758408842262,-77.53532720949147],[169.296824933216499,-77.538996003229528],[169.286375483928794,-77.542542457494591],[169.269572541890852,-77.54445145199054],[169.246416574872654,-77.541496042079359],[169.228962209058636,-77.541496769230349],[169.211309560240323,-77.542760746706577],[169.193568218200625,-77.543010282894087],[169.184472010204104,-77.540654104715458],[169.186724671648136,-77.537682885894256],[169.173992792990106,-77.536030836444368],[169.148939861035615,-77.535247722389187],[169.142768780166335,-77.536151576698146],[169.150118771281171,-77.538380644009578],[169.150706021142099,-77.542039205840624],[169.141349788197175,-77.544583464670779],[169.127432703705239,-77.544952244954459],[169.116175477874236,-77.54312567941632],[169.10690173271982,-77.539078150887306],[169.083823730067337,-77.536076209746867],[169.078724272711952,-77.539051804474738],[169.062306655542528,-77.541147880626156],[169.078214220953555,-77.546559230239652],[169.084570897373453,-77.550416013406291],[169.081429485324435,-77.553041281675959],[169.068567561976948,-77.553130434025107],[169.052322273965586,-77.550335593179113],[169.039060227347051,-77.542949791145048],[169.025268617083583,-77.540301410725988],[169.029476149313638,-77.536458230390394],[169.041355698366232,-77.534712108728243],[169.024190292690491,-77.530776360245753],[168.98554811978974,-77.527459407445619],[168.97668140490822,-77.526348244337711],[168.972378511687481,-77.524722063219542],[168.970313765573025,-77.523388217520861],[168.975410876208912,-77.518040674507901],[168.973733530599844,-77.515344200456823],[168.963591828788935,-77.515351211622203],[168.904059264458908,-77.511395908246314],[168.887702028568469,-77.510932104027859],[168.862438177676296,-77.513949422768476],[168.846679440509462,-77.513609502371338],[168.835187769623673,-77.512104807301384],[168.820913155938399,-77.514418974612909],[168.806977761687023,-77.514817800102747],[168.786296957762403,-77.510002322194836],[168.789379250250164,-77.507351688765468],[168.796244485873586,-77.506450601483493],[168.820069103302558,-77.505883445143766],[168.846908010242686,-77.498544107577018],[168.859089908833482,-77.496420873003771],[168.875245270851224,-77.490372498407126],[168.890288108735092,-77.488300757387933],[168.900334137609065,-77.488682853603748],[168.899623091369079,-77.49258288345618],[168.878024502736196,-77.500009610663454],[168.883094604621277,-77.501846960534522],[168.900437844905781,-77.501957038832856],[168.905293367509756,-77.501168753701037],[168.907054268797651,-77.498461861129741],[168.927252519237726,-77.493755677217948],[168.929885227941924,-77.491354747045506],[168.909493844232657,-77.487439089548275],[168.899823888940404,-77.481464841108661],[168.923463358761808,-77.474125199739689],[168.961016753001189,-77.472417160617212],[168.9658826382462,-77.474467778672349],[168.967697719651227,-77.475999914886458],[168.957543104283872,-77.47885420390233],[168.943960852354877,-77.480557258035333],[168.944689286475835,-77.481625271503418],[168.936285044121462,-77.482374653561195],[168.937891506250395,-77.48385771925615],[168.946641030465713,-77.482253750885789],[168.957287805185302,-77.482227028351303],[168.9636909400582,-77.480832741633691],[168.972471225723297,-77.480205097648593],[168.988070910688577,-77.476860680472114],[169.006053939429364,-77.463716289371874],[169.017566145173419,-77.460196682603012],[169.024639767694225,-77.458589038965201],[169.048425356290437,-77.460624289577936],[169.058628472898164,-77.460368286106487],[169.058808616851451,-77.45481586788388],[169.068337183637766,-77.452628306563057],[169.081812451515987,-77.451858096266079],[169.087398190858437,-77.453235351673484],[169.082869276424844,-77.458605079124339],[169.091179012187411,-77.461732786391963],[169.08748725316363,-77.465427045597423],[169.075639170393003,-77.468514580145907],[169.068834502321096,-77.471916347858098],[169.065513159444237,-77.476181138261651],[169.071321605800506,-77.478063507767104],[169.08852020554221,-77.472740538828134],[169.095174067012891,-77.467459332968815],[169.11004604455573,-77.462334089508985],[169.11715159338894,-77.461170457515763],[169.124454001228713,-77.457564417280295],[169.120870041887798,-77.451856020172968],[169.114164656959048,-77.450386483951888],[169.091478016191274,-77.446733936857484],[169.05850861522498,-77.444592730374225],[169.0556051705789,-77.443561382015503],[169.05630006051635,-77.443288284558847],[169.065374911499163,-77.444005624243687],[169.069502179558015,-77.444375892754735],[169.076068190955141,-77.44485076477946],[169.097671796465335,-77.446413150864601],[169.104956479029028,-77.446816551521593],[169.121770274123577,-77.447746580165699],[169.124298202716773,-77.447753746445045],[169.131171383898817,-77.448085898117569],[169.143979154148866,-77.448257722365057],[169.139274706862153,-77.452624073103266],[169.144980480516011,-77.45564107208115],[169.137932362273034,-77.460905843067025],[169.14990788795194,-77.463776152225691],[169.157102538218766,-77.467381446282417],[169.16884865433687,-77.469204606300025],[169.18314846432142,-77.468343684604235],[169.179409855041342,-77.466427477169987],[169.180632144061406,-77.462681529000093],[169.186909454375893,-77.459438325703672],[169.202174833958111,-77.4580172337525],[169.207082447240253,-77.455585457831162],[169.21103775854499,-77.452827130862829],[169.206076632771726,-77.449843048002236],[169.208622961979842,-77.448339310671216],[169.213458583100532,-77.448648453115737],[169.237539096860587,-77.448141985784261],[169.273305321477125,-77.454366498706506],[169.282862498270021,-77.458145274292846],[169.284317419635784,-77.461406625713806],[169.289679294561665,-77.462765844456555],[169.304082291947566,-77.459964643148595],[169.313013947235675,-77.461748641511093],[169.323573348954255,-77.46445066339497],[169.325900317795146,-77.46521945624292],[169.330214742482639,-77.46664469242009],[169.337551200229086,-77.470053082621376],[169.343992548487847,-77.473045004331837],[169.353398785338555,-77.47903678240236],[169.353514552127137,-77.479134081137076],[169.353877950659381,-77.479435890850468],[169.363393720653789,-77.490620435966534],[169.369369161056085,-77.495042196767969]],[[169.284976804158191,-77.516994807873957],[169.281697084253238,-77.515954205864674],[169.264977667669996,-77.518623055247915],[169.257037658142423,-77.521407062881096],[169.258100473132856,-77.522527301530985],[169.272205594609318,-77.5267876960324],[169.297866068033159,-77.526853933034729],[169.300192841494606,-77.525672157229394],[169.287850361491479,-77.522818055602485],[169.284976804158191,-77.516994807873957]],[[169.072409447852607,-77.491479715096418],[169.038282731290337,-77.486352009951688],[169.033166025495291,-77.487101023290521],[169.03539064687314,-77.492755194439695],[169.032401285778917,-77.495410137801414],[169.04110523368351,-77.497551267744086],[169.0567746941542,-77.496923127303418],[169.072409447852607,-77.491479715096418]],[[169.157472225981707,-77.528421607414799],[169.14496051991506,-77.525232948123701],[169.132219224915445,-77.525095003836967],[169.125810047057456,-77.52587490569239],[169.120570640930993,-77.526892056960051],[169.118403840362333,-77.529030540090261],[169.122448718934777,-77.530770198497734],[169.138381109224269,-77.532642397965347],[169.157472225981707,-77.528421607414799]]]]}},
{"type":"Feature","properties":{"SURFACE":"rock"},"geometry":{"type":"MultiPolygon","coordinates":[[[[168.437429176671941,-77.519867620861575],[168.477300539033934,-77.514252032278051],[168.483885822089434,-77.51077446452463],[168.478064158755927,-77.508624582600191],[168.464290677745907,-77.509575704353622],[168.451709732391521,-77.509261317089141],[168.435874794929106,-77.506974941350848],[168.432589015123796,-77.502818344149418],[168.423244511737437,-77.499528407001421],[168.405292786346735,-77.496151684925124],[168.407500129865923,-77.493463274355705],[168.404446419349824,-77.491197047637044],[168.388442568134565,-77.492125700024545],[168.377033488201818,-77.494894338689662],[168.378895040362238,-77.497764043833214],[168.374257139854819,-77.500344294830313],[168.361668657087563,-77.502570218287715],[168.368039664979932,-77.505641111343408],[168.347989777548349,-77.509972985543328],[168.33563036752733,-77.509423611732458],[168.321244450060988,-77.507137255100716],[168.320994066328268,-77.503540756569379],[168.324909801218638,-77.5009285708135],[168.344233542526268,-77.500401005372339],[168.349199103090996,-77.499226852017145],[168.339773268819329,-77.496018673375033],[168.347471046630289,-77.492685968369742],[168.357024744882693,-77.491215130010417],[168.354661628180764,-77.489446718547285],[168.34149720088368,-77.489764274407335],[168.331517745375606,-77.490943776208439],[168.301761477746254,-77.490962483654172],[168.287786347382678,-77.492121566036744],[168.263461889507312,-77.490649185611389],[168.259537754982546,-77.489631483427402],[168.264784184149931,-77.486504804098402],[168.279336601024511,-77.487508033052364],[168.291452330311046,-77.485491368576845],[168.287208106795362,-77.48195783668686],[168.272004245269954,-77.481733918727684],[168.26512972187345,-77.480482329401511],[168.26291051461061,-77.47863181649997],[168.277891265799894,-77.473246624874548],[168.292848544816593,-77.473377112705194],[168.304325405074309,-77.474813837274837],[168.316764737807716,-77.475243239196516],[168.324836806465356,-77.473052584068853],[168.329142800381163,-77.469083459185327],[168.35013075452116,-77.467173830024905],[168.360092455970658,-77.470205399643177],[168.398024724405786,-77.47082888824734],[168.397909847191897,-77.474197715865429],[168.379341594741135,-77.47510116764019],[168.369843461909454,-77.477853009443166],[168.37701561800003,-77.479446820623906],[168.389799852573333,-77.479516306306778],[168.401601504167559,-77.480623514571164],[168.405826668357037,-77.480308797538783],[168.413355426556677,-77.477005124683302],[168.418578016706363,-77.476257477751034],[168.443141558317762,-77.477451468108882],[168.454686749527923,-77.478831522912145],[168.488830450530656,-77.479542040424263],[168.49353988934007,-77.477772244379764],[168.491033206495132,-77.47593915152882],[168.493209652256638,-77.473982102146593],[168.513334707287953,-77.471075116681391],[168.525245674625211,-77.472063101037747],[168.532762934266913,-77.473930557673128],[168.530153232532143,-77.476600857214962],[168.513134275070769,-77.481421942389787],[168.515753481107367,-77.482201175348678],[168.528377490253376,-77.482438941143243],[168.556109461719899,-77.477741847469645],[168.556670331820754,-77.472196662085722],[168.577639183601917,-77.466691124932169],[168.594769493780603,-77.466307152430915],[168.604410753385991,-77.464976168448217],[168.621836801374343,-77.464781014113484],[168.629405326382368,-77.462680093017738],[168.637370012032846,-77.461853824442969],[168.64495097478374,-77.463038288758085],[168.648286479212913,-77.464874962743878],[168.647430401169373,-77.468562372401237],[168.618055239565734,-77.468859442820602],[168.603987956943797,-77.471811947906005],[168.584641312405154,-77.472468711508355],[168.575335276099651,-77.475800470361605],[168.576275944898867,-77.478626427496309],[168.581998185175109,-77.480035086402324],[168.585977257833349,-77.479883283130349],[168.596994680018582,-77.47650416826275],[168.611139651035586,-77.477634207845696],[168.619031818537053,-77.476722461234431],[168.622698079931439,-77.474432355982131],[168.643182980049488,-77.474884939856238],[168.665169460802844,-77.479721945559959],[168.664913136115985,-77.482494679944878],[168.657216464923039,-77.484944023478945],[168.655306557538978,-77.48764496563328],[168.663115539800373,-77.489509742956201],[168.676678495528279,-77.488573295517654],[168.684938142728726,-77.483364153879393],[168.685165586671559,-77.480590335881033],[168.700147911903798,-77.478766056172546],[168.711287082577542,-77.475432924743089],[168.731008812515398,-77.474888716076421],[168.740352050447427,-77.47097395992698],[168.762293077223319,-77.467227105629647],[168.774010176588291,-77.466612114440707],[168.787050508637662,-77.468768980128672],[168.800599343325246,-77.462754748309436],[168.815880945046558,-77.462861766463107],[168.830258639768459,-77.46401650632896],[168.851726347733432,-77.471067936435688],[168.836647418032214,-77.474432446206748],[168.816988833093006,-77.475003249766758],[168.822863517679195,-77.476708892748789],[168.824798317288383,-77.478751020418898],[168.839203962734189,-77.47949762742482],[168.853214179694902,-77.478197903195635],[168.868588183758476,-77.479353998412066],[168.877287011010139,-77.480412363132274],[168.880820349147285,-77.482222776217071],[168.879430691418833,-77.484750649108946],[168.875426317461972,-77.486967766163957],[168.86675209979856,-77.486594463631619],[168.859029180603642,-77.485134740824961],[168.84473255806148,-77.487526451673531],[168.833373859276264,-77.49070642827175],[168.824016101038438,-77.491148850492038],[168.808930859822055,-77.493206359286219],[168.806323938874897,-77.494164750145231],[168.813235850674346,-77.497243446627721],[168.813036740074864,-77.500017452829766],[168.806595697194268,-77.501173454807329],[168.792349072076377,-77.501721035860143],[168.777924605922124,-77.503996096920019],[168.773246919706196,-77.506659298558091],[168.774268362457917,-77.508393813176582],[168.782707673357152,-77.509848352581287],[168.772757680430487,-77.510040465981291],[168.760483379618449,-77.51224282687798],[168.740260993778179,-77.51264380892259],[168.736684877128624,-77.514738501933039],[168.739628268181832,-77.516633824677299],[168.752063291864033,-77.518558132617414],[168.787826828953058,-77.521672476422111],[168.801408826577671,-77.520900893808133],[168.82424495702017,-77.524085723994617],[168.836697292165951,-77.524549798838493],[168.850869393405304,-77.524080226501908],[168.857956521285814,-77.522898102188805],[168.866440393530496,-77.518703326395951],[168.8818874514551,-77.519267321198399],[168.894140189283604,-77.522949620779315],[168.884213027307482,-77.525310258897207],[168.884847501662279,-77.528137730553709],[168.897546559090443,-77.528431807690666],[168.911983948099902,-77.531176083114758],[168.922089103097761,-77.534360913476377],[168.928563243037587,-77.538073308471539],[168.911983140776499,-77.540907637715975],[168.899017177505527,-77.537709146103964],[168.892699024262697,-77.533765796234036],[168.880665011924066,-77.532832242406855],[168.870619664684654,-77.533902252471279],[168.863002156016677,-77.53363071962535],[168.845695475858633,-77.528799671418057],[168.819278706182104,-77.529515403781616],[168.781255464652247,-77.52590156917519],[168.771120555456662,-77.525842736774081],[168.757208959401964,-77.526963070047458],[168.750306261255446,-77.525155439771666],[168.748288700970818,-77.522660015317896],[168.741150611562659,-77.521056428304348],[168.711397271114976,-77.520769505619612],[168.691868545846035,-77.517069241950196],[168.681849707430587,-77.51104954251511],[168.669546577488262,-77.510342556925153],[168.657003401596427,-77.513473553577626],[168.648685446944796,-77.514255217097812],[168.638199254403759,-77.517814944142529],[168.620183220109851,-77.518929688897941],[168.612112366116548,-77.521961662518052],[168.606490400240801,-77.522769227922709],[168.593179428572938,-77.521487150987866],[168.587563885501766,-77.515441646492704],[168.575283305210547,-77.51480200007704],[168.555767498165437,-77.515403569974012],[168.54790359232851,-77.516332258269912],[168.54759658671685,-77.519144640574297],[168.532496345037828,-77.521788161545231],[168.527472130871729,-77.52164325819605],[168.519052317195417,-77.519821823406204],[168.494215897627072,-77.51882761274949],[168.453232600708191,-77.523882735232291],[168.438183867509309,-77.523566163628544],[168.435079258333531,-77.522550026413654],[168.437429176671941,-77.519867620861575]]]]}},
{"type":"Feature","properties":{"SURFACE":"rock"},"geometry":{"type":"MultiPolygon","coordinates":[[[[163.476760457413889,-77.247732425784633],[163.471731728992808,-77.246276430986427],[163.451861104324109,-77.236825984485179],[163.465633309786369,-77.23458503514847],[163.469786976798048,-77.23433341840088],[163.471452604390294,-77.234358486854447],[163.476848195917484,-77.234851073177666],[163.496384415848667,-77.237575299277296],[163.514713405420878,-77.24093821733922],[163.523987326459775,-77.24350871273694],[163.525405614982702,-77.24446677047456],[163.525185530750036,-77.244636146955386],[163.520492743731893,-77.245914627514878],[163.510830180853361,-77.247539335726643],[163.509886846169451,-77.247660257107015],[163.506076948964676,-77.2481510152043],[163.491198830536831,-77.249125923384184],[163.48471630260309,-77.249024160240452],[163.482081452477928,-77.24874968059099],[163.476760457413889,-77.247732425784633]]]]}},
{"type":"Feature","properties":{"SURFACE":"rock"},"geometry":{"type":"MultiPolygon","coordinates":[[[[168.27711905369037,-77.504361616208996],[168.29136430227507,-77.501832296120497],[168.304649373259366,-77.504877527325647],[168.304532525336441,-77.508378831924347],[168.298624723016303,-77.511738104117299],[168.294088016356625,-77.512440820450209],[168.281011904330427,-77.51263620920156],[168.276484766018257,-77.511188954880907],[168.273903666954141,-77.507005068255893],[168.27711905369037,-77.504361616208996]]]]}},
{"type":"Feature","properties":{"SURFACE":"rock"},"geometry":{"type":"MultiPolygon","coordinates":[[[[167.548959769267213,-77.462181898264248],[167.559108979916374,-77.461112362900664],[167.574397198369724,-77.462557058366869],[167.577081253288611,-77.463528596295916],[167.571270868672968,-77.466045609645846],[167.554892842058962,-77.468848618033206],[167.538181160324058,-77.47033978383007],[167.523473756316264,-77.469613014212683],[167.518489833856023,-77.466310143142948],[167.523340809273918,-77.465289872012917],[167.540134187417493,-77.464553898950427],[167.548959769267213,-77.462181898264248]]]]}},
{"type":"Feature","properties":{"SURFACE":"rock"},"geometry":{"type":"MultiPolygon","coordinates":[[[[166.999016015739301,-77.432382096657605],[167.010778415438068,-77.431458050476962],[167.023585392421921,-77.433615562345196],[167.012760704660479,-77.437758269946556],[167.002881467492273,-77.438905660548443],[166.994622919255619,-77.437161415644852],[166.990430642495284,-77.434751720637252],[166.999016015739301,-77.432382096657605]]]]}},
{"type":"Feature","properties":{"SURFACE":"rock"},"geometry":{"type":"MultiPolygon","coordinates":[[[[162.405812148618963,-77.15082804047583],[162.41964639411043,-77.153577675740323],[162.421495696394317,-77.15691887538965],[162.41224854382844,-77.159808631224593],[162.405900100101178,-77.159509039044437],[162.399161679193526,-77.157817587844789],[162.393728459696518,-77.154393433247066],[162.379776336996485,-77.149484723612815],[162.379072636082185,-77.145568680734257],[162.390561430831156,-77.145808075974202],[162.405812148618963,-77.15082804047583]]]]}},
{"type":"Feature","properties":{"SURFACE":"rock"},"geometry":{"type":"MultiPolygon","coordinates":[[[[168.229683375053185,-77.479920571283117],[168.236561305510605,-77.478472413043832],[168.252543664159163,-77.479963876840714],[168.246386181444166,-77.483462755676882],[168.247012384383339,-77.486279047256573],[168.240953057243388,-77.487290588643404],[168.228527842922972,-77.486833111560927],[168.221427954215869,-77.485123994037878],[168.229683375053185,-77.479920571283117]]]]}},
{"type":"Feature","properties":{"SURFACE":"rock"},"geometry":{"type":"MultiPolygon","coordinates":[[[[167.533318129673034,-77.447454663563647],[167.548312008263537,-77.44641392583938],[167.563617035021309,-77.448021651090883],[167.56058008239745,-77.451558490674628],[167.543970958633082,-77.454369834743005],[167.527992681093309,-77.453750329873429],[167.524709550041109,-77.45263158152737],[167.533318129673034,-77.447454663563647]]]]}},
{"type":"Feature","properties":{"SURFACE":"rock"},"geometry":{"type":"MultiPolygon","coordinates":[[[[168.170964095410682,-77.462469452650993],[168.175169047147051,-77.462154048382601],[168.197267446914253,-77.465878782353641],[168.212015356071817,-77.467265337352103],[168.208170197790935,-77.471289926567479],[168.179706881769874,-77.470770375098169],[168.165827180618265,-77.469210031031267],[168.166638761898952,-77.464560639794314],[168.170964095410682,-77.462469452650993]]]]}},
{"type":"Feature","properties":{"SURFACE":"rock"},"geometry":{"type":"MultiPolygon","coordinates":[[[[168.328950367098685,-77.469021412026223],[168.323538507594179,-77.468133029967589],[168.311044483929038,-77.467768548035764],[168.306587111288366,-77.465341944506065],[168.305994808247618,-77.46384500439045],[168.311824297676111,-77.461319637027771],[168.311775199487187,-77.457673085501312],[168.29813776967697,-77.452342210273798],[168.29647798707569,-77.446001733464271],[168.290604058750773,-77.443640736310343],[168.289661536318619,-77.438023473792043],[168.303283275729285,-77.435515683183979],[168.317860003294925,-77.438327294344049],[168.326777682907192,-77.443980649500929],[168.319613004157787,-77.4533079117612],[168.334450962706057,-77.459548080071045],[168.330922725566808,-77.466487619790314],[168.334989589749711,-77.467933386219713],[168.328950367098685,-77.469021412026223]]]]}},
{"type":"Feature","properties":{"SURFACE":"rock"},"geometry":{"type":"MultiPolygon","coordinates":[[[[167.526667668682705,-77.415135689520085],[167.536726843829058,-77.415800980015177],[167.564563919899769,-77.416762987154726],[167.552288199459042,-77.41717311379449],[167.538091907713721,-77.416486312874142],[167.526096630295086,-77.417704229956442],[167.502124306609289,-77.416048900199598],[167.499244464286107,-77.415062955628699],[167.503605739989496,-77.413608033211247],[167.507008138011571,-77.4138341141919],[167.52484324427445,-77.415093144115275],[167.526667668682705,-77.415135689520085]]]]}},
{"type":"Feature","properties":{"SURFACE":"rock"},"geometry":{"type":"MultiPolygon","coordinates":[[[[167.569924356510711,-77.416948329061668],[167.589648149633149,-77.417114778254259],[167.576945225648245,-77.418155312498143],[167.566308774067977,-77.416823541089954],[167.569924356510711,-77.416948329061668]]]]}},
{"type":"Feature","properties":{"SURFACE":"rock"},"geometry":{"type":"MultiPolygon","coordinates":[[[[168.400903414491239,-77.451373532846432],[168.416953643090608,-77.450788782360647],[168.426806694999129,-77.452527683104989],[168.426269651170998,-77.455289870017239],[168.411431117555026,-77.456642232728285],[168.399261864910727,-77.455947707483986],[168.39436353022279,-77.453868103375143],[168.400903414491239,-77.451373532846432]]]]}},
{"type":"Feature","properties":{"SURFACE":"rock"},"geometry":{"type":"MultiPolygon","coordinates":[[[[167.422131818771447,-77.407160051995248],[167.4394113050123,-77.408833273682845],[167.47818210323112,-77.411853081889731],[167.467141125844591,-77.412617138552179],[167.43039534600868,-77.410923323410401],[167.399429986422575,-77.406723130345895],[167.372545816911583,-77.404807280494495],[167.365745121099906,-77.402980832156899],[167.369621938263606,-77.401875671226819],[167.372855520531971,-77.401127105451138],[167.373166771443977,-77.401263514753552],[167.37424576685433,-77.401738103956077],[167.380644550153562,-77.402635729412552],[167.393525555967358,-77.404162948953854],[167.403980776778695,-77.405401048340948],[167.405082345619377,-77.405531639655123],[167.422131818771447,-77.407160051995248]]]]}},
{"type":"Feature","properties":{"SURFACE":"rock"},"geometry":{"type":"MultiPolygon","coordinates":[[[[162.028018942829817,-77.073739037909078],[162.03004447260281,-77.074503177382297],[162.026850727502904,-77.076008029844033],[162.028018942829817,-77.073739037909078]]]]}},
{"type":"Feature","properties":{"SURFACE":"rock"},"geometry":{"type":"MultiPolygon","coordinates":[[[[166.630497100726842,-77.358728129283207],[166.628615490445725,-77.358311152837686],[166.6286959028468,-77.35738034005999],[166.653717243961523,-77.357311565414534],[166.660130387524873,-77.359014185024577],[166.651240521813861,-77.361905385020052],[166.639646278977068,-77.361726038436515],[166.630563416609789,-77.358743267099797],[166.630497100726842,-77.358728129283207]]]]}},
{"type":"Feature","properties":{"SURFACE":"rock"},"geometry":{"type":"MultiPolygon","coordinates":[[[[162.603636281306507,-77.113161498179934],[162.594222123890319,-77.110742828163964],[162.572192313289236,-77.111266216756491],[162.551975669448467,-77.109974289500059],[162.561922404156689,-77.106721411303269],[162.596954026672847,-77.105182323430242],[162.613614612334601,-77.106052086258885],[162.622000802787881,-77.109203253330548],[162.645573640490312,-77.112115302583916],[162.659333326656508,-77.1163866970425],[162.648538454467456,-77.117688640016894],[162.603636281306507,-77.113161498179934]]]]}},
{"type":"Feature","properties":{"SURFACE":"rock"},"geometry":{"type":"MultiPolygon","coordinates":[[[[167.180324922115602,-77.367905482649974],[167.186337038082399,-77.368744607463057],[167.18644670232564,-77.368757060298591],[167.186903442266242,-77.368979191158928],[167.183016558304189,-77.369857475343466],[167.177694839110359,-77.370264311789953],[167.16347829810195,-77.368520548933787],[167.158301231234731,-77.366952734822661],[167.141419008523769,-77.364716416516302],[167.137325241864119,-77.363000320139335],[167.117417995018599,-77.361178847367199],[167.096698454703386,-77.357190606551157],[167.080486517649945,-77.343474528820991],[167.073771191264171,-77.342119538083082],[167.052388358532397,-77.334248053627277],[167.061400658046011,-77.332703894043533],[167.062613909984151,-77.333119688010228],[167.066590037092652,-77.334483118349482],[167.067991633579112,-77.33496318794765],[167.090404401156007,-77.341202482266596],[167.091510319858315,-77.341510013344731],[167.098135377724077,-77.344062578659575],[167.099500608859273,-77.344588373520693],[167.099594395696357,-77.344623409654474],[167.099764978525855,-77.34482560740409],[167.101901293265655,-77.347329925733348],[167.101957913901174,-77.352174819655062],[167.104982159534046,-77.354687426245704],[167.109049584295235,-77.355752154934891],[167.109894577508726,-77.356149101671477],[167.123625884133418,-77.359338684022759],[167.13982196085928,-77.362245659746065],[167.157019059034724,-77.364649572559046],[167.175720242782774,-77.367308871553973],[167.180324922115602,-77.367905482649974]]]]}},
{"type":"Feature","properties":{"SURFACE":"rock"},"geometry":{"type":"MultiPolygon","coordinates":[[[[162.386650723896679,-77.077190690555923],[162.39476425187317,-77.072043728916086],[162.381256994394505,-77.0711174513022],[162.378852773859137,-77.068051407649008],[162.381671604343268,-77.067005795310322],[162.407222795636898,-77.065470861251853],[162.410826316119227,-77.064600068730158],[162.412919775174942,-77.061887489275918],[162.424743633875778,-77.060468783418315],[162.436987855432761,-77.057382136040133],[162.451124672692316,-77.057967002468573],[162.456647238255414,-77.059266401776],[162.456539915802551,-77.06497976677457],[162.44085452984487,-77.067419744570245],[162.435569045171519,-77.06921590578736],[162.437574895131746,-77.071098359457395],[162.434282504588253,-77.07295832542583],[162.416115358401186,-77.073558940900853],[162.420082143910491,-77.076701344839591],[162.410756960124189,-77.07956311482819],[162.394667072421328,-77.079799937156352],[162.386650723896679,-77.077190690555923]]]]}},
{"type":"Feature","properties":{"SURFACE":"rock"},"geometry":{"type":"MultiPolygon","coordinates":[[[[166.368362652649267,-77.247777947248053],[166.379781680348458,-77.242519475741972],[166.398988589333442,-77.230306746225395],[166.408276133106767,-77.225467949211207],[166.409229287372,-77.225171568519102],[166.41425400947395,-77.224085921833904],[166.424575121078703,-77.222842334285986],[166.427197816338804,-77.222311170887238],[166.430598676965161,-77.222511506309758],[166.434620737560692,-77.223696844926835],[166.435087478190837,-77.226528325003642],[166.429078932077147,-77.229014263237559],[166.427366562687155,-77.231729540888438],[166.432193876126519,-77.234382143853239],[166.432858273788099,-77.237635877077892],[166.421958491913159,-77.245474795179376],[166.426493059394687,-77.248717541245284],[166.441330235709984,-77.248977075849055],[166.438554504027678,-77.254779397768516],[166.44389284711383,-77.256872616649787],[166.455268994734752,-77.255668560162263],[166.454924346257201,-77.252843751576947],[166.463184288116281,-77.250849457862898],[166.474738457764488,-77.251912258987204],[166.477484036426404,-77.253140755603823],[166.476024525008086,-77.256771024734761],[166.464509427405631,-77.258229321261283],[166.459973639193805,-77.261531517980288],[166.455196757145814,-77.262264691167971],[166.445666620693572,-77.262525265409565],[166.436218702703172,-77.263891537237441],[166.424667712250709,-77.262817051676905],[166.408174104291817,-77.263793090534691],[166.399750099179442,-77.266746327913651],[166.388430266750561,-77.267770489336229],[166.375021871996239,-77.271471464286108],[166.401631784537955,-77.272216626667671],[166.437353608629451,-77.27448900912735],[166.44969951723175,-77.277246441219148],[166.455760606095566,-77.280953648512508],[166.465559660570477,-77.283647211254078],[166.490287851251964,-77.284345083460593],[166.517673366340972,-77.282602824170738],[166.532891124844497,-77.284123577481168],[166.535204613932081,-77.285155068785215],[166.525598945210589,-77.287588773602337],[166.495675910314816,-77.287917956707901],[166.481467912989103,-77.290735173505809],[166.464536623319674,-77.291505109467707],[166.449220197147412,-77.293390018616378],[166.436469729316286,-77.296770665784351],[166.448995331600258,-77.298781137284578],[166.477539468378239,-77.296017351397424],[166.488236574349486,-77.297903177595089],[166.51469368135713,-77.297040033477913],[166.524289996931088,-77.298865985204642],[166.527272217112056,-77.301571811363829],[166.507505646349301,-77.306141913425435],[166.511456949280358,-77.309649788806894],[166.544297310138745,-77.309046292924648],[166.551492081190986,-77.307933995581749],[166.556172211958,-77.308147187298601],[166.557931663864508,-77.310174286219493],[166.554024913021436,-77.312528026720031],[166.529638839793364,-77.314865454627252],[166.527806401215713,-77.316500536163019],[166.542429170280315,-77.318445585331759],[166.55845655416357,-77.319161026447034],[166.56217248980127,-77.320240941321728],[166.565909512319763,-77.324949211855937],[166.572178330768395,-77.326335694417509],[166.585079449752186,-77.326893268261671],[166.587441771525647,-77.3299811954804],[166.579014059468818,-77.331805483218361],[166.559764563778543,-77.333013501601286],[166.552609873649374,-77.334145262623807],[166.547255621691448,-77.333891287330914],[166.546836703755417,-77.333046266585725],[166.544453164041443,-77.331335883004144],[166.540381206206405,-77.329848944669251],[166.53883574271012,-77.329503562563744],[166.537583894046747,-77.329090581606636],[166.514530375525737,-77.324055137440624],[166.460928679224992,-77.315012783650829],[166.453267207773223,-77.313471815221064],[166.439644380513784,-77.310729317534097],[166.438200610155292,-77.310348705932384],[166.432005544068659,-77.308711462949304],[166.431923168509968,-77.308689549887646],[166.430114259627089,-77.307889496558076],[166.428405016532849,-77.307132135572004],[166.428328510652989,-77.307098835840563],[166.420331948706462,-77.299842499072071],[166.420274887601465,-77.299790343016497],[166.417306441638289,-77.298383444921299],[166.413475429901638,-77.29656920075351],[166.413428207080358,-77.296545636244957],[166.402122070849629,-77.293980332504717],[166.393261502550246,-77.291966865310073],[166.39322740752624,-77.291959200482481],[166.392336029032236,-77.291799423062983],[166.347003936465256,-77.283666089519613],[166.345843087109472,-77.283377022047517],[166.333210887892022,-77.280228676093444],[166.331683678261271,-77.279847349309392],[166.331615260996699,-77.279561706253205],[166.331401310592838,-77.278663359743064],[166.331321511382953,-77.278330305484957],[166.332511383617174,-77.277840624539735],[166.339342157501619,-77.275031096908947],[166.339968945907572,-77.274773337247765],[166.340080214474256,-77.274727816707212],[166.340869649184498,-77.273715942285463],[166.341485402977668,-77.272925256958843],[166.341498662523605,-77.272908417498499],[166.340792069994734,-77.270908533230809],[166.340203152617875,-77.269240198308353],[166.34019493701615,-77.269216358787247],[166.332288420169618,-77.258029851204384],[166.332268893241149,-77.258003063887998],[166.332266114029409,-77.25786485672262],[166.332194306645192,-77.254972322066422],[166.332183675797808,-77.254564599567573],[166.332632229359263,-77.254137062030509],[166.334154016893422,-77.252689584330668],[166.334615821840856,-77.252249893647104],[166.336171968439174,-77.251984757075135],[166.338673851517285,-77.25155859929491],[166.340569101009066,-77.251235594627758],[166.361903040201696,-77.249366832584457],[166.362073688419116,-77.24935257744805],[166.364834094798994,-77.248734207681196],[166.367659967837227,-77.248101782643488],[166.367710805688603,-77.248090467551464],[166.368362652649267,-77.247777947248053]]]]}},
{"type":"Feature","properties":{"SURFACE":"rock"},"geometry":{"type":"MultiPolygon","coordinates":[[[[162.053515541497916,-77.024017981307566],[162.063460009482327,-77.025358351136376],[162.073932754875585,-77.028487838029733],[162.079262321191521,-77.032205826345859],[162.090349089047379,-77.035876557327455],[162.068402106959184,-77.040145780792813],[162.054828528846627,-77.040299479499609],[162.048117504854872,-77.038543179150963],[162.046518129097507,-77.037701813955735],[162.053515541497916,-77.024017981307566]]]]}},
{"type":"Feature","properties":{"SURFACE":"rock"},"geometry":{"type":"MultiPolygon","coordinates":[[[[162.305387889969552,-77.059952052224901],[162.320850189005029,-77.057461556737593],[162.350939499465369,-77.057902857627667],[162.353240238917721,-77.05478021464377],[162.350055085407888,-77.051691005653765],[162.361126189527681,-77.049389410457977],[162.371804078026742,-77.05086216551895],[162.379183819168844,-77.053766445504948],[162.372651670938239,-77.05902492836583],[162.379436000625191,-77.062369438582721],[162.374686379804103,-77.063984689964215],[162.369026955269703,-77.06449061385932],[162.351974757497828,-77.062550093040983],[162.337510747535703,-77.064683130731467],[162.325970298969338,-77.065143338217354],[162.305387889969552,-77.059952052224901]]]]}},
{"type":"Feature","properties":{"SURFACE":"rock"},"geometry":{"type":"MultiPolygon","coordinates":[[[[168.994843481393673,-77.433409070566753],[168.98364687835803,-77.432912894911894],[168.98104243736438,-77.432072620454079],[168.981760969537731,-77.426541931905021],[168.988353535427194,-77.424961916539459],[168.990459611260349,-77.425529634308191],[168.992406278162861,-77.431952730860999],[168.99449847728971,-77.432961177683367],[168.994749238996491,-77.43337380136883],[168.994843481393673,-77.433409070566753]]]]}},
{"type":"Feature","properties":{"SURFACE":"rock"},"geometry":{"type":"MultiPolygon","coordinates":[[[[162.262534800887067,-77.045431156999527],[162.277964021167264,-77.043039434735476],[162.29145706570938,-77.044515520299328],[162.298974931263984,-77.04376186818719],[162.304775390372811,-77.039868513711397],[162.313287014542595,-77.037369253993035],[162.347247636552737,-77.035312674629779],[162.354168732590125,-77.034119503754084],[162.38253271160707,-77.03427795077323],[162.384279194905218,-77.036959870607703],[162.377533903894232,-77.040053772952533],[162.360177654985591,-77.045118337442659],[162.345095035660393,-77.046973574058015],[162.31314690174699,-77.047216281676441],[162.291872320339252,-77.044880466194854],[162.286203711342438,-77.047127617077948],[162.272853330452733,-77.049232424994599],[162.260554363197343,-77.048183624079357],[162.262534800887067,-77.045431156999527]]]]}},
{"type":"Feature","properties":{"SURFACE":"rock"},"geometry":{"type":"MultiPolygon","coordinates":[[[[168.724866119653683,-77.411925661582799],[168.727728144292143,-77.412855926231217],[168.718967348460922,-77.414896328671347],[168.69364258952487,-77.414663721793659],[168.670614578537453,-77.410628607441168],[168.67513659582545,-77.409636193321333],[168.685992000373858,-77.411102708452162],[168.686503956041634,-77.411138956422789],[168.687333512301819,-77.411255159092462],[168.698811033789781,-77.41210801931588],[168.710746671053556,-77.412347096759248],[168.724866119653683,-77.411925661582799]]]]}},
{"type":"Feature","properties":{"SURFACE":"rock"},"geometry":{"type":"MultiPolygon","coordinates":[[[[168.059579967729064,-77.379592007018488],[168.061936722891545,-77.379700922619932],[168.074199106710296,-77.381439904318512],[168.076118489653084,-77.381528484260997],[168.071382545622384,-77.383987631530545],[168.057178189481533,-77.385472509417227],[168.056512337765639,-77.385245315336505],[168.05659694707245,-77.385207383031243],[168.056793266706336,-77.381034582230996],[168.058345066026504,-77.379727863426268],[168.058435889309209,-77.379651865463998],[168.05872748931597,-77.379636287516107],[168.059579967729064,-77.379592007018488]]]]}},
{"type":"Feature","properties":{"SURFACE":"rock"},"geometry":{"type":"MultiPolygon","coordinates":[[[[168.911394949363427,-77.417455140951375],[168.913684121144655,-77.418083634489079],[168.90460084470152,-77.420476885661643],[168.89210545620233,-77.421074952062767],[168.878799695708238,-77.41975098811119],[168.881574787311678,-77.418219489180075],[168.882838015939143,-77.418217952788979],[168.88320160339498,-77.41821729569017],[168.884170834373435,-77.418215912921099],[168.911394949363427,-77.417455140951375]]]]}},
{"type":"Feature","properties":{"SURFACE":"rock"},"geometry":{"type":"MultiPolygon","coordinates":[[[[168.957197992194182,-77.417577520800563],[168.966702555442197,-77.41912624152063],[168.976163867009689,-77.421677172610018],[168.96704997497099,-77.422916916155089],[168.944231410710586,-77.419891201828307],[168.929116396703165,-77.419358520936541],[168.92860507608404,-77.416972857025044],[168.931486679221933,-77.416891778465057],[168.931614875185659,-77.41689260856613],[168.943623222770725,-77.416910629400718],[168.947461966159096,-77.417059001162912],[168.952235945635664,-77.417243631030388],[168.957197992194182,-77.417577520800563]]]]}},
{"type":"Feature","properties":{"SURFACE":"rock"},"geometry":{"type":"MultiPolygon","coordinates":[[[[168.419411955838882,-77.393692553581843],[168.435094836160999,-77.390680578224448],[168.449054886736434,-77.391749680998799],[168.451023239821779,-77.395104709264402],[168.427387491560808,-77.398899970652892],[168.41622065047099,-77.396335644999553],[168.419411955838882,-77.393692553581843]]]]}},
{"type":"Feature","properties":{"SURFACE":"rock"},"geometry":{"type":"MultiPolygon","coordinates":[[[[162.657161188461941,-77.016817098740773],[162.637137235492844,-77.018376555025242],[162.615193274723964,-77.017271801117616],[162.596564153549394,-77.021751328025161],[162.575314902270691,-77.023994865315842],[162.5624305926533,-77.023912776156493],[162.55384980756611,-77.020567578849821],[162.554127278073736,-77.016184757963984],[162.550678476244286,-77.014414091814629],[162.539293224934511,-77.013363971710504],[162.524878470587311,-77.014575541785632],[162.497465900578163,-77.019257432210466],[162.488341174965171,-77.024330192081507],[162.485498739193247,-77.032708255836695],[162.470555693402133,-77.038402643211242],[162.462341304511767,-77.039647311457841],[162.46198405882987,-77.04248226451196],[162.470162801837205,-77.044464545072117],[162.485469702092473,-77.044835747757446],[162.496427887790418,-77.043923750303264],[162.518847765411238,-77.046117160966276],[162.521643492399335,-77.049562362927418],[162.512808297659348,-77.050415910756087],[162.501637603692132,-77.049288287351516],[162.485173249929716,-77.048886618032725],[162.452013182001906,-77.051312511830787],[162.43730990958764,-77.049669056824939],[162.43279158616852,-77.045579340116504],[162.417595211844969,-77.043002666820939],[162.399472316573394,-77.038041856524316],[162.40696432618185,-77.031841835910313],[162.439225685127099,-77.02486632279367],[162.442647342106056,-77.021086941589047],[162.44401933859092,-77.020488421521904],[162.446657017417067,-77.020716420320142],[162.448766404643408,-77.020534996314495],[162.449793275778944,-77.020447069645641],[162.459140625987828,-77.01924358521994],[162.466081290198019,-77.018027517401265],[162.471485635988273,-77.017080065992502],[162.48785533763342,-77.013639601624419],[162.515164149629555,-77.007894115868382],[162.5249412949982,-77.006286145143036],[162.535036375807067,-77.005092391232978],[162.54258003429905,-77.005105597530857],[162.558522577124847,-77.006250640179999],[162.563285493784832,-77.006593113396633],[162.567391283340356,-77.00664491419171],[162.571324726095355,-77.006694005517417],[162.58673669950295,-77.005754753044783],[162.620955355954294,-77.00257463850879],[162.624590741716986,-77.002405538187631],[162.636338729166653,-77.001857186130692],[162.64457166411114,-77.002332663897462],[162.65111266206813,-77.003191297670682],[162.651803601697026,-77.003281523260142],[162.652317096085369,-77.003408084919442],[162.657115321482507,-77.004591622674951],[162.660807832453401,-77.006323516429575],[162.661776128576719,-77.008993734312099],[162.656808528508634,-77.013520982582946],[162.656690228566816,-77.014497180717413],[162.656485640937774,-77.016195884522773],[162.657161188461941,-77.016817098740773]]]]}},
{"type":"Feature","properties":{"SURFACE":"rock"},"geometry":{"type":"MultiPolygon","coordinates":[[[[162.621847056063274,-77.038701125401687],[162.611336597975424,-77.047301172358416],[162.6221005298639,-77.050914542593958],[162.612749604638253,-77.053668861145425],[162.593906948071378,-77.05391773772827],[162.585690249840098,-77.056932366840371],[162.579301157663053,-77.057580223571534],[162.557130861383826,-77.054987714084319],[162.552390939144203,-77.053366212564967],[162.55064745882396,-77.05160783868071],[162.567771022657553,-77.049954938814722],[162.555360764009492,-77.044318644999123],[162.557331315066193,-77.037784634222149],[162.568017117437648,-77.034470195027737],[162.582882833201154,-77.032527959972299],[162.59961024124587,-77.031385438020408],[162.614918018834771,-77.032096283570041],[162.617628889281121,-77.03266664549426],[162.621847056063274,-77.038701125401687]]]]}},
{"type":"Feature","properties":{"SURFACE":"rock"},"geometry":{"type":"MultiPolygon","coordinates":[[[[167.049183409590825,-77.324863803669146],[167.045446931394451,-77.325615524114099],[167.033176293153133,-77.320376557205392],[167.034670887629147,-77.316552919818164],[167.043232814985686,-77.313775015742237],[167.051259786447218,-77.31295561979762],[167.063411749294914,-77.309605127647131],[167.07748565179881,-77.299116779910008],[167.087955758888825,-77.294046034096638],[167.094246967381707,-77.285965304682477],[167.101923763956961,-77.283717685103028],[167.11021330437211,-77.284715178693659],[167.109496279061602,-77.286033127831317],[167.102710458195418,-77.293152236186074],[167.083321139870492,-77.307308147036835],[167.074975585125344,-77.311791364308064],[167.070588507283389,-77.312877809838795],[167.052971046789906,-77.315844303608742],[167.049803054185929,-77.317300122356386],[167.049532514721591,-77.319156607390809],[167.04782787551926,-77.321121523495265],[167.048398617844867,-77.323894350370111],[167.049183409590825,-77.324863803669146]]]]}},
{"type":"Feature","properties":{"SURFACE":"rock"},"geometry":{"type":"MultiPolygon","coordinates":[[[[166.560302906328758,-77.292654583334055],[166.570436786238986,-77.292689284851818],[166.581825000507791,-77.29335866040752],[166.584545029126417,-77.296166344638891],[166.575493810710412,-77.2980932846081],[166.563836003432272,-77.298769134498627],[166.555643398227602,-77.296897181576711],[166.550722683696989,-77.29438923961709],[166.560302906328758,-77.292654583334055]]]]}},
{"type":"Feature","properties":{"SURFACE":"rock"},"geometry":{"type":"MultiPolygon","coordinates":[[[[166.850283540338523,-77.304118928540859],[166.867140804409104,-77.30125286004116],[166.89556734938418,-77.306676211373059],[166.899093731363422,-77.309658244245313],[166.895724878709188,-77.31287362313617],[166.879884176268973,-77.313272425200779],[166.87126293493489,-77.309379742593777],[166.855899334200984,-77.308276534521426],[166.848906386291219,-77.306960123688384],[166.850283540338523,-77.304118928540859]]]]}},
{"type":"Feature","properties":{"SURFACE":"rock"},"geometry":{"type":"MultiPolygon","coordinates":[[[[162.537254784484276,-77.039227347371551],[162.530152281007247,-77.04158513840548],[162.524215325055195,-77.042294153243105],[162.512062724592681,-77.04187047578931],[162.508386750049851,-77.040047426505268],[162.513817466305568,-77.037571853937351],[162.531583476789024,-77.037042392401062],[162.537254784484276,-77.039227347371551]]]]}},
{"type":"Feature","properties":{"SURFACE":"rock"},"geometry":{"type":"MultiPolygon","coordinates":[[[[162.400481514093514,-77.019620876698966],[162.402818619491427,-77.021113086352088],[162.399766060846076,-77.024533997974217],[162.385792905188794,-77.026859539852268],[162.369475742140025,-77.028172048691331],[162.328104434986329,-77.02770588372681],[162.325155774337702,-77.024151898520515],[162.335450511547407,-77.019164135616563],[162.332323329308707,-77.011656047971144],[162.347097253086929,-76.999963712472933],[162.355579964376091,-76.999313032237282],[162.355894738590166,-76.9994202228022],[162.35519716782747,-76.999978412972382],[162.35385520497536,-77.001053297236879],[162.353787202075864,-77.002578290269398],[162.354884739924103,-77.00311591249843],[162.356005894511441,-77.00366594544316],[162.360927028222392,-77.004200444283029],[162.368061979520661,-77.00427310025313],[162.389993833948239,-77.003499809724431],[162.395935077877112,-77.00328975976484],[162.409296150732672,-77.0030951501479],[162.41712412365132,-77.003723672637236],[162.41894140642728,-77.004304978737849],[162.422331285972064,-77.005390485239417],[162.418895754555308,-77.007751338814529],[162.409412975745056,-77.011834086882729],[162.3999311343822,-77.015000257533117],[162.395101052251334,-77.016278345600782],[162.389377569334926,-77.017791929887295],[162.383033986792526,-77.018861836161847],[162.358636754568778,-77.020696833240379],[162.355695782714719,-77.021142522699705],[162.353152457287905,-77.021528370853247],[162.354191683633701,-77.022458821389947],[162.357577483816499,-77.023360156756624],[162.361262412138018,-77.023612644267359],[162.377987291424176,-77.023496185107845],[162.3936254121692,-77.022426114678424],[162.398247032205944,-77.02116400249065],[162.400481514093514,-77.019620876698966]]]]}},
{"type":"Feature","properties":{"SURFACE":"rock"},"geometry":{"type":"MultiPolygon","coordinates":[[[[166.612213953324556,-77.281770391234829],[166.621952315929263,-77.28041085613728],[166.635377272390713,-77.283838758674463],[166.636921643900109,-77.288161383969992],[166.641110714526206,-77.289859760844848],[166.639706659154029,-77.291598788814028],[166.633302446267493,-77.29349597788962],[166.618902023795499,-77.290604006729708],[166.617965324368612,-77.288465419343311],[166.608348680535386,-77.283389730571187],[166.612213953324556,-77.281770391234829]]]]}},
{"type":"Feature","properties":{"SURFACE":"rock"},"geometry":{"type":"MultiPolygon","coordinates":[[[[166.797427003510592,-77.294925068903012],[166.810350276191002,-77.294752106640757],[166.832301647111279,-77.298066378740543],[166.841705621175436,-77.301111809308352],[166.827165689290979,-77.302893064495379],[166.802149150690894,-77.299714909442471],[166.793505210953043,-77.295826211703528],[166.797427003510592,-77.294925068903012]]]]}},
{"type":"Feature","properties":{"SURFACE":"rock"},"geometry":{"type":"MultiPolygon","coordinates":[[[[166.675614747010428,-77.287442792798487],[166.676474534828287,-77.284147279388435],[166.668544958330926,-77.280929517173107],[166.670965383658398,-77.278251736249501],[166.675929548892753,-77.277577265499829],[166.688208127189455,-77.277995597208786],[166.698859609808693,-77.2799302282029],[166.724104091228014,-77.280129010509995],[166.746339964633023,-77.283139497732577],[166.749814351619193,-77.28515694295082],[166.7401062541729,-77.288964723373752],[166.726880802073254,-77.289420794203423],[166.716421119785622,-77.287296959053833],[166.703946076891185,-77.287053662789248],[166.688997116095436,-77.289112141690978],[166.675614747010428,-77.287442792798487]]]]}},
{"type":"Feature","properties":{"SURFACE":"rock"},"geometry":{"type":"MultiPolygon","coordinates":[[[[166.836308182692761,-77.283697323092966],[166.829202645140782,-77.28012734515417],[166.813313791069788,-77.280008472614043],[166.807727935990954,-77.278520893982005],[166.806211466780468,-77.276863830665221],[166.812262576534238,-77.274373840288945],[166.811732100436842,-77.271544014543565],[166.804921163447915,-77.269823594399327],[166.796054141949753,-77.264225927149411],[166.789125389066953,-77.261967371849664],[166.788651615912102,-77.256337586657736],[166.80832125317167,-77.25175093057004],[166.81874920944685,-77.25096618432238],[166.822188986708682,-77.251567832104811],[166.828126743483864,-77.257566517449675],[166.821856161178488,-77.260857538933664],[166.825294636472705,-77.263837331463151],[166.829483757786875,-77.264789123434042],[166.850442946744124,-77.263957398452789],[166.868173936551898,-77.264249184695203],[166.872101669050494,-77.266248983883898],[166.871387008899035,-77.269810116450884],[166.885151146434055,-77.272522828511654],[166.885863951740362,-77.275361019716129],[166.876553787729875,-77.276872143825742],[166.867669220496424,-77.276735509298732],[166.858602853627417,-77.273289962526874],[166.838396368940181,-77.272919638794363],[166.829029365888118,-77.274642331386616],[166.837095920612711,-77.279047726798638],[166.85313605954974,-77.278447965546178],[166.856365011025702,-77.278682960468146],[166.859258548092356,-77.280558467163786],[166.854990834624743,-77.284982119908406],[166.84074386107315,-77.290124362478849],[166.825918780837242,-77.289659978916347],[166.826537245816723,-77.286319686126077],[166.836308182692761,-77.283697323092966]]]]}},
{"type":"Feature","properties":{"SURFACE":"rock"},"geometry":{"type":"MultiPolygon","coordinates":[[[[162.224197211284775,-76.9900983902739],[162.255519545502267,-76.986949451116473],[162.295318027293206,-76.987996572665011],[162.309562549085001,-76.990426452344636],[162.314107639495802,-76.994238977479739],[162.297988521564719,-76.997078192041357],[162.269009752289463,-76.997575935688829],[162.238830333085531,-77.000711568470805],[162.225195263488843,-77.003180471590483],[162.208664695360881,-77.004381522980509],[162.196208637109294,-77.003569113089185],[162.182287246890837,-77.000841798665547],[162.177584325365984,-76.997049808651099],[162.185576262707997,-76.99406413274032],[162.202604912334948,-76.993292837666004],[162.224197211284775,-76.9900983902739]]]]}},
{"type":"Feature","properties":{"SURFACE":"rock"},"geometry":{"type":"MultiPolygon","coordinates":[[[[162.680345644262189,-77.02763583766351],[162.681090040912238,-77.030275734615415],[162.691138031661382,-77.034906843659684],[162.689122329930399,-77.036492964176034],[162.684000519208382,-77.037342856035849],[162.672468778932426,-77.036479846892533],[162.668226547890953,-77.035426872216632],[162.666792422458059,-77.033418163181267],[162.654859548723522,-77.028290132573972],[162.656672362581702,-77.026754158432567],[162.663607779262918,-77.025572647685692],[162.667915592574502,-77.025612732859074],[162.668827385957258,-77.026098040398693],[162.671288482890844,-77.027407328122919],[162.676223221208573,-77.028814829391408],[162.677537535046213,-77.028612860660672],[162.678158310416649,-77.028517064275292],[162.679190342290184,-77.0281012975382],[162.680345644262189,-77.02763583766351]]]]}},
{"type":"Feature","properties":{"SURFACE":"rock"},"geometry":{"type":"MultiPolygon","coordinates":[[[[162.75994895398523,-77.022503694562445],[162.762843913691228,-77.023619241640986],[162.762634804437255,-77.029315681449162],[162.736947715388339,-77.032045371032936],[162.726820538041608,-77.03601076764086],[162.720688844558055,-77.035780351324291],[162.712784706165053,-77.034534570925402],[162.711212554375749,-77.030362802795722],[162.70615617887853,-77.028230111119356],[162.706815189391619,-77.026245775847599],[162.707897994969841,-77.026450018680464],[162.708090449217735,-77.026486086651076],[162.708587068709164,-77.026500573854307],[162.711027612278997,-77.026571209816964],[162.715281384549712,-77.025342799215096],[162.720439610138527,-77.022318702630898],[162.722981301235365,-77.021663278018721],[162.725367593798779,-77.021048160636397],[162.731457338569641,-77.020958287183362],[162.732281261983843,-77.020945621303653],[162.757061816714668,-77.022551081778218],[162.758520318676005,-77.022526648462915],[162.75994895398523,-77.022503694562445]]]]}},
{"type":"Feature","properties":{"SURFACE":"rock"},"geometry":{"type":"MultiPolygon","coordinates":[[[[162.89737286715274,-77.026036734578867],[162.900606173260854,-77.029740088423793],[162.899049067611003,-77.033068544254434],[162.891545992466831,-77.035824727122119],[162.876505763117706,-77.034785279232537],[162.86308334346964,-77.027652908101999],[162.858205854240055,-77.021706974537992],[162.848179983906192,-77.019757375760634],[162.82454227046253,-77.018471312858367],[162.805202161308642,-77.01976787026156],[162.799699203195587,-77.020474792019712],[162.797412551077656,-77.023170684447507],[162.79014536410196,-77.024993221630396],[162.778126294828496,-77.024491040761731],[162.774668855916644,-77.022867853403454],[162.77605680870164,-77.021834300507749],[162.777284252091647,-77.021740139843402],[162.783892730375157,-77.020783388804318],[162.790649453601873,-77.017319667930991],[162.794695764569184,-77.016180937629144],[162.795351736232419,-77.015995814427185],[162.810579075552198,-77.014747439728453],[162.827147862305452,-77.014576340565227],[162.847310134769288,-77.015509772844993],[162.858218002610869,-77.016661003975869],[162.865727217283393,-77.017453716213993],[162.873872974396363,-77.019388916441997],[162.880662819399106,-77.022203682526865],[162.884130933794324,-77.0236409584097],[162.888893214321286,-77.025034458575064],[162.892489464789236,-77.025556548682431],[162.89499810463758,-77.025920177218978],[162.895666121365338,-77.025953266675444],[162.89737286715274,-77.026036734578867]]]]}},
{"type":"Feature","properties":{"SURFACE":"rock"},"geometry":{"type":"MultiPolygon","coordinates":[[[[166.679928579917714,-77.238328342651414],[166.709340940932918,-77.239326749332179],[166.727881314352857,-77.240947773379773],[166.731168787339612,-77.242139893722126],[166.729812565825227,-77.244872462702531],[166.717323214242214,-77.247024972157305],[166.711453181064968,-77.249522356250324],[166.712373697271403,-77.252962544833252],[166.726294080102974,-77.254317316265784],[166.732575140175214,-77.256229251650566],[166.731769417075981,-77.258990601845355],[166.722046104952597,-77.264091379894268],[166.714580874648647,-77.265265715322016],[166.700215476873495,-77.263690227245846],[166.702458187917614,-77.256581955658774],[166.697456211006084,-77.254996313380303],[166.696012937162749,-77.250658268117036],[166.688023751723847,-77.249479402919675],[166.685687568790485,-77.248177436661152],[166.692042967715963,-77.245705763656503],[166.686745547976187,-77.243810996327952],[166.674274458391096,-77.242284971188852],[166.673506632804163,-77.240123206241549],[166.673905063773248,-77.239149860029997],[166.679928579917714,-77.238328342651414]]]]}},
{"type":"Feature","properties":{"SURFACE":"rock"},"geometry":{"type":"MultiPolygon","coordinates":[[[[163.159501251153443,-77.048862512275647],[163.150383273832745,-77.049771716424829],[163.147097253105642,-77.047205846180617],[163.151643951474483,-77.036327359745684],[163.158436742064282,-77.036596547445413],[163.182365382433943,-77.037268585553221],[163.187807361254528,-77.037818054373545],[163.187888081069786,-77.03793392906752],[163.188107733179919,-77.038249161608164],[163.18427090330718,-77.039282999759152],[163.17666263139094,-77.040592889611773],[163.169039922316671,-77.041905243346562],[163.163422610533189,-77.043464018282208],[163.16019986102188,-77.047134882909219],[163.159631336091934,-77.04778256755516],[163.159501251153443,-77.048862512275647]]]]}},
{"type":"Feature","properties":{"SURFACE":"rock"},"geometry":{"type":"MultiPolygon","coordinates":[[[[162.364690652416243,-76.991872671171606],[162.356982123737197,-76.993374011629669],[162.339672804030812,-76.992578668712198],[162.327994520314888,-76.990453240126072],[162.329398012386093,-76.989759696483887],[162.340315045978372,-76.989030592709554],[162.351643569536606,-76.98940494231951],[162.365057419157921,-76.989628767506062],[162.365229818499927,-76.989784186200239],[162.365800757788662,-76.990299594589445],[162.364690652416243,-76.991872671171606]]]]}},
{"type":"Feature","properties":{"SURFACE":"rock"},"geometry":{"type":"MultiPolygon","coordinates":[[[[167.10738228547109,-77.278814467279275],[167.102668785483814,-77.280136134994962],[167.092983348447177,-77.280093007273805],[167.081659546365756,-77.2749966509692],[167.081762860009889,-77.268150421875248],[167.068620820489258,-77.263135819351376],[167.061880393273753,-77.252684637510072],[167.049635586897352,-77.245272038409723],[167.047653321192058,-77.240994121958906],[167.034431842701736,-77.233719291118987],[167.033927350717363,-77.232517740553305],[167.0426018007783,-77.230979557047831],[167.054449637628522,-77.233225483544942],[167.055237048703532,-77.233648086839978],[167.056144001668656,-77.23442902376857],[167.083925839756546,-77.26386369628959],[167.096303112048417,-77.275339720871727],[167.100544216831707,-77.276970855385315],[167.10738228547109,-77.278814467279275]]]]}},
{"type":"Feature","properties":{"SURFACE":"rock"},"geometry":{"type":"MultiPolygon","coordinates":[[[[162.274123961693419,-76.954520718371271],[162.274549920435021,-76.956266749308995],[162.272848139006527,-76.956448110502606],[162.249301819574839,-76.958961136020221],[162.212627691927111,-76.959731355684667],[162.16247519456266,-76.958793545118283],[162.148333326084156,-76.957395810196303],[162.13508676352626,-76.954287100908999],[162.119026698052352,-76.947479038413974],[162.11925167867787,-76.943410100137527],[162.130272684551784,-76.940380170516079],[162.139231861606248,-76.940104207635642],[162.146326702988802,-76.939007064314367],[162.151390260731063,-76.939397193983226],[162.157995377116862,-76.941719569996181],[162.169852865951071,-76.942293039797704],[162.184447720947588,-76.944231853075379],[162.204687419987579,-76.948385577016694],[162.209284823464088,-76.950221187828461],[162.22261040799728,-76.951465808261204],[162.241422742663019,-76.946555480662809],[162.264643763998663,-76.945371585778446],[162.272786423668862,-76.943997682212],[162.277020174471573,-76.940540248276108],[162.287590079012261,-76.937864965756361],[162.307466668508255,-76.938165122713258],[162.324128100778069,-76.937053890111869],[162.339995620723414,-76.938417174899712],[162.384160589539022,-76.934006295837278],[162.413105390341002,-76.933979145840766],[162.421218616481724,-76.930885038403872],[162.41841538110819,-76.927773713800008],[162.400684712682306,-76.929412499158474],[162.388382149605405,-76.929124109299821],[162.385788488766593,-76.925085197477529],[162.38114628589409,-76.923458232863013],[162.380121252716947,-76.919236216346576],[162.371153939132569,-76.91625232397223],[162.34408654252195,-76.919620363285219],[162.351769899068245,-76.92472824784673],[162.348748323878056,-76.926833213810681],[162.341928144424998,-76.928047057633279],[162.330885504404876,-76.92691517975463],[162.324569563236253,-76.923936667549683],[162.321713866104233,-76.919563118907746],[162.329873418348029,-76.914369915912687],[162.335358239840019,-76.912575268418394],[162.343484961628491,-76.911936879935652],[162.36447447903484,-76.912010367000704],[162.380206217919664,-76.911231842441893],[162.392382601080271,-76.908174147168907],[162.425776956592046,-76.906014629899445],[162.438681502513674,-76.903278630236528],[162.471288177540259,-76.900779283800247],[162.493451081900133,-76.89790629852375],[162.511760582962694,-76.896894811219553],[162.512010478120715,-76.896975796597161],[162.511638047653435,-76.898398792270314],[162.546724667052217,-76.910007243264104],[162.550450745149334,-76.911806511694238],[162.553318450829039,-76.913189671281302],[162.5561159066757,-76.915644314959607],[162.557066085810646,-76.920320636059884],[162.553863429616996,-76.925359019348662],[162.549480009067082,-76.928128222561085],[162.548064410528497,-76.929021992339742],[162.544340595136475,-76.930204162593526],[162.539180074442385,-76.931841514166564],[162.524122515894618,-76.933994068879485],[162.506275909191231,-76.935448208354188],[162.436103111351287,-76.938353079996816],[162.411444908383288,-76.939881487252038],[162.408282834202168,-76.940076811096944],[162.396742810320063,-76.941198309931636],[162.364069956699439,-76.944368987091082],[162.274123961693419,-76.954520718371271]]]]}},
{"type":"Feature","properties":{"SURFACE":"rock"},"geometry":{"type":"MultiPolygon","coordinates":[[[[166.764874077278449,-77.221471168607209],[166.77515439076538,-77.220364065444983],[166.781497225022179,-77.22233561628444],[166.773861147462696,-77.227543899382326],[166.77478047702553,-77.230394309831638],[166.762107759803655,-77.232636347253077],[166.754149811964936,-77.231376824970638],[166.750957353197407,-77.229155194353112],[166.760187398544247,-77.22683277447652],[166.757884630847485,-77.223669560420205],[166.764874077278449,-77.221471168607209]]]]}},
{"type":"Feature","properties":{"SURFACE":"rock"},"geometry":{"type":"MultiPolygon","coordinates":[[[[162.111974478252336,-76.931418202835872],[162.123244078111583,-76.930541901375619],[162.134153902166815,-76.932728302958338],[162.135403235314271,-76.935992262802444],[162.126066806751822,-76.937446095332305],[162.113485698839867,-76.937382013838544],[162.102959547676107,-76.933625275209721],[162.111974478252336,-76.931418202835872]]]]}},
{"type":"Feature","properties":{"SURFACE":"rock"},"geometry":{"type":"MultiPolygon","coordinates":[[[[167.019562882395007,-77.210665151138244],[167.022535730560236,-77.212609863974976],[167.024718267259715,-77.213107341054609],[167.025119135981242,-77.213328435284836],[167.042598636187648,-77.225114279714376],[167.040457621771424,-77.225519730568166],[167.035323138039985,-77.225808923464939],[167.022016313079519,-77.224058871480096],[167.01236350034668,-77.216292715884379],[167.006603515208639,-77.214815626929521],[166.997918607719953,-77.20919184593707],[166.997929144786866,-77.208282391343786],[167.0040476513812,-77.207255930990939],[167.013168011242271,-77.207964639353349],[167.019562882395007,-77.210665151138244]]]]}},
{"type":"Feature","properties":{"SURFACE":"rock"},"geometry":{"type":"MultiPolygon","coordinates":[[[[162.157731934570961,-76.900380383123959],[162.166245465909498,-76.900310512094975],[162.177373802800815,-76.90137133584652],[162.183795220621022,-76.900636413847465],[162.195781288288174,-76.897294929392828],[162.216738682446817,-76.900333005257977],[162.234972223955054,-76.900276702122937],[162.231495256157331,-76.897160938415809],[162.219680910914889,-76.894607881191789],[162.213809019822975,-76.890148046538798],[162.2168866861347,-76.887508696692947],[162.227012055940151,-76.885382300458588],[162.222900789816492,-76.883391449654269],[162.223991016683897,-76.879436086709504],[162.241988499010716,-76.869294107139254],[162.25978620172117,-76.866736140252485],[162.26898016297514,-76.866582734237625],[162.306297231605214,-76.862003441613368],[162.320496611770267,-76.862465408752286],[162.330590480673123,-76.864269719801896],[162.336230707755306,-76.867947156761446],[162.346089054419991,-76.871153219668898],[162.347872275450527,-76.874112333759982],[162.339128474732121,-76.876120817316533],[162.323765811016017,-76.878091416139341],[162.29218132046438,-76.878665226703077],[162.289860454292949,-76.882066247052919],[162.294909149076062,-76.884587117703262],[162.285572262546651,-76.887328294857014],[162.27338005684058,-76.883995559044038],[162.269365910838218,-76.880926458626732],[162.265348098237297,-76.880597768515614],[162.265454454938833,-76.876247319164676],[162.252677031209743,-76.874877463421399],[162.247829180784805,-76.875444625374129],[162.256607020426685,-76.881033962868628],[162.2599223622897,-76.881233053840674],[162.248213872768503,-76.884060980818106],[162.246420226962556,-76.887148951700738],[162.270505368438876,-76.889070596839204],[162.285665287988792,-76.891234851001443],[162.291110923695442,-76.892767134798333],[162.289891887711661,-76.895672220142401],[162.268811132899174,-76.895964466191231],[162.264760365305506,-76.896713149660229],[162.257209615976137,-76.90189086825022],[162.26196187831215,-76.907960947131812],[162.255274115070677,-76.911054657595713],[162.24685710009328,-76.912591552592616],[162.225596589277558,-76.91391196184145],[162.221736364302672,-76.917362436247572],[162.217324493445432,-76.917774642184526],[162.205622249332208,-76.917108225139629],[162.18232858078099,-76.907631033021985],[162.148277629948808,-76.902554734532089],[162.157731934570961,-76.900380383123959]]]]}},
{"type":"Feature","properties":{"SURFACE":"rock"},"geometry":{"type":"MultiPolygon","coordinates":[[[[162.275869331405687,-76.909734239845491],[162.277848584429307,-76.906249361720882],[162.300645729090576,-76.903514151169645],[162.303993212254994,-76.905279114314922],[162.298647120846937,-76.910616741681778],[162.286893914214147,-76.913274147582186],[162.275869331405687,-76.909734239845491]]]]}},
{"type":"Feature","properties":{"SURFACE":"rock"},"geometry":{"type":"MultiPolygon","coordinates":[[[[166.943068574035294,-77.192206223390514],[166.943286035417287,-77.192285085955547],[166.957535033130966,-77.195519089894148],[166.973237713831679,-77.198449642410665],[166.973103725844823,-77.198610783778548],[166.961518355072968,-77.199567080880698],[166.92929454373396,-77.193669130661391],[166.925632652761948,-77.190570188374167],[166.928040341825238,-77.187893517618647],[166.930682727643244,-77.187596672098934],[166.933914312210192,-77.189028002802488],[166.942795677109501,-77.192150180887182],[166.943068574035294,-77.192206223390514]]]]}},
{"type":"Feature","properties":{"SURFACE":"rock"},"geometry":{"type":"MultiPolygon","coordinates":[[[[162.122426413676948,-76.887695560453778],[162.124996202786861,-76.88829732181631],[162.125169474779682,-76.889406990287057],[162.120701965849264,-76.891141953025752],[162.122426413676948,-76.887695560453778]]]]}},
{"type":"Feature","properties":{"SURFACE":"rock"},"geometry":{"type":"MultiPolygon","coordinates":[[[[162.327686549642237,-76.889821337317642],[162.333465976397719,-76.889143359432495],[162.339404901765676,-76.890668167932816],[162.337782067447733,-76.896273813062734],[162.320928669165141,-76.89806924272321],[162.317278925194131,-76.894792196532009],[162.327686549642237,-76.889821337317642]]]]}},
{"type":"Feature","properties":{"SURFACE":"rock"},"geometry":{"type":"MultiPolygon","coordinates":[[[[162.513578379157991,-76.890977424458143],[162.508878287272125,-76.892102946541442],[162.491135689075321,-76.892720702077625],[162.478852335929105,-76.895719086148759],[162.462121593567787,-76.896327888831465],[162.450124128683171,-76.895889464815482],[162.421324165127373,-76.898452797517336],[162.413373625801199,-76.895998488592411],[162.418873248312167,-76.893533601259534],[162.429396167833403,-76.892672594652581],[162.443937641167508,-76.893024371376455],[162.458837964455427,-76.891165796370743],[162.46040586141325,-76.888511685232203],[162.43682054325825,-76.887351431251062],[162.409351789368458,-76.888972139276731],[162.399515247704414,-76.88615468763858],[162.412466328544753,-76.883447146027336],[162.431188861791725,-76.882355478984493],[162.442881716716897,-76.880011852007272],[162.470607010783539,-76.876614597015944],[162.476108126594426,-76.877124739674244],[162.476343476437279,-76.877130895696283],[162.477448635609164,-76.877229208489013],[162.481114573690576,-76.877450359028686],[162.486236698034048,-76.877367213449375],[162.487365793552584,-76.87739452563882],[162.488214259506094,-76.877335013304901],[162.488811166183808,-76.87732537283793],[162.507342435385823,-76.876003438322712],[162.513981438933257,-76.88943755640183],[162.513578379157991,-76.890977424458143]]]]}},
{"type":"Feature","properties":{"SURFACE":"rock"},"geometry":{"type":"MultiPolygon","coordinates":[[[[162.145778826770822,-76.840845153959322],[162.149551411907566,-76.840908226504752],[162.156623328498199,-76.837287023709024],[162.156060866669918,-76.830516529193162],[162.151229728761166,-76.829861025948404],[162.153826746875296,-76.824621301119933],[162.158467620111395,-76.825901945147137],[162.160794496439223,-76.82996282712503],[162.178278301354538,-76.832251575573409],[162.190565363089661,-76.841649948334037],[162.188424438951273,-76.845343600694449],[162.196042338082663,-76.848764118007509],[162.192924445753107,-76.851399716050722],[162.195343597562584,-76.854440014333434],[162.186965600089195,-76.855619873856767],[162.178971044224937,-76.855701189251533],[162.174536959405486,-76.854359026163621],[162.172545635799167,-76.851341128968713],[162.163469420190751,-76.848859286152816],[162.154910559054827,-76.849854115805286],[162.141091208829835,-76.850276511059192],[162.145778826770822,-76.840845153959322]]]]}},
{"type":"Feature","properties":{"SURFACE":"rock"},"geometry":{"type":"MultiPolygon","coordinates":[[[[162.174570634011872,-76.782618128236052],[162.183937681446395,-76.781748496452721],[162.180748759124441,-76.776058240266011],[162.186970820795096,-76.770556815620424],[162.18185923524976,-76.767796045792636],[162.192748298126475,-76.745589906942115],[162.219918935053101,-76.743768867307125],[162.2495349331044,-76.742979547632345],[162.261117572118081,-76.743619915045798],[162.270760823924235,-76.745652027943976],[162.275799343475228,-76.750989915534447],[162.287729451597215,-76.751385644175471],[162.302919323319657,-76.747049086596121],[162.320496518546008,-76.746454722995338],[162.326403523629892,-76.744877930044197],[162.329103000741924,-76.742934407502517],[162.328187693424724,-76.736534547081646],[162.33471685848528,-76.731776957165863],[162.348114968981179,-76.729334453756991],[162.359220220823204,-76.725874443397416],[162.371908931050996,-76.726669789364934],[162.377357114754716,-76.73173374599078],[162.40231687135153,-76.731698659167378],[162.409071507641386,-76.735535955582151],[162.404011160491024,-76.738027170871817],[162.398011520304493,-76.738880840419924],[162.378854692196768,-76.739655292238496],[162.363107843085288,-76.746487006470844],[162.361775015621447,-76.749909124986459],[162.366249792921622,-76.752436456857112],[162.358447664153175,-76.754890207946275],[162.344509186843624,-76.756572249073656],[162.337657554504602,-76.758265563281938],[162.332201598115972,-76.762094229859443],[162.343538949844998,-76.765116693301707],[162.358092217984392,-76.763121243067502],[162.366728924268045,-76.762750314953266],[162.393051485425616,-76.76543616893693],[162.405531932546268,-76.765440886429616],[162.410741815654291,-76.767111956403937],[162.411511105908772,-76.770027379804915],[162.384346761806654,-76.774732354905623],[162.368308832871463,-76.77426707022417],[162.3605963513956,-76.774907291274559],[162.364519994703357,-76.780913537041727],[162.371925108394777,-76.783432663686796],[162.370555129373713,-76.787072965201261],[162.343377642480249,-76.796539569186649],[162.345881974091611,-76.799674262427786],[162.333545820561767,-76.80261911399954],[162.309859961072391,-76.804748188901215],[162.303743201596262,-76.806244839469102],[162.264408105907478,-76.809859438120554],[162.261786260371565,-76.811616692503691],[162.264920657270125,-76.812482328831777],[162.281362451458165,-76.813159437546005],[162.328480327991372,-76.812977380804227],[162.344661273596529,-76.811725033664644],[162.358806814060699,-76.809575601213766],[162.370075253939092,-76.806158624272712],[162.378072395004864,-76.805493319190887],[162.404749436373891,-76.800491265653292],[162.405578651460416,-76.800534649163495],[162.406022886341276,-76.800558485747004],[162.405708908266888,-76.801405614586471],[162.405734928128936,-76.801571940807619],[162.410707594568862,-76.803821886800165],[162.413764487417211,-76.805204939452494],[162.426860671149001,-76.809477779345798],[162.483907771865404,-76.82420119167611],[162.484109515208274,-76.824252635398295],[162.484657822144868,-76.824420735836739],[162.499317610566919,-76.828720755901131],[162.500934332416278,-76.829408649317159],[162.503327617915204,-76.830141597545818],[162.507447057700716,-76.832176398913504],[162.510118524939003,-76.833494922567084],[162.514893163932356,-76.837938190659003],[162.514973881396344,-76.838462055687472],[162.510239212105148,-76.840050517197056],[162.5009769568926,-76.84118055346039],[162.4793449831418,-76.84161918612476],[162.46349105274777,-76.841054237716151],[162.452816804048297,-76.839001499332028],[162.445870061453633,-76.835661909671984],[162.435694617920717,-76.835028408981586],[162.426651751108295,-76.836894996072317],[162.425280294066226,-76.840085948731357],[162.433396327831645,-76.844639004652123],[162.457042485381095,-76.845699838626629],[162.478947074450019,-76.848945203790606],[162.479545260248813,-76.852140188324555],[162.471435403486453,-76.857275689554811],[162.460158249661873,-76.858297556396593],[162.452041035091156,-76.860452997797253],[162.421866472411665,-76.862891446389312],[162.404086774929766,-76.864709828513398],[162.403668994688758,-76.864781008049377],[162.402307044853558,-76.865014124470818],[162.40071666911598,-76.86543813685914],[162.40037928542867,-76.865654550434186],[162.400198499577442,-76.865645089865112],[162.392143512856904,-76.865223817555147],[162.377968737379405,-76.86198251728807],[162.382318901255786,-76.85085454028571],[162.406204018579444,-76.847199852663465],[162.409908791237058,-76.844266378948319],[162.398738911274904,-76.841048933035793],[162.396988426281752,-76.837612967288479],[162.405720125153152,-76.834423303653253],[162.414926765051348,-76.833188854962884],[162.428428482048304,-76.827654193460759],[162.437230418222981,-76.826219848869698],[162.440748926337051,-76.823614277308167],[162.438986998571608,-76.82254590012289],[162.428668497577206,-76.820946652032248],[162.415785186838406,-76.821811489667652],[162.412444378961624,-76.824814762288824],[162.390992699737552,-76.832138325411051],[162.381728965167582,-76.833649147533663],[162.376856854574299,-76.837117689121243],[162.378903612033099,-76.842026122806303],[162.36972372430813,-76.847935524879617],[162.365194824315381,-76.848498281788252],[162.353113009463101,-76.848149475839818],[162.326853998993499,-76.845853037837202],[162.289687137982412,-76.8504792345135],[162.260269570849175,-76.850114021792649],[162.248106851215994,-76.851294046177259],[162.235198578499364,-76.851527041639244],[162.21576749555777,-76.845202806170704],[162.21306852909305,-76.841418402328102],[162.21885008185555,-76.83897766316602],[162.228884236832329,-76.838145334455859],[162.243008233012006,-76.84417969937266],[162.247567265210307,-76.844500127739181],[162.263156854682364,-76.842972681623692],[162.273343833420569,-76.839057343569891],[162.290381619667528,-76.838466688640608],[162.292652639939632,-76.835770010346153],[162.287593434217627,-76.832439866293996],[162.276647823721305,-76.830973950116075],[162.275228460090233,-76.829555196815491],[162.277206754155657,-76.828144259103169],[162.284684822532938,-76.826604460077021],[162.283532294561297,-76.826062615378405],[162.273572884397424,-76.824212450057189],[162.238127486442579,-76.822636239100135],[162.234968869544332,-76.821272331382701],[162.237197000774188,-76.81667481064035],[162.233910124663254,-76.814312606238389],[162.239543090009022,-76.811861814931021],[162.237436493108959,-76.810142926519859],[162.232146010946224,-76.809026033748538],[162.209568145944814,-76.807244390860191],[162.163537528969329,-76.804991820660192],[162.174570634011872,-76.782618128236052]]]]}},
{"type":"Feature","properties":{"SURFACE":"rock"},"geometry":{"type":"MultiPolygon","coordinates":[[[[162.567214098547424,-76.86266786954549],[162.548522238524185,-76.86059900370249],[162.543075973556796,-76.859745167147167],[162.538956775942069,-76.859099234786626],[162.533288813545511,-76.856738234920613],[162.533048311346818,-76.855956465628182],[162.53239394466803,-76.853821982699884],[162.535122489570426,-76.852259580524674],[162.540527437318985,-76.850774458514707],[162.547422830767715,-76.849534093819642],[162.554535758760409,-76.848800971490064],[162.558450360732309,-76.848860641929747],[162.561641247612812,-76.848910183978361],[162.578758150517331,-76.850718988013938],[162.578205808340414,-76.858157684337712],[162.576523757255814,-76.86164163567814],[162.575775639370306,-76.861927578333194],[162.574813040554915,-76.862295847358837],[162.567214098547424,-76.86266786954549]]]]}},
{"type":"Feature","properties":{"SURFACE":"rock"},"geometry":{"type":"MultiPolygon","coordinates":[[[[162.844047680270876,-76.854286732011715],[162.846872749927741,-76.851741245094573],[162.866321602223707,-76.849189478894388],[162.871592102594661,-76.851408817657628],[162.871138624803734,-76.852792756839392],[162.863701241037859,-76.854459578546496],[162.858076280711202,-76.855049245176076],[162.855380488570972,-76.855332024347916],[162.851842705009375,-76.855199033348114],[162.8502319598025,-76.855138269862763],[162.845221863508755,-76.854539204639011],[162.844047680270876,-76.854286732011715]]]]}},
{"type":"Feature","properties":{"SURFACE":"rock"},"geometry":{"type":"MultiPolygon","coordinates":[[[[162.787491232176336,-76.836123233323875],[162.778134963717036,-76.833107976724733],[162.780756979224748,-76.831464116868261],[162.790985911979902,-76.830840196647983],[162.801148924725766,-76.834458755807006],[162.803970372661468,-76.838478280298716],[162.831005243476341,-76.845705144004739],[162.835180221074495,-76.847807096981882],[162.832357481499599,-76.849615552758294],[162.8276662859071,-76.849959814345809],[162.826225096942153,-76.849766902225056],[162.824889174150826,-76.849343585547459],[162.82080180500293,-76.848048932938582],[162.787491232176336,-76.836123233323875]]]]}},
{"type":"Feature","properties":{"SURFACE":"rock"},"geometry":{"type":"MultiPolygon","coordinates":[[[[162.650018025719959,-76.82361530105976],[162.604278714899777,-76.815679698407322],[162.593380581961952,-76.813145720644982],[162.587062898057951,-76.811018677409592],[162.586908007329214,-76.810934972838709],[162.586719361040167,-76.810832185439523],[162.593806469939835,-76.810220435166215],[162.605642349745096,-76.810715917097127],[162.61304591331114,-76.814442248803815],[162.626396599956621,-76.813835416544165],[162.637188215415534,-76.815094766510256],[162.645592476963003,-76.818098128579607],[162.656028723273295,-76.819620138295278],[162.663511374717189,-76.822640072537567],[162.692512966932043,-76.827879373911941],[162.716387558791979,-76.830435216851157],[162.725516890047686,-76.832638414026746],[162.736782377049025,-76.83385157500706],[162.743586421851944,-76.835497750584707],[162.737365247926022,-76.837457842107938],[162.736222618232659,-76.837415020772454],[162.734301896248923,-76.837344464920918],[162.705299289487272,-76.833135659493436],[162.650018025719959,-76.82361530105976]]]]}},
{"type":"Feature","properties":{"SURFACE":"rock"},"geometry":{"type":"MultiPolygon","coordinates":[[[[162.900856457342456,-76.841665597401033],[162.899482757382202,-76.841953245349202],[162.887814130137627,-76.842567678585979],[162.88179555092313,-76.840713389803],[162.883787362176776,-76.838000471502511],[162.897332615729255,-76.835523746525411],[162.902980141643923,-76.836068121917251],[162.90243697269014,-76.836369960389305],[162.901665300577548,-76.841059085540834],[162.900856457342456,-76.841665597401033]]]]}},
{"type":"Feature","properties":{"SURFACE":"rock"},"geometry":{"type":"MultiPolygon","coordinates":[[[[162.46012871325982,-76.799679348033479],[162.445410149748767,-76.795073115423293],[162.442641594128077,-76.794629923640073],[162.439743933067177,-76.793792540586637],[162.434371995963801,-76.792660532078472],[162.429415857140242,-76.792182747258551],[162.423189462419174,-76.792910378563491],[162.419144267115996,-76.790863590579477],[162.419121069324831,-76.788694589188253],[162.425137634010099,-76.785312950898486],[162.43574911370618,-76.783222000691779],[162.436106149737583,-76.78038858385905],[162.449048955434648,-76.779131047385704],[162.460761488073899,-76.779698304484867],[162.465365777486056,-76.783203246706933],[162.485959234253869,-76.788606595858894],[162.505616169531123,-76.792485500975957],[162.527478016682409,-76.794791618146974],[162.526859273879012,-76.794880479140204],[162.524928710054212,-76.795420358124005],[162.524727280038292,-76.795750011519871],[162.5244483232444,-76.795804964820292],[162.523112531736899,-76.796488853144993],[162.524478288844534,-76.798455494666655],[162.530068370902939,-76.800652000390841],[162.530380905401159,-76.800901907924256],[162.462559228437129,-76.80038015035872],[162.46012871325982,-76.799679348033479]]]]}},
{"type":"Feature","properties":{"SURFACE":"rock"},"geometry":{"type":"MultiPolygon","coordinates":[[[[162.948240560075931,-76.813991388895701],[162.953869244583046,-76.811757232971758],[162.962620602426341,-76.809373265150782],[162.96746576868108,-76.808781947129347],[162.968558719197176,-76.808890454704667],[162.973425530788916,-76.810758436350909],[162.97801332372967,-76.81438744633337],[162.978085027138491,-76.81448630210555],[162.978346281562125,-76.814845488966483],[162.977232705875025,-76.815364041979066],[162.974987944784857,-76.816408238711105],[162.969526484735127,-76.817989183139986],[162.967925537609091,-76.818452301330481],[162.965987722059936,-76.818701791761285],[162.957019048843193,-76.819856902631628],[162.956909184214283,-76.819871794120118],[162.956144902296217,-76.819776769174098],[162.954967417951764,-76.819632647815737],[162.951802962708797,-76.818428759878202],[162.948557642933679,-76.815335959423138],[162.948240560075931,-76.813991388895701]]]]}},
{"type":"Feature","properties":{"SURFACE":"rock"},"geometry":{"type":"MultiPolygon","coordinates":[[[[162.941611947460814,-76.815709998914969],[162.941189372465942,-76.81350250368655],[162.945908731030869,-76.810981404904098],[162.946022153456511,-76.81095607879088],[162.945935740048697,-76.812094197220119],[162.941611947460814,-76.815709998914969]]]]}},
{"type":"Feature","properties":{"SURFACE":"rock"},"geometry":{"type":"MultiPolygon","coordinates":[[[[162.54233018577068,-76.773765349760438],[162.556595575149117,-76.771172399068405],[162.570344333020984,-76.772673985603987],[162.594879645073689,-76.772985912338953],[162.606134298933654,-76.777282922033038],[162.633586187368763,-76.783170154502102],[162.634705857430191,-76.786106403778831],[162.611907582354036,-76.79122823835722],[162.606967286591697,-76.791511342173152],[162.593652168075863,-76.789650503084317],[162.575610799778843,-76.780931867183725],[162.560037240012974,-76.778442878318529],[162.54233018577068,-76.773765349760438]]]]}},
{"type":"Feature","properties":{"SURFACE":"rock"},"geometry":{"type":"MultiPolygon","coordinates":[[[[162.206476842299935,-76.717486530254519],[162.214464012879347,-76.71555834741045],[162.217357306043084,-76.712909305061999],[162.21583018533812,-76.709934313174486],[162.225712150562487,-76.704223058500318],[162.240143924743137,-76.702252049576842],[162.257471050435299,-76.70151319845354],[162.266823560650778,-76.704772156562072],[162.267315721458516,-76.706881773078749],[162.257580820421509,-76.714247449157099],[162.220331848479589,-76.722884440120026],[162.20240998274258,-76.725824142170808],[162.206476842299935,-76.717486530254519]]]]}},
{"type":"Feature","properties":{"SURFACE":"rock"},"geometry":{"type":"MultiPolygon","coordinates":[[[[162.928528690189552,-76.79870380793416],[162.921756964107345,-76.798847696496267],[162.912026002080751,-76.794346457172495],[162.921230855689487,-76.793110730355124],[162.929279437790029,-76.793251546728101],[162.938397110844733,-76.796197426274148],[162.935862989673524,-76.797558367911677],[162.930416512941122,-76.79800450450935],[162.928486043945611,-76.798486938042458],[162.928528690189552,-76.79870380793416]]]]}},
{"type":"Feature","properties":{"SURFACE":"rock"},"geometry":{"type":"MultiPolygon","coordinates":[[[[162.957702553588774,-76.784270830452911],[162.94229355745918,-76.783558330421187],[162.933584344494932,-76.781601998986915],[162.935001191214525,-76.77884998590072],[162.94057642976,-76.776390067752445],[162.932393042220696,-76.768458395631825],[162.932541559058564,-76.76441975423009],[162.939411033694711,-76.762051348159815],[162.94565038424355,-76.761400475028708],[162.945472241136457,-76.761551901978933],[162.945622684541718,-76.762415471034458],[162.948128605613647,-76.763714215164455],[162.950339808222367,-76.764861523175895],[162.966182908694265,-76.770386771957163],[162.969566428788255,-76.772859670126266],[162.968151684475458,-76.776327747202942],[162.966271992088252,-76.777683247830808],[162.964326997048943,-76.779085268580047],[162.958211954751476,-76.783491581652257],[162.957702553588774,-76.784270830452911]]]]}},
{"type":"Feature","properties":{"SURFACE":"rock"},"geometry":{"type":"MultiPolygon","coordinates":[[[[162.9292044182815,-76.744098985139061],[162.924218846777137,-76.745007146422751],[162.906097467968692,-76.745564228203889],[162.898246905403738,-76.744247485322262],[162.894562092129007,-76.742513909960564],[162.898775357956907,-76.739227507031245],[162.914831679493147,-76.736826852073079],[162.932760166434321,-76.736358600641609],[162.940285006891031,-76.730749184138148],[162.927588015705282,-76.727593299052018],[162.924088086865311,-76.723656266389426],[162.912585390392053,-76.720241024026706],[162.928598681915702,-76.719475444336965],[162.937633380037397,-76.722000521805228],[162.944235568205585,-76.720758928978242],[162.958689388235939,-76.714775079322493],[162.958758944808636,-76.714775229165184],[162.971006750637372,-76.714738758656452],[162.974326874640099,-76.715075831059167],[162.977143962994461,-76.715362004890096],[162.979119590630546,-76.716575904627518],[162.980638585807981,-76.717508226566949],[162.979607608907401,-76.72546103232547],[162.980570728142652,-76.726508614644032],[162.981959192959465,-76.72802197288172],[162.983929935723808,-76.728690203157512],[162.987326612713673,-76.729156926795341],[162.99120143207162,-76.729688053233559],[163.014471649279187,-76.731271452336244],[163.01907124580697,-76.732033350880528],[163.018107709478954,-76.732773289241536],[163.016929147967488,-76.733678657105145],[163.013035234452786,-76.734742775414588],[163.00985760755529,-76.735611290260934],[163.001317120718568,-76.737253181148233],[162.995935371610472,-76.737513297730601],[162.989448294740981,-76.739251579540394],[162.987353232739338,-76.739564134570315],[162.977097308722136,-76.741091090588512],[162.965316667423025,-76.741991542732293],[162.934392195202918,-76.742597923308352],[162.932571475965801,-76.742911649412036],[162.930013243030913,-76.743351630079076],[162.929390687809473,-76.743792512498246],[162.92919372869909,-76.743931900934157],[162.9292044182815,-76.744098985139061]]]]}},
{"type":"Feature","properties":{"SURFACE":"rock"},"geometry":{"type":"MultiPolygon","coordinates":[[[[162.558144054636927,-76.703475329727695],[162.567113596342324,-76.702242795869267],[162.589583114314962,-76.703974549663187],[162.601992081961413,-76.703979218261182],[162.612678152333046,-76.705249103334353],[162.61327817362934,-76.707453412307032],[162.59632700417859,-76.70813730033845],[162.563092273464946,-76.705188760249925],[162.558144054636927,-76.703475329727695]]]]}},
{"type":"Feature","properties":{"SURFACE":"rock"},"geometry":{"type":"MultiPolygon","coordinates":[[[[166.856735639940382,-76.926980230829685],[166.86737382975349,-76.927127890513148],[166.885509237374237,-76.92798071656658],[166.905519627067719,-76.928920298298593],[166.921244430146544,-76.929937386159978],[166.92466460867567,-76.930306061646093],[166.936022164965209,-76.931532315501684],[166.954271252644901,-76.93506684891355],[166.965843099860052,-76.93790034208034],[166.974276365978824,-76.939963710828835],[166.985718251807668,-76.943758122907724],[166.992251818032599,-76.947538128233958],[166.992549720004234,-76.94770993367338],[166.992625846942843,-76.949066590198527],[166.992696045646056,-76.950333149559299],[166.990207313849794,-76.953108098812933],[166.973139669169171,-76.962781705473176],[166.960231025191888,-76.967725437215478],[166.958314236597573,-76.96845920251252],[166.956757809780328,-76.968844404386317],[166.950415978020118,-76.970412921892105],[166.941067914107578,-76.971926782781935],[166.924534933074284,-76.973471355841198],[166.911068156039704,-76.974137580071726],[166.898722114768873,-76.974227337667287],[166.889325117128493,-76.973592891954041],[166.885316143964644,-76.972501493228165],[166.88327318856048,-76.971222814448822],[166.882727056282306,-76.970881445853706],[166.876897774026645,-76.963275018746558],[166.877414296479799,-76.961631501775045],[166.88043267514729,-76.960522118032245],[166.901067254784635,-76.960707211982964],[166.930931980900027,-76.958440798472154],[166.944434681682594,-76.953549479943433],[166.952001830326935,-76.947319842253577],[166.944179869515779,-76.939332564790746],[166.92722749487163,-76.934905600237499],[166.901162663512537,-76.93210881417717],[166.865894219597976,-76.930298928955125],[166.858468412801386,-76.928686481004391],[166.856735639940382,-76.926980230829685]]]]}},
{"type":"Feature","properties":{"SURFACE":"rock"},"geometry":{"type":"MultiPolygon","coordinates":[[[[162.446589015551922,-76.668356557228762],[162.468513993403889,-76.665503668135258],[162.481289348701409,-76.668340868279799],[162.480799196920714,-76.672147913174314],[162.471893746670958,-76.675406708710725],[162.433710787178086,-76.681841026104991],[162.422823229986619,-76.679687311186555],[162.427336999734706,-76.676535003877319],[162.446589015551922,-76.668356557228762]]]]}},
{"type":"Feature","properties":{"SURFACE":"rock"},"geometry":{"type":"MultiPolygon","coordinates":[[[[162.935874125505705,-76.713617640847517],[162.924726035929183,-76.716417330086188],[162.920162447388464,-76.716504961338018],[162.911230243500427,-76.714442259135154],[162.909633965045145,-76.712329810253848],[162.89626368470806,-76.709595966739442],[162.894157894808728,-76.707531529361191],[162.906872181295398,-76.70455185057186],[162.923673670440877,-76.70391616106383],[162.924600852425215,-76.702657049064598],[162.926120447612192,-76.70262782163897],[162.931822617991827,-76.701499423066537],[162.940689565569471,-76.697966830274765],[162.941858747913614,-76.697707292725482],[162.942992454916293,-76.697455938685721],[162.945665763326446,-76.697335870679581],[162.953304376055684,-76.698496331593148],[162.955568808730931,-76.69922270780306],[162.958756304140593,-76.700243404780778],[162.95852437466155,-76.700829255740089],[162.956171401903646,-76.701213228204253],[162.952677429634292,-76.701433536207219],[162.93833757616602,-76.702338552271542],[162.932524899066124,-76.703359493266603],[162.930255538663403,-76.705914906528676],[162.93026240484059,-76.707352855565077],[162.930272238356253,-76.708996540702202],[162.932240944485017,-76.711436679532909],[162.932666400407584,-76.711964479743187],[162.935631267176888,-76.713562487434857],[162.93574529123228,-76.713588353643544],[162.935874125505705,-76.713617640847517]]]]}},
{"type":"Feature","properties":{"SURFACE":"rock"},"geometry":{"type":"MultiPolygon","coordinates":[[[[162.233494225995514,-76.661829677713612],[162.238511184003301,-76.659416337566554],[162.256087494754723,-76.658876663418681],[162.269868430109113,-76.656635890250882],[162.281956134189954,-76.657013981646116],[162.280895149970434,-76.660360627366416],[162.258245708621104,-76.664411955582722],[162.245217105922649,-76.665631739548004],[162.23459407146342,-76.664349459586219],[162.23289852552756,-76.663061881801369],[162.233494225995514,-76.661829677713612]]]]}},
{"type":"Feature","properties":{"SURFACE":"rock"},"geometry":{"type":"MultiPolygon","coordinates":[[[[166.877352091017059,-76.946095272905978],[166.8769536663672,-76.941606044152465],[166.883468838655489,-76.939721037857339],[166.892646538597774,-76.940381589222469],[166.896343861335907,-76.94152455887432],[166.903361612971707,-76.951395009424985],[166.89249974807862,-76.956423661135801],[166.887826018912421,-76.957079715649357],[166.880293609830176,-76.952478880951048],[166.880370093196376,-76.952232077873489],[166.878654327447322,-76.946882512981944],[166.877352091017059,-76.946095272905978]]]]}},
{"type":"Feature","properties":{"SURFACE":"rock"},"geometry":{"type":"MultiPolygon","coordinates":[[[[162.261109277004152,-76.60445657118521],[162.264088477151205,-76.603568825262514],[162.281668166671182,-76.603495685398329],[162.300667412419983,-76.607466549899968],[162.295238424649853,-76.61032247004367],[162.317305363071085,-76.61635791036403],[162.319135505017528,-76.617411843818729],[162.316436418346939,-76.620072863476054],[162.308240430016554,-76.620057751055924],[162.298232387187198,-76.618354258835538],[162.28579948077865,-76.615786657177296],[162.280499762642222,-76.613296678990636],[162.256650174912068,-76.613754268270398],[162.261109277004152,-76.60445657118521]]]]}},
{"type":"Feature","properties":{"SURFACE":"rock"},"geometry":{"type":"MultiPolygon","coordinates":[[[[162.722434478118714,-76.652376599475147],[162.724693511626413,-76.655509433189692],[162.73477136609992,-76.657322062251538],[162.737721758916308,-76.659596836937595],[162.722218521322617,-76.660967358817828],[162.698253879631892,-76.660396947621351],[162.683312543547117,-76.659208008511072],[162.68202133786474,-76.655683470049823],[162.703922591240541,-76.653844500907923],[162.72088802905904,-76.652418917810152],[162.722434478118714,-76.652376599475147]]]]}},
{"type":"Feature","properties":{"SURFACE":"rock"},"geometry":{"type":"MultiPolygon","coordinates":[[[[162.704747102875814,-76.642725576633651],[162.692674860167614,-76.64131653409116],[162.687936803635665,-76.640337727178704],[162.687623614730114,-76.640272344468727],[162.689612136144888,-76.638983598122621],[162.701334231971714,-76.636295602784728],[162.710466198421187,-76.636579571217723],[162.711734101950498,-76.636799251647545],[162.71285689054551,-76.636993021159626],[162.712350491114535,-76.637903204318008],[162.712008401810181,-76.638518394171001],[162.704747102875814,-76.642725576633651]]]]}},
{"type":"Feature","properties":{"SURFACE":"rock"},"geometry":{"type":"MultiPolygon","coordinates":[[[[162.281779688096577,-76.590499768976088],[162.301368743063051,-76.589188168887162],[162.3199420282983,-76.596523313038006],[162.320694434323883,-76.600366134336454],[162.308641062555012,-76.60183246619259],[162.290481596383557,-76.600991963496369],[162.282981567094737,-76.602542824670323],[162.273370241331833,-76.600562585986339],[162.26652436755063,-76.593495318489573],[162.281779688096577,-76.590499768976088]]]]}},
{"type":"Feature","properties":{"SURFACE":"rock"},"geometry":{"type":"MultiPolygon","coordinates":[[[[162.290906693606956,-76.541992142885093],[162.292374948319747,-76.541972559351635],[162.302562139546637,-76.543502983027153],[162.339447114823997,-76.543480165229738],[162.35006602529154,-76.545189055212361],[162.357889247026208,-76.548585786613089],[162.355489441122842,-76.5514651761452],[162.345629260517427,-76.552039870218096],[162.32847876150251,-76.551494922414818],[162.307317563848954,-76.548998188893705],[162.29352026695733,-76.550096062776717],[162.28727276455524,-76.54964118905454],[162.290906693606956,-76.541992142885093]]]]}},
{"type":"Feature","properties":{"SURFACE":"rock"},"geometry":{"type":"MultiPolygon","coordinates":[[[[162.328428716329796,-76.462499588415753],[162.338966252426985,-76.463009362386316],[162.349470998230402,-76.465009661267615],[162.345895557484283,-76.468279995792187],[162.330651622444293,-76.469121427477532],[162.324650859164393,-76.470545755743188],[162.328428716329796,-76.462499588415753]]]]}},
{"type":"Feature","properties":{"SURFACE":"rock"},"geometry":{"type":"MultiPolygon","coordinates":[[[[162.547472534081351,-76.238146634128753],[162.557297992677746,-76.236826429793624],[162.565595556225873,-76.239626604417438],[162.569327071102862,-76.244557619208052],[162.565587708853997,-76.24713250849328],[162.559259200166963,-76.247682544200785],[162.543940721299663,-76.245854768329778],[162.541044392246306,-76.242443388205558],[162.547472534081351,-76.238146634128753]]]]}},
{"type":"Feature","properties":{"SURFACE":"rock"},"geometry":{"type":"MultiPolygon","coordinates":[[[[162.779134040986406,-76.249663180750801],[162.775380595828778,-76.248437384877008],[162.775150749367128,-76.245569495299776],[162.780429716673581,-76.243107851203732],[162.786372012562538,-76.242511301566253],[162.788740627732352,-76.242900858624921],[162.791747716015067,-76.243544097694368],[162.793882080292946,-76.244000653831591],[162.794796244991659,-76.244438573603716],[162.795350618051287,-76.244705080289592],[162.794155773366811,-76.246667160502767],[162.793380876614094,-76.247013933076644],[162.790181725466852,-76.248443583950746],[162.789862727786243,-76.248504421283712],[162.787415497917095,-76.248973885077731],[162.779134040986406,-76.249663180750801]]]]}},
{"type":"Feature","properties":{"SURFACE":"rock"},"geometry":{"type":"MultiPolygon","coordinates":[[[[162.583208576929877,-75.896821847798861],[162.597182126955829,-75.897111757167565],[162.609513177637211,-75.898850730235139],[162.610363120451723,-75.902465698846214],[162.605532837090323,-75.903182995020217],[162.587119581239563,-75.902907845400605],[162.580401495384962,-75.903312016082054],[162.583208576929877,-75.896821847798861]]]]}},
{"type":"Feature","properties":{"SURFACE":"rock"},"geometry":{"type":"MultiPolygon","coordinates":[[[[162.722777592712958,-75.786535316259943],[162.722947590794689,-75.786561362134321],[162.726223270807168,-75.785831061912518],[162.726183186475311,-75.785898037828787],[162.72162965763647,-75.787463780836077],[162.712137733249108,-75.788804055054484],[162.701662482444476,-75.787120947890983],[162.703507322868376,-75.784164583958614],[162.709607298800563,-75.781843649519544],[162.723543487116586,-75.779797723856689],[162.725916283999283,-75.780539363076457],[162.721724520029909,-75.784986403266174],[162.721720446347604,-75.785047821644611],[162.721622461445037,-75.785151922660788],[162.721677478907765,-75.78565708712523],[162.721633508292342,-75.786285270809842],[162.721749868246718,-75.78632027787647],[162.721756515823984,-75.78637895427272],[162.72213976286119,-75.786437913738169],[162.722596941061454,-75.786574934266497],[162.722777592712958,-75.786535316259943]]]]}},
{"type":"Feature","properties":{"SURFACE":"rock"},"geometry":{"type":"MultiPolygon","coordinates":[[[[162.657176026410184,-75.77491459033017],[162.667823089036915,-75.770549739379362],[162.678325213733217,-75.769746554718367],[162.689397942670468,-75.771322107747906],[162.68875884000667,-75.774487125513346],[162.681265882031681,-75.776851528479739],[162.668383956971439,-75.777580783276576],[162.657176026410184,-75.77491459033017]]]]}},
{"type":"Feature","properties":{"SURFACE":"rock"},"geometry":{"type":"MultiPolygon","coordinates":[[[[162.672746509279108,-75.686619597784869],[162.681736419869054,-75.684815373045382],[162.690611517192764,-75.686448168497648],[162.695883287994377,-75.692649561212022],[162.688895596130266,-75.692638301020125],[162.680027845345251,-75.690132531734633],[162.674846878624436,-75.689088324035382],[162.671954665056717,-75.688506031076003],[162.672746509279108,-75.686619597784869]]]]}},
{"type":"Feature","properties":{"SURFACE":"rock"},"geometry":{"type":"MultiPolygon","coordinates":[[[[162.842247823400214,-75.685561360672864],[162.851732154016702,-75.681642132890758],[162.85914252633026,-75.679345973865111],[162.868859002702408,-75.676333910768108],[162.870936958616085,-75.675786824951459],[162.875283818065157,-75.6773089601013],[162.886210213436499,-75.678338666969893],[162.889906221850993,-75.679892582183371],[162.889818873099927,-75.680310434570615],[162.889742659229427,-75.680676961809155],[162.886563870484224,-75.685302517531852],[162.883692353639219,-75.689478483390531],[162.88141112263898,-75.692281239766587],[162.879938471925328,-75.693122532862574],[162.878630932218641,-75.693869675885381],[162.869061264199388,-75.695615755705219],[162.866649170795966,-75.695783013814491],[162.861663052689664,-75.696128845491458],[162.855691912797283,-75.695568081698752],[162.854381264842601,-75.695313955317729],[162.84595374954597,-75.693683099112803],[162.842484798667698,-75.692578603367068],[162.842247823400214,-75.685561360672864]]]]}},
{"type":"Feature","properties":{"SURFACE":"rock"},"geometry":{"type":"MultiPolygon","coordinates":[[[[162.908649367188048,-75.61028980445694],[162.901650566887241,-75.612087767476098],[162.888737964186191,-75.611033542198697],[162.887155129847201,-75.610289946638346],[162.897161324424133,-75.605871241319178],[162.907682945359113,-75.604970197432451],[162.913216879451511,-75.607335079991103],[162.912932605813864,-75.607933336546381],[162.908649367188048,-75.61028980445694]]]]}},
{"type":"Feature","properties":{"SURFACE":"rock"},"geometry":{"type":"MultiPolygon","coordinates":[[[[162.952424523533494,-75.578631026035808],[162.946023668132284,-75.58065324613473],[162.944563390648057,-75.586230508947935],[162.928819916452341,-75.587852816249779],[162.922473008320537,-75.584541576958088],[162.947280339067419,-75.572216231329037],[162.933106185245094,-75.565537765570042],[162.932636681825272,-75.562562506303991],[162.940153627324833,-75.560371847297446],[162.951736467076302,-75.559971218751343],[162.962709769754412,-75.565763734059985],[162.961671069526716,-75.567969092773495],[162.961011708642246,-75.569366825643172],[162.95675594382945,-75.573959656645286],[162.952424523533494,-75.578631026035808]]]]}},
{"type":"Feature","properties":{"SURFACE":"rock"},"geometry":{"type":"MultiPolygon","coordinates":[[[[162.886960556172255,-75.570440112232859],[162.894648828739719,-75.569276771164979],[162.907132058734561,-75.571145698298892],[162.907316360858289,-75.577691347141666],[162.901343532184399,-75.579069864452805],[162.893296091954994,-75.57961708568449],[162.886916780359343,-75.578163995076295],[162.883892528363305,-75.57304988848324],[162.886960556172255,-75.570440112232859]]]]}},
{"type":"Feature","properties":{"SURFACE":"rock"},"geometry":{"type":"MultiPolygon","coordinates":[[[[163.697090931996058,-74.955995551261552],[163.678159331148606,-74.951878004091199],[163.675393364177722,-74.950784495796029],[163.681015492461654,-74.943519216860977],[163.680502697731583,-74.940614088073602],[163.671093993537824,-74.93930354919145],[163.66039767437772,-74.939135936722948],[163.649579040678361,-74.9348561718773],[163.647409995865075,-74.927792630075118],[163.658739648422397,-74.922613202115826],[163.615973282901791,-74.917753046689256],[163.608328245691354,-74.914464677812717],[163.597835105131509,-74.90283384334289],[163.584339761836759,-74.89819028180024],[163.58356815844806,-74.891770273240255],[163.587085734916968,-74.889209895422468],[163.584937757178949,-74.886214263564],[163.590588497752009,-74.87981042599688],[163.586361554883467,-74.876038186851929],[163.58759043883046,-74.872265528621526],[163.601844187465787,-74.864870442295739],[163.611670824401699,-74.862795499591485],[163.616754557449156,-74.857526086074841],[163.617575554896661,-74.854098917195628],[163.61306335685552,-74.852555270945743],[163.6110851485399,-74.848600382599855],[163.614184310092895,-74.841511586901575],[163.616059495914612,-74.840999064149401],[163.617174628215651,-74.840694553378441],[163.61903814627874,-74.840510089878293],[163.622206509387439,-74.840196031581513],[163.624352065385324,-74.840382219453389],[163.630008417018274,-74.841801484768681],[163.640667719681801,-74.84567147163861],[163.663510427244887,-74.857141067679137],[163.671470364324762,-74.861133878584795],[163.676882586809228,-74.863397609831921],[163.684810849038712,-74.866711611915278],[163.70021526202018,-74.871580276063611],[163.733457220448372,-74.880739713195581],[163.75313037355437,-74.888268846796521],[163.759216432572146,-74.891088080687155],[163.761571195797984,-74.892178995741816],[163.766703075587913,-74.896028281608125],[163.76826367154689,-74.897198983104147],[163.768603670927689,-74.897866979092456],[163.770137256452813,-74.900872621295605],[163.768521375306904,-74.901657359746565],[163.767488893608743,-74.901620269793625],[163.766682711880918,-74.901592096658263],[163.746820015746493,-74.897914405483633],[163.740564903205808,-74.897266908644966],[163.735836312786859,-74.897864328395457],[163.732745225210493,-74.89937350258387],[163.730409476942867,-74.900513491900412],[163.727876950529406,-74.90362563056172],[163.725163698954702,-74.906958643007499],[163.720894296208115,-74.916151576328872],[163.720258668663888,-74.91636609413348],[163.712832426450262,-74.931543409974637],[163.709266419748189,-74.936574579768674],[163.708264652894655,-74.937400241781916],[163.705751614565798,-74.938034442337468],[163.694661326868129,-74.939368709675023],[163.692394392233382,-74.939907189971834],[163.692551038963728,-74.940306963333725],[163.693295570012424,-74.942193243044699],[163.697825758161656,-74.944565327569734],[163.704804523421956,-74.948217195291235],[163.707873091836547,-74.95058864140077],[163.708120963130568,-74.950780749930146],[163.707464952145131,-74.952394295758623],[163.697090931996058,-74.955995551261552]]]]}},
{"type":"Feature","properties":{"SURFACE":"rock"},"geometry":{"type":"MultiPolygon","coordinates":[[[[163.90391676252176,-74.888394581779025],[163.90914191175176,-74.881931365297845],[163.908814867846502,-74.879435263627485],[163.908505365196049,-74.879298927590341],[163.907292640595983,-74.878761366407304],[163.894459516763646,-74.876787898334271],[163.893573313563536,-74.876525635708987],[163.892263720398091,-74.876138426991986],[163.888314174987642,-74.873507915600399],[163.887441632272413,-74.870665420622004],[163.888608363209187,-74.869887923380574],[163.894646553758264,-74.867441886848681],[163.917119758382483,-74.861282205395241],[163.922971217087166,-74.85972145199004],[163.923271159504935,-74.859594520406276],[163.923737163546207,-74.859467143751615],[163.945171335346231,-74.850411268377911],[163.94575315419948,-74.850106606111851],[163.946374464714665,-74.849843761783006],[163.948734528260417,-74.848542830999023],[163.951839462156215,-74.846914204412101],[163.952124829461468,-74.846673175372288],[163.952707513035193,-74.846352104269542],[163.955665155476368,-74.843795467137937],[163.955716219740481,-74.843641579117062],[163.9558830323233,-74.843501106633468],[163.95609995219877,-74.842469823060341],[163.956466366420955,-74.841348562251369],[163.956363285176991,-74.841217214519219],[163.956393345628157,-74.84107116482042],[163.955312889375421,-74.839894016103287],[163.954647253105634,-74.839051755377355],[163.954443539147547,-74.838943436203408],[163.954299678514872,-74.83878782938568],[163.949974512077404,-74.836573042630889],[163.948448038317764,-74.83576244290235],[163.950606681393026,-74.83471727617723],[163.940975473286443,-74.831724693652291],[163.937288954347252,-74.827870660620249],[163.928866658047724,-74.824703351062041],[163.906919998043634,-74.821299082068961],[163.893607006013752,-74.816423605776507],[163.882968136124504,-74.813799184612435],[163.878613423262465,-74.811455900680471],[163.873128893423882,-74.812047052742159],[163.865142050251166,-74.81839616806117],[163.856557340089154,-74.822095380406367],[163.85544460043306,-74.82483730978322],[163.859559769640839,-74.827791797032589],[163.851034681441604,-74.834264616033181],[163.844460933034583,-74.835310282785315],[163.842280781994759,-74.837135357236676],[163.841312360616939,-74.837298658821453],[163.839938165578531,-74.837319302939008],[163.838148442971118,-74.837207139253294],[163.825341824717668,-74.83437921760266],[163.815257757583197,-74.831965555040895],[163.814175296175137,-74.830700707486315],[163.81040303853402,-74.830802735843605],[163.806754445968409,-74.829928174053478],[163.800337145830042,-74.828317565341493],[163.780820123321035,-74.822820590546684],[163.776046851118878,-74.821223381681207],[163.76600475665748,-74.817812732155346],[163.765171002860484,-74.817402747882369],[163.759029766605948,-74.813764794287735],[163.758096607837217,-74.813043195541937],[163.75717146467457,-74.811711901038038],[163.756420672600768,-74.810250171779344],[163.756479576636195,-74.809514773287745],[163.756749839073052,-74.808730720403972],[163.759062138999951,-74.807240223452226],[163.761393235864404,-74.806061028528561],[163.768584521872384,-74.803732003488847],[163.782664598812659,-74.802999367156247],[163.789536303885541,-74.800039003291985],[163.7890993926855,-74.796673250134432],[163.777537961864169,-74.795644927939122],[163.769283257049523,-74.796607317920603],[163.768542226198321,-74.796594307095134],[163.752756446443811,-74.795228852242587],[163.744357970633615,-74.793995000686749],[163.737715579682913,-74.791607341835885],[163.734680873536689,-74.790458296418237],[163.734565226979186,-74.790405844577165],[163.730196975918602,-74.787810146392744],[163.728515993137933,-74.786778781610337],[163.727530553632732,-74.783645607086683],[163.723331787469505,-74.782403471452653],[163.722233441355087,-74.781250523133949],[163.72159660817718,-74.779639243846816],[163.721056457847908,-74.777674812151673],[163.721123189691298,-74.777472549103237],[163.737553060412608,-74.777436147337809],[163.750615236616056,-74.774446320911082],[163.758966678815085,-74.773548297125359],[163.771706680552171,-74.775090802459772],[163.775759395403526,-74.777816704917385],[163.789419577080906,-74.778322055730968],[163.797531605058225,-74.774228806581618],[163.805132807941362,-74.772959842768685],[163.791951663018494,-74.766299725335287],[163.812184144486281,-74.764333846077349],[163.8217463535197,-74.765410825801553],[163.834966492085698,-74.764237749092189],[163.837281782747823,-74.761232378630822],[163.831140226046045,-74.759930469779221],[163.826497039990556,-74.757630931818369],[163.835096183732844,-74.756341362292389],[163.842365988767057,-74.756456307869954],[163.854639633281352,-74.760909540445766],[163.86906603008191,-74.763202280648457],[163.876702817479327,-74.766478984504516],[163.875063393465439,-74.771100351121731],[163.878428833160513,-74.77251806297383],[163.887557471393961,-74.769439128965701],[163.893393817210409,-74.768245762733358],[163.900972127434443,-74.767882563278178],[163.906283005728142,-74.766525512883376],[163.909821451417969,-74.760183006832406],[163.914584405159133,-74.759168212585195],[163.935136063758307,-74.757412482007268],[163.924985277940152,-74.755084945619757],[163.913935462244012,-74.750155407406496],[163.917731359263513,-74.747618480060254],[163.913559280005217,-74.745782254350161],[163.908883732325819,-74.744778699334887],[163.876103841570568,-74.742454983286407],[163.876706070189982,-74.737983598289475],[163.864917518942121,-74.733120498140522],[163.871353559356521,-74.721227115748988],[163.862124778678378,-74.718964540440709],[163.84942177266916,-74.720773558999156],[163.845959757869224,-74.719551969320108],[163.844365230001102,-74.716383040199744],[163.835551219659436,-74.713891478891469],[163.826174677014052,-74.712675117886974],[163.814312689458916,-74.714546319957918],[163.79890210144373,-74.715121829124101],[163.790130872496121,-74.718882472291057],[163.778122980896626,-74.720012189099165],[163.758748530990744,-74.727739984838806],[163.744925983632868,-74.728017763126346],[163.737545067389476,-74.729527451735137],[163.707854595227388,-74.732420200144674],[163.697304435616928,-74.73225445188595],[163.695332280322731,-74.731802004820409],[163.692817642982362,-74.729977357041761],[163.695151160341112,-74.724940753471444],[163.691266960239972,-74.72234347382377],[163.691796689958977,-74.721964844038894],[163.695239958529811,-74.720788137401442],[163.698576686034158,-74.719728104171509],[163.706959999541539,-74.717880006432608],[163.714217133950939,-74.716297261667535],[163.721397737422706,-74.714904074107906],[163.726068742574256,-74.713997296406589],[163.728315830254303,-74.713953536327452],[163.73439930253835,-74.718144476306236],[163.739241342875459,-74.718367333167734],[163.746169240675272,-74.717196652495218],[163.759741273123439,-74.712947255854516],[163.756619091430906,-74.709880329210122],[163.765851122982383,-74.707222240049887],[163.788362925514093,-74.708096688675042],[163.79459260287868,-74.707142442423972],[163.779593928450339,-74.703164954478041],[163.786388974191198,-74.700860065301626],[163.78634525101387,-74.700795467933688],[163.791051524941707,-74.699331264412834],[163.791648835615092,-74.699088573835297],[163.792422748927976,-74.698839415658725],[163.796332891516386,-74.697184552619206],[163.800660404381034,-74.695425107468253],[163.801068632505405,-74.695179686684099],[163.801714654122577,-74.694906581982181],[163.801880177330162,-74.694795631472473],[163.806453418997279,-74.694844948332829],[163.818157636115302,-74.691991837799804],[163.805179591602439,-74.688274117649271],[163.800410863085517,-74.685086645055534],[163.799997613872733,-74.684606258332579],[163.800867804377873,-74.68306684291322],[163.801644755510637,-74.68199720030978],[163.804794243594074,-74.680192401950194],[163.807702919679627,-74.678615239886966],[163.813793369941578,-74.676478066119131],[163.818063997329432,-74.675012495675531],[163.819407233414921,-74.674630449440045],[163.821920057491781,-74.674402886737568],[163.844310945736822,-74.674215537044617],[163.844975060796656,-74.670284822063678],[163.841201347733062,-74.668440431163901],[163.841792355096032,-74.668272638256482],[163.842275341886563,-74.668113047930575],[163.843264107645467,-74.667830931916725],[163.847273174044915,-74.666461720880037],[163.852466709133637,-74.664745309385452],[163.853148158512766,-74.66445494208854],[163.853711172480388,-74.664262628646313],[163.861166608947997,-74.661032527003641],[163.866884146899025,-74.658591056534803],[163.867620712260134,-74.658235460286747],[163.867982492841122,-74.658078352535526],[163.881455791347804,-74.651544676350142],[163.882155273486234,-74.65120508286104],[163.893128917363185,-74.652931942481359],[163.903293473089235,-74.650478312389595],[163.895926579192235,-74.647509535459292],[163.893744915142122,-74.645579640874814],[163.897662082674429,-74.64369726743729],[163.897869314323941,-74.643597781380961],[163.906136269480754,-74.640308640038512],[163.913840476603781,-74.637273017423283],[163.922241963697331,-74.637804378530134],[163.925951017561943,-74.635263566224992],[163.924728558935442,-74.634045247641708],[163.928912005032458,-74.632997487824625],[163.94465446708233,-74.630148229363812],[163.948785191786186,-74.630999930874822],[163.948092438548969,-74.634129702443019],[163.950988636766738,-74.637174345351042],[163.945431378533783,-74.642398230414329],[163.930458102766664,-74.646904079024623],[163.93771960015161,-74.653106081820908],[163.932407089098746,-74.655884020452589],[163.920862903182353,-74.655444700795414],[163.916014092012631,-74.65596547303619],[163.90812100660952,-74.660120905225924],[163.888431019602052,-74.663465727815748],[163.873890549519899,-74.670828891358241],[163.879239337844211,-74.67843810745903],[163.8741674266563,-74.68215046715116],[163.871130738016831,-74.687568787721844],[163.858262608988497,-74.689410573815309],[163.859403115938932,-74.695148596432631],[163.845959798234787,-74.697878788584205],[163.838537948709188,-74.698298858800186],[163.836270649773638,-74.699030792717238],[163.838858368466447,-74.701130289473724],[163.850447761429052,-74.702353218343703],[163.85948355325948,-74.70761270622755],[163.868571386866563,-74.710673909247006],[163.879526973483934,-74.712864482177807],[163.884863162586356,-74.712528440925595],[163.893930330318796,-74.708918137223364],[163.904478839631253,-74.709989848012412],[163.927297134246459,-74.708349036510228],[163.94228409474735,-74.708199169455369],[163.950356379646564,-74.706835116878395],[163.953716228928016,-74.707980936892497],[163.954425883455031,-74.711319068210216],[163.957774180735669,-74.713023983289773],[163.955275664663873,-74.716571806749172],[163.959555174031237,-74.718037753303889],[163.976847808290216,-74.715382750748986],[163.97382411506581,-74.71068015426593],[163.979611533542396,-74.701473022235604],[163.988169283446069,-74.696474201596317],[163.99606688315086,-74.694318400895895],[164.018680541721039,-74.693182079107643],[164.021678828639153,-74.693339442851354],[164.020919304990116,-74.693970140699605],[164.019535161471936,-74.696775666344806],[164.019922074502375,-74.699482231009128],[164.021671817331196,-74.70115548403443],[164.024278651227036,-74.702034763669985],[164.028400778212045,-74.703424875833107],[164.037160677436759,-74.704739220225576],[164.048111929274739,-74.705161024775052],[164.051282572166002,-74.705283736403331],[164.057962212960774,-74.705040553012523],[164.064451877961062,-74.704437098130626],[164.073680672272474,-74.702961391256565],[164.076724787698197,-74.70215458822635],[164.078510689953191,-74.701681085097931],[164.08147558570343,-74.700128608128011],[164.083053469275001,-74.699301937202947],[164.090281675767841,-74.693061036400309],[164.092097151540742,-74.692428674368728],[164.094057895933418,-74.691746098728416],[164.100805006592054,-74.690983940774515],[164.103850416265999,-74.690946145938241],[164.108335739154569,-74.690890792041131],[164.114262802656356,-74.691550421827642],[164.116338017794135,-74.692065006937852],[164.122657108204692,-74.693633238259864],[164.12456302903874,-74.694459480139329],[164.127814742246301,-74.695868774869183],[164.126907863133198,-74.696370891005984],[164.120905115601914,-74.696884173945449],[164.1186870597694,-74.697073806571581],[164.117361720639479,-74.697731421123621],[164.118386087013278,-74.699361534777552],[164.121660811100696,-74.701772003226552],[164.125690636950111,-74.704736360309923],[164.126358354505868,-74.707395392362528],[164.122886740717746,-74.71082906538247],[164.118311806361163,-74.71371677539446],[164.11069669110168,-74.718519895751072],[164.107919190734606,-74.722007138170738],[164.10883619383938,-74.727372084259684],[164.116413062377603,-74.739132131391671],[164.116956897988217,-74.741789180628899],[164.11622768707656,-74.743359607927601],[164.116111429573323,-74.743610767714671],[164.111213076594794,-74.74631523468517],[164.107018083312767,-74.747486096393843],[164.106740489087713,-74.747564072897504],[164.10426096070222,-74.747791002914113],[164.095848514630745,-74.74690157367624],[164.090728259007193,-74.746359912252558],[164.089947703496904,-74.74642365752301],[164.087575313578412,-74.746618454370221],[164.084211678297294,-74.747319814676956],[164.081693722844165,-74.747843528855],[164.079789191257078,-74.749156575802644],[164.078081901072153,-74.749865803488987],[164.076118719103135,-74.756505902485827],[164.073097587998433,-74.75914546512665],[164.066794703477399,-74.761015331159868],[164.032690837412389,-74.767560950143661],[164.021987851116535,-74.76895335327302],[164.00839482481868,-74.769760638376638],[163.991163822885426,-74.769896363353681],[163.95763923669125,-74.769376696927452],[163.955664018410033,-74.769332152851547],[163.954997216368071,-74.769335888593758],[163.948934104795285,-74.769363562453691],[163.938697245408292,-74.769409551598514],[163.935330169061416,-74.769642020612835],[163.931545561916039,-74.769902866750755],[163.92353235837902,-74.771061702042445],[163.922873480171319,-74.771214259030089],[163.917462015338401,-74.77246524126906],[163.916487895512915,-74.772922325175927],[163.915989277349894,-74.773055232452748],[163.915170267986241,-74.773753610930015],[163.916014807065665,-74.774280209299107],[163.91994377671827,-74.775105165094459],[163.928193674798365,-74.776168829483623],[163.962613953357902,-74.779484060216404],[163.963861216022934,-74.779621769852881],[163.96580678247409,-74.779836896482564],[163.968692017748907,-74.780421836236272],[163.987651126262676,-74.784259255795533],[164.006547947883917,-74.789314527569232],[164.007129882106227,-74.789471266065448],[164.007187242531074,-74.789488524407716],[164.020013583761909,-74.793528583599809],[164.029784833057676,-74.796605076539436],[164.030020801761054,-74.79670632723807],[164.033390561199468,-74.798140521465839],[164.037298808052498,-74.799803263404442],[164.037522654582517,-74.799975355306799],[164.038508936729357,-74.8007387727191],[164.039445007444726,-74.801461942054189],[164.03949093237793,-74.801593623328927],[164.039829548190767,-74.802577854066243],[164.040025381830219,-74.803149017799981],[164.039977541258907,-74.803301901605479],[164.039118834195421,-74.805984598349013],[164.038338316752032,-74.808422598332996],[164.03821724079782,-74.808582936088584],[164.036980660564865,-74.810223212706362],[164.028789658102284,-74.818593172182219],[164.026758239704634,-74.820304573856291],[164.022137215173217,-74.823259642083926],[164.017844794542469,-74.826002903703625],[164.01772989036192,-74.826040175788918],[164.014435727758183,-74.827108617892307],[164.011645684815193,-74.828013651089961],[164.010903729211407,-74.828123902830256],[164.008177594480458,-74.828527722393275],[163.990337200220466,-74.831171779358272],[163.989388539036298,-74.831312353248734],[163.989125171041053,-74.831409078125247],[163.987057024862906,-74.832174021655931],[163.985750692180432,-74.832656079510826],[163.985506936091468,-74.832834305073803],[163.984404538590439,-74.833637675493534],[163.983484168111801,-74.834308791657634],[163.983438310298226,-74.83440185170997],[163.982194969077625,-74.836928226714235],[163.981140611672799,-74.839069860067639],[163.981216877015498,-74.839230942783914],[163.982251369900325,-74.841421219267488],[163.983278969101889,-74.843594484340684],[163.98350162143484,-74.843712417862491],[163.98392010941842,-74.843936854704111],[163.984643496203262,-74.844324234363029],[163.987446924112191,-74.844920711869449],[163.98836904641206,-74.845035824036501],[164.002514838662194,-74.846798401837589],[164.002959139872161,-74.846924682225193],[164.003747135871635,-74.847152044166563],[164.004444185463797,-74.847352578090366],[164.004458991010921,-74.847456070130605],[164.004509620986511,-74.847863510237701],[164.00453047253626,-74.84802511909831],[164.004315327904294,-74.848169037366944],[164.003725110941588,-74.84856374379406],[163.997388703058192,-74.852109953894626],[163.990375271497101,-74.853884821576855],[163.985878144863932,-74.857080631934437],[163.961143706300106,-74.866887538744137],[163.960681229836609,-74.867154154973647],[163.959986183889782,-74.867430382425525],[163.955321847335767,-74.870241920439852],[163.950757670440339,-74.872991576943406],[163.950337619796102,-74.873244908748831],[163.946750697050049,-74.876728444661509],[163.943356888950603,-74.880024091525641],[163.94307122439119,-74.880300480800344],[163.938019362726948,-74.888346872580527],[163.938019762253106,-74.888429313987814],[163.938019566379268,-74.888950846093465],[163.938018863154525,-74.889251006740452],[163.938197277872462,-74.889371538781205],[163.943553799637897,-74.892959398537357],[163.943564164446428,-74.893108514292223],[163.943586506607517,-74.893410398769518],[163.943605931742582,-74.893663795731712],[163.943367256480144,-74.893738890884279],[163.942552185789395,-74.893995593846256],[163.942063755432685,-74.894149661184443],[163.941630584701329,-74.89416777669156],[163.927254385106522,-74.894771978431535],[163.926598126309074,-74.894873387510827],[163.92553090489767,-74.895038114397579],[163.924303394516073,-74.895227295231777],[163.922166649435781,-74.895819122620665],[163.920017788377493,-74.896413564594965],[163.919114595283844,-74.896663601446846],[163.910995325498106,-74.899585758142621],[163.907419629340836,-74.900871251865638],[163.90722574313881,-74.90090966299806],[163.901946953915484,-74.901956382972443],[163.901680431624158,-74.902009347211731],[163.901430962760628,-74.901969389174397],[163.900587751950781,-74.901834139330717],[163.900073346160013,-74.901751878532693],[163.899928044015695,-74.901659697317797],[163.898505038111665,-74.900742486687008],[163.897532039577584,-74.900114647755515],[163.897469523670622,-74.899949793844158],[163.895983476706391,-74.896029687757022],[163.895886913392815,-74.895776306768326],[163.896785272428076,-74.894605118985496],[163.897733489524001,-74.893369395580578],[163.897896646653123,-74.893156762871826],[163.90391676252176,-74.888394581779025]],[[163.87501690144714,-74.79523475060104],[163.880683216135139,-74.799800739558677],[163.89923548818382,-74.797070390589283],[163.90463304540819,-74.791828236195826],[163.902011550711194,-74.790206384226281],[163.891386484760318,-74.790079374884812],[163.876899186127901,-74.792551721932696],[163.87501690144714,-74.79523475060104]],[[163.846531439997761,-74.798724208526892],[163.844402693222435,-74.795736154787861],[163.853066678944231,-74.792765243090614],[163.861548459281721,-74.791386541687174],[163.85913631715394,-74.788377301498144],[163.877413632167247,-74.778462012880055],[163.876454401606509,-74.773090991559528],[163.867474400149206,-74.772700654824732],[163.849472637497655,-74.775140840916279],[163.840287507861888,-74.778716431219749],[163.828873418070117,-74.78123194717746],[163.815890228193496,-74.780454733865028],[163.807242357321712,-74.778542174800037],[163.798666097022476,-74.78094667336579],[163.801834531605181,-74.783432202475254],[163.810579720949761,-74.784811647074136],[163.809468344494405,-74.787424086912722],[163.80008554270097,-74.789535536721601],[163.801314272670936,-74.792721124429193],[163.8192812974128,-74.801082457502105],[163.819876022163101,-74.805378341422013],[163.825126040751542,-74.811071765684261],[163.8432414314141,-74.806953224123916],[163.840091991648279,-74.803887562176527],[163.846531439997761,-74.798724208526892]],[[163.889740543959988,-74.732881142719208],[163.914076788858608,-74.730242080888658],[163.924696777854876,-74.730334281402435],[163.934034395889,-74.732030469077188],[163.944095742176842,-74.729845562064554],[163.946034927223479,-74.727168197839262],[163.944550984240834,-74.723726379397277],[163.941055622490921,-74.723477659847674],[163.928489688065696,-74.72686543345867],[163.924338859850735,-74.725521568823055],[163.92415173990517,-74.722313101443802],[163.915145587336781,-74.719468895124024],[163.904867429894011,-74.719070899046528],[163.900355907115738,-74.719932933650924],[163.893055463449286,-74.725968009577954],[163.879027943207404,-74.730550604934578],[163.889740543959988,-74.732881142719208]],[[164.003418712356392,-74.726104031450731],[164.010775093864339,-74.730029078169181],[164.01311037866293,-74.730037148356459],[164.020289595041191,-74.727137994028126],[164.027853301499789,-74.718141480319261],[164.027988279472311,-74.715927238788993],[164.018208618240692,-74.713332461833545],[164.008257932505956,-74.712639296757374],[164.000783377976717,-74.714370565800081],[163.99634300832119,-74.716858317746329],[163.998848660266873,-74.720189073948518],[164.007462883860626,-74.723318977173804],[164.003418712356392,-74.726104031450731]]]]}},
{"type":"Feature","properties":{"SURFACE":"rock"},"geometry":{"type":"MultiPolygon","coordinates":[[[[163.637496978942323,-74.799743314447952],[163.628680663281585,-74.800652109452571],[163.619124535835283,-74.799057207532456],[163.616735104859089,-74.798145501165081],[163.615601272984293,-74.79771260126752],[163.615615907712055,-74.794271074208623],[163.618184591651612,-74.789693247266641],[163.623081385819091,-74.784787096381095],[163.625310014128871,-74.782552913744524],[163.630934141990309,-74.77883721761377],[163.633875449506462,-74.776893892706724],[163.635362669634674,-74.776360271336259],[163.646415116766775,-74.773668061998293],[163.652229479147678,-74.772745427691987],[163.658650680507094,-74.772623801090418],[163.664654570480707,-74.773475229374654],[163.665515010636994,-74.773745394660665],[163.668613199641868,-74.774717046885272],[163.668704921364252,-74.775677608688412],[163.668250613251729,-74.776805934762564],[163.65323975450201,-74.781108476178048],[163.650427266633017,-74.783720795153158],[163.652154960530282,-74.785724537402487],[163.650109389653664,-74.789354348128498],[163.637612261635041,-74.799708574998789],[163.637496978942323,-74.799743314447952]]]]}},
{"type":"Feature","properties":{"SURFACE":"rock"},"geometry":{"type":"MultiPolygon","coordinates":[[[[163.057971102768818,-74.705878447684782],[163.059712067047656,-74.706308002481791],[163.058555693420317,-74.708067545445473],[163.056917958058619,-74.708742724928072],[163.057971102768818,-74.705878447684782]]]]}},
{"type":"Feature","properties":{"SURFACE":"rock"},"geometry":{"type":"MultiPolygon","coordinates":[[[[163.725492681505585,-74.73970604686491],[163.733413409661324,-74.738415636547685],[163.742024106251307,-74.740335292001461],[163.746381027500007,-74.743020039362847],[163.743514950944359,-74.746317795721353],[163.748672265579359,-74.748850569086514],[163.746510590980449,-74.75151212174309],[163.743041317539962,-74.75212364335259],[163.729729447975075,-74.751428151527833],[163.721518753394122,-74.749143182010513],[163.705418290046339,-74.747436217679365],[163.703374809414072,-74.746130112943789],[163.703686386551539,-74.745206714362837],[163.720856303350956,-74.743886867630962],[163.725492681505585,-74.73970604686491]]]]}},
{"type":"Feature","properties":{"SURFACE":"rock"},"geometry":{"type":"MultiPolygon","coordinates":[[[[163.779709802312624,-74.745770728504837],[163.794450729837735,-74.744862545278153],[163.79997673546967,-74.743523326679053],[163.81379485681461,-74.742173732277735],[163.8262200103471,-74.741866400890459],[163.835507066761608,-74.74318060357146],[163.839950785389334,-74.742743673806402],[163.845976295865285,-74.739334112649999],[163.851355892501147,-74.738530444330209],[163.860573757127895,-74.740325714714686],[163.860893282235423,-74.743297037458177],[163.848255783591469,-74.746714000383733],[163.839822556947126,-74.750640908685739],[163.818653305529011,-74.748732281037306],[163.807447388621796,-74.751084285909997],[163.781925913858828,-74.752809741790884],[163.774395817902302,-74.750614855097666],[163.772404819099449,-74.747842673897836],[163.779709802312624,-74.745770728504837]]]]}},
{"type":"Feature","properties":{"SURFACE":"rock"},"geometry":{"type":"MultiPolygon","coordinates":[[[[163.070327021426465,-74.672193347290943],[163.08776401886746,-74.673427903836952],[163.097676213702215,-74.674856932278331],[163.098000564894505,-74.677938107325375],[163.088549289964988,-74.680015254916967],[163.090732921752277,-74.682363107551566],[163.089213322408739,-74.683519861728783],[163.07513618044274,-74.684402433025824],[163.071398239427879,-74.680738895139129],[163.067622712483853,-74.679578586097023],[163.070327021426465,-74.672193347290943]]]]}},
{"type":"Feature","properties":{"SURFACE":"rock"},"geometry":{"type":"MultiPolygon","coordinates":[[[[163.271834639914687,-74.690534287173875],[163.268672241731451,-74.689830930123875],[163.266856040286854,-74.687909524673444],[163.273262798776869,-74.684901890689233],[163.279162040725225,-74.684254461930337],[163.286887652533693,-74.684784965482137],[163.286502115308025,-74.68504364853743],[163.2770008461099,-74.689830891988649],[163.271834639914687,-74.690534287173875]]]]}},
{"type":"Feature","properties":{"SURFACE":"rock"},"geometry":{"type":"MultiPolygon","coordinates":[[[[163.177372661870862,-74.664450161885284],[163.179304722119241,-74.661769551918297],[163.186804044750858,-74.658537353239907],[163.191293422465748,-74.65790295618973],[163.199921545136561,-74.659727801922187],[163.1981534806404,-74.663276564772218],[163.185721683565617,-74.666127895394453],[163.18169355754307,-74.666310223827338],[163.177372661870862,-74.664450161885284]]]]}},
{"type":"Feature","properties":{"SURFACE":"rock"},"geometry":{"type":"MultiPolygon","coordinates":[[[[163.923500089115407,-74.691295479868785],[163.934756410338679,-74.691707180842158],[163.943907438665491,-74.69311261809905],[163.954277092513337,-74.695988024649608],[163.950567063736059,-74.700256634586481],[163.934653227481192,-74.701609335643695],[163.914838783298933,-74.700157345121227],[163.894706902857621,-74.701347470313863],[163.890396346415031,-74.700922354022296],[163.888504084500397,-74.69737036934815],[163.8970962495587,-74.694547328624253],[163.913435557322885,-74.694421181276269],[163.923500089115407,-74.691295479868785]]]]}},
{"type":"Feature","properties":{"SURFACE":"rock"},"geometry":{"type":"MultiPolygon","coordinates":[[[[163.966869621536631,-74.625740002518029],[163.967352119091885,-74.625634431121213],[163.967729880728967,-74.625514993897696],[163.968189373497239,-74.62541119751225],[163.971293542487217,-74.624387831945896],[163.973859612977407,-74.623576377602234],[163.974223261411311,-74.62342174657212],[163.974545373322655,-74.62331571168221],[163.987356089294053,-74.617847605867581],[163.990459932020428,-74.616056064175424],[163.996556124614017,-74.615282805399289],[164.001577980880853,-74.613730173106049],[164.005020798842821,-74.610234274275186],[164.02055328706922,-74.60303388706366],[164.027162166756597,-74.597805733043074],[164.048091301147906,-74.592495107033542],[164.053661165598726,-74.59171179728169],[164.064358212676808,-74.591636258669325],[164.07376754926787,-74.59504848927935],[164.065850198634507,-74.598412627618629],[164.081000074735073,-74.601892708144121],[164.085166700030413,-74.604341052640905],[164.085384035693409,-74.607868131094278],[164.099897137596457,-74.610947371299758],[164.102586024495452,-74.612746010945131],[164.113454595065861,-74.6151744165808],[164.123405722417374,-74.615807147443036],[164.137407700415849,-74.615400217247554],[164.148949249926233,-74.609074901086458],[164.164644062344649,-74.608211425980912],[164.17451175278697,-74.600493164480568],[164.172012517742957,-74.598074469895252],[164.171968792250624,-74.588535979762611],[164.184747011651723,-74.588209659256663],[164.195008977570524,-74.590265348668737],[164.200582185051672,-74.59326257454947],[164.208922108617969,-74.594791986517592],[164.229351417219647,-74.596139549083858],[164.239987806808529,-74.599773427845236],[164.237011636894863,-74.602369758842713],[164.237875231582393,-74.60525403103756],[164.228552367006188,-74.611661657898338],[164.232457329069121,-74.613188015726266],[164.244679245715133,-74.613663167169364],[164.248765837695174,-74.615293135098867],[164.250760849482958,-74.620419946344128],[164.246848585267941,-74.622577773739408],[164.240112063175928,-74.626291177899617],[164.234760632637801,-74.628459983361097],[164.233621415881061,-74.628670757723313],[164.232256141235951,-74.628922171124927],[164.223957436834439,-74.628556706448975],[164.222375689674834,-74.628881146096106],[164.222874789874425,-74.629328602263598],[164.229256710196694,-74.635049183976491],[164.228970469247656,-74.635480103488462],[164.228670393864547,-74.635932312351514],[164.227992411618402,-74.636285733533512],[164.224865211353432,-74.637915072437636],[164.222231908383407,-74.638635544428652],[164.221125836450881,-74.638747760887554],[164.219511770329717,-74.638911225840829],[164.218424994030414,-74.638792225695482],[164.214294568834021,-74.638341793422498],[164.209014639309288,-74.637342134335555],[164.186897256809374,-74.632190342797401],[164.185017803717329,-74.631954010836566],[164.178080753090313,-74.631081497843368],[164.174372752319215,-74.631156582087954],[164.168679632131614,-74.631270400900874],[164.148537972213774,-74.63352320989766],[164.146716730935793,-74.633564763706957],[164.138583027996532,-74.6337480084877],[164.122279009906606,-74.632635548449414],[164.111385877349079,-74.631508082767425],[164.108701410522315,-74.631230217729183],[164.105739160768394,-74.630923108995802],[164.086529636886723,-74.628932046321211],[164.07677939899682,-74.628330967436682],[164.066517890482373,-74.628192772959096],[164.060225009606484,-74.628435858339657],[164.055188861638356,-74.628630536453642],[164.050819582388385,-74.629049691152716],[164.044813881690771,-74.629626953110417],[164.039283451663096,-74.630794037949542],[164.037573756931749,-74.631154779124088],[164.035546147036285,-74.632266417953488],[164.035063416028379,-74.632530873301945],[164.033707356216638,-74.636116168394025],[164.036862896236897,-74.642874393597253],[164.038729891436589,-74.645137512113976],[164.04125039878582,-74.648191006353457],[164.053927288174691,-74.660520406338875],[164.0576727428965,-74.665760474967257],[164.056694888537777,-74.667308302492444],[164.056591133975616,-74.667473336840956],[164.050418275828548,-74.669921010039644],[164.050204898498379,-74.670140093772687],[164.049640806121317,-74.670720770050082],[164.052376799998285,-74.6723070921648],[164.05931498224129,-74.674397762128294],[164.060125844391308,-74.67464246228856],[164.061511183847301,-74.675411530165377],[164.06139858938451,-74.676175672152908],[164.056094657093638,-74.678922224819033],[164.054134439733019,-74.679937309335642],[164.032815355057693,-74.687423879866202],[164.029116184991665,-74.689084994525814],[164.027286727535937,-74.689305422603198],[164.012530827216125,-74.68899721101252],[164.003225119723282,-74.687724427348584],[163.996641868680456,-74.68394462575489],[163.993297800496038,-74.683699369703447],[163.994688593022744,-74.68285071828636],[163.991899649303036,-74.681709878871004],[163.98527988820365,-74.681158381127048],[163.981097294565018,-74.681819876488547],[163.98595954532604,-74.683942904746999],[163.989676177842824,-74.684229471214991],[163.984588658802522,-74.687731948500257],[163.976241535654026,-74.688728272297467],[163.958903865640053,-74.689168752322232],[163.956205727408332,-74.685577338895243],[163.95980385758034,-74.682020763393524],[163.957123242455424,-74.6809839848069],[163.945963124122017,-74.679657671955042],[163.937088977502668,-74.676568895223454],[163.936997900514456,-74.6678117122907],[163.955894534457173,-74.659194820226261],[163.975785606786616,-74.65600427049327],[163.97125753440676,-74.650012788784466],[163.975932740611341,-74.64754496507777],[163.979618463902256,-74.642810244264552],[163.98369164516717,-74.641230804575443],[163.978637062052258,-74.641516811646085],[163.969461925567572,-74.638932582470673],[163.969872694557836,-74.635789786426884],[163.975290266542231,-74.634774144664348],[163.985970957011574,-74.634745960840533],[163.991879140659336,-74.637464519837422],[163.984557355646217,-74.641103727286009],[163.996889229610105,-74.644340991834355],[163.999627017387269,-74.646522834275899],[163.988669794330832,-74.656983456533865],[163.991512775524114,-74.659146313360196],[163.994362793123145,-74.659409776058581],[163.990152502111044,-74.666608456173236],[163.992717688971823,-74.667876039691961],[164.006207718219741,-74.667391285566083],[164.014459962601421,-74.660848688695495],[164.01239771364078,-74.659559581147818],[163.999365992400726,-74.658675580069428],[164.000926955452144,-74.655090987831457],[164.003656565427775,-74.654300674780316],[164.016423252823671,-74.65344375846999],[164.011628520366827,-74.650292345980858],[164.010648801341119,-74.647359725367863],[164.018451582515809,-74.645128937999573],[164.016319783038654,-74.642144306030474],[164.024420189250435,-74.634290749892173],[164.025498871383576,-74.628727277508119],[164.035547485412735,-74.623844873026272],[164.039981425600047,-74.61853651382809],[164.036973299807926,-74.61708749739023],[164.033364999497138,-74.617072263006264],[164.011760077118936,-74.618603734054815],[164.003113283731267,-74.624203545755265],[164.006662019115026,-74.627296293106269],[163.993883519711829,-74.629836856540734],[163.980272826469957,-74.630173824447169],[163.968581702351543,-74.62809513559526],[163.966869621536631,-74.625740002518029]],[[164.034333969301713,-74.674560580942085],[164.030430537909581,-74.672473896772885],[164.010472788027101,-74.675577075653806],[164.012354437391878,-74.679306203235853],[164.023862401501276,-74.679764577588273],[164.032290676018306,-74.677228846471422],[164.034333969301713,-74.674560580942085]],[[164.072798301355732,-74.623327609296325],[164.086263547238332,-74.622580567483936],[164.087417848895598,-74.621574454682687],[164.079067133008834,-74.615855086344979],[164.072503627781913,-74.613713114288629],[164.06657370704292,-74.613183851513725],[164.059096927481477,-74.613562463399006],[164.055455695060743,-74.61688810150504],[164.063652954409065,-74.621941269519141],[164.072798301355732,-74.623327609296325]]]]}},
{"type":"Feature","properties":{"SURFACE":"rock"},"geometry":{"type":"MultiPolygon","coordinates":[[[[163.221536412582054,-74.588336223590815],[163.219232128672132,-74.589749206773845],[163.215696545316632,-74.590835568866865],[163.210994659143665,-74.591378447776293],[163.200896288452896,-74.591778771585027],[163.198937630999467,-74.589638672655241],[163.200866586957375,-74.586959141522655],[163.195402466066611,-74.583685997808558],[163.203201476931724,-74.581729501995241],[163.214302094991922,-74.581336823367394],[163.220612056926342,-74.582453501951292],[163.221768054556605,-74.588082015623428],[163.221536412582054,-74.588336223590815]]]]}},
{"type":"Feature","properties":{"SURFACE":"rock"},"geometry":{"type":"MultiPolygon","coordinates":[[[[163.866881984078162,-74.540015412120042],[163.882354865325539,-74.546503655857848],[163.890725316178617,-74.554036628710548],[163.899112251749386,-74.556957510970662],[163.897882738234159,-74.559686964793372],[163.903126914178557,-74.563170587849683],[163.921011282013893,-74.567111349775615],[163.92795747823854,-74.57051262270798],[163.937359322638315,-74.57162751014981],[163.947140648743044,-74.574232057561659],[163.95270704150019,-74.579990814205942],[163.945776088991209,-74.588774338895234],[163.942675321876692,-74.59136064711916],[163.935011600017276,-74.593675463783995],[163.918842665267732,-74.593832679510797],[163.913342020468548,-74.594761956394152],[163.911276543131578,-74.598127830881992],[163.873497035835072,-74.599793912161971],[163.87165425897291,-74.602860679964152],[163.874221463265542,-74.605882498346432],[163.87152774235102,-74.606792567634358],[163.853829338534183,-74.609411040024355],[163.829651146446963,-74.610466802244204],[163.818181245265578,-74.616873186337386],[163.803498801815522,-74.620218289620212],[163.798146762651555,-74.625457410030876],[163.792859515119972,-74.626228484813907],[163.782885734888339,-74.625607654075665],[163.77940408046419,-74.626040839920677],[163.775614453736978,-74.629371800469599],[163.765538754490336,-74.631704193055128],[163.755083614365105,-74.630816618046453],[163.748369932081857,-74.62741700677546],[163.746962817793047,-74.62433204084239],[163.750606865460128,-74.618960777331893],[163.775618726642534,-74.600297280920373],[163.78999227685847,-74.599683000422445],[163.793204589083274,-74.601180317627097],[163.795612675681951,-74.605208095562816],[163.789696999621412,-74.607850429173567],[163.788109453694545,-74.610553762578888],[163.796109561876989,-74.614184183974629],[163.810823060436064,-74.609342433739798],[163.812047815344727,-74.606749037903313],[163.809732085182617,-74.603145675615721],[163.805151295057527,-74.601625589925945],[163.803896548633276,-74.597643558846073],[163.808495962763345,-74.595172955405857],[163.81240387323345,-74.594180657068279],[163.817314370481199,-74.594142711477346],[163.82651175976261,-74.595455771835702],[163.837414985856526,-74.595205814733902],[163.86169638666729,-74.592430082595243],[163.881363244844948,-74.593888748065439],[163.894263416847508,-74.591795968152567],[163.90615896266624,-74.591695468703463],[163.911652441379488,-74.588984401741129],[163.91643485956871,-74.580940496951996],[163.923838627227269,-74.578623224094045],[163.926834868660677,-74.576029201828391],[163.923357474893749,-74.574761312479126],[163.920476204774076,-74.574780346176041],[163.906886905443827,-74.576169638730448],[163.895335309698254,-74.578543233081717],[163.894442433728699,-74.579786717596107],[163.907998134835509,-74.585880103807966],[163.899441510075775,-74.587027429602671],[163.888907395880295,-74.586947062504137],[163.871050384183604,-74.581028354733817],[163.871475616347027,-74.573673806978348],[163.863482240094584,-74.571263700420658],[163.853220255695902,-74.570941585335191],[163.845531172552427,-74.569435527955946],[163.846349369191358,-74.566817405590271],[163.859929028882334,-74.565429084946359],[163.867243388934156,-74.562977414169708],[163.863835978924669,-74.561175548379623],[163.855019342418132,-74.563055790946095],[163.840896123714629,-74.562764490076148],[163.833120108853137,-74.560163292475764],[163.830394728641608,-74.55731030450481],[163.835866095313264,-74.554907973329506],[163.82931200220321,-74.549913567688236],[163.830019129625896,-74.545429534083823],[163.826067009845843,-74.542851080201686],[163.836952217090243,-74.53804305147699],[163.848597721592512,-74.536176027781991],[163.866881984078162,-74.540015412120042]]]]}},
{"type":"Feature","properties":{"SURFACE":"rock"},"geometry":{"type":"MultiPolygon","coordinates":[[[[163.720436235429929,-74.606864986951635],[163.718659952810356,-74.607046422422556],[163.709509432689146,-74.609611095442531],[163.691336756128663,-74.616626653160196],[163.682520188441828,-74.619087378537316],[163.679639430520979,-74.619365450901313],[163.678253777462629,-74.619322581337684],[163.676036339911434,-74.619253939769209],[163.672286123057603,-74.618856411587956],[163.666633594714227,-74.617614550497635],[163.660474271649065,-74.614755374746679],[163.656409840734568,-74.612868425782651],[163.654709302495434,-74.611064075867304],[163.652218080278772,-74.608419268128245],[163.652119127229497,-74.606439135892757],[163.663404829673112,-74.603712665418144],[163.657816012992583,-74.600449722122491],[163.659617537718617,-74.597762366402435],[163.668250456871249,-74.59560716567654],[163.662987789207051,-74.587330687706782],[163.66635963287473,-74.584149792696977],[163.686580060805738,-74.577662443848737],[163.693837286439816,-74.576601855682526],[163.70755960924356,-74.576048725140751],[163.713181973085966,-74.574018369053007],[163.713498550588668,-74.570177422248321],[163.723878697906969,-74.567236835466716],[163.743323102252418,-74.564705692808772],[163.744064637127423,-74.561926431000813],[163.749045985676275,-74.559487044517994],[163.760394384310615,-74.558764076306446],[163.769361180863484,-74.561063260108199],[163.748243431041743,-74.570729491616916],[163.747487846658089,-74.576323373561891],[163.739117763257497,-74.578196490846537],[163.730931091870701,-74.575974631983797],[163.720091711416217,-74.57702293156386],[163.722086136230331,-74.580914968957956],[163.731634781825733,-74.585018813213267],[163.743271259029882,-74.584629603434024],[163.741509819476107,-74.582459163422257],[163.743165955272588,-74.580589140787339],[163.757266223268942,-74.581025263786458],[163.761940218005492,-74.583096035432732],[163.763519789845361,-74.586467220754642],[163.758680462505936,-74.588109598097816],[163.7453883375955,-74.589646887124431],[163.739359707102579,-74.593713646093732],[163.741756801288489,-74.595172552781918],[163.752744255323762,-74.596139211768332],[163.755364110961011,-74.597946008360154],[163.753003986781295,-74.605014045025086],[163.741509644840619,-74.605089764991959],[163.733601441577548,-74.602600862215539],[163.719182807192311,-74.604883193776061],[163.720436235429929,-74.606864986951635]],[[163.704602346672573,-74.587126409435655],[163.702025295554705,-74.589753079634093],[163.714157509731052,-74.597384807110018],[163.721127475689343,-74.597839790345077],[163.730501028649513,-74.594790964225595],[163.717393607881462,-74.588307520486396],[163.708570166990455,-74.586662103433497],[163.704602346672573,-74.587126409435655]]]]}},
{"type":"Feature","properties":{"SURFACE":"rock"},"geometry":{"type":"MultiPolygon","coordinates":[[[[163.263300440399632,-74.552527584492168],[163.260105692618993,-74.552803961492728],[163.255276519233121,-74.552317676190555],[163.248572685025977,-74.548921865426934],[163.246746035399383,-74.545299656202857],[163.247686084474509,-74.536875017048089],[163.253156221566769,-74.534480904451343],[163.257325060476489,-74.533882934656404],[163.264089702886764,-74.534527253548688],[163.262108421849717,-74.538492844662628],[163.263300440399632,-74.552527584492168]]]]}},
{"type":"Feature","properties":{"SURFACE":"rock"},"geometry":{"type":"MultiPolygon","coordinates":[[[[163.821436010898537,-74.584869854176944],[163.813721992951969,-74.590835329035187],[163.798176717817142,-74.592199412741962],[163.794069625951664,-74.588407729428084],[163.797204414870237,-74.586830940601899],[163.807101203511962,-74.584030552117426],[163.81859838079771,-74.583230006122633],[163.821436010898537,-74.584869854176944]]]]}},
{"type":"Feature","properties":{"SURFACE":"rock"},"geometry":{"type":"MultiPolygon","coordinates":[[[[164.082297587502154,-74.591592070747311],[164.083140764465867,-74.585125207011316],[164.087624648544335,-74.582643709947959],[164.096123430496164,-74.581807913878407],[164.102466463098494,-74.58376852766996],[164.103906687172099,-74.586698884368147],[164.110077423093912,-74.588590771871736],[164.11983417787846,-74.589388911519876],[164.129678641789582,-74.588070410581324],[164.137724836722299,-74.58796736775956],[164.145590979676967,-74.58880947668537],[164.144679531564435,-74.59333845266886],[164.150006211924364,-74.594745352820425],[164.154885216636671,-74.598415926416791],[164.151322662186999,-74.601566147634188],[164.144099128095604,-74.603842047459949],[164.109441809476749,-74.609005159332398],[164.103788488958912,-74.606439336735107],[164.116790611027255,-74.601779830267844],[164.120592441254388,-74.599246033606804],[164.098754458424111,-74.595744991420688],[164.082297587502154,-74.591592070747311]]]]}},
{"type":"Feature","properties":{"SURFACE":"rock"},"geometry":{"type":"MultiPolygon","coordinates":[[[[163.691481881587691,-74.552181661388119],[163.684795694844297,-74.554487248501829],[163.660521604233111,-74.556385875469175],[163.654396714916601,-74.555783685703673],[163.649423789931831,-74.551725124725749],[163.654255016212318,-74.545329887389698],[163.659445056747757,-74.543860161348618],[163.667172391286016,-74.543631210466515],[163.691332455302273,-74.544354803805362],[163.694091280831515,-74.545624172546795],[163.694359720143069,-74.549579146569627],[163.691481881587691,-74.552181661388119]]]]}},
{"type":"Feature","properties":{"SURFACE":"rock"},"geometry":{"type":"MultiPolygon","coordinates":[[[[163.725744072168794,-74.546370617232398],[163.731341160903895,-74.542922314274236],[163.737014558320681,-74.541360622373944],[163.74605104277552,-74.542788734334451],[163.747370420873068,-74.545226336913387],[163.740170525046238,-74.547492793124334],[163.728914146869016,-74.548761799712977],[163.725744072168794,-74.546370617232398]]]]}},
{"type":"Feature","properties":{"SURFACE":"rock"},"geometry":{"type":"MultiPolygon","coordinates":[[[[163.836274295281413,-74.413681953340358],[163.834999392178247,-74.416443726384927],[163.837509083705783,-74.419692644310942],[163.847715687923795,-74.42037311464567],[163.852949984623763,-74.418953191203997],[163.857795161742075,-74.413737390223702],[163.935520877541421,-74.413919509402575],[163.933827042010194,-74.415648720122206],[163.926585664731761,-74.419084479842141],[163.895355641494746,-74.42372744631497],[163.877062662426852,-74.428186269854564],[163.890202636694994,-74.437675879593286],[163.87284316778252,-74.440564664543601],[163.869078487650825,-74.441684323476665],[163.865709461518691,-74.445038357813488],[163.859769948504635,-74.446609256107649],[163.86968881021744,-74.453026462538006],[163.860477880136756,-74.457959639843935],[163.871279139859155,-74.46269873367082],[163.885635807271342,-74.464957868783699],[163.891621647786167,-74.467109382261469],[163.898207987813748,-74.474053961596553],[163.897450953688633,-74.47776478447183],[163.893803656812764,-74.480306392758038],[163.899188865963851,-74.48354608063228],[163.892620718070674,-74.489882283318636],[163.888135472817822,-74.491678196977389],[163.87629091569562,-74.493071090570098],[163.870493110875429,-74.495038364140399],[163.870294479973865,-74.498255307163689],[163.857877087964056,-74.502943052753722],[163.857686416568356,-74.506320911234383],[163.862342432874158,-74.507824811537176],[163.864079661938518,-74.511796482251242],[163.860091249425409,-74.514411254125307],[163.862096744735368,-74.520214780440085],[163.858394814416698,-74.5227530463291],[163.862484207536681,-74.525328425488524],[163.862498193869101,-74.528718677114426],[163.855844424907019,-74.52949809244987],[163.847090710295021,-74.527811879554079],[163.827285608760036,-74.526558763847476],[163.821752669179858,-74.524746186844141],[163.815971549770182,-74.524255995417462],[163.80976764010228,-74.524639217850805],[163.806988674191672,-74.527858653690885],[163.781599179028547,-74.529632822976467],[163.771895123340244,-74.525494446038238],[163.777526543465257,-74.521513508998382],[163.792780705043782,-74.51697557673468],[163.804576267805061,-74.518724295594481],[163.812376839554219,-74.516366478822619],[163.805956181601999,-74.505172344788889],[163.811097017840837,-74.495659538503105],[163.794190580966813,-74.487201076819261],[163.794200423954351,-74.483880091456868],[163.800936727446555,-74.481121181111703],[163.83171706928286,-74.476202804616022],[163.833275693040008,-74.4727933132571],[163.822140069648526,-74.472872251006308],[163.814017561645585,-74.47063563107686],[163.802376122514886,-74.471646300570853],[163.78782219092659,-74.468439344183182],[163.787105011910739,-74.466377727221186],[163.799327334080488,-74.464734224439908],[163.809709411129461,-74.461508838482743],[163.816479243290814,-74.460826848041506],[163.816338389677583,-74.458761042383543],[163.806600551450686,-74.45802322520764],[163.795515937970009,-74.462553040110407],[163.788623937014364,-74.463174368607724],[163.783629896686904,-74.468706006381609],[163.776112198370981,-74.47117131181875],[163.756178567022914,-74.472442082033055],[163.760067641360337,-74.474710374442836],[163.759724418121664,-74.479137228635054],[163.768196218986276,-74.48468087495695],[163.758996036401015,-74.488577679278137],[163.749424048251143,-74.487897313009256],[163.742110653212933,-74.488248686770831],[163.731688689603203,-74.487222063344348],[163.713213185110931,-74.491693463699207],[163.715241698272223,-74.493511210493935],[163.72894230554175,-74.493862963219257],[163.749442109390287,-74.491894716783918],[163.761393799226454,-74.489937135524002],[163.769978272509206,-74.491753674267827],[163.776404253573475,-74.496381287468623],[163.776570931031756,-74.502922021546112],[163.784384934445484,-74.510530493195944],[163.784316714048032,-74.51418870741432],[163.775391235803141,-74.515906168848659],[163.765660421119435,-74.515128402614849],[163.757207744797824,-74.513179190495535],[163.749148659973002,-74.514279079295164],[163.75483165454628,-74.517052763224257],[163.755708646757256,-74.523267113235747],[163.739906746596091,-74.52486328992569],[163.744722019876775,-74.528064134687227],[163.741714465797997,-74.530656118246483],[163.728471279317773,-74.533544113568524],[163.712418393811987,-74.534788870072532],[163.68882944388929,-74.534201845102942],[163.683350431056169,-74.535526704758766],[163.659912735407147,-74.53608865168087],[163.63785002862673,-74.534146233083689],[163.640255123033995,-74.527238689446989],[163.637135962906257,-74.523322007633226],[163.638488643285797,-74.518753249024201],[163.636282583022137,-74.51470307289803],[163.640088111122935,-74.507591357579301],[163.639819185752231,-74.50107321338993],[163.655173493727887,-74.473013111913019],[163.669052287432862,-74.464576652110622],[163.679062654400212,-74.461486461880554],[163.690951640450947,-74.455322672305655],[163.702387542374055,-74.452935248389892],[163.706958801675029,-74.452744865701774],[163.717528701023724,-74.454709293241891],[163.721496868833214,-74.458749008651651],[163.73281969818089,-74.458031381844819],[163.749137479933012,-74.462411614945353],[163.775764626725334,-74.456899611751041],[163.790625923230635,-74.456185692144174],[163.799247113787374,-74.452427274401984],[163.813277981921033,-74.451467443665649],[163.818781737530088,-74.450011675059201],[163.820401290589103,-74.448314791723448],[163.817707777441996,-74.445510198493935],[163.820252906693895,-74.443537086429629],[163.829212552453839,-74.441410140961295],[163.838240725012099,-74.433640210767763],[163.828578829224369,-74.427968246764308],[163.819140336493973,-74.429328750900169],[163.803251742288666,-74.434475739665061],[163.796614384650582,-74.435216177334183],[163.791811835298944,-74.436851727585406],[163.774792324824517,-74.438786973845112],[163.764918445331546,-74.438186194629878],[163.748762053818552,-74.433678291933134],[163.736772935044485,-74.435027088902316],[163.7279023870679,-74.433496245580201],[163.728456779379059,-74.427890830658228],[163.738454918433803,-74.426696539060373],[163.74579904052348,-74.426716146301317],[163.754726647071408,-74.428182577826959],[163.772680926141192,-74.427501016627403],[163.779409087848506,-74.428098637728169],[163.784755572518549,-74.429592074084951],[163.794588704001939,-74.430244429978089],[163.804330211213539,-74.425349568138529],[163.815306973917103,-74.416482995535631],[163.82125723041375,-74.413641982569587],[163.836274295281413,-74.413681953340358]]],[[[164.068925485006304,-74.414166009056373],[164.070661642492865,-74.414907313302479],[164.056023824440132,-74.41854627817608],[164.047625761883921,-74.42238435631748],[164.020573460016863,-74.425330373607096],[164.001637494811206,-74.423389586327815],[163.977339747989106,-74.423925661165612],[163.975665249316876,-74.425309787470809],[163.979209922704911,-74.426974237759865],[163.977808013129703,-74.428112507207842],[163.952872281688173,-74.427892808248203],[163.938698400167425,-74.42893656223707],[163.929799289239867,-74.432123631583551],[163.927394704909801,-74.435340250749348],[163.914980755693733,-74.435617052913202],[163.903987367222527,-74.431570919970824],[163.902401250446985,-74.43015173204887],[163.905030576118264,-74.427532412336973],[163.914130722900609,-74.426618950925047],[163.927793036055874,-74.427602579165182],[163.936216030362857,-74.423766228620963],[163.959751179415036,-74.419348176762497],[163.976235814556958,-74.419431094938417],[163.996227236851098,-74.417255253771586],[164.00794920030728,-74.41747306721949],[164.014962639323301,-74.41407635602144],[164.068925485006304,-74.414166009056373]]]]}},
{"type":"Feature","properties":{"SURFACE":"rock"},"geometry":{"type":"MultiPolygon","coordinates":[[[[163.96844387407981,-74.527237755691658],[163.977765994553437,-74.53024590132506],[163.994633482942106,-74.532138674839302],[164.001888225582121,-74.53545266948116],[164.00316421783333,-74.537457714457048],[164.014059610061963,-74.540233198013397],[164.016418656678269,-74.542078525041688],[164.017349836295068,-74.543433753978348],[164.000798252538033,-74.550636397501975],[164.006335989609113,-74.553881927398038],[164.005509338561438,-74.556641252079643],[163.999563712956387,-74.557358479656088],[163.956635364918299,-74.555292804470056],[163.945766374881515,-74.55404094118488],[163.933543796448021,-74.552118648481709],[163.920048590482224,-74.545338683506728],[163.917584435930678,-74.532964274530329],[163.929919455689401,-74.5317339896758],[163.939873561222811,-74.528608678870469],[163.955015031970731,-74.527028378416702],[163.95481505490369,-74.524866378863749],[163.93328074034082,-74.523661218506049],[163.93567078353459,-74.520238285375939],[163.940705656050824,-74.519494926257778],[163.946220571036804,-74.5197811575228],[163.959658097681768,-74.521529543838724],[163.971267442259602,-74.520565611229998],[163.97715496451687,-74.523423469124523],[163.967328420311048,-74.525492623766539],[163.96844387407981,-74.527237755691658]]]]}},
{"type":"Feature","properties":{"SURFACE":"rock"},"geometry":{"type":"MultiPolygon","coordinates":[[[[165.376469159754606,-74.626872594938789],[165.376014006955643,-74.626503388401176],[165.375956896053566,-74.626456199954575],[165.375156303383534,-74.626143711599298],[165.370163003219005,-74.624194771659688],[165.362441091318175,-74.62198295759211],[165.358749178251571,-74.618624422923645],[165.36785418330652,-74.616450888708087],[165.373615711279911,-74.616079970658262],[165.393843758120511,-74.620216440566665],[165.398922175157537,-74.622591204768312],[165.417887393786458,-74.624807579742523],[165.4290219654456,-74.623483286739585],[165.422172312340905,-74.620437098781267],[165.411415359074994,-74.620630339396897],[165.405553435611722,-74.616255349026687],[165.409657575267715,-74.614468644073696],[165.414833767321454,-74.61409252358078],[165.413367639369511,-74.612725977816027],[165.405728125111921,-74.611692171270036],[165.40148660276239,-74.60756203823891],[165.407595190182633,-74.605180473907865],[165.416394363710594,-74.604775798577236],[165.4202452793362,-74.60605474062551],[165.420512115863261,-74.608876978040968],[165.415059958657366,-74.612462016832339],[165.435448232183802,-74.617670569382469],[165.446289502290057,-74.617387488251808],[165.449876958778361,-74.618160285502057],[165.452775013590013,-74.62033048374893],[165.443592470347369,-74.632642594015749],[165.433652856453364,-74.641454812075949],[165.426472161875523,-74.64601787544126],[165.42069759985867,-74.649684795630506],[165.418597268856786,-74.650124290328989],[165.417906540468607,-74.650268316691367],[165.411711070612313,-74.650427915595031],[165.410395694382515,-74.650461100024955],[165.409277261423199,-74.650262484454984],[165.40512368279974,-74.649527414139399],[165.399736431458081,-74.64786699714557],[165.398425642505487,-74.643974348799802],[165.418588546444596,-74.639587408344184],[165.420692293676041,-74.63692842934249],[165.418344575447435,-74.633962551726711],[165.411745387640053,-74.63106777770868],[165.398599666707241,-74.633684124061915],[165.386961861613685,-74.632409109861655],[165.38218899686575,-74.628661205218606],[165.376469159754606,-74.626872594938789]]]]}},
{"type":"Feature","properties":{"SURFACE":"rock"},"geometry":{"type":"MultiPolygon","coordinates":[[[[164.486193084802409,-74.567370566494773],[164.479595282498224,-74.565317662450241],[164.476282418221615,-74.561018835468289],[164.478513821040508,-74.55555207589299],[164.484932964338327,-74.552710174829272],[164.501369769762107,-74.55266073149869],[164.509144040456079,-74.55155515609087],[164.518145838924823,-74.553058555010864],[164.524073299957251,-74.556409764892095],[164.525959861813959,-74.556939531466128],[164.522871481066346,-74.564450354228285],[164.486193084802409,-74.567370566494773]]]]}},
{"type":"Feature","properties":{"SURFACE":"rock"},"geometry":{"type":"MultiPolygon","coordinates":[[[[164.054451394695178,-74.526511895718969],[164.060460810697634,-74.52610483795975],[164.077080749347061,-74.528701822688646],[164.083468762858871,-74.531543795918807],[164.079171345130078,-74.534038019639723],[164.071481965830429,-74.535568723909307],[164.061110459553475,-74.535377208318891],[164.053448039514734,-74.534401764370003],[164.049883030704393,-74.532735578514917],[164.046866087548523,-74.528754955169219],[164.054451394695178,-74.526511895718969]]]]}},
{"type":"Feature","properties":{"SURFACE":"rock"},"geometry":{"type":"MultiPolygon","coordinates":[[[[163.987045888292954,-74.524181524939209],[164.00098049363487,-74.522426272772222],[164.010590202780435,-74.523321598628485],[164.013645432636224,-74.524938151271328],[164.011176121393675,-74.527335124191694],[164.004185629673714,-74.529286354484697],[163.990687062679683,-74.528335494017071],[163.987045888292954,-74.524181524939209]]]]}},
{"type":"Feature","properties":{"SURFACE":"rock"},"geometry":{"type":"MultiPolygon","coordinates":[[[[164.058159615259882,-74.492006496597469],[164.06433188500651,-74.496230273569111],[164.047770252692743,-74.497786378000669],[164.042361695991076,-74.500194470369806],[164.039756943790536,-74.503516479517089],[164.045467418477443,-74.509251650708066],[164.068793192655477,-74.508429456084073],[164.078186866734598,-74.509519553504589],[164.090321130670958,-74.508041571899028],[164.098096470640115,-74.510088764779553],[164.090870553476094,-74.51235954234275],[164.074350526073857,-74.513112124505525],[164.067806636786827,-74.516244457399495],[164.058921821454106,-74.518677477367632],[164.043487329697939,-74.519158424462461],[164.034678507634936,-74.52282535775808],[164.021695368810413,-74.522823293752666],[164.018283829371057,-74.522058016688177],[164.019595850081004,-74.51747611289197],[164.012448708725856,-74.514837450508963],[164.017726345861576,-74.509597254970288],[164.028728699678823,-74.507346680602993],[164.027194948584082,-74.501856130751534],[164.032168451805006,-74.496593183771239],[164.029864411992463,-74.495482163540714],[164.013693480144156,-74.49517854959484],[164.008748496507792,-74.495494521484503],[163.99447299091571,-74.498965989673962],[163.984871947473238,-74.49296798120038],[163.991946169104438,-74.490368880412262],[164.016340809122624,-74.490272542643183],[164.033571936142863,-74.492016594838063],[164.045718709387188,-74.490520548697603],[164.058159615259882,-74.492006496597469]]]]}},
{"type":"Feature","properties":{"SURFACE":"rock"},"geometry":{"type":"MultiPolygon","coordinates":[[[[164.775719683950257,-74.57056856893422],[164.776226056399963,-74.568908696572279],[164.781504768063087,-74.56647915551855],[164.790258415619064,-74.565753962117341],[164.800061058919084,-74.566496118947995],[164.805140394374007,-74.568189598431033],[164.8039976790715,-74.572988614773351],[164.814805568439994,-74.57732260466409],[164.808291794820974,-74.579134179708319],[164.797762996267494,-74.579094979818137],[164.797189578442811,-74.57896331571871],[164.786726308208273,-74.574873348936734],[164.775719683950257,-74.57056856893422]]]]}},
{"type":"Feature","properties":{"SURFACE":"rock"},"geometry":{"type":"MultiPolygon","coordinates":[[[[163.162660292711649,-74.447426333587586],[163.175079877911003,-74.447125852275605],[163.184690935688792,-74.447971356416488],[163.189691096592043,-74.450026037383751],[163.185281019572017,-74.452502345179795],[163.178397950194011,-74.453554969149494],[163.168609228960179,-74.452863870855353],[163.162552530638976,-74.450659012834748],[163.162660292711649,-74.447426333587586]]]]}},
{"type":"Feature","properties":{"SURFACE":"rock"},"geometry":{"type":"MultiPolygon","coordinates":[[[[163.679993930470971,-74.413214181384163],[163.674770468569108,-74.415195335037623],[163.683066340613152,-74.41867445289607],[163.679563381695317,-74.4253019696541],[163.679154802218619,-74.442850848291215],[163.672863905214768,-74.448962239495003],[163.655984749310761,-74.454169800698054],[163.649318527751205,-74.454898754896035],[163.639454244299912,-74.458059210114442],[163.627461883362088,-74.460176718974708],[163.612489248027345,-74.460830182701187],[163.585412433535993,-74.463549648879862],[163.548403706534941,-74.469404181229947],[163.532629599117712,-74.473208475528367],[163.528190020743608,-74.472430285420401],[163.525683357552026,-74.472409740447446],[163.523071382548068,-74.472806330237418],[163.512498118079748,-74.476142436114984],[163.508168118416791,-74.476907282238884],[163.505409890471725,-74.476131036504995],[163.502014570690505,-74.474091197158174],[163.500405447909486,-74.472774119689419],[163.496789393266027,-74.471268287486907],[163.495574519827585,-74.471261467193727],[163.494803253424124,-74.471031678311888],[163.490800759003207,-74.471090025304491],[163.490182088701488,-74.46609079201086],[163.498134004912743,-74.454021642763635],[163.498322716576894,-74.449309706606343],[163.512805268344636,-74.439144593843352],[163.519287401720106,-74.436830703693644],[163.51996771537236,-74.434056067344343],[163.531427276524454,-74.426480489932231],[163.535821233345303,-74.413598636689272],[163.536661800859036,-74.412684389230606],[163.679993930470971,-74.413214181384163]]]]}},
{"type":"Feature","properties":{"SURFACE":"rock"},"geometry":{"type":"MultiPolygon","coordinates":[[[[163.99292363404453,-74.502052796062543],[163.987237682935131,-74.504439024702606],[163.973004668375836,-74.504979070929963],[163.953693894827524,-74.503574212377416],[163.932719807148828,-74.509294838807975],[163.924757501575726,-74.508105455001797],[163.923311200107406,-74.505170761614082],[163.93281159584285,-74.501408791434258],[163.939254041049821,-74.500559085078365],[163.95032172421449,-74.500756666518043],[163.970288011156669,-74.49970622233576],[163.992860759045243,-74.500468666046487],[163.99292363404453,-74.502052796062543]]]]}},
{"type":"Feature","properties":{"SURFACE":"rock"},"geometry":{"type":"MultiPolygon","coordinates":[[[[164.859981477146761,-74.563714325771983],[164.867461272452118,-74.562510463492615],[164.877097229725166,-74.563414985446144],[164.883871625949268,-74.565434121140157],[164.877726147434061,-74.567802607335054],[164.865630858060086,-74.569742802648804],[164.863824124619043,-74.572423526123117],[164.856389257824844,-74.573406021965297],[164.850763966972465,-74.571482842518606],[164.852571674440384,-74.569554075429778],[164.859981477146761,-74.563714325771983]]]]}},
{"type":"Feature","properties":{"SURFACE":"rock"},"geometry":{"type":"MultiPolygon","coordinates":[[[[164.858559029287278,-74.550497156405413],[164.86173735954236,-74.550684185280559],[164.871579779888094,-74.55218991528929],[164.875210448881347,-74.55693662943635],[164.86945576185164,-74.558119553291647],[164.861024486155628,-74.558061334489466],[164.849295125862909,-74.560325197776109],[164.837635528332981,-74.56070325616551],[164.833294889320172,-74.556167358617571],[164.836006944821008,-74.55355212459159],[164.858559029287278,-74.550497156405413]]]]}},
{"type":"Feature","properties":{"SURFACE":"rock"},"geometry":{"type":"MultiPolygon","coordinates":[[[[163.980350587770403,-74.489798386040263],[163.97560033041222,-74.492255904312955],[163.967982644877338,-74.49414850285504],[163.956915205219161,-74.49462661501218],[163.954494386395737,-74.493455966653201],[163.957508905313574,-74.489569007550401],[163.962005653392652,-74.487781441415038],[163.976496079125923,-74.486220002382169],[163.980350587770403,-74.489798386040263]]]]}},
{"type":"Feature","properties":{"SURFACE":"rock"},"geometry":{"type":"MultiPolygon","coordinates":[[[[163.97639391961053,-74.44715971590206],[163.967380106880029,-74.445599557015939],[163.958753462839127,-74.446593635627067],[163.934186095276715,-74.447119907608965],[163.930097499227912,-74.44358715857328],[163.933237361584816,-74.441007064176617],[163.942407874954483,-74.439457528775449],[163.97402568243254,-74.439392629212804],[163.998254782546269,-74.434063262723726],[164.014844040346929,-74.4341852934824],[164.028066936972465,-74.432679007687412],[164.045143042429373,-74.429082948894589],[164.052090264654311,-74.428492528745906],[164.063572836640105,-74.42219799523906],[164.076545795605426,-74.420573181993845],[164.099632027781297,-74.420097089062665],[164.102521639804735,-74.42298925420431],[164.096015486638862,-74.426030831312829],[164.087172505659339,-74.427455066295394],[164.082672902110232,-74.433489644558463],[164.094073973788454,-74.435235413293881],[164.10394652988569,-74.433801162191202],[164.117298418276164,-74.433147111771433],[164.12424394157776,-74.436505823829108],[164.153198968229674,-74.438925543133166],[164.168605157789159,-74.437364957711992],[164.178430958931244,-74.434926807595346],[164.186653099502763,-74.43423888421583],[164.191619716936202,-74.43475155041142],[164.19103038427312,-74.438197731996596],[164.188432376705464,-74.439026910667877],[164.1815048271813,-74.439632639170185],[164.157064782086792,-74.444322325077124],[164.162531388971331,-74.447897546803091],[164.173258929053418,-74.449770831433696],[164.196519793793783,-74.447649919167446],[164.202706262926455,-74.448469545665816],[164.204346482668655,-74.450485087750934],[164.195842242786028,-74.452658787322491],[164.196040175560938,-74.453862545421458],[164.197357565754885,-74.455863087017008],[164.208755768751445,-74.458549409876539],[164.215459716584036,-74.461939852744678],[164.212020064316192,-74.465161840750525],[164.21782410792909,-74.467324540448772],[164.236281776151372,-74.46590614749293],[164.250532387111008,-74.467670465686652],[164.250901387295102,-74.470921974952503],[164.244633057911273,-74.473828312283416],[164.233045472869151,-74.472847901382139],[164.209949006620008,-74.474785837332632],[164.201699058657368,-74.472630326061903],[164.19128570971057,-74.472523429234499],[164.182422757889555,-74.466887754375307],[164.181642805147305,-74.464806796227634],[164.171006146572182,-74.461846727373583],[164.166907009906311,-74.458224547848218],[164.1562150797306,-74.455943975137217],[164.14551646800993,-74.454834714144098],[164.142307224500087,-74.450923290948012],[164.12009777485784,-74.443264185643756],[164.105093162577958,-74.441115852079889],[164.100174399957353,-74.439387292823312],[164.07954217367751,-74.439024011522008],[164.07503522545656,-74.436824288388237],[164.063507923355331,-74.434337844946953],[164.049444443224161,-74.435114029611881],[164.037216904828995,-74.437729010891303],[164.044193570716942,-74.441085706310531],[164.046417885781608,-74.443286414728334],[164.044580744750391,-74.444614859115134],[164.031244300736091,-74.444891553397966],[164.021607040732675,-74.444067939445731],[164.017504077444642,-74.444679093569476],[164.020491535161625,-74.456688723845602],[163.998149989730507,-74.457300259985217],[163.993001819858165,-74.459219612984924],[163.986397780163628,-74.459981604068247],[163.973749790096264,-74.459300992624094],[163.969421726203734,-74.459683871553196],[163.958332644854522,-74.466197485595231],[163.95270438880101,-74.467913706337754],[163.953648928308553,-74.4708091327863],[163.950344515894955,-74.471299012081516],[163.938376426896554,-74.470302307847874],[163.931876305760881,-74.466881498923073],[163.932703984658133,-74.465671527654436],[163.945862368145896,-74.458918192568547],[163.960220560251116,-74.454380265562946],[163.970622655948858,-74.448384838607538],[163.97639391961053,-74.44715971590206]]]]}},
{"type":"Feature","properties":{"SURFACE":"rock"},"geometry":{"type":"MultiPolygon","coordinates":[[[[163.784462128220383,-74.446397025869928],[163.788789657655173,-74.448599003662324],[163.786507190872982,-74.450192433926375],[163.75390520292234,-74.448330890986583],[163.744919932934295,-74.449802792626073],[163.730187440290564,-74.450767005635797],[163.719706305687623,-74.450716366202371],[163.713542323639842,-74.449327981005339],[163.711771866975653,-74.446363272980946],[163.725504077081894,-74.444293196335636],[163.747356458536018,-74.443018017903171],[163.759469596375823,-74.443207041583662],[163.784462128220383,-74.446397025869928]]]]}},
{"type":"Feature","properties":{"SURFACE":"rock"},"geometry":{"type":"MultiPolygon","coordinates":[[[[165.438295663296373,-74.57507716358063],[165.433601186679653,-74.576400788463673],[165.430633189821378,-74.573129259454603],[165.439450126164701,-74.565328963938327],[165.445369739131053,-74.562442169990049],[165.461493524918041,-74.558593902877419],[165.465997579995417,-74.559994632400304],[165.46607455433994,-74.560443744209081],[165.453851673559257,-74.565708932837282],[165.452208018903576,-74.56641645414517],[165.448294178880985,-74.568101221596237],[165.444226851060932,-74.569851297038724],[165.443271728016612,-74.570370462623927],[165.439821184129187,-74.572246104961451],[165.438075817111894,-74.5739219288524],[165.437351111341627,-74.57461822780553],[165.438295663296373,-74.57507716358063]]]]}},
{"type":"Feature","properties":{"SURFACE":"rock"},"geometry":{"type":"MultiPolygon","coordinates":[[[[164.153590477140625,-74.472005062847558],[164.148882339906976,-74.475127318518147],[164.136337313731957,-74.474699464618311],[164.128860626550306,-74.471822480724811],[164.098452055158788,-74.470711321564309],[164.091367820783603,-74.471126103743458],[164.086820138065093,-74.472558302205996],[164.091678561615112,-74.473849486689417],[164.09253766102799,-74.475815518351382],[164.087364716987992,-74.477089645136886],[164.080806038462413,-74.477394001351584],[164.075943474348236,-74.476192764824091],[164.07433886016068,-74.474425775171696],[164.078762828102413,-74.472947816473322],[164.085316492956167,-74.472443478101141],[164.084030989780359,-74.470598746853526],[164.078590327723504,-74.469584828860164],[164.065881782210226,-74.471628270096602],[164.055368201933589,-74.46828373429868],[164.060742117778403,-74.464264651238608],[164.086788787626091,-74.461272914622597],[164.089288581545219,-74.458643248134408],[164.086103870059503,-74.452758494139232],[164.081383012387249,-74.449576762766583],[164.091098205737694,-74.447933960979626],[164.101115982617642,-74.450490587584653],[164.10059145397733,-74.454958556400911],[164.104699901388074,-74.456999803447601],[164.092291224048836,-74.458872667840183],[164.093714594488176,-74.460375253430968],[164.105109434527975,-74.463065650023665],[164.127867102557616,-74.462839767276208],[164.137784668252806,-74.463410732189487],[164.149198975635954,-74.465265309252004],[164.149517430382105,-74.469610992773781],[164.153590477140625,-74.472005062847558]]]]}},
{"type":"Feature","properties":{"SURFACE":"rock"},"geometry":{"type":"MultiPolygon","coordinates":[[[[164.784409244020623,-74.51245249591588],[164.786924624121298,-74.516262050616149],[164.782817429663908,-74.517811103926434],[164.763690506106968,-74.519458541472645],[164.759008985536468,-74.518543883582652],[164.754519187743142,-74.516717449636459],[164.761151113494719,-74.51438826846028],[164.781935239295223,-74.511884955086472],[164.784409244020623,-74.51245249591588]]]]}},
{"type":"Feature","properties":{"SURFACE":"rock"},"geometry":{"type":"MultiPolygon","coordinates":[[[[164.860519122875928,-74.513161463978832],[164.865678787710578,-74.512307114277945],[164.881879196626585,-74.515212309034169],[164.882059739845545,-74.517755704609968],[164.870144153116229,-74.518289096131454],[164.859387788646757,-74.516449956134196],[164.860519122875928,-74.513161463978832]]]]}},
{"type":"Feature","properties":{"SURFACE":"rock"},"geometry":{"type":"MultiPolygon","coordinates":[[[[163.788076998187137,-74.41843138173401],[163.781236189865609,-74.420721509228429],[163.772619728042741,-74.421377899518433],[163.759783874884704,-74.420053492898418],[163.758729739120724,-74.418961006321467],[163.765655733156478,-74.416093069878045],[163.778353745104738,-74.416082426556002],[163.788076998187137,-74.41843138173401]]]]}},
{"type":"Feature","properties":{"SURFACE":"rock"},"geometry":{"type":"MultiPolygon","coordinates":[[[[165.451743276228001,-74.541786253081256],[165.445782972714426,-74.542323224426681],[165.441054289879816,-74.540211141776211],[165.454886528272425,-74.52715420097563],[165.459139881301837,-74.524645910359865],[165.463664766564278,-74.523935003263048],[165.467888799952675,-74.524856787082953],[165.459639768617166,-74.530949452316705],[165.454724508449317,-74.535478059513366],[165.452412525375962,-74.538717764256191],[165.452188153348033,-74.539032750865644],[165.451628692033012,-74.54164634928766],[165.451743276228001,-74.541786253081256]]]]}},
{"type":"Feature","properties":{"SURFACE":"rock"},"geometry":{"type":"MultiPolygon","coordinates":[[[[164.879340136493596,-74.49484963208242],[164.884065277744099,-74.494123229592091],[164.901303828292924,-74.49895159755765],[164.899337673547848,-74.502689737520342],[164.886521904886706,-74.502095052051516],[164.882749713099315,-74.499590971369813],[164.876854328984507,-74.498284537797744],[164.879340136493596,-74.49484963208242]]]]}},
{"type":"Feature","properties":{"SURFACE":"rock"},"geometry":{"type":"MultiPolygon","coordinates":[[[[165.481546904922141,-74.514758481079539],[165.475048588343583,-74.519135056435132],[165.467280583196782,-74.520211314841447],[165.46478302588929,-74.517895535120843],[165.466092518230539,-74.515069116257294],[165.476912134796891,-74.506258114179886],[165.481515280109164,-74.505534029638568],[165.488114483763212,-74.506976146535507],[165.487699557709846,-74.508575122481332],[165.484125498626213,-74.51285021248313],[165.482151166792335,-74.51431102133553],[165.481546904922141,-74.514758481079539]]]]}},
{"type":"Feature","properties":{"SURFACE":"rock"},"geometry":{"type":"MultiPolygon","coordinates":[[[[164.248719606644443,-74.42474969423786],[164.263749612889427,-74.423664014904091],[164.270808360772378,-74.427492829536448],[164.259494783799454,-74.42991622628189],[164.247581046835876,-74.429072803410165],[164.246199933206469,-74.426553854217602],[164.248719606644443,-74.42474969423786]]]]}},
{"type":"Feature","properties":{"SURFACE":"rock"},"geometry":{"type":"MultiPolygon","coordinates":[[[[165.280436516275785,-74.481334069938853],[165.285826223242111,-74.480491788769044],[165.293770472238776,-74.482438385709301],[165.302498203643353,-74.483295543581448],[165.305039071033121,-74.485119208447756],[165.302007651163962,-74.489559649812634],[165.28910211624202,-74.491256077824488],[165.282927177040762,-74.490797734986003],[165.276144931231471,-74.487414463471723],[165.280436516275785,-74.481334069938853]]]]}},
{"type":"Feature","properties":{"SURFACE":"rock"},"geometry":{"type":"MultiPolygon","coordinates":[[[[165.380263704142237,-74.484395787507481],[165.380325584976447,-74.484438656010084],[165.378082444628063,-74.486362528161223],[165.373891391837759,-74.48686191617945],[165.353306368394584,-74.484229320499452],[165.352874204470993,-74.480806408828585],[165.360104180309065,-74.479518861967065],[165.370004069290616,-74.480755302724234],[165.377345388967683,-74.484311186723943],[165.380263704142237,-74.484395787507481]]]]}},
{"type":"Feature","properties":{"SURFACE":"rock"},"geometry":{"type":"MultiPolygon","coordinates":[[[[165.269628436318158,-74.471935789835527],[165.269884680519368,-74.472177054667029],[165.262158108258035,-74.47509813711514],[165.257293917028079,-74.47481270303102],[165.241811487406949,-74.468349062442158],[165.242956593836027,-74.466279231032459],[165.24934372322025,-74.464316357710388],[165.251037653378091,-74.464763119891686],[165.251041682337785,-74.46582231702422],[165.252337547048285,-74.466826532992442],[165.253257211041642,-74.467538891426869],[165.256959179488803,-74.469256184652139],[165.261746475400997,-74.470736617957655],[165.266465945267896,-74.471454781024633],[165.269628436318158,-74.471935789835527]]]]}},
{"type":"Feature","properties":{"SURFACE":"rock"},"geometry":{"type":"MultiPolygon","coordinates":[[[[165.127466159664635,-74.460507711990346],[165.12394308485645,-74.459037170487534],[165.123437929542803,-74.456194530039085],[165.134338082051613,-74.45356879095597],[165.142990740582007,-74.455401735819834],[165.147208420286432,-74.457885952905585],[165.145225563142475,-74.460551372081568],[165.136885658571259,-74.461569701490035],[165.127466159664635,-74.460507711990346]]]]}}
]
}
