{
"type": "FeatureCollection",
"name": "clipped_ADD Moraines (high)",
"crs": { "type": "name", "properties": { "name": "urn:ogc:def:crs:OGC:1.3:CRS84" } },
"bbox": [ 161.4, -78.35, 167.628803650452, -74.4 ],                                                                                
"features": [
{"type":"Feature","properties":{"SURFACE":"moraine","SUBSURFACE":null,"SOURCE":null},"bbox":[163.469713623002121,-78.237611471183243,163.492675848360818,-78.23027202672715],"geometry":{"type":"MultiPolygon","coordinates":[[[[163.470544317216621,-78.237476789047903],[163.4703592988987,-78.236800339181897],[163.469887920673898,-78.236182585847445],[163.469713623002121,-78.23539273896408],[163.470369007166624,-78.234558078597715],[163.471604962838484,-78.233606510582575],[163.473354586087197,-78.232781077302803],[163.47537234457559,-78.232114427615883],[163.482766874408924,-78.230300168457063],[163.487171181586007,-78.23027202672715],[163.492675848360818,-78.230300852117409],[163.490349077235464,-78.231300452760451],[163.488050785486621,-78.232016702202912],[163.48493468892238,-78.232721499065974],[163.482655689985506,-78.233324874519596],[163.480903839924167,-78.234055166486101],[163.478797852605652,-78.235391246667618],[163.476738665371698,-78.236492592092205],[163.474716887998881,-78.237168557919631],[163.473555406696818,-78.237611471183243],[163.472243366943559,-78.237151943521056],[163.470544317216621,-78.237476789047903]]]]}},
{"type":"Feature","properties":{"SURFACE":"moraine","SUBSURFACE":null,"SOURCE":null},"bbox":[162.822588393560522,-78.35,162.938510347949403,-78.338859555057297],"geometry":{"type":"MultiPolygon","coordinates":[[[[162.882131567232847,-78.35],[162.822588393560522,-78.35],[162.826248173512198,-78.349666761119749],[162.83021915926318,-78.349246984278892],[162.831957720205281,-78.348916758262646],[162.83648537559381,-78.348503051735193],[162.841277336307172,-78.348143928297475],[162.841625970652814,-78.347755580884595],[162.840069675713892,-78.347133956743107],[162.838252694214503,-78.346438825232809],[162.836968836634128,-78.345919998642955],[162.835337874677947,-78.345637003999229],[162.838731329234577,-78.345371914753116],[162.842693283481765,-78.345008744694638],[162.846351127165718,-78.344807764805793],[162.850548459896288,-78.344621315151599],[162.853070133973489,-78.344530603887321],[162.85639956606849,-78.344556981014918],[162.858042433068817,-78.344735675576786],[162.865927872836693,-78.345694292913521],[162.867852164709404,-78.345871370871919],[162.871437073856015,-78.346008812419669],[162.875350020996621,-78.345928243146943],[162.879204033655043,-78.346130008103302],[162.882502475633203,-78.346325746504945],[162.88529829375625,-78.34628040402346],[162.888373067980723,-78.34619517996687],[162.892612491106632,-78.345781910413422],[162.896046867108453,-78.345289937781786],[162.899747641976091,-78.344814503733659],[162.902359920948072,-78.344214178146757],[162.905222092023166,-78.343734248661292],[162.907224134468038,-78.343410591738106],[162.909224673679233,-78.343144035495428],[162.91094142766525,-78.342821704456568],[162.913212008357533,-78.342610044327273],[162.916613803173135,-78.342239844464387],[162.918030349125615,-78.342089504686157],[162.918880347775058,-78.341980236943584],[162.91752197823206,-78.341800535418955],[162.915596244276884,-78.341680910355777],[162.911995711375795,-78.341647873423526],[162.908325145393178,-78.341905976551999],[162.90353649930131,-78.342266144913523],[162.899040900380328,-78.342510997188697],[162.894025141116913,-78.342589956131135],[162.891291308014303,-78.342343615899935],[162.888560428684968,-78.34204021863043],[162.886377935943244,-78.341847193416029],[162.883618710764154,-78.341723130571992],[162.881122489813748,-78.34170122552031],[162.877751287138437,-78.341901332732917],[162.873556003319976,-78.341983334542135],[162.870184587820063,-78.342183351860427],[162.866541268945895,-78.342375930201314],[162.862614554760427,-78.342522199690507],[162.85895590059971,-78.342770955904044],[162.854502331053112,-78.342798457541321],[162.850623612619671,-78.342709159281654],[162.845921039800885,-78.342568407298458],[162.840665236274162,-78.342469340486488],[162.836247011737839,-78.342269862724109],[162.830562876555973,-78.341438077191782],[162.828681445271741,-78.341082128343686],[162.830128559759856,-78.340762399683513],[162.833504292564641,-78.340563111579868],[162.837162638041406,-78.340305137807036],[162.842222522851046,-78.340010628321551],[162.845642853079028,-78.339537441266856],[162.850182674057777,-78.339057785856482],[162.853272576929669,-78.338859555057297],[162.857137138248362,-78.339052910020669],[162.860913883916282,-78.33965077431094],[162.864687433422091,-78.340343722888804],[162.868511560389209,-78.340706000539257],[162.872376058936993,-78.340851413328863],[162.875718147710785,-78.340821203842566],[162.879944714230618,-78.340512305817086],[162.884182358068671,-78.340099166307837],[162.888704699573225,-78.339684632569188],[162.894031720525987,-78.339444059792143],[162.900154097569072,-78.339434014217318],[162.906255934013984,-78.339527429706749],[162.910946067481689,-78.339733171834695],[162.915605133542414,-78.340098959140178],[162.921129380966505,-78.340308665055417],[162.927215966056764,-78.340467370973329],[162.93301238410757,-78.340684185888392],[162.937151786859829,-78.340874322094976],[162.938510347949403,-78.341053928989865],[162.935275702102473,-78.342044755560735],[162.932055014867018,-78.34296972098214],[162.927985299252981,-78.343956381407068],[162.922834279121048,-78.344809174870463],[162.918838773291895,-78.345352348549085],[162.915402176530847,-78.345939732780963],[162.911133801571339,-78.346465899472463],[162.906594952592997,-78.346946620914224],[162.900098800434506,-78.34751539751494],[162.894216776736755,-78.347702735908712],[162.888362596958302,-78.347815418684988],[162.88579118681335,-78.348189421641678],[162.882715147487545,-78.349752493707612],[162.882131567232847,-78.35]]]]}},
{"type":"Feature","properties":{"SURFACE":"moraine","SUBSURFACE":null,"SOURCE":null},"bbox":[163.422329731497143,-78.35,163.485722702038572,-78.335087830530199],"geometry":{"type":"MultiPolygon","coordinates":[[[[163.437937681944334,-78.35],[163.424892653619082,-78.35],[163.42496314187099,-78.349527158920338],[163.422814374039177,-78.348951095102194],[163.422329731497143,-78.348446561120028],[163.423543358436262,-78.347663846000955],[163.427813056956381,-78.346912777463416],[163.429348412100722,-78.345902223235456],[163.430566700711523,-78.34511980633313],[163.434232997830804,-78.344693719589159],[163.438706213270876,-78.344544261957637],[163.442277365904545,-78.34485390976414],[163.446153654704972,-78.344982190699582],[163.450310340102135,-78.345117744275896],[163.453641119778837,-78.345137106796741],[163.457875346213598,-78.344649800196947],[163.460727996734903,-78.34410806205004],[163.46333389749887,-78.343332874501883],[163.465089879613771,-78.342620755507582],[163.466866566203691,-78.341786310212186],[163.468074483438983,-78.341107853298666],[163.470122853106631,-78.340337244781949],[163.472173614269877,-78.339509751085586],[163.474512936429733,-78.338566500289261],[163.477451757727238,-78.337402581131002],[163.479206710250395,-78.33673795019908],[163.480681341547694,-78.336066013445588],[163.482163161117512,-78.335346987944249],[163.484973721998131,-78.335087830530199],[163.485722702038572,-78.335760036827708],[163.484174390602504,-78.336988331040203],[163.480687508074141,-78.338147922167082],[163.47746605136561,-78.339418482263852],[163.476760241841589,-78.340488235607438],[163.47521169621433,-78.341716571632077],[163.472829469105079,-78.342989977711611],[163.470984392206361,-78.344333633821989],[163.467824196943297,-78.34504711331293],[163.463886793959148,-78.345466808466128],[163.45905456141972,-78.346174983777246],[163.456190384123175,-78.346887160412038],[163.453606345668987,-78.347492563490562],[163.448784875787197,-78.348144261757668],[163.44478903866019,-78.348912038364205],[163.439674879796712,-78.349726705744771],[163.437937681944334,-78.35]]]]}},
{"type":"Feature","properties":{"SURFACE":"moraine","SUBSURFACE":null,"SOURCE":null},"bbox":[162.750424674027897,-78.314812705945869,162.778697908465688,-78.301313965996826],"geometry":{"type":"MultiPolygon","coordinates":[[[[162.770077372537003,-78.301313965996826],[162.772277229773351,-78.30139508689318],[162.774966476771709,-78.301859932227401],[162.777688314271785,-78.302107376657816],[162.778697908465688,-78.302619202788932],[162.778286719134371,-78.303346982783708],[162.77447106075752,-78.304442682777633],[162.7700394367331,-78.305919411462312],[162.766658947049308,-78.307633967976443],[162.763626289521255,-78.308969725744646],[162.761724166730289,-78.310243025263929],[162.762683728854057,-78.310980741963505],[162.764731577039527,-78.311891810874471],[162.766450045160269,-78.313087435491596],[162.766799720693086,-78.314206553711216],[162.765650418507789,-78.314372834809618],[162.761416137981342,-78.31473636548813],[162.75807770478022,-78.314812705945869],[162.755938103075636,-78.314411023644851],[162.753905542118474,-78.313386340968847],[162.752599736146237,-78.311567729690026],[162.753198055647857,-78.309840284085965],[162.754987621385908,-78.3077680134014],[162.754078018833724,-78.306699439654992],[162.751997712395735,-78.306005591242851],[162.750946293495872,-78.305662717076217],[162.750424674027897,-78.305496305150427],[162.750738147516387,-78.305325218253088],[162.754655926295612,-78.305132944559261],[162.757724690537543,-78.305039849871008],[162.758966175485909,-78.304373802654908],[162.760852113241839,-78.303156800452967],[162.764117785226631,-78.302055249528635],[162.766693033924042,-78.30162577682735],[162.770077372537003,-78.301313965996826]]]]}},
{"type":"Feature","properties":{"SURFACE":"moraine","SUBSURFACE":null,"SOURCE":null},"bbox":[162.841842105586863,-78.309468457729835,162.930206937082261,-78.294486980712719],"geometry":{"type":"MultiPolygon","coordinates":[[[[162.862838705614053,-78.304727616793286],[162.858271180644124,-78.303955692478667],[162.854400204253494,-78.303875662439793],[162.848270830936741,-78.30410243913137],[162.844085942026112,-78.304241026049198],[162.841842105586863,-78.304396184064373],[162.841930020206064,-78.303886726157529],[162.844282216664965,-78.303175721431629],[162.850001466149621,-78.302208199996642],[162.85416345564164,-78.302182571392123],[162.859043159929541,-78.302783437563988],[162.867022413372609,-78.303120285651431],[162.870890961212211,-78.303152327050896],[162.870713860324628,-78.302588238170074],[162.868659345994558,-78.301677952958315],[162.866248677395049,-78.30126025573567],[162.863808760169974,-78.300916979456844],[162.862752712181873,-78.300622088811409],[162.861155754377847,-78.300274286175821],[162.862617111692003,-78.299888932334966],[162.863839689292348,-78.299278869953042],[162.865608856106491,-78.298674391803289],[162.869297373760418,-78.298199476890119],[162.872731794145778,-78.297556092601994],[162.876154506034453,-78.297016838118125],[162.879527664234246,-78.296760493658667],[162.882576765639556,-78.296779426334055],[162.88674360017643,-78.296696543271267],[162.892855790873142,-78.296573022288314],[162.898237431480169,-78.29593663884792],[162.900869868967391,-78.296692027185756],[162.904622678919367,-78.297393353135064],[162.907087856592767,-78.297528098251263],[162.908280663203385,-78.297078207609346],[162.90784348736932,-78.296402701194424],[162.908868301484858,-78.295341772542955],[162.912570144163993,-78.294752912346297],[162.91671992843024,-78.294782970422162],[162.921756645137918,-78.294486980712719],[162.925610238942454,-78.294622360589813],[162.927216399712393,-78.294970297083481],[162.928411732173117,-78.296045626235994],[162.929296667511153,-78.297292234381629],[162.930206937082261,-78.298416496478353],[162.92948403366097,-78.299372297271404],[162.927137821913504,-78.300084005889786],[162.923330579484855,-78.299665685210755],[162.920009833696213,-78.299639845346491],[162.917365303177178,-78.30051403560104],[162.915539423419688,-78.301458324257752],[162.911256678050506,-78.302106463598989],[162.90820452557864,-78.302135404709404],[162.906670751708532,-78.301448709792723],[162.905332137291452,-78.301212689029541],[162.901942281427011,-78.301535079486655],[162.897744097217753,-78.301730733792965],[162.893654010624601,-78.301408731820956],[162.889320115693238,-78.300823553755947],[162.885480951790612,-78.300621942053624],[162.882390853106415,-78.300877034590158],[162.880278006568318,-78.301822420749588],[162.87981973810551,-78.30282350275489],[162.882990897221561,-78.303688966358095],[162.886827003048353,-78.303890361454748],[162.890115924742759,-78.30413381262268],[162.892187780170246,-78.304940024328076],[162.891742961233263,-78.305837042085798],[162.888602556907557,-78.306375162656863],[162.885195444187588,-78.306801276634957],[162.882578066941193,-78.307505494647472],[162.878053261982444,-78.307985727028452],[162.871859284487499,-78.308495135135388],[162.866782426415341,-78.308969359824601],[162.862557139867931,-78.309325106124817],[162.859206044864038,-78.309468457729835],[162.858116405016631,-78.309352662858828],[162.857954893641505,-78.308732288254205],[162.858370500584812,-78.307995427171136],[162.860978437726914,-78.307347956421822],[162.86462589099699,-78.307099189281899],[162.863461186021169,-78.305901228592631],[162.862838705614053,-78.304727616793286]]]]}},
{"type":"Feature","properties":{"SURFACE":"moraine","SUBSURFACE":null,"SOURCE":null},"bbox":[162.525861875979615,-78.290461212518821,162.697414085891921,-78.248697980636067],"geometry":{"type":"MultiPolygon","coordinates":[[[[162.596823595040604,-78.283850321988965],[162.594722767572847,-78.283277316072855],[162.591979059140954,-78.283188528124512],[162.584717694481981,-78.283518543298626],[162.582493768888327,-78.28355827441348],[162.583208415678882,-78.282782565060984],[162.583488802017825,-78.282141525950905],[162.582065707730976,-78.281592458837522],[162.58499133041957,-78.280833529640773],[162.587672683979406,-78.279896695273521],[162.591154139399293,-78.279087234980167],[162.593831668759265,-78.278207450972829],[162.595377241102369,-78.27737969016502],[162.597822321772554,-78.276275039220707],[162.601370141252858,-78.275126060088311],[162.603515844830468,-78.274078745258649],[162.604609973164372,-78.272792597641882],[162.610114486565323,-78.271548659554441],[162.615566320946471,-78.270578215037588],[162.622084637617775,-78.269790167584588],[162.628048852738033,-78.26899541330036],[162.628731348652252,-78.268332373679755],[162.626569736773945,-78.26808981536972],[162.621017564293226,-78.268213797432708],[162.613488409639388,-78.26854594659153],[162.605672691685754,-78.268926500584342],[162.596432346489905,-78.269521611547376],[162.588037560306361,-78.270008074461771],[162.57889456625611,-78.270102813146138],[162.572045823432603,-78.269818492760137],[162.565684533858075,-78.269822968489677],[162.559848897572749,-78.269946836655393],[162.553779328870945,-78.269893279627212],[162.546917479468078,-78.269664770214831],[162.540368818085454,-78.269265081126719],[162.535978121999221,-78.269070155999614],[162.530779342028382,-78.268852089336278],[162.525861875979615,-78.268585060370683],[162.528971002260505,-78.268220533295988],[162.533975035570052,-78.268091880210292],[162.540040470003476,-78.268193422147334],[162.546871808939812,-78.268592130587848],[162.55375129746821,-78.268707200111237],[162.559569854798383,-78.268649255563105],[162.566782437832728,-78.2685369774386],[162.573384138309024,-78.268652916034014],[162.579114506975628,-78.269037766671374],[162.585482287454909,-78.268985684249188],[162.591910167891712,-78.2686412839751],[162.596968283579798,-78.268238088907566],[162.599160784132437,-78.266964699622292],[162.603415438362305,-78.266433847346306],[162.606028212726187,-78.265788781518211],[162.60926680806358,-78.26484941656409],[162.612255697828175,-78.263703188563568],[162.614662489465132,-78.262758568615681],[162.618489105857009,-78.261560701455323],[162.621207864937276,-78.260406834252336],[162.623944902610077,-78.259187313435788],[162.62499100603543,-78.258079682318538],[162.623494622318816,-78.257277897553337],[162.620572211826271,-78.256748015882607],[162.619011579341986,-78.256228497153231],[162.617531998198587,-78.255370429909462],[162.616568696132248,-78.254688461485799],[162.615341557638004,-78.253894190521564],[162.611867895705331,-78.253357638582003],[162.608898418618821,-78.252996397339658],[162.605844833074514,-78.253088037622561],[162.601394967844328,-78.253271961891528],[162.596994154455672,-78.253182058331404],[162.59095235441572,-78.253015948275404],[162.585674921597132,-78.253194535185045],[162.581163073385312,-78.253660673695677],[162.576627506338497,-78.254239838691959],[162.573288766314477,-78.254379786073983],[162.571096743209466,-78.254258769440227],[162.565555968124272,-78.25437245084332],[162.560225156815193,-78.254776414559359],[162.555138253781934,-78.255348713689202],[162.551730791173497,-78.25582786657796],[162.551101679106267,-78.256207835020234],[162.546175655747049,-78.255949858322325],[162.543097203178348,-78.256144368628853],[162.540890875624655,-78.256127264461824],[162.539445141283949,-78.25613974870214],[162.537680654481591,-78.256122259868093],[162.534215379187486,-78.25640652862333],[162.534546381598005,-78.256131635083477],[162.533534971461251,-78.255675230550693],[162.531168791517871,-78.25509380600225],[162.531020082338699,-78.254472970738064],[162.531671745387143,-78.254027596188607],[162.533697827571785,-78.253593880871421],[162.535247071907094,-78.252766656157817],[162.538511915497878,-78.251667304425268],[162.553947732530105,-78.251786628339502],[162.557782884821819,-78.251927015728853],[162.561583886064028,-78.252189310406081],[162.564601307435709,-78.252325027052706],[162.567108284007219,-78.252179771124943],[162.570499971230504,-78.251814129410178],[162.576708630171822,-78.251141521381925],[162.581541145002035,-78.250447726550476],[162.586350873116231,-78.249924306716437],[162.591961656950559,-78.249461545542857],[162.596144976088425,-78.249222642348101],[162.601900730358551,-78.249389597695952],[162.607925792609251,-78.249659536569268],[162.613338136095393,-78.2501575717626],[162.618516538693541,-78.25047825864921],[162.623444607666158,-78.250687408590068],[162.628391703271262,-78.250783115312714],[162.634182164471753,-78.250827442884187],[162.638926807635272,-78.250585497142623],[162.644534488872921,-78.250131147648347],[162.648253944245283,-78.249432446959105],[162.653090835266454,-78.248738020024561],[162.658057247387973,-78.248729476797905],[162.664628811669047,-78.248956546575613],[162.671299685297214,-78.24872209105817],[162.67572577775951,-78.248697980636067],[162.679231210176169,-78.249073414527089],[162.682418859441441,-78.249714916547987],[162.688448410244746,-78.249926026767682],[162.694489989048321,-78.250090042053188],[162.697414085891921,-78.250619149660821],[162.69585709590342,-78.251560537688889],[162.694337611251115,-78.252275279986435],[162.694695265827335,-78.253242740548814],[162.695034928148402,-78.254361746590916],[162.692653469795118,-78.255241320592148],[162.689448043851513,-78.256116333138095],[162.68670275401675,-78.257392740981217],[162.686199500584138,-78.258563300825486],[162.685175001736781,-78.259614902212348],[162.684104006034488,-78.260797176052947],[162.684736333920938,-78.261810758302218],[162.684813328195503,-78.262875000284282],[162.683603539749384,-78.263370883554131],[162.680343781806073,-78.263116349392234],[162.676557501451271,-78.262694733056691],[162.674512731933703,-78.263242590753066],[162.673224584164643,-78.26413435066361],[162.67422376392804,-78.264703620849602],[162.672726276719118,-78.265267140534945],[162.671312034197172,-78.265473254156106],[162.66985401988876,-78.265857932613457],[162.66726841010464,-78.26774590888617],[162.66185079750224,-78.267144231441847],[162.656034892330325,-78.267261648142522],[162.651844965313643,-78.267453635037654],[162.647609510970796,-78.267929048465078],[162.646994896025859,-78.268252727823324],[162.648508982890434,-78.268940786278549],[162.649212049274155,-78.26956775061349],[162.648781927334397,-78.270351810309137],[162.646393704790199,-78.271231016501062],[162.642419953079184,-78.271761269222324],[162.637302858421521,-78.272447922333953],[162.63192863390222,-78.273022704839647],[162.629622032897856,-78.273506112011589],[162.630387572169298,-78.273850744520217],[162.631416455230379,-78.274250303576238],[162.630185740465379,-78.274811683626325],[162.627314331099512,-78.275392845191547],[162.62463720421178,-78.276330049022533],[162.621742376359578,-78.276928802004107],[162.616884955958028,-78.277727304170369],[162.61289143560316,-78.278313401793852],[162.609965413630391,-78.279129723173043],[162.607853508870591,-78.279959664243052],[162.608555050916607,-78.280586741772595],[162.610066982740648,-78.281322666492116],[162.607076187430351,-78.282421345698424],[162.60331119543909,-78.283232051532238],[162.602929156642659,-78.28379018729855],[162.60439217003406,-78.284752189089758],[162.604740494385936,-78.285767377211613],[162.602595599450808,-78.286767161799901],[162.599013113603348,-78.288028775324378],[162.595465138719135,-78.289178005642114],[162.591717761829017,-78.28987528908803],[162.587721475221059,-78.290461212518821],[162.586558231350267,-78.289384470501361],[162.587292276671803,-78.288495381547293],[162.586926128275621,-78.287583982289831],[162.58646106749984,-78.287181942036526],[162.589557992235143,-78.286930351748651],[162.592073449330741,-78.286784949789592],[162.594072995174173,-78.286473001606097],[162.595818679628394,-78.286039849473227],[162.597318512106881,-78.285486009884309],[162.597716968629271,-78.284919355853518],[162.597266798235211,-78.284413264609697],[162.596823595040604,-78.283850321988965]]]]}},
{"type":"Feature","properties":{"SURFACE":"moraine","SUBSURFACE":null,"SOURCE":null},"bbox":[162.727231455593397,-78.292107388075991,162.745675784653514,-78.288145257206523],"geometry":{"type":"MultiPolygon","coordinates":[[[[162.743756653802933,-78.288255178261778],[162.744888105092684,-78.288145257206523],[162.745675784653514,-78.288376212407485],[162.74534484056673,-78.288651114438863],[162.744121184208382,-78.289260904736295],[162.742361400893458,-78.289808262798417],[162.740318981906569,-78.290356876878505],[162.737963026595452,-78.291066999287281],[162.734239235854432,-78.291709911701346],[162.730313998853177,-78.291958414545093],[162.728347836546732,-78.292063341873273],[162.727231455593397,-78.292107388075991],[162.727893379916168,-78.291605269842478],[162.729637117281129,-78.291114178962019],[162.733646124075221,-78.290470237439607],[162.737383460679723,-78.289723255430204],[162.740555271312587,-78.289121867328774],[162.742302117510121,-78.288630953622956],[162.743756653802933,-78.288255178261778]]]]}},
{"type":"Feature","properties":{"SURFACE":"moraine","SUBSURFACE":null,"SOURCE":null},"bbox":[162.655196541801359,-78.287447539807701,162.682796233463051,-78.282578391102732],"geometry":{"type":"MultiPolygon","coordinates":[[[[162.666812574850468,-78.282578391102732],[162.672290505878777,-78.282896997681561],[162.674703636690907,-78.283259905643718],[162.678782733184534,-78.283632880750318],[162.681746311311116,-78.284049662792739],[162.682796233463051,-78.284335674106231],[162.682685620335747,-78.284901323234081],[162.677897582413664,-78.285313901954311],[162.675035074433993,-78.285791145741626],[162.671858216664361,-78.286439354859894],[162.666454105638081,-78.28718502941372],[162.661709822341095,-78.287418841955713],[162.658097456046619,-78.287447539807701],[162.655665336147507,-78.287197853301933],[162.655196541801359,-78.286748111244663],[162.655874555385196,-78.286132461733672],[162.657107858934694,-78.285523397586687],[162.657970781874496,-78.285310849910303],[162.661631627219919,-78.28500845486991],[162.664521058968234,-78.284408944724788],[162.666812574850468,-78.282578391102732]]]]}},
{"type":"Feature","properties":{"SURFACE":"moraine","SUBSURFACE":null,"SOURCE":null},"bbox":[162.943997309872941,-78.304661963915194,162.999710492020739,-78.288014660080904],"geometry":{"type":"MultiPolygon","coordinates":[[[[162.948002771170849,-78.302717240614299],[162.952514884982605,-78.300672389243985],[162.956131310187004,-78.299010266214495],[162.960000463531003,-78.297468713710657],[162.964744921128386,-78.29569570078354],[162.971108475671855,-78.294118645449856],[162.977448101716647,-78.292702067834668],[162.982636929422881,-78.291499820156574],[162.986124134523834,-78.29051582340486],[162.987942846090277,-78.289580643078423],[162.988832561023059,-78.289245235907899],[162.989746999868203,-78.288797022746209],[162.990428167530354,-78.288067524839065],[162.991264510927834,-78.288014660080904],[162.993986351174726,-78.288259929845822],[162.996428980454112,-78.288564055826356],[162.999710492020739,-78.288805891435487],[162.996467138886715,-78.289919427359436],[162.994945707454093,-78.290701570872926],[162.993438254250691,-78.291465531033253],[162.993256444715144,-78.291654339337683],[162.99176236002296,-78.293190943413393],[162.987842169741356,-78.293443025804379],[162.983862028719898,-78.294034381310595],[162.980419007648095,-78.29473530527531],[162.977500522540396,-78.29562127000905],[162.974855863075135,-78.296495658574912],[162.972812793455802,-78.297102483888295],[162.971272972927608,-78.298035997888547],[162.967799234285536,-78.298858872374623],[162.964945592605602,-78.299348608974896],[162.963716461047682,-78.300015551387631],[162.964690874745258,-78.300857573859062],[162.965959814290159,-78.301489168345284],[162.965794391115367,-78.302441414432664],[162.965282019592877,-78.303791427578389],[162.965179211380928,-78.303797444347595],[162.959120875335884,-78.304151921149739],[162.958516307478135,-78.302903990663012],[162.956099613660314,-78.302391597133692],[162.9540650889478,-78.302941766096936],[162.951438153139833,-78.303702892875123],[162.949235584426077,-78.304661963915194],[162.947527811937789,-78.303936245477146],[162.943997309872941,-78.303516476119469],[162.945236930040153,-78.303250477503738],[162.946812443259347,-78.302967248032061],[162.948002771170849,-78.302717240614299]]]]}},
{"type":"Feature","properties":{"SURFACE":"moraine","SUBSURFACE":null,"SOURCE":null},"bbox":[162.69403954698987,-78.285001279410622,162.707940092445483,-78.282398519209423],"geometry":{"type":"MultiPolygon","coordinates":[[[[162.697435915203215,-78.283105515888579],[162.700892450557745,-78.282398519209423],[162.707438229844655,-78.282850745353045],[162.707940092445483,-78.283130598570622],[162.706332359807988,-78.284250426907988],[162.701523450544187,-78.28482425171498],[162.69761940988019,-78.284959013283],[162.695119948474542,-78.285001279410622],[162.69403954698987,-78.284875649825906],[162.694998862874058,-78.284211042430911],[162.696538241985792,-78.283430450384543],[162.697435915203215,-78.283105515888579]]]]}},
{"type":"Feature","properties":{"SURFACE":"moraine","SUBSURFACE":null,"SOURCE":null},"bbox":[163.47992994577146,-78.330966233511816,163.50360834636416,-78.326122082722335],"geometry":{"type":"MultiPolygon","coordinates":[[[[163.482062696556511,-78.327547203840496],[163.484388198648787,-78.326717307216654],[163.487218642905759,-78.326335897827477],[163.490308220539561,-78.326122082722335],[163.492492288618593,-78.326310118701372],[163.49606141273253,-78.326666727453741],[163.499075522159245,-78.326961493762326],[163.502068741022782,-78.327426030390583],[163.503404965120723,-78.327876752851552],[163.50360834636416,-78.328392625497415],[163.503005940883185,-78.328784182078195],[163.502412051793925,-78.329109725625571],[163.502223711553626,-78.328433190215478],[163.499112652547666,-78.328816938910279],[163.49462713432149,-78.329127763927204],[163.491538314401652,-78.329398740467482],[163.489014523121426,-78.329608539171048],[163.48671668332571,-78.330212047979828],[163.48500920490514,-78.330584843442153],[163.482177650450609,-78.330966233511816],[163.481393074880572,-78.330519967008058],[163.47992994577146,-78.329044491657825],[163.480846423521371,-78.328377142681759],[163.482062696556511,-78.327547203840496]]]]}},
{"type":"Feature","properties":{"SURFACE":"moraine","SUBSURFACE":null,"SOURCE":null},"bbox":[162.766291089654914,-78.286254285106949,162.779232773816801,-78.282181344164329],"geometry":{"type":"MultiPolygon","coordinates":[[[[162.775872333367943,-78.282675641874235],[162.779232773816801,-78.282181344164329],[162.777842442735164,-78.283686857065987],[162.775662335929127,-78.284961414565046],[162.773309630342652,-78.285671825282975],[162.770750211521062,-78.286102105716338],[162.768773852940029,-78.286254285106949],[162.767391286465141,-78.286243519633274],[162.766291089654914,-78.286231455205765],[162.768926162575468,-78.285090484366918],[162.773126069503661,-78.283447090262143],[162.775872333367943,-78.282675641874235]]]]}},
{"type":"Feature","properties":{"SURFACE":"moraine","SUBSURFACE":null,"SOURCE":null},"bbox":[163.506893226261809,-78.329889642692137,163.628136823919931,-78.27979712158259],"geometry":{"type":"MultiPolygon","coordinates":[[[[163.559329290681148,-78.31559326541506],[163.562133068040566,-78.315380837071345],[163.563777424895534,-78.315507612608684],[163.566247435748977,-78.315740712577551],[163.57484783162019,-78.315779448442754],[163.577084103712366,-78.315570994107176],[163.579624481649091,-78.315190691809946],[163.581928573053432,-78.314577785315436],[163.5831307793311,-78.313747111291434],[163.58431416049163,-78.313133803084668],[163.584955903837709,-78.312459667860622],[163.586711864575534,-78.311681063869372],[163.589018654613852,-78.310916344167396],[163.592491149866532,-78.309746252831744],[163.594814130014583,-78.308811523862573],[163.596901162302828,-78.307587261607253],[163.6000810284024,-78.306532704158812],[163.602659087856978,-78.3058126747367],[163.603850729308306,-78.305142906593687],[163.605864922301322,-78.304484220594887],[163.608711426094317,-78.303875180952616],[163.611818348693589,-78.303338648725799],[163.614077592633265,-78.303007989228803],[163.616359389211169,-78.302403235618698],[163.617281343573012,-78.301679411727847],[163.616566891769963,-78.300715553403478],[163.615546614228577,-78.299923398699349],[163.615072302103499,-78.299249276444996],[163.614910024784905,-78.298299340141682],[163.615309304222791,-78.297335416157466],[163.61627351885187,-78.296110778744534],[163.616673407054378,-78.295156401405933],[163.617594021797885,-78.294375556962493],[163.616597025622127,-78.293423319319558],[163.615877754177973,-78.292459151662982],[163.615136767123545,-78.291731116025332],[163.614401074832273,-78.29093690775484],[163.614517262408725,-78.289984602585633],[163.615165329506766,-78.289149528514315],[163.617189316623524,-78.288472573620012],[163.618356428552659,-78.287924919553134],[163.618464142050755,-78.287019618858423],[163.618318340992033,-78.285899745363906],[163.617931004182736,-78.284499530138561],[163.617505006642205,-78.283372421276781],[163.617120487071986,-78.282019854237859],[163.617228295681116,-78.281067080690377],[163.619256222095032,-78.280295476445573],[163.621247914335669,-78.27979712158259],[163.62343018559136,-78.280088882779808],[163.623886364822226,-78.280932846571915],[163.624022661897385,-78.28210909296071],[163.623309402777494,-78.283510037197004],[163.623401931360377,-78.284978082401565],[163.624078154931254,-78.286272031102683],[163.625047340184722,-78.287450496000034],[163.62632491770546,-78.288409925279325],[163.627574145527177,-78.289538588789341],[163.628010513877229,-78.290552279925905],[163.628136823919931,-78.291841878073541],[163.62771829909903,-78.293023015840632],[163.627296984332389,-78.294251478449283],[163.626283086675443,-78.295824495787599],[163.625809922210522,-78.297505741773875],[163.624490290240601,-78.299241011297099],[163.623476123489667,-78.300804567427718],[163.622199063177874,-78.302257498827359],[163.621233651023857,-78.303434604628592],[163.619994576144904,-78.304547924040889],[163.618793306284061,-78.305331096124149],[163.617017692485575,-78.306222504723479],[163.615816053028794,-78.307005666658554],[163.609994350592302,-78.309384507428504],[163.609219095783601,-78.308882386181921],[163.609039538516242,-78.308140335601323],[163.608533047349908,-78.307692223594302],[163.607731030246299,-78.307463936387038],[163.604281614094333,-78.308464486433223],[163.603090894982614,-78.309181825527531],[163.602174308408649,-78.309858529088771],[163.601478179794015,-78.311080295602196],[163.600246636670875,-78.312089670462896],[163.598190372155557,-78.313040369800802],[163.595321270561612,-78.313866603200665],[163.591888432042907,-78.314744692932948],[163.587077983827214,-78.315502576490232],[163.580923919819128,-78.315980728206256],[163.576172821437325,-78.316238558350577],[163.570878536969758,-78.316435378053924],[163.566417868719839,-78.316586913354215],[163.562252332098552,-78.31667051909001],[163.558906949382816,-78.316774590125391],[163.555835211385016,-78.316980491679416],[163.553299970896944,-78.317303953484455],[163.550725820341256,-78.317853098133199],[163.547607605301806,-78.318502711328065],[163.545320363645118,-78.319002489769503],[163.542758560329418,-78.319495338699994],[163.541300657347904,-78.320101728273485],[163.540969927578004,-78.320547516363632],[163.540313783738668,-78.321334897797556],[163.540169366541932,-78.322456945929616],[163.540546620738922,-78.323866742167539],[163.540385396977058,-78.325206327936186],[163.540762397222693,-78.326559098688449],[163.540630101321256,-78.3276818831079],[163.5399550068324,-78.328629694700638],[163.537903267451298,-78.329514210825948],[163.536959722803431,-78.329889642692137],[163.536543395353902,-78.329752922752391],[163.537472694260146,-78.328509778713624],[163.537553443756423,-78.327830477209929],[163.536862572814414,-78.326705954302156],[163.536130023343674,-78.32591149506824],[163.534827808746314,-78.325234980247728],[163.532658848621907,-78.324829658312055],[163.529109183838102,-78.324313173555737],[163.525261859609856,-78.324063876080317],[163.522247837962283,-78.323769390063035],[163.518944956770042,-78.323524080844649],[163.515139163383026,-78.322944506048842],[163.51547070463829,-78.322441714639382],[163.513667777216455,-78.321421415250455],[163.512656753914484,-78.320629104575715],[163.512163765928335,-78.320067394686689],[163.510282329934057,-78.319660027345549],[163.508134222896359,-78.319094104875418],[163.507380978073257,-78.318421734685344],[163.506893226261809,-78.317907826511217],[163.507800955124821,-78.317354061217088],[163.510312036159974,-78.317248050179884],[163.514469838900055,-78.317269241300068],[163.51920303547621,-78.317125297542233],[163.525882616192547,-78.316936338315159],[163.531145813420949,-78.317023497982987],[163.536388832144695,-78.317213865672656],[163.54164818708449,-78.317300587737293],[163.545277223246217,-78.317147163030583],[163.548349196953495,-78.316941376330959],[163.553122824485541,-78.316514290894844],[163.555374613609246,-78.316240398872779],[163.557924830849572,-78.315803824450512],[163.559329290681148,-78.31559326541506]]]]}},
{"type":"Feature","properties":{"SURFACE":"moraine","SUBSURFACE":null,"SOURCE":null},"bbox":[163.793227644379499,-78.348783817404552,163.874807248512639,-78.339751932134291],"geometry":{"type":"MultiPolygon","coordinates":[[[[163.858840270723562,-78.346706744733652],[163.855542153077494,-78.346409513244438],[163.853296724451212,-78.346515341081329],[163.851042162783557,-78.346895739681287],[163.849064287351581,-78.34716898684465],[163.846288041982149,-78.347205764342959],[163.844636537683101,-78.346928855585887],[163.845283734762404,-78.346084425475937],[163.843946829382389,-78.345465401207036],[163.839530175310415,-78.345168871464466],[163.835681917390332,-78.344706312555218],[163.834077340421999,-78.34408101214791],[163.833327367451915,-78.343287546789256],[163.83147652979946,-78.342382127174616],[163.828755722627392,-78.341805203594191],[163.825405514274337,-78.341912430247945],[163.822873315499606,-78.342181444533693],[163.820333676932506,-78.342563866734181],[163.816421605863184,-78.342770894141481],[163.812546486352602,-78.3426384507287],[163.809759599901213,-78.34269316669598],[163.808620384735775,-78.343015356913185],[163.808014345260887,-78.343463725846306],[163.80640841622801,-78.343881883116765],[163.806412693448692,-78.343882932167674],[163.804016226089971,-78.344510095697231],[163.801651623010059,-78.343261053354425],[163.799777748395684,-78.342477289606023],[163.797615747088713,-78.341904322658593],[163.795426920740027,-78.341614436356323],[163.793227644379499,-78.341380850510546],[163.795824006770829,-78.34038515151957],[163.802522921930205,-78.340133337145545],[163.808657967249417,-78.339933682489402],[163.813930602661003,-78.339958470847748],[163.816132142850847,-78.340239462064844],[163.819427491497493,-78.340537148712457],[163.82303372335528,-78.340663254583674],[163.828075198846733,-78.340237759393105],[163.831731480797089,-78.339854351084909],[163.834516738965704,-78.339751932134291],[163.838116611425988,-78.339934402496667],[163.84140531930538,-78.340345263620321],[163.843854071784193,-78.340915603189799],[163.846561120325305,-78.341652823356512],[163.850627879697072,-78.342630858428606],[163.854437601107833,-78.343536838113124],[163.858770166543934,-78.344625096707233],[163.861750732336048,-78.345425497377832],[163.865573926165268,-78.346161262999303],[163.869940892435267,-78.34691923730972],[163.871568513510425,-78.347422230559758],[163.874807248512639,-78.348446173048742],[163.874499108083967,-78.34867480722464],[163.871980530262533,-78.348783817404552],[163.868943704176246,-78.348701266352919],[163.865625841921513,-78.348365100896444],[163.863472019000824,-78.347783877183005],[163.861853927313803,-78.347214971840245],[163.858840270723562,-78.346706744733652]]]]}},
{"type":"Feature","properties":{"SURFACE":"moraine","SUBSURFACE":"ice","SOURCE":null},"bbox":[163.19329787644881,-78.301992111833059,163.285831186524149,-78.29176209487234],"geometry":{"type":"MultiPolygon","coordinates":[[[[163.281798896447754,-78.29182182499072],[163.283472061217822,-78.29176209487234],[163.284567469028815,-78.291885953013008],[163.285831186524149,-78.29217228288627],[163.285830094091438,-78.29217252073876],[163.281971759273461,-78.293007417862867],[163.281508963064766,-78.293107549932799],[163.280112714043213,-78.293408197011843],[163.278549520012461,-78.293773865835931],[163.275394583016151,-78.294423963994575],[163.27489687549155,-78.294531100022525],[163.27259073814048,-78.295118054260286],[163.270614379197582,-78.295639994179155],[163.268162611489061,-78.296144919200273],[163.265922791917205,-78.296628772056849],[163.259761074709019,-78.297470723360178],[163.25430955815969,-78.297794543589518],[163.248022989314933,-78.298038738062388],[163.23482698271124,-78.298412559346673],[163.23206711580616,-78.298569078736122],[163.229585231405252,-78.298720242363871],[163.224559148374993,-78.299148234401017],[163.214672644123937,-78.30000596355535],[163.208604926137781,-78.300701253631928],[163.203557455086468,-78.301239363526122],[163.203297146903225,-78.301264208322422],[163.202925423128221,-78.301305365995262],[163.202088334106463,-78.301379575125395],[163.197967882645145,-78.301772768821124],[163.19535236250502,-78.301976604328331],[163.19517736834112,-78.301992111833059],[163.195172539351574,-78.301990617694344],[163.19329787644881,-78.30141058100395],[163.194776873179023,-78.300577899730669],[163.199004221764483,-78.299923085338108],[163.204294361075057,-78.299618849220039],[163.211538670633189,-78.299196197832103],[163.217681445474511,-78.298725037700194],[163.223832492485059,-78.298187662725852],[163.229713451897368,-78.297538510659976],[163.234468761780221,-78.297105963142641],[163.241412955304583,-78.296864200896081],[163.247800723437109,-78.296721521466949],[163.252525516649683,-78.296467660703897],[163.257843122384145,-78.295926404234464],[163.262069095984998,-78.295318462404524],[163.266015933692728,-78.294607821558074],[163.270524689215847,-78.293845803927269],[163.274771489484721,-78.292906033243113],[163.277579158690315,-78.29247786870576],[163.280117920899187,-78.292033293080181],[163.281798896447754,-78.29182182499072]]]]}},
{"type":"Feature","properties":{"SURFACE":"moraine","SUBSURFACE":null,"SOURCE":null},"bbox":[163.025635684095107,-78.288692522292635,163.105001454906159,-78.269808364100399],"geometry":{"type":"MultiPolygon","coordinates":[[[[163.032065194112391,-78.280676112297115],[163.030017156653372,-78.279701297580274],[163.028184141540407,-78.279073207740282],[163.026122811509794,-78.278164190841508],[163.025635684095107,-78.277867232086834],[163.02873688411384,-78.277497529791034],[163.030973035069536,-78.277340895758826],[163.034103038756342,-78.276801470940811],[163.03724288557251,-78.276205484670825],[163.040940184698997,-78.275615460665534],[163.045475963923423,-78.274963068030445],[163.049967257283612,-78.27454600913552],[163.05413397484341,-78.274413595016838],[163.059376236049957,-78.274452496830449],[163.064056529793049,-78.274589856710762],[163.067395047047398,-78.274444086454295],[163.073345984562138,-78.273536081018534],[163.078491937376953,-78.272502028217716],[163.081989200014647,-78.271404072877871],[163.085996715704766,-78.270528136801971],[163.090782010276342,-78.2700526214593],[163.096074330001585,-78.269808364100399],[163.099917234387533,-78.269893465170938],[163.10235796409134,-78.270244226619297],[163.103952204314538,-78.270647421789818],[163.105001454906159,-78.270988376419837],[163.104613539133737,-78.271659554524888],[163.102243916217361,-78.272655904985655],[163.100409706488762,-78.27371389997144],[163.099418105461581,-78.274719197881367],[163.096137295156154,-78.276211622591632],[163.09151282775187,-78.277421073890466],[163.087170003935228,-78.278676484147738],[163.081671810343892,-78.280108100699067],[163.077919396390229,-78.281142841172596],[163.075184101068942,-78.282640463589402],[163.071627820041471,-78.282344411828674],[163.067467115474585,-78.282420474663041],[163.064573001434525,-78.283193930189498],[163.062007861167018,-78.283673413588488],[163.058371989915145,-78.283924716453285],[163.054667905892302,-78.284524191439473],[163.052062113918566,-78.285239245632042],[163.050505030914906,-78.286295442761485],[163.048438440279511,-78.287062926866938],[163.045576960420647,-78.287609747180397],[163.043846789012235,-78.288093233773253],[163.040140629333479,-78.288692522292635],[163.041403344290217,-78.287799064559195],[163.040639947361996,-78.287351706244806],[163.038818243000662,-78.286714961895413],[163.035947283040116,-78.285632150795465],[163.034421760635297,-78.284832699646174],[163.033432957346406,-78.284152225045162],[163.032213614758263,-78.283133559300708],[163.031105332582314,-78.281502551554183],[163.032065194112391,-78.280676112297115]]]]}},
{"type":"Feature","properties":{"SURFACE":"moraine","SUBSURFACE":"ice","SOURCE":null},"bbox":[163.250058623808258,-78.291228515487674,163.275708839384691,-78.289398474997824],"geometry":{"type":"MultiPolygon","coordinates":[[[[163.264022358490365,-78.28983346285014],[163.266560229950613,-78.289398474997824],[163.26876901031477,-78.289571345644802],[163.274798203516497,-78.290329313474516],[163.274932682026503,-78.290362807602534],[163.275708839384691,-78.290556117705322],[163.275217912535226,-78.290811596521934],[163.274702790020712,-78.290941915417619],[163.271915414262764,-78.291095356253138],[163.267225081234074,-78.29101847298989],[163.262535801605026,-78.290884483492619],[163.257814860719776,-78.290986352053082],[163.25448206342665,-78.291134873667957],[163.250874521998526,-78.291228515487674],[163.250058623808258,-78.291064485107256],[163.250936564234934,-78.29067089803803],[163.253483896757359,-78.290122381201627],[163.256000161002277,-78.289904987819526],[163.259873854462228,-78.289865620204338],[163.264022358490365,-78.28983346285014]]]]}},
{"type":"Feature","properties":{"SURFACE":"moraine","SUBSURFACE":null,"SOURCE":null},"bbox":[164.333280902974138,-78.296686461189182,164.365603185156232,-78.282556389968022],"geometry":{"type":"MultiPolygon","coordinates":[[[[164.363669534948656,-78.282830161404817],[164.364512504906486,-78.282556389968022],[164.365603185156232,-78.28283601481516],[164.365575438383274,-78.283562984961435],[164.364979215918169,-78.284238719067275],[164.364376884362599,-78.285027650256538],[164.36351119049354,-78.285801615928975],[164.362365706689957,-78.286531297028461],[164.36065784264332,-78.287370943253009],[164.359511692678694,-78.288043823730561],[164.357824738691164,-78.288600804782334],[164.355854067328096,-78.289151116956589],[164.353877118023036,-78.289824079471998],[164.352194737187489,-78.290324544263001],[164.350498466475727,-78.29077690541753],[164.349094191174629,-78.291321570930819],[164.34767343982378,-78.291836912521262],[164.346534156386866,-78.292500741009903],[164.345684086093627,-78.292944453799848],[164.344814729115427,-78.293614177893346],[164.343663036471725,-78.294296235953652],[164.342801273279946,-78.294900159362072],[164.341653390766567,-78.295582441394899],[164.340242037095607,-78.295965849723743],[164.338013294672265,-78.296350072976054],[164.336330929416533,-78.296576108625715],[164.333280902974138,-78.296686461189182],[164.33414748378587,-78.296120656743682],[164.334472624837332,-78.29527799849383],[164.334772183354602,-78.294831345072794],[164.335650099153071,-78.29410532017927],[164.3365042510992,-78.293548284344183],[164.338746905170211,-78.293051337468341],[164.341292201168159,-78.292316103902166],[164.34326823338975,-78.291482240971803],[164.345532924734016,-78.290645877405694],[164.347221036598285,-78.290145759106224],[164.349204615494386,-78.289359644753958],[164.35201874174237,-78.288422059808823],[164.354001139840165,-78.287531797181799],[164.355430690612479,-78.286799343532323],[164.357416870271862,-78.285956615414747],[164.358837635537242,-78.285176360107002],[164.360278071972402,-78.28433099461499],[164.362251388022571,-78.283497010280271],[164.363669534948656,-78.282830161404817]]]]}},
{"type":"Feature","properties":{"SURFACE":"moraine","SUBSURFACE":null,"SOURCE":null},"bbox":[162.56301621316868,-78.241665338108049,162.5874921761949,-78.237699142481048],"geometry":{"type":"MultiPolygon","coordinates":[[[[162.5753058562955,-78.237778502499808],[162.579736313235571,-78.237699142481048],[162.584309732456234,-78.238297262441932],[162.5874921761949,-78.238882725525684],[162.587340537088039,-78.239617808798684],[162.58397454295897,-78.239927736906381],[162.579185147064237,-78.24039485779744],[162.574953653606173,-78.24090716743369],[162.568515790835903,-78.241364174375832],[162.564866219498583,-78.241665338108049],[162.565868149947164,-78.240784065039264],[162.566794999047886,-78.240337271925284],[162.56301621316868,-78.239913890479826],[162.56560584571497,-78.239382579502404],[162.567596394043079,-78.239108940535715],[162.567002876881901,-78.237982298550634],[162.570833654345421,-78.238122504649553],[162.5753058562955,-78.237778502499808]]]]}},
{"type":"Feature","properties":{"SURFACE":"moraine","SUBSURFACE":null,"SOURCE":null},"bbox":[163.029819186992711,-78.268753652261765,163.065328979440892,-78.262493628082325],"geometry":{"type":"MultiPolygon","coordinates":[[[[163.056933338706472,-78.262509551444452],[163.061901182801847,-78.262493628082325],[163.065180726021936,-78.262734940078118],[163.065328979440892,-78.263477493680611],[163.061885863341104,-78.264235651534264],[163.056874817419754,-78.264487060762264],[163.052908068175128,-78.265079359662792],[163.047538030513778,-78.265822743378507],[163.044372565507302,-78.266588495579981],[163.040636060446246,-78.26750933053961],[163.036626936975978,-78.268327509105049],[163.033515600715106,-78.268753652261765],[163.032442209970043,-78.268582260999253],[163.029819186992711,-78.267733595433768],[163.035259198362951,-78.266585152916235],[163.036695402497827,-78.266264661803731],[163.038959647822537,-78.265938389404596],[163.040675565074821,-78.265559039425142],[163.041023853614405,-78.265113895163552],[163.040558167824003,-78.264656354574555],[163.039835431212197,-78.263982824941593],[163.04443603181258,-78.262934697782214],[163.047223358342194,-78.262736116313832],[163.051655917649526,-78.262649065225943],[163.056933338706472,-78.262509551444452]]]]}},
{"type":"Feature","properties":{"SURFACE":"moraine","SUBSURFACE":null,"SOURCE":null},"bbox":[162.828671723057397,-78.253415587965421,163.148370295242472,-78.219019857006856],"geometry":{"type":"MultiPolygon","coordinates":[[[[162.862726984224906,-78.236814399061217],[162.86842023202658,-78.235847118455425],[162.873099430634653,-78.235883815086609],[162.877728502404864,-78.236146083608887],[162.881442681464478,-78.235435614891088],[162.883958237673852,-78.235231360071907],[162.886358231886334,-78.235696668652963],[162.886135765147827,-78.236931515017304],[162.885411728748181,-78.237887017870051],[162.887840798329961,-78.238182511415474],[162.892476450040988,-78.238444873084262],[162.892726572903314,-78.238613092005878],[162.894353884001788,-78.238734272042251],[162.89710932984525,-78.238754633561328],[162.899327629088845,-78.238712677139972],[162.901939642319775,-78.238223233587107],[162.902594744195625,-78.238908061696563],[162.904211660990285,-78.239095248326052],[162.907556746840697,-78.23889511295198],[162.911282284625685,-78.23808016899639],[162.916751068077474,-78.23677398210522],[162.91967546475982,-78.235832551177637],[162.925043619359457,-78.235082351342868],[162.931181752372538,-78.234628111401904],[162.938414591432974,-78.234280418721227],[162.94499939408351,-78.234397101584378],[162.950710471464618,-78.234878275159872],[162.954756437403006,-78.235360013428817],[162.959967645506424,-78.235504756876011],[162.96653888295441,-78.235724847753687],[162.97417615874545,-78.236173330275875],[162.981788290060706,-78.23683914508085],[162.987756089820579,-78.237392587616483],[162.993447006170243,-78.237938128332075],[162.997783263810021,-78.238360958057513],[163.002931139390256,-78.238900975406608],[163.007790851996333,-78.23954676467288],[163.013747041869152,-78.240155930592366],[163.020224242033578,-78.240987887504389],[163.025664174789739,-78.241421694982947],[163.030570202301561,-78.241784060938102],[163.035223264604156,-78.241987711401009],[163.040674307123453,-78.242364705275619],[163.043934727075509,-78.24261497128272],[163.049390024592356,-78.242982500554035],[163.053184301633792,-78.243351520366218],[163.057853732839902,-78.243498604122252],[163.063628059050899,-78.243590365670826],[163.067547510925465,-78.243271680482465],[163.073937784969843,-78.24292527444625],[163.079500773142257,-78.24267982224741],[163.084766584770136,-78.242444422491559],[163.089767075323977,-78.24224963199427],[163.093455460154303,-78.241602097231322],[163.095247766798366,-78.240713286201],[163.095844055511975,-78.238750537901851],[163.094599040069113,-78.23794968919573],[163.094196128142954,-78.237001048524121],[163.094274232953921,-78.23650120389982],[163.092751626283444,-78.235749778825863],[163.09171889361005,-78.235295335379107],[163.092084003942148,-78.234737101459714],[163.094912892976851,-78.234255432799571],[163.098291189060944,-78.233826847162874],[163.101967185200607,-78.2332833773972],[163.103978982887355,-78.23274150801349],[163.106012418128927,-78.232077194820818],[163.105349197820829,-78.231064886382597],[163.103228203375323,-78.230543053009072],[163.10083311253041,-78.230023245385013],[163.099057062765098,-78.229113294799362],[163.101388785001689,-78.228286620119604],[163.103110930276216,-78.227850638281737],[163.101906506553973,-78.226776179702526],[163.099892273394858,-78.225584831725712],[163.094534976627699,-78.224652638925846],[163.091612944104469,-78.224061875372385],[163.088342362298789,-78.223820804455599],[163.084164462989406,-78.224123283611135],[163.079986706069832,-78.224435245877103],[163.080957294244598,-78.223543233549009],[163.077768893808127,-78.222850017791245],[163.072829736491087,-78.222752676524152],[163.068480292561759,-78.222396669868871],[163.065278032486731,-78.221807146142964],[163.063955914142696,-78.221458284088996],[163.063742540452381,-78.221073594492367],[163.063781663855877,-78.220790317734583],[163.060887072333543,-78.220038883892386],[163.063985789909367,-78.219612557221055],[163.065787582183617,-78.219019857006856],[163.067333451742087,-78.219306446921493],[163.068703048209159,-78.219610635350818],[163.070408233106832,-78.219992812960513],[163.072389217951127,-78.220344498570753],[163.079167359323151,-78.221003734718963],[163.084880941730859,-78.221434775193586],[163.092731256470188,-78.22221730406136],[163.096772884946091,-78.222753757497173],[163.100485679325232,-78.223622042251321],[163.103920859530774,-78.2244920748455],[163.106740621955083,-78.225847571279402],[163.109001914353712,-78.227206479066922],[163.110701480273349,-78.228625750332867],[163.112403181609153,-78.229987993460071],[163.114169541065138,-78.231059049809019],[163.116216067037385,-78.232033170334134],[163.119560570098713,-78.233468446381664],[163.123239007138608,-78.234610109390701],[163.126612065494101,-78.235923206163761],[163.129207736222384,-78.236950129803688],[163.132596082079004,-78.238149776587463],[163.135523037509842,-78.238787687679235],[163.138723623763354,-78.239490058638452],[163.141117683905435,-78.24005686400416],[163.145423707492171,-78.240656047052227],[163.147313092579964,-78.240944084483488],[163.148370295242472,-78.241285437730241],[163.147733111365739,-78.241845837735269],[163.147691337049253,-78.242423249844762],[163.145142768812377,-78.24250459261485],[163.141791146841882,-78.242764082984138],[163.137923998562087,-78.242848891359031],[163.132381452360306,-78.242982445324401],[163.127404708564484,-78.243065187843541],[163.122739199841334,-78.242967150506445],[163.114194194547053,-78.242914675957962],[163.106762705909517,-78.242864212043784],[163.099878160806185,-78.242818851806376],[163.092162361932424,-78.242826567688255],[163.085490579528056,-78.243117811591702],[163.079863988630763,-78.24380703494333],[163.074819721903879,-78.244284690646808],[163.068751414921707,-78.244298756348073],[163.063268989154494,-78.244139523499484],[163.056704539247505,-78.243770130206101],[163.049311619040054,-78.243491966249323],[163.042465918467286,-78.243219019577879],[163.034537465668905,-78.242773783147697],[163.027694669912108,-78.242443455086416],[163.021131161286547,-78.242120792238893],[163.013754360688779,-78.241785420331112],[163.00775234005016,-78.241402093491757],[163.000137093228972,-78.240737060283834],[162.994191541991171,-78.240023440435365],[162.988518981890991,-78.239412428959739],[162.982577443186784,-78.23865108871351],[162.9760613119455,-78.238091911869873],[162.970326761166177,-78.237771935631983],[162.965677876286435,-78.237519653223032],[162.96167770432632,-78.236755134263078],[162.958168328835029,-78.236335673961236],[162.953507275669722,-78.236196731996955],[162.947971145580141,-78.23632698167313],[162.942943051189673,-78.236736699439106],[162.938183992724674,-78.237153656960217],[162.933996195067948,-78.237511011091982],[162.929176703917477,-78.238209996562631],[162.925984158931925,-78.239134727766967],[162.922273975581589,-78.239893599651012],[162.915760607700037,-78.240858098006584],[162.909590698122656,-78.241434170814216],[162.906129450938209,-78.242256206098872],[162.9008008924541,-78.242827705511019],[162.896926667220555,-78.242908862947004],[162.89303377721609,-78.243055528470194],[162.888812825901397,-78.243524747511941],[162.884622928992286,-78.243833810182366],[162.875503414264188,-78.245454043755558],[162.87024717984761,-78.247097493803835],[162.865937232611572,-78.248066244423015],[162.862131749461952,-78.249228750233655],[162.859509288007843,-78.250046056264608],[162.857168727224575,-78.250757122755076],[162.854011534230438,-78.251407340055565],[162.851450588115597,-78.25183757137394],[162.84750648660372,-78.252314344898195],[162.843044363613814,-78.252558270783354],[162.837739691899571,-78.252863576606202],[162.832138251899039,-78.253321777452413],[162.829082352023022,-78.253415587965421],[162.828671723057397,-78.252674536298969],[162.830737314272028,-78.251908124644999],[162.835642536659577,-78.250767297318873],[162.840058114476847,-78.249280975807508],[162.84446071018408,-78.247803378307282],[162.848624388299839,-78.24614866585965],[162.85139901860947,-78.244587787483951],[162.853231023687414,-78.243596950906081],[162.856153078145326,-78.242665128645555],[162.855988586892437,-78.242044572211483],[162.855651520560343,-78.240869691480654],[162.855029660447371,-78.239791311603653],[162.857443061939165,-78.238579660864829],[162.862726984224906,-78.236814399061217]]]]}},
{"type":"Feature","properties":{"SURFACE":"moraine","SUBSURFACE":null,"SOURCE":null},"bbox":[162.650603075494587,-78.240340959599195,162.664768003169485,-78.236325585197605],"geometry":{"type":"MultiPolygon","coordinates":[[[[162.658521712810881,-78.236541676714594],[162.660224501556826,-78.236325585197605],[162.661223277311905,-78.236847317364266],[162.662468911360719,-78.237527923279714],[162.663449382448846,-78.238153459690395],[162.664768003169485,-78.238466453141058],[162.664406179985917,-78.238911102066737],[162.663228495831476,-78.239294283559587],[162.661211043452653,-78.239729004787037],[162.658957299851494,-78.239986419230647],[162.654481395276918,-78.240340959599195],[162.650603075494587,-78.238948559107882],[162.653583979650705,-78.237849840623866],[162.656218095804178,-78.237034477231745],[162.658521712810881,-78.236541676714594]]]]}},
{"type":"Feature","properties":{"SURFACE":"moraine","SUBSURFACE":null,"SOURCE":null},"bbox":[164.170802871110226,-78.331331760401483,164.206248207597355,-78.326240356114084],"geometry":{"type":"MultiPolygon","coordinates":[[[[164.187854709045297,-78.329468857752062],[164.186202591544685,-78.329241591038482],[164.18176738501424,-78.32907260760669],[164.179566906980398,-78.328832796603606],[164.177647891745949,-78.328495450580064],[164.17545214319091,-78.328208511720334],[164.173803249860754,-78.327971862533758],[164.172151621133594,-78.327744514428502],[164.171349164622086,-78.327404861574976],[164.170802871110226,-78.327184088306311],[164.170824013802559,-78.326844329894584],[164.172243649700306,-78.326565873197538],[164.176144954149777,-78.326240356114084],[164.178908915828799,-78.326417831515798],[164.181355317603476,-78.327097967469555],[164.183269379633145,-78.327662311250464],[164.185465218181577,-78.327949189216056],[164.186832646446305,-78.328179096328071],[164.188770048568784,-78.328299597117436],[164.191268402157448,-78.328253342031005],[164.19405624293654,-78.32809106440979],[164.197671208414135,-78.327985606854227],[164.200453944831537,-78.327936623501387],[164.20350032965041,-78.327950057882546],[164.205997780299157,-78.328007796653097],[164.206248207597355,-78.328400922832245],[164.205109691301601,-78.328847126262772],[164.201193456793163,-78.3293426536043],[164.19754200249406,-78.329891189742753],[164.194436524286374,-78.330565673038294],[164.192730986347158,-78.331168801807422],[164.190781121586923,-78.331331760401483],[164.18914101367983,-78.330934745058443],[164.188921279728959,-78.330041386691803],[164.187854709045297,-78.329468857752062]]]]}},
{"type":"Feature","properties":{"SURFACE":"moraine","SUBSURFACE":null,"SOURCE":null},"bbox":[162.668091993925572,-78.23473402160252,162.847111932405653,-78.221630886965102],"geometry":{"type":"MultiPolygon","coordinates":[[[[162.672233021146752,-78.227173771860549],[162.672660113472034,-78.22644700596102],[162.675946726237726,-78.225129286691711],[162.679084259461831,-78.223134048597402],[162.680831818253182,-78.222644080053129],[162.682577111868426,-78.223604536494463],[162.68199360959855,-78.225180208118019],[162.681091022481667,-78.226964626410364],[162.682918175712558,-78.227491263468565],[162.686259711591759,-78.227293513642692],[162.69076495687861,-78.226768948843031],[162.693673764667665,-78.225999674379878],[162.700581703595134,-78.224435011526879],[162.705895152532264,-78.224028495968],[162.712333741689406,-78.223512102097061],[162.719580150449076,-78.223065987427802],[162.725453273455571,-78.222551614599524],[162.732139959476996,-78.22215557333169],[162.737653558640091,-78.222085668698497],[162.744573035687409,-78.221914024145676],[162.751241097165092,-78.221630886965102],[162.761124278651607,-78.221761197549739],[162.770670094544357,-78.222184560286379],[162.778042047746055,-78.222517679573258],[162.78161740872585,-78.222543624562704],[162.789257643884753,-78.222893388942865],[162.792538973117161,-78.223024579401027],[162.797708329300264,-78.223399053079888],[162.804414629159226,-78.224299676858976],[162.810307011825245,-78.225186828507205],[162.81734419453727,-78.225907649129041],[162.821022063007376,-78.226835886931909],[162.825287912611316,-78.227600873797343],[162.830008053930726,-78.227412230286873],[162.834309666540577,-78.2279504341262],[162.838391320435932,-78.228207698582096],[162.844143611294072,-78.22841758306383],[162.847111932405653,-78.228728513251824],[162.844581586825285,-78.229036341105001],[162.840160258367149,-78.229120127116772],[162.835457729881171,-78.229195659888504],[162.831335434292953,-78.22916466315651],[162.828670440683737,-78.228643814513603],[162.825493704858246,-78.227995290899912],[162.820915397694534,-78.227449006190284],[162.816317168040115,-78.226968117605466],[162.811734496530789,-78.226430892842799],[162.803403762811001,-78.22535164405555],[162.797965676178904,-78.224969894892581],[162.794167042120819,-78.224615357135903],[162.790074256912675,-78.224461521335868],[162.785415958534344,-78.224319541589381],[162.782150884100787,-78.224122547132609],[162.777873790970744,-78.22341316905073],[162.776792968744218,-78.223297077753458],[162.774031873123022,-78.223379858848745],[162.77170159846321,-78.224043129555085],[162.770299628688349,-78.224145150295413],[162.768216409871883,-78.224280343167891],[162.764355240583058,-78.22447463415341],[162.760605649691996,-78.224656869537981],[162.756944220291984,-78.224882805540247],[162.753631487634266,-78.224968626433707],[162.748524274641909,-78.224311038665405],[162.744152260065562,-78.22411016652454],[162.738933689493649,-78.224065406549002],[162.732526663812223,-78.224412626748006],[162.725840360341408,-78.224856489198487],[162.72048207139062,-78.225489506789074],[162.713544805741464,-78.225774085138028],[162.709376015672376,-78.225967252155812],[162.703466635445267,-78.22664135851663],[162.695855791791928,-78.227531655892292],[162.691244586287809,-78.228564883334045],[162.687658141722807,-78.229997275079725],[162.685192037211323,-78.231329160221676],[162.681954498591836,-78.232373408843429],[162.678779513891584,-78.233125786849129],[162.67661641969454,-78.234295654225392],[162.675706217231607,-78.23473402160252],[162.670484498999087,-78.234688072792721],[162.668091993925572,-78.234220839500566],[162.66863165113682,-78.232880835829036],[162.672522086343122,-78.231334210416421],[162.677844992404857,-78.229468391763419],[162.678630137119512,-78.228296785960097],[162.674607102314695,-78.227706678566619],[162.672233021146752,-78.227173771860549]]]]}},
{"type":"Feature","properties":{"SURFACE":"moraine","SUBSURFACE":null,"SOURCE":null},"bbox":[162.572607458671683,-78.223410665761804,162.666178775243253,-78.216545641820545],"geometry":{"type":"MultiPolygon","coordinates":[[[[162.582500486803809,-78.221490662423264],[162.579259978081154,-78.221225772683852],[162.576262662594701,-78.221043262252493],[162.574657797852296,-78.220806728144183],[162.572607458671683,-78.220102376003055],[162.577656511749296,-78.219595247663506],[162.582919984201084,-78.219464632072217],[162.585982807810666,-78.219269358048479],[162.588829778702802,-78.218840628017418],[162.592455390806123,-78.218595413335635],[162.597982996095624,-78.218471920008852],[162.60491872991156,-78.218190201796432],[162.611060187766782,-78.217790701634698],[162.617196027067195,-78.217343002162806],[162.622822122077594,-78.216767152386495],[162.628915403509552,-78.216545641820545],[162.634111403469433,-78.216753522542206],[162.63899355471429,-78.217074888723758],[162.643395756859235,-78.217107793776279],[162.647316344383057,-78.216747180433728],[162.652581720705683,-78.216567788422566],[162.657477596319524,-78.216880136625917],[162.662328762740884,-78.217380415618919],[162.665512159236982,-78.218012868357945],[162.666178775243253,-78.218809340770818],[162.663845875505132,-78.21941460879124],[162.659517162707971,-78.220446195390409],[162.655713479805826,-78.221597148857597],[162.652172618798517,-78.222793497373274],[162.648765321342097,-78.223330219341619],[162.644340778099973,-78.223410665761804],[162.6380341250171,-78.223294555882447],[162.63033522604951,-78.223232579688016],[162.624854126881587,-78.223082963341],[162.619971206680162,-78.222751887490205],[162.615957034268462,-78.222161200899137],[162.610498259420211,-78.221898124113565],[162.60470436835493,-78.222004926524448],[162.59860950479046,-78.222130547311011],[162.590662995305934,-78.222003834901358],[162.586575639109014,-78.221751667357452],[162.582500486803809,-78.221490662423264]]]]}},
{"type":"Feature","properties":{"SURFACE":"moraine","SUBSURFACE":null,"SOURCE":null},"bbox":[163.513442283065018,-78.274653324840074,163.614949759407381,-78.266552403737265],"geometry":{"type":"MultiPolygon","coordinates":[[[[163.561687973020042,-78.267208119261412],[163.566128716695147,-78.267009109275151],[163.570869675809774,-78.266638061947674],[163.57641077303029,-78.266552403737265],[163.582730914693911,-78.266750799713336],[163.588753719045769,-78.267235173522096],[163.59364868849471,-78.267927292720913],[163.597429620481762,-78.268619085252951],[163.601184001000064,-78.269584646244439],[163.606541448742121,-78.270968941524103],[163.610014810951071,-78.271993467772106],[163.612148601944313,-78.27262441848525],[163.614019944211719,-78.273135181779907],[163.614949759407381,-78.274653324840074],[163.613578032789576,-78.274542841109977],[163.611111782868477,-78.27430993017839],[163.607839727503659,-78.274000313100743],[163.604323019121409,-78.273315103088834],[163.601113391197941,-78.272505732275548],[163.59817964549228,-78.271598835889037],[163.595776377723752,-78.270913600478025],[163.592549976513652,-78.27011255432123],[163.589047998647516,-78.269418417983445],[163.583895785036844,-78.268606340114204],[163.580094520236827,-78.268084076215501],[163.576812372261713,-78.26778284202878],[163.573791943923794,-78.267611242213263],[163.570740207380936,-78.267751200327794],[163.565997708709375,-78.268074684073042],[163.560979281633422,-78.268495541912884],[163.556526241779579,-78.268750771857114],[163.55153503134278,-78.268945129861322],[163.546532309854058,-78.269148218528088],[163.542089427171959,-78.269299357729295],[163.537647400528016,-78.269497989489395],[163.533476664841544,-78.269750871827057],[163.529866260937069,-78.269904374795473],[163.527622523688308,-78.270121015629726],[163.525382301103548,-78.27038536235186],[163.524260954674219,-78.270545961639755],[163.52366641097791,-78.27083325735687],[163.522235312017557,-78.271212764351475],[163.521385989204191,-78.271437228768647],[163.520233065349942,-78.271766953640181],[163.518527883439077,-78.272148973868809],[163.517357945618812,-78.272485563405539],[163.516971066195907,-78.271352179005561],[163.517035290336338,-78.270852443337731],[163.516284650545998,-78.270180152594804],[163.516059647835789,-78.269834046486793],[163.515268273655522,-78.269491863345493],[163.513938522173078,-78.269098268333124],[163.513442283065018,-78.268697821505782],[163.515113201915568,-78.268541838840534],[163.519023659846283,-78.268169050493782],[163.523199075919763,-78.267964187199013],[163.528138383755163,-78.268213767447136],[163.533361069736941,-78.268461282099238],[163.537231412036959,-78.268427896565299],[163.541394890365666,-78.26827906353752],[163.545835048040203,-78.268080292593794],[163.55028907993551,-78.267872793832552],[163.556137648075463,-78.267454457511278],[163.561687973020042,-78.267208119261412]]]]}},
{"type":"Feature","properties":{"SURFACE":"moraine","SUBSURFACE":null,"SOURCE":null},"bbox":[164.727421158959856,-78.337231858974945,164.768690421283821,-78.332150305504101],"geometry":{"type":"MultiPolygon","coordinates":[[[[164.731285206452611,-78.333558253384098],[164.729900750371911,-78.333217321544012],[164.728528022138704,-78.33293370180651],[164.727702729426682,-78.332538620222451],[164.727421158959856,-78.332258581142483],[164.728539129883274,-78.332150305504101],[164.730753619718058,-78.332263162602842],[164.734083350019091,-78.332550923434567],[164.737125457062263,-78.333002225181943],[164.740167801024199,-78.333453494603503],[164.743776656283643,-78.333898190952496],[164.747931573436205,-78.334297381310662],[164.750696046946842,-78.334421490030806],[164.754588283060343,-78.334579402128412],[164.757911928895936,-78.334819256194919],[164.760403686093355,-78.335098229745469],[164.763174393435492,-78.335600318056052],[164.764838650198925,-78.335824209369122],[164.766487641788842,-78.336170022070291],[164.767319746849694,-78.336395285088514],[164.76814644932486,-78.336620246491592],[164.768690421283821,-78.337122406348826],[164.76536119574979,-78.337231858974945],[164.761477610611621,-78.337112405857695],[164.757305846944121,-78.337005350307777],[164.752865067933243,-78.336779507861806],[164.748149922513647,-78.33660457405756],[164.745106442313329,-78.336257285407129],[164.741504616780389,-78.335699690920208],[164.738471299751893,-78.335182849166202],[164.736260826883807,-78.33462636571771],[164.733497142264582,-78.334058205620138],[164.731285206452611,-78.333558253384098]]]]}},
{"type":"Feature","properties":{"SURFACE":"moraine","SUBSURFACE":null,"SOURCE":null},"bbox":[163.427724516679689,-78.259901661820663,163.438833714632864,-78.247562166250077],"geometry":{"type":"MultiPolygon","coordinates":[[[[163.43346839471846,-78.24895620491543],[163.436973415059725,-78.247562166250077],[163.438833714632864,-78.248083612917895],[163.437593554398745,-78.249035060355084],[163.435795233268124,-78.25019984342606],[163.434237585180114,-78.251436254344043],[163.433009989148928,-78.252426515349626],[163.43286778763914,-78.253444518338696],[163.433310480597157,-78.254288828304794],[163.433481253358906,-78.255078642060255],[163.433383269841414,-78.255861683731894],[163.43297027416142,-78.256863293635504],[163.43254965020472,-78.257930987752232],[163.432717743314697,-78.25872064455551],[163.432284637912204,-78.259901661820663],[163.430409808069214,-78.259445919354278],[163.429064830628874,-78.259202862205512],[163.428839249093357,-78.258865994739253],[163.428061564540116,-78.258419635976765],[163.428161601738736,-78.257741260560763],[163.427724516679689,-78.256897262572252],[163.428686294591671,-78.255890857082775],[163.428859906446235,-78.25459905848777],[163.429002123523958,-78.253476469217006],[163.430014937002539,-78.252083441572466],[163.429867737620953,-78.251123936328639],[163.430793184553238,-78.25040054523285],[163.431993206235518,-78.249674787711314],[163.43346839471846,-78.24895620491543]]]]}},
{"type":"Feature","properties":{"SURFACE":"moraine","SUBSURFACE":null,"SOURCE":null},"bbox":[164.295022348190003,-78.307134682358537,164.318600519130484,-78.301069841081912],"geometry":{"type":"MultiPolygon","coordinates":[[[[164.314472198653448,-78.301076300924862],[164.316138551775111,-78.301076562164695],[164.317791651230863,-78.301189628776683],[164.318600519130484,-78.301481754128801],[164.317736686385956,-78.30198148915359],[164.315487806980457,-78.302695750180149],[164.3124071431875,-78.303305851896582],[164.309042287652517,-78.303918679931087],[164.305968858672401,-78.304358796864733],[164.304005051364697,-78.304748542274837],[164.301765364740334,-78.305188815659236],[164.299500095789227,-78.306025156887827],[164.298071287570309,-78.30654003034671],[164.2955511889744,-78.307134682358537],[164.295022348190003,-78.306688064520557],[164.295895515650358,-78.305914358980601],[164.297043082648315,-78.305298278054835],[164.298758247331989,-78.304563111510191],[164.301296394161227,-78.303789668869058],[164.303262613065158,-78.303182392429349],[164.304689307208491,-78.302563299151956],[164.304995605033184,-78.302116979914246],[164.305856070752498,-78.301721172015888],[164.307527464024304,-78.30139050351147],[164.311700333204527,-78.301069841081912],[164.313366689662018,-78.301070118918886],[164.314472198653448,-78.301076300924862]]]]}},
{"type":"Feature","properties":{"SURFACE":"moraine","SUBSURFACE":null,"SOURCE":null},"bbox":[163.855834197634948,-78.259627738091609,163.948891847658814,-78.254522811491881],"geometry":{"type":"MultiPolygon","coordinates":[[[[163.877040822365132,-78.256449326190634],[163.881491124234969,-78.256123183681098],[163.886752722854794,-78.255920574593887],[163.889796223109641,-78.255815055738722],[163.893644987149287,-78.255899101415864],[163.896950925995185,-78.255913253263799],[163.901107713224235,-78.255806669215502],[163.904693967659625,-78.255770822424211],[163.908281331157355,-78.255782409823752],[163.911821672536149,-78.256246351177481],[163.915636072037614,-78.256821143095138],[163.917802087959444,-78.257166372069776],[163.920556934859803,-78.257290111762586],[163.923608998277274,-78.257127834585717],[163.925276765764551,-78.256969662982016],[163.927227298254053,-78.256809106642365],[163.929738969436642,-78.256482334525842],[163.931696890369068,-78.25620841005896],[163.933649348272297,-78.255934157163281],[163.93643766894084,-78.255661494382394],[163.939223260575517,-78.255341245731671],[163.941198335643975,-78.254840738932245],[163.945641919955108,-78.254522811491881],[163.947200748532339,-78.254566744431727],[163.948163029366441,-78.254755853725854],[163.948891847658814,-78.255149338446643],[163.947755286047226,-78.255528352526085],[163.945797515941877,-78.255859253855462],[163.942717380028739,-78.256351925629716],[163.940216241617151,-78.256565633642666],[163.937427411849001,-78.256895199850049],[163.931850915289289,-78.257544864230425],[163.927147104403105,-78.257695693396869],[163.92187823718865,-78.257955530048434],[163.917708999516179,-78.258222923161938],[163.915200646394794,-78.258549825417518],[163.911584870220651,-78.258764290427692],[163.90691894789822,-78.258518772637316],[163.897898664288931,-78.257590584574089],[163.892142992383867,-78.257223832239461],[163.885534338879779,-78.257081803228147],[163.879985362653287,-78.25740029105593],[163.873031864710441,-78.257939521507993],[163.869099071673162,-78.258599561092851],[163.865189144661656,-78.259137616602999],[163.861840815784973,-78.259519015207857],[163.859338685803323,-78.259627738091609],[163.857709190923373,-78.259446382970253],[163.855834197634948,-78.258880626208267],[163.857530236490618,-78.258392471859679],[163.859503376562657,-78.258053431490751],[163.862298510373279,-78.257620528416211],[163.865650312044949,-78.25723936311195],[163.869809301816787,-78.256981573391201],[163.873431360006862,-78.256711096633467],[163.877040822365132,-78.256449326190634]]]]}},
{"type":"Feature","properties":{"SURFACE":"moraine","SUBSURFACE":null,"SOURCE":null},"bbox":[164.704358153837546,-78.30770713560959,164.714835197397491,-78.297543817568851],"geometry":{"type":"MultiPolygon","coordinates":[[[[164.707516617075385,-78.298057579939154],[164.708642596217089,-78.297543817568851],[164.709745270586922,-78.297661657868488],[164.709726737381544,-78.298010138790801],[164.709998648200724,-78.298506975112275],[164.709978892669142,-78.299346590564326],[164.710234337284959,-78.300135344480353],[164.710767438130858,-78.300977277247682],[164.71184331788686,-78.301764281719926],[164.713218564299865,-78.302378946900305],[164.714036584703734,-78.302943822511011],[164.714564871317293,-78.30356820351173],[164.714835197397491,-78.304234962467646],[164.71452819376384,-78.304973635864087],[164.713960965126319,-78.305584539131388],[164.71311527090532,-78.306198907114762],[164.712556920689991,-78.306536368386759],[164.711714652142149,-78.306763634942115],[164.710873743219508,-78.30710433165325],[164.709478336353442,-78.30770713560959],[164.709484002678749,-78.3072634710269],[164.709509597810921,-78.306584752845453],[164.708685776565858,-78.305972309237859],[164.707875247546582,-78.305351149543128],[164.706238845965061,-78.304504710790852],[164.705410576087388,-78.304062032050112],[164.704879055489585,-78.303333516588509],[164.704358153837546,-78.302369423715291],[164.70438307105357,-78.301473388879799],[164.70440188253275,-78.300633695760524],[164.704977866220105,-78.299843805833973],[164.705547322759713,-78.299176361189808],[164.706384098742063,-78.298731568985986],[164.707516617075385,-78.298057579939154]]]]}},
{"type":"Feature","properties":{"SURFACE":"moraine","SUBSURFACE":"land","SOURCE":null},"bbox":[165.585109419827461,-78.35,165.734452790711714,-78.259433420187065],"geometry":{"type":"MultiPolygon","coordinates":[[[[165.66083979358433,-78.35],[165.626355975852732,-78.35],[165.625907519493268,-78.349877470720415],[165.624459852558857,-78.348871219157616],[165.623027163506862,-78.347922167720498],[165.62077333708487,-78.347419745840369],[165.619055548102722,-78.346418254170786],[165.61705989981391,-78.34534589604938],[165.615090008923914,-78.344792253030661],[165.613401376735936,-78.344347242202218],[165.612535678160611,-78.343907247852826],[165.610941004593542,-78.343391821327103],[165.619723759538687,-78.34298158182726],[165.620260116164445,-78.342595456151741],[165.619950414065357,-78.341977344572626],[165.620194264339801,-78.341359697669404],[165.619887017100865,-78.340798155957131],[165.61929695323991,-78.340005587779928],[165.620377985724076,-78.339450152053459],[165.622294206501664,-78.338881561867026],[165.625860837481667,-78.33803162117978],[165.628319502485397,-78.337302989984792],[165.629948158913948,-78.336399660335047],[165.629898322366557,-78.335616320752962],[165.629852273179125,-78.334654450815378],[165.629358986109906,-78.334092707035808],[165.631824546538809,-78.33346793493952],[165.634848642659136,-78.332787433740677],[165.637317718319309,-78.332162827064565],[165.640880506191905,-78.331434952576345],[165.645300406676029,-78.330854902383635],[165.650246918448261,-78.330123354590825],[165.654375491147363,-78.329321211652726],[165.657919348130406,-78.328253652258098],[165.660909031635612,-78.326950499917885],[165.661407742796428,-78.325885291759505],[165.66357940788086,-78.325038313024066],[165.667967538027057,-78.323957995478892],[165.671226054724457,-78.322781621996683],[165.675877519510976,-78.321583221882051],[165.684841368766484,-78.3198929453321],[165.688418192316277,-78.319438278297483],[165.691162607396677,-78.318752506919196],[165.695021338320856,-78.318349965335386],[165.698044958780827,-78.317951284815692],[165.698537078001465,-78.316829462310082],[165.697087237717994,-78.315823639173956],[165.697018737941363,-78.314531812814494],[165.698633478127732,-78.313684267463728],[165.701346589148073,-78.312667771412819],[165.703782491483906,-78.311712186780397],[165.705943886107775,-78.310638995069368],[165.708902639007277,-78.309174440410004],[165.711612162891043,-78.30804493522507],[165.712945488045193,-78.307201695458915],[165.712644476747442,-78.306753627969016],[165.712904140103149,-78.306466145043615],[165.714269746029714,-78.306010092647099],[165.713683711777207,-78.305509702552442],[165.712537631894463,-78.304952183367888],[165.711955810388275,-78.30445200152721],[165.711359949995966,-78.303659605026894],[165.711037801644835,-78.302937758218221],[165.710166961801178,-78.302206372714068],[165.70791663905726,-78.301591765987439],[165.70762584532801,-78.301313460037065],[165.708156118373324,-78.300983549288347],[165.709237975370797,-78.300465873375558],[165.708353385204049,-78.299630328209815],[165.705564828810338,-78.299241739245545],[165.703879338374236,-78.298919541023722],[165.703319290798277,-78.298693125355697],[165.705515390525164,-78.298402321664867],[165.708271036030936,-78.298234453493535],[165.709375154177053,-78.298056443242345],[165.709064748458843,-78.297495040792626],[165.707648752620173,-78.296998729419002],[165.706784355326818,-78.296436891333443],[165.704083654282925,-78.295930550863616],[165.704884693340034,-78.295539434009015],[165.705414774301403,-78.29508729374686],[165.705114470787322,-78.294695650319795],[165.703990765247568,-78.294421275583176],[165.704130317601141,-78.293883122359816],[165.704252701323895,-78.293419305616922],[165.704428625484439,-78.292732589211838],[165.703296695344818,-78.292166285635659],[165.702410349522353,-78.291274170491803],[165.701810166287771,-78.290490882550927],[165.700924062132486,-78.28959876530925],[165.699523254889954,-78.289150153409366],[165.697015078581643,-78.288879287376602],[165.69589500079428,-78.288539209695955],[165.69557423065234,-78.287817364036457],[165.69471957960323,-78.287359372354189],[165.693027768732634,-78.286811005339587],[165.691093272594003,-78.28675783098376],[165.688345604317675,-78.287095076067629],[165.684486126617742,-78.287384097480128],[165.680048241467944,-78.287116481687235],[165.677260885903905,-78.28678390304195],[165.675036469060018,-78.2866309463232],[165.672532358184384,-78.28635061284956],[165.669734858576135,-78.285735286387222],[165.666680926733449,-78.285586232225484],[165.662812839212762,-78.285470117075732],[165.661431713111511,-78.285595918030012],[165.660077545068901,-78.286042871187803],[165.658161248226747,-78.286498256777804],[165.655955609541593,-78.286675277684736],[165.654004350753297,-78.286338821422518],[165.653425012991505,-78.285772650859826],[165.653628277104218,-78.28437247389985],[165.653328636979211,-78.28398071232661],[165.650821135506959,-78.283765789467537],[165.648340465160487,-78.283768551279167],[165.645302773425556,-78.28394925212352],[165.642838996961757,-78.28422560056363],[165.641188777978812,-78.284685316037326],[165.640679197857224,-78.285354823592414],[165.640714549102768,-78.286090286806143],[165.64075423850062,-78.286816570765623],[165.64052015406935,-78.287603867828267],[165.639146996972556,-78.287767622282146],[165.637200543584072,-78.287609990206064],[165.634969779293783,-78.287164790891765],[165.632725606938038,-78.286718867968531],[165.63023310416969,-78.286495146277687],[165.628558903603391,-78.286342196118298],[165.628540386706959,-78.285946181864261],[165.629344896359754,-78.285498935075978],[165.629048200724355,-78.284984982067272],[165.628195836563805,-78.284592605049028],[165.62734842152301,-78.284266322244903],[165.627600177064863,-78.28369625481831],[165.627028766081764,-78.283421957190939],[165.625897684005054,-78.28303386831827],[165.623669081142026,-78.282466348005713],[165.62335373687975,-78.281857342358862],[165.624157376168313,-78.281297199598384],[165.625520234264457,-78.280954298154484],[165.62800817219221,-78.280773434099956],[165.632134567678918,-78.280489716114928],[165.634601497619201,-78.280034948229655],[165.636783986652006,-78.279584180295572],[165.63815077957733,-78.27912858791511],[165.639786282683843,-78.278734001395449],[165.641977228950992,-78.278452952434705],[165.643631976798758,-78.278388539107354],[165.645584498657797,-78.278668782259757],[165.647823626771384,-78.279161414769604],[165.650868496030057,-78.279272680812809],[165.653344569774873,-78.279100421044291],[165.657210214315342,-78.278915703844646],[165.659693919072907,-78.278913075515135],[165.662185364386914,-78.279136534005517],[165.664970549026634,-78.279412835923296],[165.667441013235845,-78.279240170339378],[165.667966523702347,-78.278674988556688],[165.666556007120874,-78.278122136536339],[165.666806906285473,-78.277664953084766],[165.668160372430862,-78.27698289763002],[165.667568506816053,-78.276312680366331],[165.665307985822523,-78.275424132124726],[165.664170081413943,-78.274753744916339],[165.663569252250625,-78.273970186700637],[165.664092184423481,-78.273292034657644],[165.664873278557678,-78.272505043945387],[165.66400499376806,-78.271716993136224],[165.662836772155373,-78.270659431054384],[165.661409323374755,-78.269654210108769],[165.659707433308085,-78.268869811411605],[165.658027974868986,-78.268481544649362],[165.656915659319139,-78.268376679006849],[165.655818137323735,-78.268432454472205],[165.654173910714235,-78.268770142118086],[165.651182322328509,-78.269507971468315],[165.648968669457446,-78.269392803731165],[165.646739409993671,-78.269004061213252],[165.644750871694953,-78.268063523139972],[165.64331393422583,-78.266878927603742],[165.640205245873915,-78.265663683217809],[165.637131416988751,-78.264826399815519],[165.632960950411416,-78.264326940174882],[165.629908204447275,-78.264111399543538],[165.62632930083862,-78.264112934831999],[165.621647575256532,-78.264404925446939],[165.617804170911484,-78.264806428781014],[165.614240001848515,-78.265260089395696],[165.610659053851833,-78.265496497036366],[165.607616527438552,-78.26539412036152],[165.604016479954169,-78.26505564905203],[165.599308171050552,-78.264734483637199],[165.596530762711382,-78.264457681991189],[165.592951011140428,-78.264524604360659],[165.589916874530303,-78.26463882044294],[165.586884500325027,-78.26469665484413],[165.585768712906713,-78.264478386053014],[165.586300757687951,-78.264148725680698],[165.586827274779097,-78.263527148740181],[165.586528174951326,-78.263078769176232],[165.585109419827461,-78.262120274721667],[165.585350259398609,-78.26155902030581],[165.586428234189555,-78.260881629500503],[165.586945274729516,-78.260212531702891],[165.586363991291904,-78.259605697731999],[165.586428611236499,-78.259611660325731],[165.588553511381718,-78.259835691761197],[165.589830903633981,-78.259827240078465],[165.59147307916183,-78.259913114337863],[165.595314629519038,-78.259634204008378],[165.598635667140826,-78.25967609840616],[165.601943948847207,-78.259736099197951],[165.606084672411271,-78.259604380870911],[165.609655134964868,-78.259433420187065],[165.614354845231503,-78.259481279681893],[165.617965312332956,-78.259923699436683],[165.622410273282043,-78.260475436866813],[165.629067510588527,-78.261189472672598],[165.634896537954546,-78.261794310028492],[165.639893927913562,-78.262402698038727],[165.645444532074805,-78.262955134263365],[165.650174122496793,-78.263615175343574],[165.656292996207043,-78.264385008880041],[165.659072694934082,-78.264886971447979],[165.663533317971627,-78.265664379177196],[165.667765724816206,-78.26716333828702],[165.670594428289007,-78.268570451615702],[165.674807338151055,-78.269729662100218],[165.679562925910062,-78.27078528826469],[165.681293467818506,-78.272191605309374],[165.683316650754676,-78.273763532008061],[165.684776622638879,-78.27509933183056],[165.686789891152245,-78.276557836228889],[165.688533321671997,-78.278124557776849],[165.689996933773614,-78.279469873187097],[165.691728843269459,-78.28081026315752],[165.693445699287395,-78.281820733751388],[165.695429264955322,-78.282600514072399],[165.699366763444345,-78.283763535961128],[165.701624233152472,-78.28449159829745],[165.70331890865674,-78.285218709860004],[165.705854599568681,-78.285998722112836],[165.709517780252497,-78.28705327720543],[165.711708746203016,-78.287631573810899],[165.711545240324625,-78.287844522091376],[165.713460705581923,-78.288499224658182],[165.713468237900912,-78.288508106396264],[165.713490862358896,-78.288847764348034],[165.713251852945717,-78.289521787149809],[165.71411212089123,-78.290139810392475],[165.71579673812596,-78.290584179644782],[165.717204810644773,-78.29092021797068],[165.719989238801389,-78.291299153942134],[165.721157185329218,-78.292196289116461],[165.722302987706001,-78.292923029056951],[165.723177975159643,-78.293588761283957],[165.724053065051635,-78.294320306370707],[165.725479785993514,-78.295108531187182],[165.728581988212738,-78.295992625520142],[165.731348319842198,-78.296982362746448],[165.732360302520362,-78.298227800850583],[165.731904526489075,-78.299915423442187],[165.730364385384519,-78.301876193052493],[165.729637399333058,-78.303615671395505],[165.729171957560425,-78.305077188557689],[165.729798098469075,-78.306256528468737],[165.730411889782346,-78.307378813840828],[165.730771981068386,-78.308788881120947],[165.731409142338038,-78.310185021407563],[165.730131037141348,-78.311924348962094],[165.727713567172799,-78.313285298151456],[165.723366555122368,-78.314687830129245],[165.719272016215371,-78.315708459603343],[165.715435328580355,-78.316563713445248],[165.713818539248052,-78.317354793172527],[165.714121535790753,-78.317915788162651],[165.712267234000677,-78.3192682090056],[165.707916146017027,-78.320792761156781],[165.705769936287567,-78.322026714419408],[165.702803299715129,-78.323556875588807],[165.699798191762994,-78.324464427184296],[165.697889730772744,-78.325024204519877],[165.699297378428156,-78.32536014112506],[165.700435044449989,-78.325747963516108],[165.69773005061171,-78.327047166223466],[165.696706737557122,-78.328508375477256],[165.69509700096819,-78.329516169222586],[165.692359818989473,-78.330202484124371],[165.68934253006401,-78.330940163032878],[165.683033787180079,-78.332241457308143],[165.678648290931505,-78.333199989004783],[165.672056645205487,-78.334627635218453],[165.666567984054609,-78.335811246045409],[165.660236604017797,-78.336838384540513],[165.655012696276401,-78.337744000768325],[165.65115231534827,-78.338372071158119],[165.647303094190534,-78.339226433480775],[165.644836150356554,-78.339738421268578],[165.643477545059739,-78.340241904620498],[165.640182218389668,-78.341040234025868],[165.63883970001757,-78.341883178732644],[165.639702405412947,-78.342558052664543],[165.64000771744,-78.343175860737617],[165.642001185466199,-78.343946847050944],[165.644262683554132,-78.344675231367944],[165.646809041339736,-78.345446531417778],[165.649899746900161,-78.346123651852423],[165.652962356008032,-78.346281943250176],[165.656268953164613,-78.345596878071845],[165.660630233907852,-78.344195021966399],[165.664992241783921,-78.342670924667303],[165.669094615246195,-78.34136854480559],[165.673478961204438,-78.340174763797748],[165.677835011164717,-78.338706765715528],[165.681099661557568,-78.337351715839063],[165.684907238532162,-78.335827196013639],[165.68815502276243,-78.334480689873772],[165.691694677048503,-78.333177458779318],[165.695239164339824,-78.332043747137817],[165.698224264611042,-78.330918793758059],[165.701767154402376,-78.329615726135643],[165.704478264191835,-78.328598890981951],[165.707475456841024,-78.327587402201388],[165.709656807040204,-78.326844159681499],[165.712388164488118,-78.326279715312779],[165.714310116980045,-78.32576757485775],[165.716229614599058,-78.325490377234701],[165.717456863211851,-78.325799486120317],[165.716789626425481,-78.326111618530788],[165.717519676170014,-78.326493033620764],[165.717135791650605,-78.326778255792249],[165.715791865376985,-78.327451844051751],[165.713349557143204,-78.328407347206308],[165.710070924450378,-78.329253927397929],[165.707336287167351,-78.330053309474593],[165.704612394079334,-78.33084383606446],[165.701613988723778,-78.331921119449859],[165.699443951470215,-78.332702580644536],[165.696977958970564,-78.333393548333731],[165.696458417824829,-78.333949796144836],[165.697031018726619,-78.334233228720436],[165.699523901658296,-78.334107862722874],[165.699604395777897,-78.334304685564888],[165.698679881005148,-78.334581555241044],[165.696504902387971,-78.335428606010979],[165.696247128826514,-78.335706836092399],[165.697374517392717,-78.335868407345075],[165.698763906401467,-78.335864806488729],[165.69889196083011,-78.335884368319583],[165.699085742552683,-78.3362481465646],[165.700098547528938,-78.336139751755695],[165.700454583345334,-78.336309302188596],[165.69991819632142,-78.336827073812287],[165.699678828168487,-78.337378964237118],[165.700244686039554,-78.337549186126552],[165.702738128858527,-78.337489610813265],[165.70382645840607,-78.337150737678812],[165.705183335721244,-78.336590611371193],[165.707656728867136,-78.336191447090698],[165.711531886101739,-78.335902084425371],[165.71453270516713,-78.335950165389221],[165.71409101029667,-78.336325376134241],[165.710527359625615,-78.337110393216108],[165.7066841889866,-78.337909202991071],[165.702577334506032,-78.338985917838755],[165.699299093277716,-78.339889026860547],[165.696571038384178,-78.34073584640943],[165.695222828116528,-78.341531530266252],[165.695260665509352,-78.34225759387256],[165.696417992221512,-78.342984923605854],[165.697558868094802,-78.343542122396528],[165.699805464781178,-78.343874154752257],[165.70174954811182,-78.34392727477055],[165.703397693616466,-78.343645412142507],[165.705038509197152,-78.34313747833987],[165.706387820657312,-78.342454670787887],[165.708843596251853,-78.341668978974369],[165.712144349466371,-78.341039625230749],[165.714904167795055,-78.340636296854314],[165.718476319621118,-78.340067887481084],[165.720389008465133,-78.33944227728594],[165.720909376535161,-78.338998904815597],[165.720854012386155,-78.337989940824883],[165.72136674141413,-78.337254689661506],[165.721587387868652,-78.33630694980755],[165.721399412330669,-78.336031744726],[165.723458934164739,-78.335651037656561],[165.723719944561935,-78.335184927648541],[165.724804521281641,-78.334855227609722],[165.728137616401483,-78.33484807394963],[165.73151383633558,-78.335273226449118],[165.73208713687356,-78.335436731103783],[165.732956980328424,-78.33593277980539],[165.733540230069877,-78.336555121889887],[165.734127079663239,-78.336999000286255],[165.734452790711714,-78.337730325733276],[165.733659743620166,-78.338516965413447],[165.731752911949116,-78.339030090596353],[165.728157677661443,-78.339437584110783],[165.725680397897776,-78.339827326189109],[165.723502894087517,-78.340448742122589],[165.721043895016976,-78.341187314057009],[165.720239419845484,-78.34174771934417],[165.721110396193552,-78.342253272764538],[165.721977741539121,-78.342805648112375],[165.722029921381562,-78.343711017414094],[165.720841228351361,-78.344415945380376],[165.720374699047028,-78.344415739115334],[165.718994716864984,-78.344702075942948],[165.717614166035389,-78.344819123136773],[165.717195711365065,-78.344842418636162],[165.716806874060666,-78.344786995874912],[165.71539467978414,-78.344338209676366],[165.713992700274417,-78.344181439779319],[165.71232189299775,-78.344067246047302],[165.709821620978602,-78.344126625199323],[165.707346607337058,-78.344525813793226],[165.70594725683128,-78.344730612840834],[165.704553141785226,-78.344729921710197],[165.703723497009122,-78.344903486806402],[165.703261963860029,-78.345022462891805],[165.70126632088656,-78.345162502645877],[165.697921760551878,-78.344943207187825],[165.695667783836967,-78.344450917308848],[165.693702956975102,-78.34417098945076],[165.692029575605915,-78.344000107646835],[165.690346244689579,-78.343847509193139],[165.688675718949554,-78.343733176185481],[165.685906015781057,-78.343966545768723],[165.682887467389179,-78.344591458918856],[165.678785773879298,-78.345771796773178],[165.678553063385891,-78.346615632842301],[165.678611587709383,-78.347681399918031],[165.676184989222122,-78.348919953426375],[165.672334108157855,-78.349774671095958],[165.667334518543782,-78.349902307492826],[165.663163992035692,-78.349912768249695],[165.66083979358433,-78.35]]]]}},
{"type":"Feature","properties":{"SURFACE":"moraine","SUBSURFACE":null,"SOURCE":null},"bbox":[162.120332393461496,-78.145179611430635,162.150692231389968,-78.136363484129376],"geometry":{"type":"MultiPolygon","coordinates":[[[[162.138075400536877,-78.142524198911559],[162.136471786036594,-78.142341410769134],[162.134561683724087,-78.142368005941478],[162.132503040594258,-78.142920721920845],[162.129910009445013,-78.143505024528523],[162.127263422867031,-78.143138214168786],[162.125614641995128,-78.142004799996684],[162.124488659559148,-78.140982589675474],[162.122612278647381,-78.139719175520241],[162.121168613454756,-78.138867286351626],[162.120557806516814,-78.1380131924154],[162.120438290944378,-78.137344827596138],[162.120332393461496,-78.136667794458788],[162.123680975999463,-78.136363484129376],[162.123020506509789,-78.136865246194233],[162.125086615333601,-78.137385126513237],[162.127693976858183,-78.137921724328038],[162.130568596517065,-78.138456856527355],[162.133145103065431,-78.139106177600681],[162.134869327548671,-78.13990954070772],[162.135218986431795,-78.140746228120989],[162.137543917147184,-78.141330939879651],[162.141499413231827,-78.141937472775439],[162.144095950553577,-78.142520940107261],[162.145826085646746,-78.143276697538383],[162.147332982004798,-78.143845390482099],[162.149147898131957,-78.144262189376349],[162.150692231389968,-78.144670632929817],[162.150574293934,-78.145179611430635],[162.147866891700289,-78.145038723462463],[162.145151844310561,-78.144954720956974],[162.142780838447692,-78.144587211580884],[162.141573803228169,-78.143904352747455],[162.140104877137389,-78.143165854603836],[162.138075400536877,-78.142524198911559]]]]}},
{"type":"Feature","properties":{"SURFACE":"moraine","SUBSURFACE":null,"SOURCE":null},"bbox":[162.149610622621879,-78.139654086052417,162.169183624778469,-78.133544396740831],"geometry":{"type":"MultiPolygon","coordinates":[[[[162.153322731020495,-78.133628869434617],[162.155804449056035,-78.133544396740831],[162.158987811826677,-78.133965687891418],[162.162126139149734,-78.13455619388543],[162.164716410920221,-78.135148656141013],[162.167344927347699,-78.135619210867347],[162.169136587295327,-78.136139630134366],[162.169183624778469,-78.137099633076815],[162.168671003715389,-78.138108743090044],[162.168163257876643,-78.139060768099228],[162.167637540779793,-78.139654086052417],[162.167260991182246,-78.139441271276155],[162.164871567154449,-78.139082276532449],[162.162779619008745,-78.138723794088534],[162.161371867312965,-78.137702426752938],[162.158873811374377,-78.136723711489878],[162.15583845556381,-78.135680669045854],[162.152949114390452,-78.135202275051739],[162.150280187331305,-78.134891552543195],[162.149610622621879,-78.134320860418427],[162.151373305797392,-78.133777286910927],[162.152214913551973,-78.133679909535942],[162.153322731020495,-78.133628869434617]]]]}},
{"type":"Feature","properties":{"SURFACE":"moraine","SUBSURFACE":null,"SOURCE":null},"bbox":[163.875781203915011,-78.245535616377637,163.947852464737252,-78.234603838148857],"geometry":{"type":"MultiPolygon","coordinates":[[[[163.929003210799152,-78.243458862040029],[163.925159012631582,-78.24322363712605],[163.92324502838639,-78.243149146205525],[163.921039773144287,-78.243142866350752],[163.919702998601821,-78.242637643588324],[163.917824369892685,-78.242176422815902],[163.916476147043142,-78.24178428293304],[163.914315345206717,-78.241325403418514],[163.912142783835833,-78.241027004792031],[163.909960116393506,-78.240794365300914],[163.907518895596723,-78.240290471001984],[163.905106419064623,-78.239655478317815],[163.902682047509359,-78.238981819569474],[163.900812502560825,-78.238407155218511],[163.898928842442729,-78.237898017288231],[163.896491127684101,-78.237441587239687],[163.893788007137175,-78.236969497480175],[163.890784823402214,-78.236631428043083],[163.887781845014501,-78.236331261972197],[163.885039698913459,-78.23626454361073],[163.88094555800734,-78.235852575595615],[163.875781203915011,-78.235159303698808],[163.881564913992207,-78.235130387439099],[163.883752601789894,-78.23524983431885],[163.886246272178653,-78.235150204955701],[163.887647502727361,-78.234929295873286],[163.889038674409989,-78.234764690013677],[163.89097661266112,-78.234603838148857],[163.893185600289854,-78.234610669446297],[163.896169420382392,-78.235070876422299],[163.899416895560734,-78.235650869904873],[163.902679518942222,-78.236108424665332],[163.908136996003037,-78.23669505767694],[163.912188637120948,-78.237502309311211],[163.915394428451151,-78.238629542644318],[163.918060266354161,-78.239592222235871],[163.922379894608895,-78.240566689655196],[163.928049208170535,-78.241876318902499],[163.932095566667925,-78.242739682151011],[163.93591633489649,-78.243257873024248],[163.939716937356053,-78.243831695338088],[163.942714697627252,-78.244235102028668],[163.945969660719499,-78.24486212411027],[163.947852464737252,-78.245370716328438],[163.946460859211896,-78.245535616377637],[163.943157225432543,-78.245360838110741],[163.937446119005813,-78.244608637711295],[163.933090465752741,-78.243973769253188],[163.929003210799152,-78.243458862040029]]]]}},
{"type":"Feature","properties":{"SURFACE":"moraine","SUBSURFACE":null,"SOURCE":null},"bbox":[163.5265994432919,-78.22026896349044,164.079759444678274,-78.156947407057515],"geometry":{"type":"MultiPolygon","coordinates":[[[[163.663185794767145,-78.203191649887984],[163.66675812891441,-78.203206394801612],[163.670338659452455,-78.203117158585911],[163.672275685585674,-78.202957905261229],[163.673967295756768,-78.202622558097161],[163.675930817628085,-78.202237042696709],[163.680416595596654,-78.202410760952063],[163.682634908453593,-78.202249309259344],[163.684830758308294,-78.202209902317463],[163.686205641395958,-78.202263726069233],[163.687538460960837,-78.20256182810509],[163.689174410631125,-78.202726182544097],[163.69109437309092,-78.202736658099781],[163.69384778249551,-78.202645108968341],[163.696325219548925,-78.202603471719115],[163.698551767125622,-78.202328494620687],[163.699396780869478,-78.201173567887679],[163.702957971638483,-78.201291627184332],[163.706504605480433,-78.201541647721825],[163.709751661947195,-78.201944553494073],[163.713007958203747,-78.202300504667733],[163.714927872043575,-78.202310816884719],[163.716618167704496,-78.201975212665502],[163.718042737360264,-78.201481366339095],[163.720256349125322,-78.201319377718448],[163.722436949213972,-78.201449616354282],[163.724321995902159,-78.201789962220886],[163.725929498641591,-78.202246586603735],[163.728046077567711,-78.202932883798269],[163.730472713953418,-78.203390905481115],[163.734251606694073,-78.204024481181108],[163.738320534680156,-78.204542421015077],[163.741557050681166,-78.205010645755195],[163.74455757657978,-78.205255975458527],[163.748121796948453,-78.205373540974719],[163.751417304408761,-78.205389640115115],[163.755284650342446,-78.205183558955397],[163.759159692877716,-78.204864022850316],[163.763033302299846,-78.20460129351828],[163.764998230802775,-78.204215391698881],[163.766969579369146,-78.203772934580797],[163.768925167636922,-78.203500327893977],[163.771148270755901,-78.203177217924519],[163.773933154401163,-78.202906509302878],[163.776702052929522,-78.202691758374726],[163.780301039853128,-78.202431491739418],[163.783620311064453,-78.202220965415179],[163.786935450850933,-78.20201016124426],[163.790245369819615,-78.201855939393852],[163.799056192854266,-78.201668113349925],[163.802069222305676,-78.201685862587851],[163.805659011686259,-78.20152912998158],[163.808435303058445,-78.201210206599541],[163.81122950157021,-78.200712085837324],[163.81432350773261,-78.200051512708015],[163.817402837666179,-78.199446972347587],[163.822413700321164,-78.198843225130418],[163.826318003314469,-78.198192735131869],[163.828863238099018,-78.197414160882232],[163.832515082867161,-78.196587405784697],[163.836715866767264,-78.195821646799885],[163.840356460274933,-78.19505109635179],[163.843431800421399,-78.194446196014056],[163.847345856765827,-78.193786667490272],[163.850703129731528,-78.193179473028152],[163.853517780013874,-78.19246423116698],[163.855488454633161,-78.191860205065211],[163.857759417357755,-78.191131708667655],[163.860037179207836,-78.19035619465204],[163.863382726876694,-78.189805156706882],[163.865352451072596,-78.18920106420471],[163.867083701046937,-78.188412142886904],[163.86962581111149,-78.187585895311827],[163.872731854500955,-78.186698206816502],[163.876368252217219,-78.185936742775638],[163.878074256468636,-78.185373927096336],[163.880600639369106,-78.184764843378773],[163.883388863319169,-78.184275559693774],[163.887558405437971,-78.183725760330063],[163.893102280176862,-78.183077056885864],[163.897544209114756,-78.182476900276953],[163.901722342506616,-78.181709395392886],[163.905627541967874,-78.181048988119684],[163.90926252036931,-78.180334656862769],[163.913431466741116,-78.179680301620635],[163.917333134488331,-78.178962717338152],[163.92042123113788,-78.178244455719039],[163.922941362933045,-78.177587444922992],[163.925206711880918,-78.176858498537996],[163.928012910410416,-78.176142528484192],[163.930821724389119,-78.175417225482761],[163.934155401468075,-78.17487458294049],[163.938871703096964,-78.174223923787295],[163.943590773698418,-78.173507022393679],[163.948871897277485,-78.17279479199172],[163.952205635453737,-78.172195158001884],[163.956102164099462,-78.171533899651038],[163.959455729093747,-78.170869040440977],[163.961427199881683,-78.170198522659078],[163.963398179389344,-78.169537454703502],[163.96564962755653,-78.16887396071634],[163.968461276919157,-78.168091824978845],[163.970702604920689,-78.167484598277241],[163.972951709125766,-78.166877826071442],[163.975740289822767,-78.166321789447167],[163.979622527850097,-78.165773294506593],[163.984306717174974,-78.165347813130737],[163.988180087272269,-78.164959836185886],[163.992320068651679,-78.164530650081119],[163.997283868761741,-78.164102511786751],[164.001972190734932,-78.163781299310358],[164.005283317299444,-78.163454841585732],[164.008331126994648,-78.163018107719125],[164.010293111072144,-78.162460653707242],[164.012540552728865,-78.161796789960533],[164.014778407973552,-78.161189216684832],[164.018382237555215,-78.160747213756636],[164.022251380855636,-78.160311295674575],[164.02609911234029,-78.160101495637178],[164.029383259758077,-78.16001015350669],[164.032147865806223,-78.159679810250807],[164.035200269763351,-78.159186321467587],[164.038526286821281,-78.15874677782304],[164.042932129048381,-78.158370589549492],[164.046781872734471,-78.158208054750077],[164.051692304515882,-78.158335077960999],[164.054970810112621,-78.158356834277882],[164.058000673088088,-78.15819344089573],[164.060764755348544,-78.157758644527831],[164.062429649144519,-78.157477294988141],[164.064916586410448,-78.157206229459774],[164.067941577617944,-78.156995100968203],[164.070684399924517,-78.156947407057515],[164.075883989823723,-78.157015176761163],[164.078608728531009,-78.15708002326987],[164.077993136870788,-78.15725212657928],[164.079759444678274,-78.157450541119317],[164.076181759539509,-78.157758504739078],[164.07580704139815,-78.157863251191756],[164.073582026277734,-78.158415000563792],[164.071623897221713,-78.158963432149136],[164.068547260328501,-78.159692643808981],[164.065500553331901,-78.160234125366841],[164.06299900642577,-78.160674906175487],[164.059953437557255,-78.161064841723658],[164.056919265887899,-78.161341735289014],[164.055433175160772,-78.161413421860118],[164.054809512727587,-78.161464373048872],[164.051209673191408,-78.161963859362501],[164.048959208947679,-78.162684577808363],[164.043398507354709,-78.163732227818173],[164.038411873377981,-78.16450083786809],[164.034532705174882,-78.16499329164246],[164.030678336182234,-78.165316609851104],[164.028190225733425,-78.165587452270003],[164.026802633392663,-78.165866048698874],[164.025333228811718,-78.166575841513861],[164.024974924288529,-78.166848785380012],[164.02446818008849,-78.167538821727106],[164.022195161435491,-78.168542441275662],[164.018294037330094,-78.169317783069104],[164.013851229872387,-78.170089708282674],[164.008858853871772,-78.170848257246121],[164.004950697853957,-78.17167995958782],[164.000789693625421,-78.17233566936865],[163.996431683986373,-78.172879242883724],[163.993203647225101,-78.173405951377831],[163.991642288256145,-78.173612956185082],[163.991353790680392,-78.17365729207026],[163.98774616183232,-78.174260143961234],[163.984926166190434,-78.175098868689517],[163.98468786008786,-78.175173788684887],[163.98398373141282,-78.175450962365431],[163.983337298653709,-78.175598363220914],[163.982107189618574,-78.175985039184681],[163.979305665286915,-78.176701630443247],[163.9756911421496,-78.177304015638498],[163.97348833183969,-78.17751556642564],[163.971280052,-78.177679390537833],[163.970053365248248,-78.177791625194459],[163.969513427340701,-78.177926077525797],[163.966469886873256,-78.178306091297443],[163.964769647448776,-78.178391991717746],[163.964352945796719,-78.178446818185762],[163.961885590712654,-78.178491059363978],[163.958323119905629,-78.178527630483956],[163.954166005585677,-78.178965156511723],[163.951520034572781,-78.179290537494666],[163.950463847022689,-78.179476855380258],[163.948011450514912,-78.180069827785672],[163.947678185789215,-78.181018955395189],[163.947549748644548,-78.181155186537808],[163.947569542689621,-78.181211622282959],[163.947792838219982,-78.181717724054067],[163.946563776426018,-78.182200874553999],[163.946467319969173,-78.182303161914362],[163.943631982874678,-78.183358900752381],[163.939724755821089,-78.184133401028973],[163.934419991007275,-78.185128820335038],[163.928309837519265,-78.186000832127135],[163.922200715317075,-78.186768536381308],[163.918297048173372,-78.187476734828834],[163.912746649753615,-78.188182485984399],[163.911318966936591,-78.188328584038118],[163.909033300808488,-78.188645854207707],[163.905989563197096,-78.188968594474744],[163.90560326669322,-78.188967961841144],[163.903513322696426,-78.188964530972527],[163.90024260896331,-78.188780749556869],[163.897519897128547,-78.188543976414849],[163.89451554267032,-78.188366377662732],[163.891522290262316,-78.188179915439747],[163.887666537677291,-78.188283773862736],[163.884359457492167,-78.188543318301669],[163.882933474455882,-78.189094302936468],[163.88145577165875,-78.190163787919204],[163.879715250780464,-78.191160836012543],[163.877439636124365,-78.191946053626879],[163.87517474011338,-78.192722422857955],[163.872833467205226,-78.193589950359723],[163.872327798811341,-78.19377729928928],[163.869526793151465,-78.194322786505722],[163.867560902233066,-78.194765956979424],[163.864238446631845,-78.195090877595177],[163.862896949155271,-78.19504475536452],[163.859033742914789,-78.195280470303956],[163.858450021969844,-78.195345606876657],[163.857695421339457,-78.195526881126654],[163.857146611326186,-78.195714163633554],[163.855726354912719,-78.196161156465635],[163.852631459174063,-78.196935743189343],[163.849827178217396,-78.197594755637269],[163.845361601142486,-78.198354493556621],[163.842340840599036,-78.198653380356163],[163.839128572779885,-78.199142215399434],[163.834944179990686,-78.199804709953114],[163.832157363205852,-78.200180121059461],[163.828281747150072,-78.200604761448631],[163.823816994118545,-78.201212586011096],[163.819093765051377,-78.201805028288575],[163.814102133019986,-78.202296110174075],[163.808827609962862,-78.20277981694305],[163.80599871038973,-78.203023382691129],[163.804781520333677,-78.203137191901988],[163.801889994146677,-78.203414566497401],[163.798000673418358,-78.203853832591506],[163.793584349625604,-78.204170115219512],[163.788583721301762,-78.204603407592856],[163.785534973672213,-78.204868064963193],[163.782023520505959,-78.205162957255226],[163.78110342712813,-78.205240216788255],[163.77723001185484,-78.20550319619808],[163.769714636104624,-78.206479273331738],[163.76554058327477,-78.206914013988538],[163.760819395263042,-78.207344600387572],[163.757222475177457,-78.20760485771514],[163.753059589648558,-78.208040129896233],[163.74972747166845,-78.208306598891497],[163.746140676006206,-78.208510411729634],[163.742555948182599,-78.208552981528555],[163.740088113105088,-78.20853872566515],[163.736296735162398,-78.207961525853705],[163.734150581357852,-78.207501370305806],[163.730611431389917,-78.207157382252063],[163.72622459241299,-78.20707593952568],[163.721553404841075,-78.207053376747808],[163.714955610485049,-78.207086521014986],[163.71080928361863,-78.207294443408927],[163.706385775768752,-78.207599650250984],[163.699760598395557,-78.207849135957758],[163.694787673828813,-78.20811185437357],[163.689525059138475,-78.20842361760775],[163.684271523611045,-78.208735842193818],[163.67876095490908,-78.20888071370301],[163.674609338846722,-78.209087861015433],[163.670175852323354,-78.209448957206092],[163.666543455085986,-78.209895957546109],[163.663214328692021,-78.210209195858837],[163.657969442164728,-78.210407608483365],[163.652721613870028,-78.210558286044702],[163.64692372690007,-78.210856284677902],[163.641390211278718,-78.211170040199121],[163.636711711261825,-78.211202682725244],[163.632590021735069,-78.211183212130678],[163.627073656480064,-78.211326827533043],[163.622626083556895,-78.211705457521845],[163.619014229144113,-78.212077260881571],[163.615392185625325,-78.212505396217495],[163.611501347663932,-78.212822385198109],[163.605954610042204,-78.213191740081513],[163.601275869399245,-78.213280812240413],[163.597133272271662,-78.213421052727739],[163.592193412472113,-78.213342320884067],[163.586700489963334,-78.213315688419627],[163.582814904902506,-78.213528183961543],[163.57920256337971,-78.213899556154942],[163.57445060386442,-78.214496700572823],[163.571383466726701,-78.214872348096762],[163.5672490641563,-78.214908213074679],[163.561743905309868,-78.214937387786378],[163.557869951746511,-78.215140800137505],[163.553398288040455,-78.21573558524527],[163.551684900577527,-78.216287703784289],[163.549393311897461,-78.217004436181853],[163.5465138113926,-78.218056187532724],[163.544261426458917,-78.218442795846897],[163.541452638071718,-78.218985821535767],[163.538394582079462,-78.219247794103197],[163.534766421532396,-78.219627334597277],[163.531972988860616,-78.219943229573985],[163.529185469531967,-78.22026896349044],[163.528389658354314,-78.220040405182189],[163.527313222786205,-78.219813898443135],[163.5265994432919,-78.218906244355381],[163.527216605729336,-78.218354483338473],[163.528398208173428,-78.217789310586014],[163.529560774281691,-78.21718498917312],[163.531917839609349,-78.216016284870037],[163.534449430004258,-78.21552313759581],[163.536967159823291,-78.215200143713815],[163.540851450388971,-78.214883623397029],[163.545853959500164,-78.214511043608596],[163.551131953863916,-78.214041020611802],[163.555035682642028,-78.213659029816966],[163.559754337142778,-78.213240645912478],[163.564204524118026,-78.21286301247109],[163.56781835569825,-78.212491914564126],[163.571162189900178,-78.212123512304615],[163.573963443861288,-78.2117413919988],[163.576488871740196,-78.211304648110072],[163.579306794035261,-78.210752540131011],[163.58131702541769,-78.209980819548818],[163.5868793779795,-78.209451482344775],[163.589378026895417,-78.209288492910133],[163.59323809485727,-78.209140944049864],[163.597120831628729,-78.208880748585884],[163.60044520688669,-78.208672391285006],[163.604593973514,-78.20846610149701],[163.609011719449825,-78.208266435842845],[163.613427976419899,-78.208066620184653],[163.6167531643801,-78.207858149964679],[163.621468576630349,-78.207486288910033],[163.626206172296037,-78.207001753297831],[163.631206314903949,-78.206466460839636],[163.635963314643703,-78.205812065348766],[163.64041716062502,-78.205272353203341],[163.643478230446334,-78.204895876932568],[163.648220995107437,-78.204354432823664],[163.651838407872674,-78.203868859758742],[163.655738022921412,-78.203438158270885],[163.659061264097488,-78.203276664242495],[163.663185794767145,-78.203191649887984]]]]}},
{"type":"Feature","properties":{"SURFACE":"moraine","SUBSURFACE":null,"SOURCE":null},"bbox":[162.115197258232598,-78.130182859136085,162.122784482577259,-78.127024117860671],"geometry":{"type":"MultiPolygon","coordinates":[[[[162.115197258232598,-78.127348788983639],[162.116361828516489,-78.127024117860671],[162.117981412846973,-78.127150807141561],[162.119489668742489,-78.127672093609135],[162.120974527478324,-78.128306666801336],[162.121921100057193,-78.128934208199297],[162.122606556632945,-78.129496554143714],[162.122784482577259,-78.129891214639201],[162.122708148559923,-78.130182859136085],[162.119821925707697,-78.129694583045065],[162.117434669874228,-78.129392534116974],[162.115945086642938,-78.128805481820606],[162.115559570732984,-78.128129010443402],[162.115197258232598,-78.127348788983639]]]]}},
{"type":"Feature","properties":{"SURFACE":"moraine","SUBSURFACE":"ice shelf","SOURCE":null},"bbox":[165.699678828168487,-78.337549186126552,165.714884181670072,-78.334304769699301],"geometry":{"type":"MultiPolygon","coordinates":[[[[165.700098547528938,-78.336139751755695],[165.702406627100203,-78.33589270865204],[165.70485876365413,-78.335219773113153],[165.70705277088166,-78.334655776262991],[165.708702408590369,-78.334364635361837],[165.710643303931619,-78.334304769699301],[165.713146273843307,-78.334527728675766],[165.714841398559997,-78.334972348200722],[165.714884181670072,-78.335651577714046],[165.71453270516713,-78.335950165389221],[165.711531886101739,-78.335902084425371],[165.707656728867136,-78.336191447090698],[165.705183335721244,-78.336590611371193],[165.70382645840607,-78.337150737678812],[165.702738128858527,-78.337489610813265],[165.700244686039554,-78.337549186126552],[165.699678828168487,-78.337378964237118],[165.69991819632142,-78.336827073812287],[165.700454583345334,-78.336309302188596],[165.700098547528938,-78.336139751755695]]]]}},
{"type":"Feature","properties":{"SURFACE":"moraine","SUBSURFACE":null,"SOURCE":null},"bbox":[165.69889196083011,-78.3362481465646,165.700098547528938,-78.335884368319583],"geometry":{"type":"MultiPolygon","coordinates":[[[[165.69889196083011,-78.335884368319583],[165.699878853184714,-78.336035127608667],[165.700098547528938,-78.336139751755695],[165.699085742552683,-78.3362481465646],[165.69889196083011,-78.335884368319583]]]]}},
{"type":"Feature","properties":{"SURFACE":"moraine","SUBSURFACE":null,"SOURCE":null},"bbox":[165.696247128826514,-78.335884368319583,165.699846064050263,-78.334304685564888],"geometry":{"type":"MultiPolygon","coordinates":[[[[165.699604395777897,-78.334304685564888],[165.699846064050263,-78.334895580617541],[165.698781847143209,-78.335677654884719],[165.69889196083011,-78.335884368319583],[165.698763906401467,-78.335864806488729],[165.697374517392717,-78.335868407345075],[165.696247128826514,-78.335706836092399],[165.696504902387971,-78.335428606010979],[165.698679881005148,-78.334581555241044],[165.699604395777897,-78.334304685564888]]]]}},
{"type":"Feature","properties":{"SURFACE":"moraine","SUBSURFACE":"ice shelf","SOURCE":null},"bbox":[165.72067844099746,-78.336031744726,165.73151383633558,-78.333262798549868],"geometry":{"type":"MultiPolygon","coordinates":[[[[165.73151383633558,-78.335273226449118],[165.728137616401483,-78.33484807394963],[165.724804521281641,-78.334855227609722],[165.723719944561935,-78.335184927648541],[165.723458934164739,-78.335651037656561],[165.721399412330669,-78.336031744726],[165.721281194592393,-78.335858658578744],[165.720699183364815,-78.335405572290227],[165.72067844099746,-78.334896748079572],[165.721199783079754,-78.334331202493544],[165.723369827081996,-78.333493216097736],[165.724739018324499,-78.333262798549868],[165.726994590537032,-78.333764380989692],[165.728141707366888,-78.334378155467718],[165.730116357223267,-78.33487464533502],[165.73151383633558,-78.335273226449118]]]]}},
{"type":"Feature","properties":{"SURFACE":"moraine","SUBSURFACE":null,"SOURCE":null},"bbox":[165.696458417824829,-78.334304685564888,165.717688559479086,-78.326493033620764],"geometry":{"type":"MultiPolygon","coordinates":[[[[165.717519676170014,-78.326493033620764],[165.71764820469582,-78.326560181173122],[165.717688559479086,-78.327295685880657],[165.716634915411532,-78.32824751691679],[165.714755302112451,-78.329316652525605],[165.712313817240812,-78.330338039054524],[165.709035801232034,-78.331128253942211],[165.706593430756129,-78.332149594319432],[165.704143609994276,-78.332935464676112],[165.701144360544816,-78.333843467056155],[165.699604395777897,-78.334304685564888],[165.699523901658296,-78.334107862722874],[165.697031018726619,-78.334233228720436],[165.696458417824829,-78.333949796144836],[165.696977958970564,-78.333393548333731],[165.699443951470215,-78.332702580644536],[165.701613988723778,-78.331921119449859],[165.704612394079334,-78.33084383606446],[165.707336287167351,-78.330053309474593],[165.710070924450378,-78.329253927397929],[165.713349557143204,-78.328407347206308],[165.715791865376985,-78.327451844051751],[165.717135791650605,-78.326778255792249],[165.717519676170014,-78.326493033620764]]]]}},
{"type":"Feature","properties":{"SURFACE":"moraine","SUBSURFACE":null,"SOURCE":null},"bbox":[162.482838615425038,-78.139837846313796,162.498769388775912,-78.135833980008883],"geometry":{"type":"MultiPolygon","coordinates":[[[[162.493425100444455,-78.135833980008883],[162.496139871760619,-78.135962306620016],[162.497975241883807,-78.136367877157852],[162.498645827590337,-78.137051305742688],[162.498769388775912,-78.137737467793755],[162.497022295441411,-78.138273689635611],[162.494780300646141,-78.138539028306269],[162.492759946636625,-78.139028868590472],[162.491025028079122,-78.13950856260044],[162.489032924039094,-78.139837846313796],[162.488069900528188,-78.1392118109801],[162.486543887861757,-78.138692521521008],[162.484427073230989,-78.138383235510048],[162.483080753286174,-78.138267213326401],[162.482838615425038,-78.138098663420621],[162.483989346432452,-78.137829460264271],[162.485717051909006,-78.13739710135961],[162.486676776123147,-78.136781180099604],[162.487074848971019,-78.136167025382591],[162.493425100444455,-78.135833980008883]]]]}},
{"type":"Feature","properties":{"SURFACE":"moraine","SUBSURFACE":null,"SOURCE":null},"bbox":[165.716789626425481,-78.326493033620764,165.718200879795262,-78.325799486120317],"geometry":{"type":"MultiPolygon","coordinates":[[[[165.717456863211851,-78.325799486120317],[165.718200879795262,-78.325986872434626],[165.717519676170014,-78.326493033620764],[165.716789626425481,-78.326111618530788],[165.717456863211851,-78.325799486120317]]]]}},
{"type":"Feature","properties":{"SURFACE":"moraine","SUBSURFACE":null,"SOURCE":null},"bbox":[162.423922266723451,-78.116423200383238,162.435741780316079,-78.114246818894443],"geometry":{"type":"MultiPolygon","coordinates":[[[[162.432164863528556,-78.114338388018709],[162.435741780316079,-78.114246818894443],[162.435624581140672,-78.114755111421701],[162.433505839424527,-78.115744368235099],[162.430415761706968,-78.116163888177013],[162.427360084537014,-78.116423200383238],[162.426296231626281,-78.1162486956528],[162.423922266723451,-78.115883599764118],[162.428517635765502,-78.11480751714123],[162.432164863528556,-78.114338388018709]]]]}},
{"type":"Feature","properties":{"SURFACE":"moraine","SUBSURFACE":null,"SOURCE":null},"bbox":[162.420230321938959,-78.113235317487238,162.428359572343197,-78.11089788046047],"geometry":{"type":"MultiPolygon","coordinates":[[[[162.425269852190269,-78.11089788046047],[162.427157751574782,-78.110973324981003],[162.428359572343197,-78.111720585270319],[162.427646861742232,-78.112543557698928],[162.426440193027048,-78.113047659294622],[162.42258087158288,-78.113235317487238],[162.422774498974889,-78.112340229573448],[162.420230321938959,-78.111476623999224],[162.422254416881913,-78.110978134106304],[162.425269852190269,-78.11089788046047]]]]}},
{"type":"Feature","properties":{"SURFACE":"moraine","SUBSURFACE":null,"SOURCE":null},"bbox":[162.344088698560284,-78.104084506658097,162.387475219032922,-78.091720673705225],"geometry":{"type":"MultiPolygon","coordinates":[[[[162.365465637981828,-78.097486141316026],[162.362066455570556,-78.096890433868722],[162.358549985540748,-78.096745757717386],[162.355773244105933,-78.096993675007354],[162.353226161141322,-78.097428696872427],[162.35122023757026,-78.097860993620671],[162.349458962616552,-78.098404931217942],[162.347968753928797,-78.099004897362065],[162.346066041807973,-78.098985138569105],[162.344088698560284,-78.098071485026523],[162.346395338124239,-78.09747734690724],[162.349120340071977,-78.09626068353559],[162.350216232058273,-78.094984871455267],[162.34978999211225,-78.093236345229911],[162.349745556586385,-78.092172429355941],[162.349852959861522,-78.091720673705225],[162.353786854332867,-78.092380445486626],[162.3574040143763,-78.093306088320119],[162.361509857288155,-78.094464430262022],[162.366187652785385,-78.095469020752248],[162.37062544613039,-78.096352613718565],[162.374514700586246,-78.097238368544708],[162.37900629571584,-78.097895902295988],[162.383223105223777,-78.098554445478328],[162.385933641735477,-78.099869234080629],[162.386490128196215,-78.101100266332182],[162.38685071261034,-78.101897970764369],[162.387475219032922,-78.102798960951802],[162.387424161896092,-78.103024979602466],[162.386358481095385,-78.10295521344166],[162.384422061053471,-78.103057795611534],[162.382712695222182,-78.103375930884127],[162.381278677578536,-78.10375032128394],[162.380106372605923,-78.104084506658097],[162.374461419390968,-78.103743437796496],[162.372159828065833,-78.103047866671346],[162.371523305232358,-78.102203323833237],[162.37056562779523,-78.10157666613604],[162.371097392709117,-78.100407265850109],[162.370437598178711,-78.099666317851828],[162.370080620621394,-78.098820966805278],[162.36858193570103,-78.098197044822655],[162.365465637981828,-78.097486141316026]]]]}},
{"type":"Feature","properties":{"SURFACE":"moraine","SUBSURFACE":null,"SOURCE":null},"bbox":[165.713251852945717,-78.296982362746448,165.731348319842198,-78.288499224658182],"geometry":{"type":"MultiPolygon","coordinates":[[[[165.713460705581923,-78.288499224658182],[165.713814127307046,-78.288620014173389],[165.717754305270461,-78.289839143287381],[165.719178692567937,-78.290627323733617],[165.720343986864123,-78.291514928706547],[165.722634926256546,-78.292864956667827],[165.726870830050757,-78.294249549220709],[165.729429770249624,-78.295538080730225],[165.731172237160138,-78.29676562973475],[165.731348319842198,-78.296982362746448],[165.728581988212738,-78.295992625520142],[165.725479785993514,-78.295108531187182],[165.724053065051635,-78.294320306370707],[165.723177975159643,-78.293588761283957],[165.722302987706001,-78.292923029056951],[165.721157185329218,-78.292196289116461],[165.719989238801389,-78.291299153942134],[165.717204810644773,-78.29092021797068],[165.71579673812596,-78.290584179644782],[165.71411212089123,-78.290139810392475],[165.713251852945717,-78.289521787149809],[165.713490862358896,-78.288847764348034],[165.713468237900912,-78.288508106396264],[165.713460705581923,-78.288499224658182]]]]}},
{"type":"Feature","properties":{"SURFACE":"moraine","SUBSURFACE":null,"SOURCE":null},"bbox":[165.025655286619326,-78.295292901404963,166.066393897031361,-77.795178079661909],"geometry":{"type":"MultiPolygon","coordinates":[[[[165.711708746203016,-78.287631573810899],[165.709517780252497,-78.28705327720543],[165.705854599568681,-78.285998722112836],[165.70331890865674,-78.285218709860004],[165.701624233152472,-78.28449159829745],[165.699366763444345,-78.283763535961128],[165.695429264955322,-78.282600514072399],[165.693445699287395,-78.281820733751388],[165.691728843269459,-78.28081026315752],[165.689996933773614,-78.279469873187097],[165.688533321671997,-78.278124557776849],[165.686789891152245,-78.276557836228889],[165.684776622638879,-78.27509933183056],[165.683316650754676,-78.273763532008061],[165.681293467818506,-78.272191605309374],[165.679562925910062,-78.27078528826469],[165.674807338151055,-78.269729662100218],[165.670594428289007,-78.268570451615702],[165.667765724816206,-78.26716333828702],[165.663533317971627,-78.265664379177196],[165.659072694934082,-78.264886971447979],[165.656292996207043,-78.264385008880041],[165.650174122496793,-78.263615175343574],[165.645444532074805,-78.262955134263365],[165.639893927913562,-78.262402698038727],[165.634896537954546,-78.261794310028492],[165.629067510588527,-78.261189472672598],[165.622410273282043,-78.260475436866813],[165.617965312332956,-78.259923699436683],[165.614354845231503,-78.259481279681893],[165.609655134964868,-78.259433420187065],[165.606084672411271,-78.259604380870911],[165.601943948847207,-78.259736099197951],[165.598635667140826,-78.25967609840616],[165.595314629519038,-78.259634204008378],[165.59147307916183,-78.259913114337863],[165.589830903633981,-78.259827240078465],[165.588553511381718,-78.259835691761197],[165.586428611236499,-78.259611660325731],[165.586363991291904,-78.259605697731999],[165.58635710467118,-78.259598512481134],[165.58441286582709,-78.259205171627741],[165.581933343499003,-78.259207136781569],[165.576139236163584,-78.259223733156333],[165.574489859025846,-78.259278498683443],[165.573626221193052,-78.259303515120322],[165.571559546703128,-78.259125059674304],[165.569072208977332,-78.25895715678007],[165.566862409133932,-78.258850808592328],[165.563265761147221,-78.258624729854688],[165.559666649460667,-78.25847373621157],[165.556068572297107,-78.258256885910569],[165.551086588845834,-78.257807449690333],[165.545262904283987,-78.257266692584409],[165.539713715486528,-78.256542604171713],[165.53526627396721,-78.255650411734621],[165.530520839186522,-78.254544855687357],[165.525506902275993,-78.253425059929825],[165.520790428858703,-78.252640709639053],[165.512711992632347,-78.250813601910906],[165.510768839214848,-78.250353735510629],[165.508817832464274,-78.249855792769324],[165.507139216383223,-78.249296887210676],[165.505181646897427,-78.248629166724967],[165.502663436039512,-78.247847192100863],[165.500430043200737,-78.247070775062966],[165.498186020505415,-78.24605849461777],[165.495379107282929,-78.244828284139174],[165.492568359992276,-78.243371950196448],[165.489765709137231,-78.242367715982226],[165.487525294960221,-78.241477798343922],[165.485567453164805,-78.240809807688365],[165.485290056790234,-78.24063517583059],[165.479993363409108,-78.239132078763461],[165.477491765725262,-78.238463510830726],[165.475265322952168,-78.237960029052459],[165.473591706778279,-78.23723161266021],[165.471340687228434,-78.236227954635666],[165.468547703422388,-78.23511090230069],[165.465765865702053,-78.234380278247983],[165.462993062640209,-78.233763032575851],[165.459663383070506,-78.233097457598859],[165.456596892149889,-78.232210443174765],[165.453528717283689,-78.231031495667906],[165.45072244696027,-78.229574563773198],[165.447647951616517,-78.22816924998537],[165.444272550900905,-78.226333756976956],[165.441203547798636,-78.224872107890832],[165.43757563963436,-78.223700790850202],[165.433699076066745,-78.222808007886371],[165.429536271598835,-78.221975256960135],[165.424554261286431,-78.220967129927345],[165.419009845713362,-78.219797202733858],[165.413755022294652,-78.218906092126161],[165.410164855807835,-78.218291628151178],[165.40491139635327,-78.217513327096526],[165.39579904422817,-78.216407142256216],[165.392207943993157,-78.215735821312393],[165.388623710395109,-78.215290759010998],[165.383371200288281,-78.21479441774143],[165.377040193897926,-78.214353452365771],[165.370430576775959,-78.213737392063166],[165.365195528723916,-78.213298060638166],[165.359964980647675,-78.212962429188778],[165.35444684435285,-78.212470081041545],[165.351143455621212,-78.212077076331951],[165.34810172076817,-78.211519083884767],[165.345601214564766,-78.210801632050988],[165.341724406800211,-78.209793980220496],[165.338678126894223,-78.208783570843551],[165.336186475004865,-78.207821604340083],[165.334784824342563,-78.207049753378243],[165.334209827248202,-78.205983099014375],[165.334738665747039,-78.205192101766599],[165.335533249734198,-78.204179900556554],[165.336880374132932,-78.203112519270789],[165.339051253823044,-78.202042138698033],[165.342569665544431,-78.200356434291265],[165.346090038590063,-78.198614350331098],[165.348532697452697,-78.19742670367512],[165.351246027442187,-78.196423034982487],[165.356701262765142,-78.195114013385449],[165.362436937795337,-78.194102417518678],[165.367086936040891,-78.193588262502956],[165.372286169991099,-78.192905670389607],[165.377473566996173,-78.192231797833529],[165.382114602595465,-78.191434544161837],[165.385933969066599,-78.190706367413171],[165.388385098351733,-78.190027533492142],[165.389450181368147,-78.189133506115311],[165.390233765856209,-78.187951440496022],[165.391296583321804,-78.186765458712443],[165.392360124943593,-78.185532453653025],[165.3966741319866,-78.183333826776888],[165.400204010104346,-78.182383096426634],[165.4008217825656,-78.182208953167574],[165.397332793629289,-78.182314598645021],[165.401982441986291,-78.181621322970884],[165.4041501556936,-78.180946217080901],[165.405773984232297,-78.180449195200666],[165.407678710424989,-78.179995396337517],[165.409303963381433,-78.179319588598901],[165.410929029238673,-78.178643772207408],[165.412272087371065,-78.17802822389757],[165.41319669728432,-78.177641999013645],[165.414554584888663,-78.176860327138755],[165.41699002423897,-78.17584179127428],[165.419149978193303,-78.174827395514271],[165.422406249472999,-78.173871455164431],[165.426492857163964,-78.173129194780174],[165.427473151191094,-78.172999696131185],[165.429630797565807,-78.172703902890191],[165.431942859376818,-78.172224241173339],[165.434380779804627,-78.1717235041084],[165.436284485696575,-78.171326070716219],[165.43845370334941,-78.170650997451631],[165.439602169865651,-78.170391703179789],[165.440500008364864,-78.170129379795242],[165.443760731874931,-78.169399483057461],[165.444518785961151,-78.169240235826521],[165.445244853107823,-78.169064389306158],[165.448932767282315,-78.168239911050549],[165.449158838514023,-78.168182313201996],[165.451765772297733,-78.16742568796829],[165.455350537365177,-78.166543134217548],[165.45679228936217,-78.166055629045374],[165.459141672762513,-78.165573749035048],[165.459903654737758,-78.165336536669145],[165.46152527363077,-78.164942849154841],[165.463431759441278,-78.164432558947098],[165.465319724940912,-78.163751883824318],[165.467758271351499,-78.163128725355094],[165.468862789485541,-78.162867100038284],[165.47006525766767,-78.162395046193737],[165.47223966821042,-78.161767241013692],[165.474946397587075,-78.161148914303013],[165.47930397367378,-78.160467768628607],[165.482027077179509,-78.160123174059109],[165.483936124092452,-78.159838813828145],[165.486099786710923,-78.159445645096383],[165.489901904785967,-78.158659610601674],[165.493158101810081,-78.157919833951226],[165.496410311134241,-78.157066916775989],[165.499113731084464,-78.156166030188032],[165.501984101438808,-78.155464572610143],[165.50409697896842,-78.15470871603209],[165.506804786078817,-78.153977412895188],[165.507944585440384,-78.153726088462662],[165.508580530281733,-78.153516536370262],[165.51128680117111,-78.152775730317074],[165.51398824165139,-78.152222833329603],[165.516979388244039,-78.151647659254152],[165.519692732279225,-78.151085959180122],[165.52267433528084,-78.150463207901282],[165.525109014002481,-78.149896114057981],[165.526571404510975,-78.149646550472497],[165.52983194142945,-78.148885849510791],[165.533440742412495,-78.148083567782777],[165.534308608336005,-78.147749605580429],[165.54271971778104,-78.146097424591602],[165.545956354663304,-78.145262300533659],[165.54893874842611,-78.14457361931521],[165.552174140094451,-78.14367255678026],[165.554868266078245,-78.142827488629578],[165.55783818911695,-78.141921763155494],[165.561612481690474,-78.140738786486097],[165.564303916348507,-78.139893560379321],[165.566997733033787,-78.13892617580791],[165.569952820798335,-78.138085485974699],[165.573198515382074,-78.137297784677827],[165.575630723347274,-78.136608130007872],[165.577784749788407,-78.135997814654033],[165.580977072286402,-78.135043330300959],[165.581665851743878,-78.134754595808346],[165.58327621966572,-78.134077903981023],[165.58568158880999,-78.132888332545718],[165.586740614848281,-78.132267144176012],[165.588325409967524,-78.131024798813684],[165.589092675513626,-78.130395999356367],[165.589768583567945,-78.129455205738807],[165.590541969107704,-78.128386301593096],[165.591298837101505,-78.127325936328418],[165.5923475864995,-78.126196367074911],[165.593921113984578,-78.124840623945701],[165.596596210512473,-78.123768847754391],[165.598454421360884,-78.122766744415443],[165.600869263798245,-78.121972756259893],[165.604358441952286,-78.120727713807028],[165.605972521463968,-78.120220549421575],[165.606767928734456,-78.119773566254494],[165.608362855405886,-78.118870416907527],[165.611036623403493,-78.117798583751764],[165.613444915181873,-78.116891399482711],[165.621563034863755,-78.110145340458018],[165.620618129567731,-78.109177257168511],[165.620535514702453,-78.109122498836541],[165.620250373056024,-78.108878856738784],[165.619577734505867,-78.108517083284354],[165.617607589135929,-78.107350360863251],[165.617322052136842,-78.107128389736317],[165.617032012992212,-78.106558249209016],[165.615060782845205,-78.105447846358146],[165.61422812163525,-78.104933634570628],[165.612545127049742,-78.104101735805656],[165.611145701708352,-78.103378854353551],[165.609759750449228,-78.102703689474978],[165.608894322057608,-78.10186797888062],[165.608576637684763,-78.100854365152301],[165.607981129451531,-78.099732007065199],[165.607655637130563,-78.098670956606568],[165.60732550501109,-78.097543832480369],[165.607264068258331,-78.09625226201203],[165.607739746475971,-78.094678812503616],[165.608193734721908,-78.09288793998445],[165.608947316476502,-78.091626356832194],[165.609017296996711,-78.091126057535135],[165.609229428412277,-78.089896018512945],[165.609988479801473,-78.088713762693246],[165.610919438737625,-78.087839877832309],[165.611453707763047,-78.087211591446376],[165.612740934966666,-78.085747023739913],[165.614797094777856,-78.083270039583766],[165.617853419413649,-78.079059501579891],[165.618602498784384,-78.077707544883452],[165.61908815798003,-78.076586116574816],[165.619043412323919,-78.075690465995436],[165.618708457224415,-78.074346901240247],[165.618655918218366,-78.073215766239741],[165.618025311246527,-78.071480410931301],[165.617146448486693,-78.070249046384177],[165.616577825457142,-78.06969233014614],[165.616491496535303,-78.069606145961629],[165.615284967192622,-78.069153618729828],[165.613623985664447,-78.068604771846992],[165.610879627987515,-78.068167684773144],[165.609576444708637,-78.067875048210766],[165.608882485311142,-78.067798423158123],[165.606414992083558,-78.06735715942105],[165.605042327735788,-78.066964582282495],[165.603664041829234,-78.066628115923493],[165.602274914260448,-78.065905520253267],[165.601148533183476,-78.065065214335505],[165.600571714640978,-78.064329314918112],[165.600261086264737,-78.06366397227319],[165.599688790216192,-78.062871885278128],[165.598818326390898,-78.06175363505416],[165.597676601718518,-78.060696189294376],[165.597366820683305,-78.059795789273238],[165.596489224456576,-78.058620713397545],[165.596086095307697,-78.05820036467729],[165.594882923925326,-78.057247024630882],[165.594776398550863,-78.056792611313796],[165.594207166466333,-78.056157885040591],[165.593067111447368,-78.055034643112592],[165.592483829564259,-78.054025636151309],[165.591351421875146,-78.053137871785509],[165.590496073904461,-78.052180202650135],[165.589371825626245,-78.051339868852921],[165.588514557349328,-78.050325656195426],[165.587090856860129,-78.048933341176038],[165.58595836472,-78.047866837267875],[165.584552144025537,-78.046738723755439],[165.582862080193479,-78.045576664648138],[165.581182262138952,-78.04439631778132],[165.580337238112293,-78.043617781444567],[165.5792171438965,-78.042655305958945],[165.578358736835071,-78.041763190142063],[165.577233998945076,-78.041035547465881],[165.576621463049975,-78.040428708731497],[165.575629237776894,-78.040000176238763],[165.572317213865517,-78.038478752376449],[165.572179165026483,-78.038379627861801],[165.571412125021567,-78.038016686421528],[165.570014758521069,-78.037180390297166],[165.567536951759621,-78.036004289710206],[165.562276949426405,-78.033720339330017],[165.561714293507492,-78.033154229825385],[165.560600856122278,-78.032539892307625],[165.559490034969002,-78.031812827872812],[165.557557234015889,-78.031032434274096],[165.555637806954962,-78.030412611963328],[165.553980806274666,-78.029637503244231],[165.552043407179696,-78.028856790042028],[165.550393889129253,-78.02818549334259],[165.548748181568158,-78.027448545648824],[165.546813809746425,-78.026677328384764],[165.545426496945908,-78.025944756038754],[165.544042347316264,-78.025278174637052],[165.541300002817877,-78.024388409753271],[165.538029463361056,-78.023884162765583],[165.535043503580823,-78.023611430291822],[165.534665976843257,-78.023564078930931],[165.531510502048604,-78.023168272618776],[165.529069086286455,-78.02299987196821],[165.525817534151173,-78.022835066416846],[165.52283780325314,-78.022731817291415],[165.519857697632688,-78.022675544402105],[165.51633930127511,-78.022750282817185],[165.515826651458781,-78.022759910917699],[165.514236214475687,-78.022929104066051],[165.511541619325072,-78.023094998936244],[165.507761692767218,-78.023324931027176],[165.503700332892208,-78.023398611556715],[165.499644920027521,-78.023284411910623],[165.496378730107722,-78.023127863180719],[165.494471247866073,-78.022964658130377],[165.494158905293887,-78.02295221089777],[165.491172856957292,-78.02267893298135],[165.489811710276427,-78.022455289127777],[165.489255283515263,-78.021832719221507],[165.489772611828897,-78.021333694399047],[165.49056398831857,-78.020764728878021],[165.490937319233353,-78.020656729759963],[165.491413230144246,-78.020377615724257],[165.493389590880611,-78.019706383977848],[165.493629997496356,-78.019552467302759],[165.493929136532245,-78.019205991087773],[165.494011308750686,-78.019077875808037],[165.492345004495292,-78.017906504397672],[165.491240510191034,-78.017226264021545],[165.489584234726095,-78.016450502189144],[165.487660767605064,-78.015613317270038],[165.485756990014693,-78.015219320235957],[165.482753948699724,-78.014728549448662],[165.479968978116659,-78.01450347609449],[165.478211467998335,-78.014248984068615],[165.476309565884463,-78.014146641746791],[165.474669062874739,-78.013926641157028],[165.473550317086108,-78.013367798216365],[165.471567119365517,-78.012310815643914],[165.469896275123091,-78.011581092994277],[165.468506310205044,-78.011195766551509],[165.466849970627777,-78.010636139001349],[165.466270905332806,-78.010247429759062],[165.466259107027582,-78.010020994516836],[165.466783059786252,-78.009851645943144],[165.46712711594094,-78.009503257388815],[165.46717037616861,-78.009166890216207],[165.466588960682287,-78.008740419618434],[165.466062857397759,-78.008030224293663],[165.466015479524629,-78.007966266400842],[165.46600524803074,-78.007448259171582],[165.467605169045981,-78.007054645027679],[165.470298204922756,-78.006597611571081],[165.473250196855901,-78.006201551022556],[165.477017295315505,-78.005811732101208],[165.481064713496636,-78.005578080480817],[165.48430353837557,-78.005630120401378],[165.488618419714101,-78.005279061952763],[165.490500257076377,-78.005051056609901],[165.492654932231517,-78.004941197329828],[165.494006647205964,-78.005051533088064],[165.495638328217098,-78.00527098731358],[165.496737027779801,-78.005602873093423],[165.498095948610313,-78.005939335790075],[165.499469027199154,-78.006323583192895],[165.501647428557135,-78.006769919456289],[165.50355493144562,-78.007389805962575],[165.506553621535943,-78.008002448951544],[165.509277624312489,-78.008440379836529],[165.51172813966437,-78.008948244360639],[165.513639801697877,-78.00944595802585],[165.516083802987424,-78.009784102345634],[165.518254653512059,-78.010004090707966],[165.519332980162091,-78.009949089846543],[165.52149127622252,-78.009829759272293],[165.523097449560765,-78.009549109111163],[165.52390428093986,-78.009432497652725],[165.524999249418272,-78.009716981039929],[165.527172075095194,-78.009814722478197],[165.52906661389946,-78.010038605521615],[165.532851090921241,-78.009921745146769],[165.53662027634627,-78.009747585245378],[165.542293736145666,-78.009562555157501],[165.546073980205676,-78.009558160717788],[165.550683877877049,-78.00976742642888],[165.554199001545044,-78.009823957876208],[165.557441220471475,-78.009818814930824],[165.560137798248661,-78.009643372733251],[165.562011393036812,-78.009245196533868],[165.563333790540327,-78.008798717076701],[165.563585314006644,-78.008351369679417],[165.564101708902541,-78.00773011216009],[165.563796040674106,-78.00694261860771],[165.563288908188952,-78.006508220910604],[165.562952914947147,-78.006220403933582],[165.561576446789417,-78.005601295518218],[165.560482890289165,-78.005260636136242],[165.558848689105446,-78.005041494853671],[165.555861551767919,-78.004655853056462],[165.552878680290661,-78.004383251848012],[165.550168343953374,-78.004106402500682],[165.546639915822993,-78.003719847711977],[165.544187345134645,-78.00333447388239],[165.541195808861772,-78.002948390119329],[165.53820780587256,-78.002506022389127],[165.534953306611953,-78.002058721013995],[165.535787497907563,-78.001789636326109],[165.536553273246597,-78.001542606721827],[165.536785559232442,-78.000877892959906],[165.53809957921024,-77.999923215261475],[165.541339111120834,-77.999918261733384],[165.544329549773522,-78.000238489677869],[165.54811616155672,-78.000347423489288],[165.550808777040885,-78.000228398005248],[165.552805173453351,-77.999507777778987],[165.538531901113146,-77.998225276355939],[165.518145531421823,-77.997441212666715],[165.496049565448658,-77.996253074464335],[165.473420024569918,-77.995495144839097],[165.458386578538068,-77.995145266026711],[165.437118010223941,-77.995069173992633],[165.403073702428827,-77.994600636433049],[165.375052491674296,-77.994614841677333],[165.346020376840187,-77.99426056582999],[165.314510253822988,-77.994700057402611],[165.290996498991007,-77.994640783345105],[165.274733892618769,-77.994674776883912],[165.256222799082849,-77.994735383372998],[165.242041162992876,-77.99487198160385],[165.219895736851868,-77.994891053273292],[165.195507565205588,-77.994926326074022],[165.180906947058901,-77.995969400449937],[165.173605677820206,-77.996490647933427],[165.169568320481062,-77.997342268343147],[165.164223387213298,-77.998442142216575],[165.161632897281606,-77.997837765563631],[165.156564631801331,-77.997190976861091],[165.151770381763981,-77.996446118137172],[165.146465859516212,-77.995409177552062],[165.140674581131606,-77.993977753634496],[165.135697355796566,-77.992327274189464],[165.130734728237371,-77.990677440133723],[165.126265738880164,-77.989422219420959],[165.12102022536348,-77.987831821006566],[165.115780696060142,-77.986288696075178],[165.10973223199025,-77.984691188877335],[165.10103026254319,-77.982682583982097],[165.094157888422245,-77.981255620611449],[165.088098680881728,-77.979769844161467],[165.084458957439381,-77.978455834843302],[165.078423928578474,-77.976857954472578],[165.072079568461078,-77.975591387383218],[165.068437337344818,-77.974333417204377],[165.066930744741825,-77.973260058670732],[165.064372896221272,-77.97190202714971],[165.059364557020416,-77.970869471784454],[165.055403566860406,-77.970008168815269],[165.049299910658164,-77.969084047706474],[165.042675695908827,-77.968036483112826],[165.038471390337264,-77.967010447845269],[165.035378090445022,-77.96565034213306],[165.034194140620514,-77.964123268778692],[165.035444997635977,-77.962505722520973],[165.038903512648545,-77.960436301808102],[165.041525251362998,-77.958650163308675],[165.045210254241766,-77.956876196709544],[165.048076217410426,-77.955263952771233],[165.049868787960037,-77.953686147919299],[165.051120382592813,-77.952068780306732],[165.052936706888772,-77.950115329842589],[165.05289483252858,-77.947973479988519],[165.052331260518258,-77.945670591004372],[165.051752398509365,-77.943536497665107],[165.051982503259211,-77.94140040853739],[165.051897658881074,-77.939652035187834],[165.051823335357426,-77.937800577564346],[165.050225975392266,-77.935157228518605],[165.04915601846497,-77.932515020098464],[165.048089521702309,-77.929920112149773],[165.047519112559769,-77.927729906635264],[165.047286760641441,-77.92481401117962],[165.047287573924649,-77.922335281828879],[165.046185680841575,-77.920030535705948],[165.046381663511227,-77.918175350316716],[165.045168218023946,-77.916938793738396],[165.043142094820325,-77.91085000366084],[165.043636229216389,-77.908719348610589],[165.043297323595482,-77.906815396854455],[165.042695484971432,-77.90490614746696],[165.041095658097589,-77.902309528398249],[165.039771245182635,-77.899718879605004],[165.039397449815993,-77.898142821887149],[165.038525551170807,-77.896284372065068],[165.037125368652113,-77.894368018623894],[165.035141412869478,-77.892843027568745],[165.033376969594002,-77.891820415004801],[165.031316178865779,-77.891026204267902],[165.029787479528778,-77.890346647720278],[165.027967386782677,-77.889829800888322],[165.025655286619326,-77.888927152530954],[165.027278174141401,-77.888763762693515],[165.029722263947377,-77.888391972246339],[165.031653820623973,-77.887944283224599],[165.033851358889052,-77.88738898800527],[165.036072597258965,-77.886727761572743],[165.036370506118686,-77.886639072935424],[165.037853776893172,-77.886143255787047],[165.041216943773748,-77.88467332653201],[165.041790506011608,-77.884422600285546],[165.042078212571511,-77.884203123574693],[165.042468372165445,-77.884021569284187],[165.042473609145873,-77.884036810361224],[165.042825680207471,-77.885140380197186],[165.04301403832514,-77.885451940373969],[165.043266874217011,-77.885664624010246],[165.044239775051892,-77.886614509974365],[165.044965946296628,-77.887352638456548],[165.046478305517923,-77.888200803618787],[165.047153100215695,-77.888636998604909],[165.049594251202649,-77.88944982087375],[165.051652986438256,-77.890196602490406],[165.051802646002528,-77.890244724576334],[165.053214749293886,-77.89069876072729],[165.053964000484029,-77.891211938748441],[165.055911352502505,-77.891594304728628],[165.056388521031892,-77.892158198990302],[165.0574204595585,-77.892555248822092],[165.059259179818753,-77.892846675513312],[165.061128007323504,-77.892913597121535],[165.062193375270937,-77.892973230163733],[165.064333171625094,-77.892989327935311],[165.0667732039513,-77.892720651966499],[165.068949035309629,-77.892446602625753],[165.070596406597986,-77.892058167674293],[165.070771529516463,-77.891996724262597],[165.071819325111306,-77.891749642694776],[165.073500460651559,-77.891080390820719],[165.073809661662182,-77.890635945036763],[165.073910411035854,-77.889736946510141],[165.073955776467812,-77.889230628330353],[165.074276087606279,-77.888777385403344],[165.074297527563914,-77.888505311184474],[165.074279421532964,-77.888489854322827],[165.076604137784585,-77.888389341577522],[165.081520248998885,-77.887505262811274],[165.084781475159105,-77.887065710172138],[165.090488170232021,-77.886254005844052],[165.097798704791387,-77.885494143458828],[165.104807214391087,-77.885028192705477],[165.109114538965457,-77.884816439842922],[165.116629640707458,-77.884576360116284],[165.12228116272388,-77.884373470470067],[165.128468165466927,-77.884011913458878],[165.133340299365045,-77.883473329671759],[165.139891539720679,-77.88231229674021],[165.146961410240067,-77.881161224124284],[165.152927453096197,-77.880297119822345],[165.158916513341183,-77.879311763211277],[165.165180439031417,-77.87820975635708],[165.173859384488907,-77.877015923113092],[165.18069916323995,-77.875465392556166],[165.183454856663047,-77.874629641081626],[165.184596830882214,-77.873854891246594],[165.187610961221708,-77.873137098107279],[165.191419062787077,-77.8724257338841],[165.194975781471413,-77.871653290438545],[165.204473997245572,-77.870174829894822],[165.208867883242021,-77.868949666701056],[165.210044128822744,-77.867781328790485],[165.212274870673355,-77.866775115399093],[165.212811528597058,-77.866668588008764],[165.215537222874616,-77.866127489928303],[165.215824714083226,-77.866072580784504],[165.21591639080313,-77.866026113588532],[165.217016641390387,-77.865644583572688],[165.218401591546638,-77.865137601518924],[165.218693028312941,-77.864861859097516],[165.219465722066161,-77.865253141577227],[165.219975873045371,-77.865432108203947],[165.221822228854194,-77.865722860680904],[165.224226510687856,-77.865780881307884],[165.225117506822727,-77.865745547257362],[165.226904147384943,-77.865684545229087],[165.229831083698144,-77.86523764217381],[165.231178399809721,-77.864829254998526],[165.232282554668274,-77.864438497529065],[165.2336622323472,-77.863940605899018],[165.234504223909738,-77.863497653324188],[165.235337300888744,-77.863157781429692],[165.235705493565007,-77.862975899874684],[165.235724049172006,-77.862787789213996],[165.235131078260764,-77.862487245798107],[165.234623718600176,-77.862195479188799],[165.234109789843103,-77.86196925696639],[165.233079882163935,-77.861573188139175],[165.232580183877161,-77.861178263510908],[165.232088893794071,-77.86062373264474],[165.232413252232675,-77.860057935084882],[165.23191786073906,-77.859550253971278],[165.232890925698626,-77.859499277904675],[165.232821404963232,-77.859364964500514],[165.234746256548902,-77.858803180686664],[165.23665494696445,-77.858419395011794],[165.23936271880612,-77.858032823411051],[165.242849678719182,-77.85782123586462],[165.246338573103088,-77.857619132935497],[165.251976678486159,-77.857300666707488],[165.256808753111187,-77.857097521673907],[165.258707852327376,-77.856995545417377],[165.261907886413439,-77.85683376594794],[165.267269547252397,-77.856631524916693],[165.271021532885186,-77.856471947393032],[165.27658070222472,-77.856186634060492],[165.28035859527435,-77.855852211485598],[165.281510242938992,-77.855724598756808],[165.285836070852071,-77.855125890841478],[165.291226925826095,-77.85447302139444],[165.296883984154533,-77.853928909870319],[165.298830050712439,-77.8537445786137],[165.300386707547716,-77.853604625406987],[165.304690683432653,-77.853230410238183],[165.308737184051722,-77.85273839636416],[165.315180541878846,-77.852369157351177],[165.321080573235179,-77.851951005019316],[165.325658886816854,-77.851572831342395],[165.330485489221246,-77.851255336857392],[165.333710816864425,-77.851037778297282],[165.335594242942221,-77.850878024450068],[165.338812539792571,-77.850716495558885],[165.343079912671527,-77.850678575177014],[165.343323942475536,-77.850684286981618],[165.344879892911109,-77.850608280972907],[165.35238919665349,-77.850108968677404],[165.352480780496023,-77.850094976376866],[165.355990714779836,-77.849601132795186],[165.360562011922951,-77.849165636065621],[165.365672751691534,-77.848684461016902],[165.368626667422973,-77.848414000637618],[165.37024466141753,-77.848248874348329],[165.3745596642907,-77.847752064866469],[165.375758478288105,-77.847657975616514],[165.377777242719759,-77.847496017342735],[165.381028901937754,-77.846884260267871],[165.38457404327076,-77.845940464881451],[165.388903209844386,-77.845171428307651],[165.392144033435329,-77.844624872398427],[165.396201577905742,-77.844010216079255],[165.398392160504301,-77.843462429703877],[165.399470602987833,-77.84318290546463],[165.401101918128717,-77.842679690754792],[165.404372851974955,-77.841739568310146],[165.408712273685467,-77.840858041374204],[165.412240495606966,-77.840026076898624],[165.416328477609682,-77.838914332846571],[165.419887808095751,-77.837745370345289],[165.422923637731571,-77.836406599936808],[165.424365208682161,-77.835798883190535],[165.426501431773147,-77.834909395417085],[165.429519077061059,-77.833682524009049],[165.432261551112248,-77.832685155416215],[165.43501268022996,-77.831509533141315],[165.436954668494963,-77.830505940400272],[165.438565976198845,-77.829935750275069],[165.439961526334201,-77.829447805725309],[165.443229056095788,-77.828554445104373],[165.446767680505644,-77.827675917187918],[165.448118367548375,-77.827336005180499],[165.453246931433227,-77.826346963471792],[165.456762317933595,-77.825739875718469],[165.459719542771865,-77.825299738364407],[165.464847254342146,-77.82441399188869],[165.468898848410902,-77.823591609734109],[165.474330275781682,-77.822148677779182],[165.478702361426997,-77.820638404527188],[165.483330052495774,-77.819085667132242],[165.486893782554517,-77.817691081551231],[165.489634515550762,-77.8165242509032],[165.491320992113685,-77.815290422591033],[165.49325267674493,-77.814229868218732],[165.496253606369919,-77.813227730586576],[165.500868408726319,-77.811946991174779],[165.50677969662533,-77.811122548378663],[165.511906809726099,-77.809963731401425],[165.515691817876643,-77.809135963584978],[165.518926191759448,-77.808522602230568],[165.52078449978444,-77.808050417518942],[165.522173327843007,-77.807693657996865],[165.525713256202579,-77.806523377553873],[165.529250607704654,-77.805296536824983],[165.533320720731979,-77.804126944353143],[165.5362612025543,-77.803433117328069],[165.537064385466266,-77.80315578430772],[165.543047793819085,-77.801150265024845],[165.544465157191468,-77.80070762298493],[165.547661131738778,-77.799709375550549],[165.551723682279317,-77.798539305686688],[165.556865399845549,-77.79720236789872],[165.561435795741147,-77.796370132759421],[165.565982958783223,-77.79598781587616],[165.570239953353223,-77.79589046070582],[165.577423927343176,-77.795689034156311],[165.583024323558902,-77.795532945550661],[165.588081216715381,-77.795431810457217],[165.591544459688919,-77.795328603585446],[165.595002554446609,-77.795178079661909],[165.596596100932686,-77.795180036739339],[165.597893120002368,-77.795795625374424],[165.599177979664745,-77.796429339377994],[165.607510546906468,-77.799419280312563],[165.611719100469287,-77.800164476178168],[165.617228398395156,-77.801468806705245],[165.62273368669122,-77.802725755595802],[165.627478483650918,-77.803518441816976],[165.632747170300973,-77.8043769613043],[165.637184759468653,-77.805904596368904],[165.645326386519883,-77.80771696147437],[165.654026329955514,-77.809202030542522],[165.659813700223083,-77.810341528650511],[165.665588783848705,-77.811705701746291],[165.672150424083043,-77.813516151386651],[165.680561126559326,-77.81544478997975],[165.686607828968192,-77.816860489603584],[165.693191812775581,-77.81822973959396],[165.699777642399994,-77.819702200488209],[165.706081388928169,-77.821290783566752],[165.713169948095612,-77.823278307619844],[165.7189293580997,-77.825306894034867],[165.724716031021444,-77.826782456952301],[165.727591084000323,-77.827913743318291],[165.729650965658408,-77.82926428609035],[165.73334167859619,-77.830166777133698],[165.738611693631015,-77.831416866541758],[165.743346316468688,-77.832722660759543],[165.745960854537515,-77.833736311403285],[165.75015880272116,-77.835201031320508],[165.754604749541954,-77.836847985179205],[165.75905078359969,-77.838870536464526],[165.762719534238926,-77.840062377994371],[165.766670358272904,-77.841194065544343],[165.7703511909084,-77.842376983990533],[165.775078243950361,-77.843906854733447],[165.780593940127005,-77.845882545274677],[165.784533211069231,-77.847238590684512],[165.788486794987961,-77.848482593384219],[165.792689953320661,-77.849843112346136],[165.795829235528629,-77.851306494024229],[165.799228643764195,-77.852886967095557],[165.80449705271667,-77.854632600929506],[165.808168976375924,-77.855992581926088],[165.811848889112127,-77.857409245156518],[165.816553988731783,-77.859716135547274],[165.820231416946967,-77.861188795834607],[165.823919022813044,-77.862427132134428],[165.826825085450082,-77.86343605980079],[165.828887725976642,-77.865019934145721],[165.832028346888023,-77.866764282653079],[165.835978926121101,-77.868119563665317],[165.839383978684083,-77.869868376354432],[165.842275582045232,-77.871054636185391],[165.847286004021583,-77.872691169721847],[165.85202818254254,-77.874501133934587],[165.856256377084748,-77.875908146603336],[165.860215735497349,-77.877366545236512],[165.864698037212889,-77.87895578558782],[165.869965815958551,-77.88093382455132],[165.875769716063672,-77.883184119368963],[165.878919454697524,-77.884711909584851],[165.883397819130579,-77.886685320747802],[165.886831710566099,-77.888087097635818],[165.890529450916347,-77.889493322221085],[165.894219459776792,-77.891021096372242],[165.897891537085115,-77.893111128090936],[165.900250615207966,-77.894624910399202],[165.903421035674199,-77.895871572748305],[165.90684510386842,-77.897338058133784],[165.90895384978063,-77.898462976864522],[165.909721767340272,-77.899526681413079],[165.90886440949032,-77.901039958233071],[165.907467429209959,-77.902449744491108],[165.906888279536844,-77.903789926447061],[165.906029482785442,-77.905190506882306],[165.905169125085365,-77.906600404736707],[165.906998484911924,-77.90805794229685],[165.908562635309863,-77.909407618360589],[165.908523464026615,-77.910475806789151],[165.90901327006307,-77.911712635945989],[165.911375227247476,-77.913122988630278],[165.913741925766942,-77.914477216392541],[165.916632282222395,-77.916225038693085],[165.920053314206342,-77.91802882300864],[165.921900785525111,-77.919092769302253],[165.923472572938209,-77.920273645114904],[165.926645451379898,-77.92156667903177],[165.929038109846005,-77.922415053014532],[165.931141015988032,-77.923708177647214],[165.931633695866907,-77.924944995238221],[165.931862458745087,-77.926233683927222],[165.93342091659963,-77.927704728091229],[165.937138271871817,-77.928838289544487],[165.940594483910331,-77.930239701815239],[165.942691996282377,-77.931588658523978],[165.944543643790809,-77.932605546188825],[165.946654215925605,-77.933729829456624],[165.948503961891447,-77.934690238268701],[165.950885850001839,-77.935922519499016],[165.955341437341275,-77.939253186549365],[165.956925813101179,-77.94036855295154],[165.9582331009359,-77.941384935612305],[165.959002843521972,-77.942514011242139],[165.960581365909462,-77.943694722723535],[165.963760494461781,-77.945212447776385],[165.966953631150602,-77.946674511132287],[165.970122644584023,-77.948529464175067],[165.972220245712947,-77.95011255690838],[165.974331467124244,-77.951517982848941],[165.976179912822431,-77.952806420651115],[165.977757721350002,-77.954155806980992],[165.97906078283458,-77.955509620176514],[165.980095532163404,-77.956802502389621],[165.982211086433637,-77.957935808517362],[165.9835454064538,-77.958437074829803],[165.986744169945979,-77.95972998119467],[165.989365988646796,-77.96193135059346],[165.991205075783967,-77.963500624898799],[165.993315392456424,-77.965356159837057],[165.994626273602933,-77.966531851833636],[165.996999228722075,-77.968175720420021],[165.997771846522397,-77.969351537061513],[165.998556042582095,-77.970359009651403],[165.999602782908397,-77.971427048434705],[166.000370133665143,-77.972893514722671],[166.001142414269793,-77.974181906055435],[166.002995599462906,-77.975366889370932],[166.003768323394127,-77.976655278953203],[166.004269226836811,-77.977845076754463],[166.005601620171234,-77.978787099249047],[166.006652178848526,-77.979798942488827],[166.00688818979819,-77.980928043557043],[166.007928158123377,-77.982220878770818],[166.009242761295582,-77.9835091811767],[166.01027417006901,-77.985205109049247],[166.011573507255321,-77.98683983739015],[166.009528706183119,-77.991004095800434],[166.004136064130819,-77.994497413195134],[166.001579916655146,-77.995622525780746],[165.989631331442354,-77.999536079517682],[165.982751801856182,-78.001018741305558],[165.971164830799609,-78.002810634441786],[165.967413822603788,-78.003723430188757],[165.962611541654269,-78.006440292937256],[165.963480228429603,-78.007227049436196],[165.96407536188849,-78.007896322866245],[165.965220609267931,-78.008847633128397],[165.96636732916312,-78.009630033502077],[165.966974766759961,-78.010525225848227],[165.968133828982104,-78.011589869296756],[165.969280952239416,-78.012259610395645],[165.971998834578045,-78.012532127597339],[165.974178592255896,-78.012804845977655],[165.975832152481189,-78.013078399122705],[165.975863235394399,-78.013586915378852],[165.973202751547177,-78.014040247267729],[165.96786525054452,-78.015021108027128],[165.963599671276825,-78.015700844387084],[165.960893141993921,-78.015766819117587],[165.957931323073637,-78.015885222349524],[165.956605679441878,-78.016351466892303],[165.956925718282065,-78.016959532504714],[165.958855900318497,-78.017463469932395],[165.961339344229799,-78.018005502604083],[165.964360192202292,-78.018556624357245],[165.968710960496992,-78.018942027803121],[165.974136181324809,-78.019035753937388],[165.977929995895067,-78.019185580997927],[165.979326933641346,-78.019746144451929],[165.979690218255598,-78.020928975263189],[165.98061390010551,-78.022375528653043],[165.980700636022988,-78.023506471557511],[165.980274249158953,-78.02490182442618],[165.980112551155827,-78.026310900963864],[165.979617100920905,-78.026932941716467],[165.978072176261435,-78.027941803464856],[165.97759404687352,-78.028733719981119],[165.977953438598661,-78.029916364776597],[165.978312676158254,-78.030911254060825],[165.976755037840888,-78.031825615754201],[165.975499608933433,-78.032999712941418],[165.975903370398612,-78.034682206433757],[165.976803329189948,-78.035798987195321],[165.977706193657639,-78.036981620809073],[165.975413541579741,-78.038899985677403],[165.974419598528243,-78.040021963845859],[165.972946544670521,-78.041992196109575],[165.972503847191405,-78.043283554348974],[165.972340980812987,-78.044692672051639],[165.971344895727299,-78.045758252915618],[165.969567853978447,-78.047337298745376],[165.968860702771053,-78.048746435093406],[165.968129199771312,-78.049637980280821],[165.967163113791173,-78.051155776758762],[165.966722132526996,-78.05251300243701],[165.966278376855541,-78.053860704121433],[165.966889404354163,-78.05475603515255],[165.968342265554384,-78.05592961998623],[165.969521973465447,-78.057154772039553],[165.969331715748353,-78.058224561799307],[165.965926051991062,-78.059757050209484],[165.963294836016075,-78.060766307946267],[165.960639205774925,-78.061567754990349],[165.957988559153392,-78.062360065525382],[165.955859511424222,-78.06299159044535],[165.95373826484942,-78.063604737553277],[165.95270189500863,-78.06429281477493],[165.952479743139918,-78.064900983445611],[165.953062609975802,-78.06540998466204],[165.954183526485082,-78.065909270706229],[165.956688819891724,-78.066630394181232],[165.959409576916272,-78.066789916241405],[165.961844745305825,-78.066671759417957],[165.964518804558793,-78.066096514011306],[165.966110001774751,-78.065587319150922],[165.969059980029442,-78.065129591318779],[165.972830644256419,-78.06466731974686],[165.976057878328476,-78.064317752013437],[165.977637607629532,-78.06376099861069],[165.978394674872845,-78.062908270240527],[165.98074874738586,-78.061837650568521],[165.983113151619165,-78.060814506512244],[165.985712482598245,-78.059343514568411],[165.987538785690163,-78.058555432812057],[165.988021223223598,-78.057651004348727],[165.989568084745429,-78.056754625219455],[165.992211094397874,-78.05584915397948],[165.995421115967844,-78.055160698784775],[165.997522187544092,-78.054368038300126],[165.998806508674988,-78.053467502386241],[165.999561737595599,-78.05272739050136],[166.000454372777313,-78.05031415427888],[166.001167907034471,-78.049130731694774],[166.002977163341257,-78.048003899697591],[166.003720772110597,-78.047159963159345],[166.005263122184857,-78.046085069347171],[166.006535127868773,-78.045137019428381],[166.008105967459954,-78.044335813931596],[166.009667772158679,-78.043665552142897],[166.011794487795527,-78.043033841546134],[166.012390139102138,-78.043702846064789],[166.011650521141661,-78.044668983777342],[166.011227012322735,-78.046064436135552],[166.010777034694314,-78.04719571583243],[166.010340037024122,-78.048599873153165],[166.009904945656643,-78.049835183346318],[166.008140637466369,-78.051471230131881],[166.007148736360193,-78.052593350573162],[166.005891883785921,-78.053889538274007],[166.00384043004911,-78.055360627246188],[166.002847801103968,-78.056482740142613],[166.000527707396088,-78.058062021758843],[165.998730360021113,-78.059302206444642],[165.996714186815581,-78.061160039490318],[165.994641208947513,-78.062461123499403],[165.993083330865517,-78.063366377232683],[165.992097157565325,-78.064545211276823],[165.991615796482023,-78.065327676686593],[165.989488007885427,-78.065959463322343],[165.987089958934092,-78.066408320270824],[165.985224655076394,-78.066987933320263],[165.98475208586305,-78.067770872542056],[165.985323028320806,-78.068222788255923],[165.987001028278314,-78.068713063840406],[165.989466673390183,-78.069046828493612],[165.991352931904629,-78.068815592881279],[165.993180179877157,-78.067971129863011],[165.995281860730643,-78.067000018480599],[165.997151370199049,-78.066664644663135],[166.000656273374091,-78.066366668196977],[166.003077029917137,-78.066078468131224],[166.007651225304073,-78.065507017769789],[166.010045166117038,-78.064935796178901],[166.013765062238747,-78.063907253341995],[166.018070133491733,-78.063443855410625],[166.021003132966513,-78.062759566780471],[166.023380391215341,-78.062027873781545],[166.024928813250284,-78.061065777810285],[166.026192946395241,-78.05988256005817],[166.027725266362296,-78.058750705804457],[166.029806918630157,-78.057618991062398],[166.031629380956247,-78.056717961388074],[166.032604983811893,-78.055426068849343],[166.033098520173098,-78.054747572741533],[166.033305291129096,-78.054073083447975],[166.031884136248806,-78.053230287814131],[166.031549298698167,-78.052509131287366],[166.031732519375907,-78.051439241308245],[166.032694367944259,-78.049921425551688],[166.033158731548355,-78.049081894065779],[166.033315443071189,-78.047616470360552],[166.033195316694844,-78.046221254931964],[166.033613527670013,-78.044816243154898],[166.03406490640981,-78.043628808774159],[166.035048838298337,-78.0423937466404],[166.035485377420827,-78.041214947380638],[166.035118636847585,-78.040041673805021],[166.03499359223261,-78.038514839709421],[166.034322015999891,-78.036894131568801],[166.033093720104915,-78.035216548877216],[166.032958054885427,-78.033642237408245],[166.032621340912215,-78.032742668109876],[166.032534675857192,-78.031799687426869],[166.032484165745586,-78.031121355255436],[166.031855131303615,-78.030056538206949],[166.032043626813874,-78.029043292087607],[166.032272607367389,-78.028595241309148],[166.03449364970092,-78.02926356627944],[166.036166258244151,-78.029875415203975],[166.03814929617414,-78.030934959673303],[166.039593215904915,-78.031938520247081],[166.040776557139139,-78.033163247521799],[166.041408314688908,-78.034293834116383],[166.042416303790986,-78.036523053287311],[166.043096437948236,-78.03826612775967],[166.044017071315068,-78.039496038533557],[166.044707705103377,-78.041352255095916],[166.045125557817613,-78.043034876911989],[166.04554784938847,-78.044764649382401],[166.045392298213073,-78.046173743885134],[166.045502479624474,-78.047465135134985],[166.045746523066072,-78.05037761122783],[166.046117757831496,-78.051616746748707],[166.047038799706513,-78.05290293696072],[166.047975114506954,-78.054246211332298],[166.048362922549785,-78.055702037716685],[166.049580075349752,-78.057275586688391],[166.050518703492202,-78.058665873139631],[166.051222496990704,-78.060569626578527],[166.0524126377274,-78.061803891139633],[166.05365972353141,-78.063651075020871],[166.054890306443809,-78.065384774840993],[166.056991248906058,-78.067735614890111],[166.058767570453483,-78.069469126024387],[166.060574356991623,-78.071598320982531],[166.062320513062303,-78.072945449801836],[166.063772078624851,-78.074005289346815],[166.064928868948812,-78.074777842649453],[166.066393897031361,-78.075950952004249],[166.066242243738913,-78.07741653564301],[166.065842552604721,-78.07910402209879],[166.064452487381573,-78.081913827500102],[166.063169597898792,-78.082758379831745],[166.061347331233634,-78.083716059255309],[166.058429325077839,-78.084626953169362],[166.055518386212071,-78.085472507994311],[166.052892267937722,-78.086548520172428],[166.050233319264947,-78.087406988644588],[166.041230279037876,-78.090305141179641],[166.038631617433794,-78.091654746813248],[166.03597048543773,-78.092513086260965],[166.032537470379339,-78.09369785895953],[166.02833801425885,-78.095566023867576],[166.023308138088851,-78.097325853686172],[166.020131634293023,-78.098401763362233],[166.017495402407633,-78.099477258246807],[166.015373771201524,-78.100156776993785],[166.013779565579824,-78.100553617136896],[166.011071965856615,-78.10078999092228],[166.008378079429377,-78.101139695292431],[166.006768806702127,-78.101545127772027],[166.007117534720209,-78.102436067448636],[166.008817358645018,-78.103274393023241],[166.008859441685047,-78.103774078677958],[166.007542403311049,-78.104344745535869],[166.006824595222753,-78.105462506467333],[166.00688219372617,-78.106197679317091],[166.005579895482356,-78.106872376966251],[166.003456439678729,-78.107608148319542],[166.003529118551995,-78.108503697716628],[166.004670050101197,-78.109116175372634],[166.006884194025702,-78.109680502999879],[166.008583024628422,-78.110340377067814],[166.009212682377438,-78.111348992851575],[166.009579063290033,-78.112522447171557],[166.008865903368246,-78.113884556028026],[166.008996771006537,-78.115505908915495],[166.009130180434425,-78.117080457694271],[166.010039343574562,-78.118140955014141],[166.011741866673191,-78.119035621667777],[166.012926556673108,-78.120147776183401],[166.013806733670179,-78.120878194414615],[166.014953418110082,-78.121490849368115],[166.016375676323548,-78.122211495424096],[166.017256731935817,-78.123054578105112],[166.017275199164004,-78.123280817910938],[166.015378613846082,-78.123333784448278],[166.013152657222008,-78.12290048079953],[166.010951652236855,-78.12262801789079],[166.0084717651647,-78.122360001207795],[166.005989274037319,-78.122082435499792],[166.004056859582647,-78.121814296141935],[166.002939782230641,-78.121475333412036],[166.001519592435358,-78.120698352226768],[166.000373857476831,-78.120141978876902],[165.995144939671121,-78.116118258474174],[165.994510577550102,-78.114996655920649],[165.994142912500422,-78.113813649688524],[165.994380338161875,-78.113365839469409],[165.994311149969377,-78.112526753223534],[165.994530529154474,-78.111852706992252],[165.994768048650172,-78.11146123322105],[165.994987386244361,-78.110787188103487],[165.995982467686019,-78.109599134758469],[165.994326840800682,-78.109269941223644],[165.991043938590877,-78.109166863864587],[165.988890201299142,-78.109516123344221],[165.987015255299156,-78.10997359493534],[165.984900785151922,-78.110700390470072],[165.983319545043003,-78.111501557338144],[165.98312391537425,-78.112336451863499],[165.985146355118729,-78.113848730319631],[165.988275780588026,-78.118835220662888],[165.987572042493895,-78.120291803749254],[165.986040371881813,-78.121649522494664],[165.98533329631195,-78.122993296198956],[165.986522839670272,-78.124227977905079],[165.987986325443558,-78.125457938555371],[165.989721162197128,-78.126683036411094],[165.991461723739178,-78.127908401476873],[165.992080004080123,-78.128869588202392],[165.990171563513968,-78.128874884778753],[165.987350928733662,-78.127753646779396],[165.983686169022832,-78.126250997411944],[165.980564442301329,-78.124804332172616],[165.978280834220925,-78.123588461860095],[165.975159067939416,-78.122075947952965],[165.972107023514411,-78.121299292540016],[165.969059503586578,-78.120748156275027],[165.965745396964735,-78.120258365083515],[165.963228169309332,-78.119480920037702],[165.962321788948373,-78.118241801335515],[165.961946539541913,-78.116954911353758],[165.961834135914501,-78.115615832356042],[165.961483109185394,-78.114546143447939],[165.960022377368801,-78.113372333285014],[165.959116802436171,-78.112133217350305],[165.958771434037658,-78.111185867416737],[165.958968785056328,-78.110294656410673],[165.959479506912913,-78.109776395578109],[165.959980814930702,-78.109220094080072],[165.955597030179035,-78.108890826713903],[165.947702612801152,-78.109037671929329],[165.945795930289563,-78.10909892996834],[165.941168190878329,-78.109057307717634],[165.934103661414383,-78.109415641754737],[165.925437522478177,-78.110179386587632],[165.919193288016601,-78.110532828969539],[165.907325228810322,-78.112135469085814],[165.901646482919318,-78.112715079304294],[165.896218763632845,-78.113129149793835],[165.890251490921031,-78.113599722386326],[165.884572603372789,-78.114169665422992],[165.8797249036962,-78.115026808896204],[165.875687459762474,-78.115719262183603],[165.871126329147273,-78.116797826278642],[165.868438528431909,-78.117419305455371],[165.865182470143708,-78.117654353726394],[165.860561753948843,-78.11783735770328],[165.857037291446659,-78.118067792707222],[165.852416477776444,-78.118372792159803],[165.848362735133946,-78.118942026233313],[165.846212690385272,-78.119394024492451],[165.843788091379139,-78.119794177869906],[165.842160885839803,-78.11997269797871],[165.842474391308059,-78.120524460562592],[165.844683939674866,-78.120855285913763],[165.844973626783258,-78.121255494151285],[165.828227711363638,-78.123767519667965],[165.819039628996734,-78.12508425229538],[165.81337478099104,-78.126057961723262],[165.808530147261024,-78.127140064960727],[165.801555594392141,-78.128947506672475],[165.79563343081017,-78.130321081528109],[165.78917856028221,-78.13167625048213],[165.782153556848812,-78.132992239736922],[165.77651554499721,-78.134465025214638],[165.772489504989352,-78.135655327716051],[165.766025022843593,-78.137009762567956],[165.760362645064475,-78.138265010833834],[165.756351179474279,-78.139681558960149],[165.751230110055019,-78.140814619561226],[165.746918751581489,-78.141773749704456],[165.741807266377208,-78.143085815649755],[165.737224623932917,-78.144162302630107],[165.733990949954688,-78.14500846918213],[165.731620976759899,-78.146538915606698],[165.728937800185406,-78.147498440323602],[165.725454998682551,-78.148622963184792],[165.723319181719432,-78.149526496611173],[165.719825471258218,-78.150603442690638],[165.70334352294347,-78.154009117272352],[165.694701017324832,-78.156113811461864],[165.69310488996976,-78.156904553760455],[165.691507239575913,-78.157751626953569],[165.689664965998219,-78.158924343979749],[165.688346808650437,-78.159823667779648],[165.68675112601764,-78.160727268709849],[165.684875138347081,-78.161465771466041],[165.683289720502387,-78.162482738251242],[165.681723025994643,-78.163886164359994],[165.678776090397349,-78.164954068696048],[165.675529644354896,-78.165696015934074],[165.671997705628371,-78.166206739606352],[165.668200017830287,-78.166778727239503],[165.665743538195613,-78.167120103923949],[165.665774031271695,-78.167563618531275],[165.668799224902472,-78.167957215243518],[165.672907922947843,-78.167890405903208],[165.676717749889491,-78.167488218405651],[165.681057919765493,-78.166634266703412],[165.684578810012596,-78.16589722365137],[165.68834942732687,-78.164825375011645],[165.691571649578492,-78.163630803022343],[165.693160536689277,-78.162613998125565],[165.692018262033201,-78.161896130812821],[165.691164542518749,-78.161334376092938],[165.694179421249231,-78.161322941995934],[165.699940164009092,-78.161652542303116],[165.705177156395308,-78.16231185085627],[165.705818344936461,-78.163821288791553],[165.702883290440639,-78.165181380440018],[165.699369376016762,-78.166088165651843],[165.695016950936918,-78.16660323521117],[165.69202942710416,-78.166945228193356],[165.689041815087876,-78.167456420926968],[165.688526328123714,-78.168021744499626],[165.691564843821624,-78.168575569985407],[165.695126959298648,-78.168564449116829],[165.698392088976931,-78.168227518785443],[165.700554016385979,-78.167597863727551],[165.702685173547309,-78.1665247530198],[165.705930145696755,-78.165904699776092],[165.709460518576748,-78.165393547382962],[165.714359960081936,-78.164869284525821],[165.718168565606248,-78.164410193989795],[165.721397592230005,-78.163450800552468],[165.721357554926726,-78.162781304172796],[165.719121058050774,-78.16210989276702],[165.717970897884868,-78.1609875924634],[165.721463832915788,-78.159910439622223],[165.726054271172842,-78.158956391120142],[165.72984747751849,-78.158205076611011],[165.733088721989645,-78.157584716865998],[165.737149568289595,-78.156790926506702],[165.740419011153818,-78.156557361406399],[165.745295309452473,-78.155702656760781],[165.748808500599438,-78.155133976071355],[165.752335118951351,-78.154622361397941],[165.757508185543941,-78.154158943688458],[165.759707123448408,-78.154320535190948],[165.763020880186417,-78.154812736290324],[165.763910419375009,-78.156052645685222],[165.765879899105215,-78.156766101242766],[165.769707344789367,-78.156758639063881],[165.773845467654382,-78.157255979871451],[165.777691480138969,-78.157700453235464],[165.784253209729314,-78.157506110301938],[165.788326534271221,-78.156994321434453],[165.792905462552739,-78.155916761114824],[165.795860075272657,-78.155121235343216],[165.799616894726938,-78.153869359435447],[165.803394673247396,-78.153191752534951],[165.807462385957621,-78.152623139607471],[165.811543042205813,-78.152271271859163],[165.812655679417105,-78.152545150747315],[165.812182035606639,-78.153610512029502],[165.81062835460196,-78.155080225564802],[165.807990014206752,-78.156550021808513],[165.804486966641093,-78.157345365284556],[165.800453454275015,-78.15842323036459],[165.795315566726515,-78.159330940756305],[165.789620108982092,-78.160125047242659],[165.7822804362863,-78.160936962345545],[165.773034975073358,-78.161856343818044],[165.764309170599972,-78.162445413427903],[165.754204451307572,-78.162868438916675],[165.746828894889973,-78.162991644436872],[165.740262143948996,-78.163185039302704],[165.736711807142626,-78.163300656515631],[165.726441429828583,-78.165575305996626],[165.722678079436747,-78.166647880590432],[165.716992758692129,-78.167902101541685],[165.710209705379185,-78.16892032213083],[165.704513474068136,-78.169948229551537],[165.699110177627858,-78.171141804845604],[165.694235141428777,-78.172278342563928],[165.689650301205347,-78.173524038613678],[165.68425756867066,-78.175159937251408],[165.679372790937663,-78.17601381501791],[165.674211342086465,-78.176636912933844],[165.669861788446951,-78.177321256979397],[165.667446580038501,-78.178398329726818],[165.664212798800946,-78.179526570150074],[165.659910180733306,-78.180937333272411],[165.655040340544559,-78.182243147266746],[165.648835682286915,-78.184109017542497],[165.644804032164444,-78.185740823027388],[165.641358598321403,-78.187939381347746],[165.637616553357105,-78.189793284034863],[165.632756609529565,-78.191438124661744],[165.628182318783388,-78.193239005005978],[165.624954095364473,-78.194602640170856],[165.620388293745918,-78.196629692418625],[165.616378149912919,-78.198714127952655],[165.612061044569344,-78.200180544511113],[165.609379924326902,-78.201413028471819],[165.607239159526785,-78.202711500128572],[165.60427635150225,-78.203844564672394],[165.601850720467979,-78.204798900907946],[165.599173242751959,-78.206323183256757],[165.598136572948619,-78.207679655082529],[165.596006361266745,-78.209082201432011],[165.595824252499369,-78.21087861493379],[165.596714745013173,-78.212392705913388],[165.598691154250673,-78.213512269481996],[165.601791696100577,-78.214841258821494],[165.602700794069108,-78.216751309597754],[165.601420292084896,-78.218715857456758],[165.599862992491524,-78.220694134625589],[165.597738835089956,-78.222266468653913],[165.594806149626947,-78.224059805087464],[165.592948194624626,-78.225646136048354],[165.591358580900305,-78.226992578106604],[165.590341105204629,-78.228679452109802],[165.589849075356454,-78.229970588906056],[165.590459686641935,-78.231027928216008],[165.59025038662449,-78.232493808647391],[165.589472644658287,-78.233440751366274],[165.588660124593332,-78.233906130106973],[165.586481141683635,-78.234412765276304],[165.584031260899167,-78.234914598472741],[165.581285262549443,-78.235146902016851],[165.576073114299589,-78.235494422534615],[165.57521086317567,-78.234828303481137],[165.584430451578925,-78.22582962377416],[165.584937050489714,-78.224812045416414],[165.585131313309063,-78.223241897039486],[165.585331804202923,-78.221728522855926],[165.584768838317643,-78.221275672868657],[165.581738407738072,-78.221285926477165],[165.578483489100961,-78.222074551017997],[165.575805042381091,-78.223702451129185],[165.575611703087731,-78.225451445997237],[165.572916048494136,-78.226749228905547],[165.569649297430544,-78.227424358249792],[165.565272602333238,-78.228050575872061],[165.564223890760701,-78.229350201747209],[165.564560872178589,-78.230581502965379],[165.564360079493611,-78.232377252796468],[165.56304941484666,-78.233719602205085],[165.560346665125138,-78.234734843337861],[165.557067167565464,-78.235418729724614],[165.554838382080106,-78.234746559571306],[165.555324906738718,-78.233342072222314],[165.556898535201441,-78.231665432416733],[165.556828669519518,-78.229977711796465],[165.556754156180688,-78.228346199099832],[165.556680821654453,-78.226837056356871],[165.557185554999393,-78.225593507141141],[165.558503631313641,-78.224420948677761],[165.559819066665938,-78.223238853608606],[165.558963466159014,-78.222394202749129],[165.557581835575348,-78.222171028647494],[165.55536693359673,-78.222063957764803],[165.551009259482555,-78.22302957799306],[165.5480695833526,-78.224888305634067],[165.545936348123632,-78.226460187139807],[165.544919473471879,-78.228250762480769],[165.545250705122697,-78.2296606534143],[165.545042855572831,-78.231117460782485],[165.544827858010507,-78.232583307131179],[165.544054897709572,-78.233822238425432],[165.543568690158622,-78.235217387606795],[165.543617735372862,-78.236565416119774],[165.545585629122627,-78.23728984059008],[165.549194154770589,-78.237902874045758],[165.552246391110771,-78.238627745436659],[165.552839379682837,-78.239524468522191],[165.553438598917751,-78.240477964581274],[165.555115570013271,-78.241149349050261],[165.557610061862277,-78.241308547111274],[165.561744020097137,-78.241356199904004],[165.566150433683589,-78.241521571838845],[165.570564279819905,-78.241630811866813],[165.573353883913683,-78.242294526035693],[165.576414697260873,-78.242963006457487],[165.580296233957426,-78.243288746228799],[165.584960653070226,-78.242884051253114],[165.589895631132208,-78.242484059127364],[165.595967981628917,-78.242576248304616],[165.602557591595115,-78.242290893222332],[165.607252715416365,-78.242395429247537],[165.613322790301737,-78.242430684328809],[165.616376389184779,-78.242872492232692],[165.615037090065016,-78.243837126195587],[165.613155337572948,-78.244848658916055],[165.61238877310987,-78.245909087336798],[165.613246293992432,-78.246649951796172],[165.614948213180895,-78.247538399893941],[165.617171992842202,-78.247983797717296],[165.619947598920504,-78.248251067266622],[165.62214430608779,-78.248196496930845],[165.624324313638255,-78.247689573152059],[165.625650868723966,-78.246498509236076],[165.627773247745665,-78.245104472888016],[165.632672111893413,-78.243855409594701],[165.634282865281619,-78.24306482370703],[165.634814648340324,-78.242612927708194],[165.637273473389996,-78.2421581660996],[165.641381196982906,-78.241704796063047],[165.644967202556415,-78.241637966482628],[165.647738463384997,-78.242083462142361],[165.648905002048565,-78.24319759380073],[165.650616049637364,-78.244434142793878],[165.652342754014541,-78.245605650979371],[165.65376527040479,-78.246554387439986],[165.654071241647358,-78.247285056042799],[165.652473533387052,-78.248123423057976],[165.651134523635761,-78.248862422502583],[165.654271379586532,-78.250934944687643],[165.656267575956974,-78.252223856032018],[165.660201528981133,-78.25350076519841],[165.663575854320754,-78.254786071297701],[165.665305303600462,-78.256013939773169],[165.66786094951226,-78.257529254988796],[165.670948432628308,-78.258536154975133],[165.675473506825512,-78.26048284431765],[165.679691801053508,-78.261933878310558],[165.682525206212432,-78.263153027806396],[165.685073760725686,-78.26438554217107],[165.687614655758608,-78.265448353741121],[165.690155982891781,-78.266454724306087],[165.691887207330268,-78.267625892873085],[165.692777918493022,-78.268744038053526],[165.694227274870769,-78.270088606144796],[165.695421825191545,-78.271598597609767],[165.697151768480211,-78.272882445221782],[165.698312256741275,-78.273948697948143],[165.698645189712607,-78.274962652778498],[165.700358983703723,-78.27591650927269],[165.702070558693322,-78.27686082469512],[165.704335414149938,-78.27781496349121],[165.705778640045622,-78.278811151358639],[165.706113609468531,-78.279768754720479],[165.707265863491557,-78.280721647951594],[165.710069778767831,-78.281327486074034],[165.713710410937153,-78.28205178608745],[165.717918545511708,-78.283162646162424],[165.720465361498071,-78.284281547161541],[165.720528588494346,-78.285290839631898],[165.720592005405933,-78.286356555779562],[165.722007258152615,-78.286852793164798],[165.724781727690356,-78.287080775544808],[165.727601176920047,-78.287912766522297],[165.727944942319908,-78.289209173522735],[165.729402926212629,-78.29031866633305],[165.730863285951727,-78.291663306284207],[165.733164304364465,-78.293117123519892],[165.735467004606534,-78.294514572951002],[165.736339298955784,-78.295292901404963],[165.735214799005831,-78.295018650702843],[165.733250777162709,-78.294522440742227],[165.730989380155734,-78.293794619049578],[165.729552066285493,-78.292846056563789],[165.727250407109153,-78.291448562907021],[165.725806476341944,-78.290386789174462],[165.723547512840696,-78.289602560885683],[165.720480116774809,-78.289105600405719],[165.717650874039322,-78.288103778154479],[165.715112263339876,-78.287210954451368],[165.712065999462197,-78.287166265080415],[165.711708746203016,-78.287631573810899]],[[165.512006288737979,-78.224446981296509],[165.513425647151678,-78.225396959978454],[165.514829478930494,-78.226299053171246],[165.517071214986686,-78.227132384886886],[165.519551035698242,-78.227300737993247],[165.520088243555307,-78.226839752730839],[165.52143187113009,-78.226167213875442],[165.52277746876814,-78.225438324625188],[165.524125952589202,-78.224700181401701],[165.526574315511425,-78.224142321529555],[165.527926313445874,-78.223517277805641],[165.528439188620666,-78.222678657150723],[165.52813240278681,-78.221834484301752],[165.527236720180838,-78.220206538203129],[165.526635757695459,-78.218914029943477],[165.526048001451954,-78.218139718063341],[165.524357061289038,-78.217071999955692],[165.522120565433909,-78.216173077742397],[165.520157894792192,-78.215335614286019],[165.517352987176054,-78.21411493699344],[165.51483276571247,-78.212993917707607],[165.512330264464026,-78.211986704234008],[165.510358008737995,-78.210979222685651],[165.508386764509964,-78.209745929106361],[165.50670518043313,-78.208960761255284],[165.50475107631533,-78.208067071400109],[165.503068742009845,-78.207347688702001],[165.501958049748055,-78.207006677201335],[165.500002403152791,-78.206169299966547],[165.498590076601289,-78.205332397964924],[165.497190911672931,-78.204543226519931],[165.495237344872493,-78.203875274685373],[165.493296516133739,-78.203433820468788],[165.489980376698327,-78.202938379906783],[165.486943282221432,-78.202429426686152],[165.482801433901045,-78.201993674178468],[165.477023959522796,-78.201602944905062],[165.472069028476852,-78.201218029301288],[165.467113907688429,-78.201068284465237],[165.461355534959552,-78.20107348344834],[165.456412239860015,-78.201310053111342],[165.453403299594044,-78.201592740601129],[165.449297904599973,-78.201930145659901],[165.445737985423534,-78.201929385827029],[165.441331346054284,-78.201836544843019],[165.437202863737895,-78.201325425858144],[165.433342821617231,-78.200828495481119],[165.430298621224523,-78.200214849957533],[165.428611825883024,-78.199155621338861],[165.42885115120805,-78.198142329395552],[165.430181836405438,-78.196848216366206],[165.433985630013808,-78.19577975517528],[165.439180765132278,-78.195152331268389],[165.444641174313261,-78.194190683083164],[165.44926346493321,-78.193240926518698],[165.453347426375728,-78.192271955014945],[165.456063363374739,-78.191315018460017],[165.457945732847065,-78.190530283680772],[165.458470383785937,-78.189626394498518],[165.460083806385057,-78.188780329485951],[165.462797409029406,-78.18816209160623],[165.464697894788628,-78.187594788377439],[165.468237922619181,-78.1869733465617],[165.471233740301898,-78.186294766141884],[165.474764925681256,-78.185446952830191],[165.478572550301038,-78.184717306106734],[165.482115606586774,-78.183917137950075],[165.484829223156851,-78.183242351366587],[165.4878102316938,-78.182515862654],[165.490795373853445,-78.181610789957659],[165.492406216748662,-78.180877515832705],[165.492385793632451,-78.180311832413523],[165.49101929567783,-78.180201740359152],[165.487734019562225,-78.180206317162941],[165.484177641875476,-78.180610529678958],[165.480635228888701,-78.181062503787999],[165.476810620083597,-78.181518292848011],[165.471085232488036,-78.182315451834882],[165.466720715530926,-78.183053049356232],[165.46400060572401,-78.183445030069635],[165.461265349264011,-78.183619727754362],[165.457980418065119,-78.183906370596404],[165.454440776607441,-78.184527679551948],[165.45172558073827,-78.185315139262471],[165.449021882342123,-78.186385562729029],[165.446311481938039,-78.187229741992226],[165.442496955803136,-78.188081095038072],[165.436774852373361,-78.188981567153419],[165.431308662629903,-78.189782633964526],[165.42804664434658,-78.190399730064314],[165.426961624866607,-78.190906762864941],[165.425613822716372,-78.191522180437644],[165.422621133492015,-78.192426572578825],[165.419640096340345,-78.193331579034464],[165.417466943931458,-78.194006604313586],[165.414204677906554,-78.194962520470881],[165.410931941812805,-78.195814319838647],[165.407110687475921,-78.196608646794957],[165.403840104042189,-78.197055727749927],[165.40000863920045,-78.197510550374972],[165.396721044802575,-78.197740139581001],[165.393425583756311,-78.197573868161683],[165.389571059731509,-78.197302419393068],[165.385999973067157,-78.197309644390458],[165.383264532475636,-78.19764386207855],[165.379447657705271,-78.19838168872667],[165.376172696037997,-78.198884788529597],[165.372620734227638,-78.199627293454867],[165.370172226059196,-78.200409867549141],[165.369371264141648,-78.20102619102353],[165.369104688511754,-78.201595725257462],[165.370766312948319,-78.201985736277123],[165.373803041671437,-78.202373803155467],[165.376279543069046,-78.202760179258988],[165.379583956921778,-78.203096540158683],[165.384264233283886,-78.203365001096714],[165.388663048761174,-78.203703101530721],[165.394175842622275,-78.204138140073141],[165.399965657403925,-78.204747847377519],[165.40437625686468,-78.205481672769423],[165.4087867980939,-78.20585766550532],[165.413201020530153,-78.206535011706919],[165.417899031155457,-78.207425040631875],[165.422589021121553,-78.207919163581877],[165.428385240600818,-78.208697887629924],[165.43416920562214,-78.20913693454284],[165.440220261442704,-78.209354700833913],[165.447921667081999,-78.209509294247809],[165.45507144852877,-78.209549704890676],[165.460567839921566,-78.209605821324288],[165.465797466163366,-78.209930040374658],[165.469664262577652,-78.210370188402138],[165.474074586916515,-78.210876694611926],[165.478503345715296,-78.211534665153536],[165.480454909917086,-78.212259085608565],[165.481591967164235,-78.213269768149772],[165.483278457014165,-78.214337736735942],[165.482764058903655,-78.215176333751629],[165.483340902319782,-78.215912670356246],[165.485294681363456,-78.2168065215469],[165.487806374351209,-78.2175228039751],[165.49169696163375,-78.218528374524638],[165.496124718991524,-78.219477542103576],[165.498363815743971,-78.220311013320355],[165.500039201639481,-78.220870014443889],[165.4989915625614,-78.222282709897343],[165.500120341762283,-78.223123374872188],[165.501256815304004,-78.223842099722489],[165.502125959293949,-78.224960756736891],[165.503807320530967,-78.225802318412491],[165.506845666640629,-78.226141433858956],[165.508776917626449,-78.226243318286734],[165.510420710877696,-78.225906576399112],[165.510119903048036,-78.225288470032226],[165.509546322505713,-78.224900632191932],[165.508149643482113,-78.224281163370435],[165.508117556614764,-78.223611356826396],[165.509774407701684,-78.223661136639279],[165.512006288737979,-78.224446981296509]],[[165.506935693229877,-78.187358905011621],[165.506412904067759,-78.18814045267699],[165.505071549070806,-78.188878677939499],[165.504005768463941,-78.189603264448735],[165.504032262792123,-78.190338621093119],[165.506537014946474,-78.191289814575356],[165.509323509120833,-78.192293507928312],[165.514025796186644,-78.193182044817547],[165.517882887959189,-78.193743516915177],[165.523133185553348,-78.194519668866704],[165.526455510481952,-78.195184446717079],[165.530339911476005,-78.196245783891769],[165.533407771639816,-78.197358016841079],[165.537292346869322,-78.198080497321001],[165.54140625256224,-78.198184645522872],[165.546872639110092,-78.197729714319692],[165.552079971486734,-78.197373936304487],[165.554800867267062,-78.196811779134151],[165.553087496050466,-78.195357352302779],[165.549486351260441,-78.194518335875117],[165.54507522948694,-78.19407869175771],[165.537079228962824,-78.193365070412753],[165.532125919116623,-78.192868326200724],[165.525210353499801,-78.191703267922151],[165.521614449139065,-78.190807557015432],[165.518561383967779,-78.190091020302759],[165.516058883989558,-78.189309458213401],[165.516562271890166,-78.188065849649604],[165.51653169230778,-78.187452640554511],[165.515153814398957,-78.18729507334838],[165.512955014977507,-78.187301068197769],[165.512408608994491,-78.187234521298549],[165.510474640289488,-78.187019274642836],[165.508004811398393,-78.186850924506672],[165.506935693229877,-78.187358905011621]],[[165.560434379992728,-78.200175457439428],[165.555508004905789,-78.200461578866523],[165.550840366143376,-78.200526066599792],[165.54564271325097,-78.200873001576809],[165.540704588913883,-78.2010547867593],[165.536324970527545,-78.201284775870462],[165.533861467770407,-78.20162522570709],[165.53003773596879,-78.201969144715264],[165.52730532443266,-78.20230477102443],[165.525407418959588,-78.202929069545959],[165.524611757527396,-78.203545695007207],[165.524095586153067,-78.204271168508839],[165.524130509099678,-78.205176281647937],[165.523336362416842,-78.205962361429016],[165.522813084009869,-78.206405195967392],[165.523121201995423,-78.207193009120459],[165.524785518280368,-78.20770425679224],[165.527260335736486,-78.207863074340722],[165.530297266657755,-78.208023292263761],[165.534135471226591,-78.208075190289577],[165.538532845105181,-78.207836624123473],[165.542630326256642,-78.207328168126239],[165.547260970515595,-78.206367951369998],[165.550794762169801,-78.205575705920083],[165.554875021621143,-78.204671109455404],[165.558422633837296,-78.204152372448675],[165.56306497459218,-78.203644204747292],[165.56689019134447,-78.203243491105553],[165.568790532612951,-78.202562710455396],[165.569575206320678,-78.201719738288347],[165.569806948646544,-78.200932333583523],[165.568675784684757,-78.200157856512973],[165.565650123983289,-78.199989163093733],[165.560434379992728,-78.200175457439428]],[[165.587192678888613,-78.167618087619289],[165.585563439355354,-78.167908436827204],[165.584217743414996,-78.168589966508137],[165.582870466300307,-78.169149137466079],[165.582638022390881,-78.169879957273082],[165.581292356215926,-78.170382782080324],[165.578300905925857,-78.17083645268535],[165.576671323700396,-78.171239644153701],[165.576426542299544,-78.171800519805188],[165.578091161208732,-78.172302171188505],[165.580579636481247,-78.172743767883745],[165.58250330298435,-78.172911007410448],[165.584695339220843,-78.17290425370453],[165.587146389429222,-78.172675983316381],[165.589032694114024,-78.171947655377025],[165.590644604117841,-78.171327146375802],[165.592812877022027,-78.170698323112561],[165.594694973525264,-78.17008263909932],[165.595763387609765,-78.169339448376149],[165.595446224186304,-78.168673766073098],[165.594607453006915,-78.168281579091328],[165.593500619679844,-78.167894074901724],[165.59211486105562,-78.167557704447987],[165.592119395561895,-78.167840110744777],[165.588829133226398,-78.167563256399319],[165.587192678888613,-78.167618087619289]],[[165.647671224465483,-78.156552791841051],[165.647175107831657,-78.157391814685766],[165.647746312210558,-78.158014211597219],[165.647787685161944,-78.158627584983606],[165.647270602210313,-78.15919282360808],[165.646729978610523,-78.159531152545696],[165.646491296030973,-78.160148628736621],[165.646805571094148,-78.160870370605693],[165.648468704320806,-78.161380841611617],[165.65204017891179,-78.161596544933275],[165.65504564304797,-78.161538019596534],[165.657474153752531,-78.160791000686729],[165.659639011761442,-78.160340430874641],[165.662627237610906,-78.159942448838407],[165.66451058967624,-78.159383068877233],[165.666950861616272,-78.158928113030996],[165.669925599906719,-78.158237911474359],[165.671799091003152,-78.157508762276365],[165.670957168446506,-78.157173151494362],[165.667410492144086,-78.157241007471342],[165.664672542484425,-78.157247822344686],[165.662750271263093,-78.157081153130378],[165.662205421096871,-78.157080772002431],[165.660521109393557,-78.15629660157866],[165.65884827961645,-78.155804492795838],[165.656369844634128,-78.155467529004028],[165.654179081055474,-78.155296086090019],[165.652534736964782,-78.15536958460207],[165.64982423107773,-78.155876029130454],[165.647671224465483,-78.156552791841051]],[[165.66308652026936,-78.142769685046972],[165.662301934023446,-78.143499451503303],[165.663162089140343,-78.144230994954754],[165.665094324521135,-78.144558126964853],[165.665635824597075,-78.144614769602015],[165.663209009425969,-78.145183082888408],[165.661051103882585,-78.145633880128045],[165.659174338648256,-78.14648493715481],[165.658135067772321,-78.147323576668512],[165.657339261417235,-78.147892934941154],[165.657931657911348,-78.148789082327013],[165.6587999928106,-78.149624496791134],[165.660732640649769,-78.150017460449476],[165.66481542235968,-78.149667670944226],[165.669425226262945,-78.148931802960121],[165.672118969017419,-78.148189375341857],[165.672892618522582,-78.147346194752515],[165.67447146393522,-78.146112788156174],[165.674679274708666,-78.144929670734683],[165.672430173607296,-78.143871452822111],[165.671028064562734,-78.1430268992751],[165.668253645474039,-78.142476944650682],[165.665790674090744,-78.142319390447355],[165.66308652026936,-78.142769685046972]],[[165.717425984866253,-78.146849583413342],[165.715799121926125,-78.147253287285309],[165.713912848891169,-78.147587016022655],[165.712288229961985,-78.147812224956638],[165.710109520634575,-78.14804603512745],[165.707940326203811,-78.148270930467547],[165.706316746637526,-78.148561973490203],[165.705248824809189,-78.149013704033223],[165.705276944257122,-78.149569806924816],[165.705574782187767,-78.149905013223176],[165.706406222455598,-78.150249342765775],[165.707510268242913,-78.1502413145666],[165.71077726842887,-78.150064437870128],[165.711857776816913,-78.149773154292049],[165.71372607004389,-78.149165871290975],[165.714527790416383,-78.148700200101317],[165.717477142695657,-78.147745257708067],[165.719358792534194,-78.147242068652488],[165.72015155489774,-78.146672534385374],[165.719863308608808,-78.146507062262089],[165.717425984866253,-78.146849583413342]],[[165.790117688163917,-78.013536249362062],[165.793728600323988,-78.015041420810192],[165.797083402526994,-78.016767901738262],[165.799343532835962,-78.018399197870124],[165.802415296548816,-78.019847618697355],[165.806026438308777,-78.021296110187407],[165.810182348871933,-78.022857652735681],[165.813246043225604,-78.024192683421973],[165.817433631853447,-78.026150224684287],[165.821397057632254,-78.028828595346837],[165.82477241303846,-78.030611805488192],[165.828700731127611,-78.032790234082427],[165.831758866304938,-78.03396486107205],[165.833210037403688,-78.035421652628685],[165.833942414583277,-78.038221625365225],[165.834027586916363,-78.039569332509743],[165.834780819946133,-78.042821273546139],[165.834770652294139,-78.046578110810685],[165.835108860425635,-78.047591500962682],[165.834903980672607,-78.04866103836288],[165.835263904504359,-78.04989161372113],[165.835615181327029,-78.051065374453415],[165.835662634985511,-78.051856908498877],[165.835183580040876,-78.052752436861596],[165.83470384000708,-78.053704295219674],[165.835306160552221,-78.054609372186704],[165.835902006860493,-78.055504712663378],[165.836241148684365,-78.056339670183277],[165.83605934702689,-78.057739208313947],[165.835556359933463,-78.058361092447271],[165.833767352052035,-78.059939714092266],[165.83142807217547,-78.061517790212534],[165.829061277459601,-78.062643536071903],[165.826970946708173,-78.063830701906497],[165.825649596620025,-78.064400463960411],[165.823005962097511,-78.065586913220855],[165.821163641146114,-78.066373706916579],[165.811835537047216,-78.069211814514887],[165.809188981239089,-78.070229009327733],[165.808179195669283,-78.071463318268073],[165.806660962396307,-78.073150201052414],[165.805107876441099,-78.074215201524424],[165.803538363183492,-78.075288746188505],[165.802530866697282,-78.076476242096419],[165.801239384377197,-78.077601922699586],[165.800226471223255,-78.078667013817849],[165.799191550342584,-78.079571239078462],[165.798172941804438,-78.080636047056743],[165.79741712921691,-78.081536086403858],[165.796102808289817,-78.082219017993083],[165.793970237564793,-78.082896750232351],[165.791585522310271,-78.083796189992754],[165.790283025181424,-78.084817999008294],[165.790086948326831,-78.085878882614182],[165.789047446773395,-78.086726539344397],[165.787193244864596,-78.087578577777649],[165.78510477696949,-78.088869384952858],[165.78088014042109,-78.091072680575209],[165.778747321025691,-78.091694043257547],[165.772076586919582,-78.093844558547602],[165.764111241165693,-78.097064344031708],[165.761200967655469,-78.098415570407582],[165.759394990597883,-78.100050154595678],[165.757547156321863,-78.101062327735178],[165.755695468489648,-78.101970931068053],[165.746944657961649,-78.105920318308847],[165.744846163786946,-78.107267127830056],[165.742730871224666,-78.108340519397075],[165.741151152092328,-78.109413774253667],[165.73929314467108,-78.110096521985653],[165.736084936312011,-78.111225458371152],[165.733958039092471,-78.112129084575713],[165.730238718648536,-78.113701180948581],[165.720371851982492,-78.117488853550242],[165.717429251060082,-78.118622312236724],[165.713945251836947,-78.119520590307175],[165.710992891701636,-78.120493735273556],[165.708060787072725,-78.121561938092455],[165.705638188477337,-78.122186863242788],[165.701841476995412,-78.122702085014225],[165.694037310276713,-78.124398205798769],[165.689152492599817,-78.12503481747045],[165.685355675555058,-78.125371278864677],[165.682100465807508,-78.125830163575458],[165.679679671442273,-78.126342265759973],[165.679144203314337,-78.126567965954123],[165.682417117767812,-78.126617688301181],[165.688953486066993,-78.126378086405666],[165.694658772188404,-78.125972521484002],[165.699821535671333,-78.125510196429445],[165.705792696944144,-78.124873992014557],[165.710922462650018,-78.12396798514385],[165.716027404412159,-78.122609442449985],[165.72030435925069,-78.121085288396912],[165.725656245988432,-78.119269681051762],[165.730770420637953,-78.118137133056095],[165.73590655862057,-78.117344048772864],[165.740451448896806,-78.115805669204576],[165.744988859799207,-78.114172907103693],[165.748950566030572,-78.112143487291732],[165.75430236436182,-78.110384182590607],[165.75965787938955,-78.108859997974307],[165.765529619682951,-78.10682713457409],[165.769780776720353,-78.105076015589972],[165.774032876394642,-78.103437714997426],[165.776678300896009,-78.102138287513284],[165.779600825736367,-78.100890938125957],[165.782264430639145,-78.099987128631298],[165.785198965647567,-78.099022302458764],[165.788669163606073,-78.098010288181982],[165.793516088424553,-78.097088965863605],[165.796710964612515,-78.09595918586794],[165.799619802170668,-78.094664136214377],[165.801177617516828,-78.093486461850901],[165.802479355447105,-78.092520919154182],[165.804045594909581,-78.091569193799558],[165.807518799276636,-78.090547917316371],[165.813154449042599,-78.089414010228651],[165.818260075833422,-78.088440291291292],[165.821728348562885,-78.087428091927805],[165.824651966835859,-78.086284135237747],[165.828386438508801,-78.085276408669642],[165.832113633772849,-78.084024038673064],[165.83528977094727,-78.082724147320818],[165.837661322559768,-78.081598378153231],[165.840329767678838,-78.080798084289853],[165.843518067282986,-78.079837003109887],[165.845660138815504,-78.079206533163983],[165.857856547636032,-78.074741352631563],[165.8612823218958,-78.073153894337139],[165.866038319937871,-78.071297570838269],[165.872978984026503,-78.069592527141921],[165.877493538962824,-78.068174438953108],[165.8814775394886,-78.06686961399015],[165.88575245766441,-78.065852270040907],[165.888919233153217,-78.064542487402633],[165.891277708086051,-78.063472418533124],[165.894681327435791,-78.061611483262183],[165.897794632713641,-78.059697909935196],[165.900666409038763,-78.058109876819756],[165.903288131310603,-78.056753020260601],[165.906449164410617,-78.055452377205171],[165.910164353688174,-78.054434078435563],[165.912272810827062,-78.053529477208613],[165.91516616521821,-78.052346390416616],[165.917788516470978,-78.051102276512381],[165.920416813094164,-78.049905427757039],[165.921678581187507,-78.048609431187884],[165.922138208223231,-78.047544081449161],[165.922915688393829,-78.047039860012575],[165.924742187657301,-78.046073697007103],[165.926837360608317,-78.045177832471168],[165.928845263167119,-78.043038019671926],[165.930687665731142,-78.042185380471778],[165.933814675139615,-78.040554423579934],[165.934812360936206,-78.03948891880529],[165.936926708583002,-78.038687975007022],[165.938779369701649,-78.038061222938126],[165.939500955249656,-78.036887511846416],[165.939407488293654,-78.035709036697867],[165.940969712635763,-78.034860664236064],[165.941422088724067,-78.033616661002412],[165.941879469709988,-78.032494979105309],[165.942584857816598,-78.031085744606429],[165.943583508561829,-78.030086079038043],[165.945143558392431,-78.029115580220562],[165.946928771412303,-78.027771852434284],[165.94872431940442,-78.026353566607369],[165.950520495567218,-78.025179424112522],[165.951802689593165,-78.024156973782127],[165.952260001300345,-78.023091688874118],[165.951350130571058,-78.021861509739352],[165.949400010481099,-78.021018521277014],[165.94799390706433,-78.020297661235915],[165.94791280035497,-78.019288892820271],[165.94839252567391,-78.018497040953918],[165.948848738985532,-78.017319051382003],[165.949055787709568,-78.016531811152333],[165.949292968916438,-78.016084115898593],[165.949482955252819,-78.015070675697444],[165.948880520270279,-78.014231970753258],[165.948257199866589,-78.013166857872449],[165.949597152562717,-78.012936105642424],[165.952824117861979,-78.012822220864095],[165.954702135935037,-78.012647583089759],[165.956520847142258,-78.011568617950019],[165.956424561991042,-78.010399519677421],[165.956341512823371,-78.009334376977378],[165.955719194385949,-78.008147321697152],[165.955071828588501,-78.006865080217707],[165.954186681244209,-78.005795775522415],[165.952753127607991,-78.004791815798711],[165.950770331345012,-78.003505787855346],[165.94849596941998,-78.002120060334803],[165.946800552243189,-78.001046070179811],[165.945396876104752,-78.000381546525816],[165.943423187258816,-77.999321187054363],[165.934246633035855,-77.999669346068757],[165.934329591057377,-78.000481086926683],[165.934962567406501,-78.001706415842335],[165.935580114279873,-78.002771329652958],[165.936197906122544,-78.003779919681946],[165.93683242729611,-78.005071032665441],[165.93662091612137,-78.005801715644409],[165.935878722387173,-78.006814591933917],[165.936179612019572,-78.007093140864185],[165.937298314451681,-78.007592651414996],[165.938385935033438,-78.007761935882442],[165.940319062600167,-78.008313208947698],[165.941447143383385,-78.008925838057337],[165.942576549751948,-78.009604244951788],[165.943459910747976,-78.010495161422369],[165.944053895604299,-78.011277132595609],[165.943829806554362,-78.011781836186032],[165.943060618126708,-78.012408400149098],[165.942297910762193,-78.013082246364533],[165.940725676537937,-78.013760925637044],[165.939136682381076,-78.014100743826162],[165.938517990674143,-78.013148467818553],[165.938449572858559,-78.01219665699314],[165.938419851993984,-78.011800788683004],[165.938632685879242,-78.01107016564174],[165.93859267007781,-78.010514156633747],[165.937738180871918,-78.009953309603375],[165.936344480039452,-78.009336220259215],[165.934949434178293,-78.008784767890006],[165.933836055180308,-78.008276135928867],[165.932429741998106,-78.007555074433853],[165.931574425054606,-78.006994141939444],[165.931244638243896,-78.006150748207432],[165.930927556939821,-78.005533346265906],[165.928751471250365,-78.00434963769942],[165.926253236523394,-78.003975329815589],[165.920851438925411,-78.003074038251668],[165.910858495598717,-78.002552748531741],[165.881583166586836,-78.001389471809233],[165.862719132113284,-78.00040207832896],[165.847185925276733,-77.999587937796349],[165.813734423419163,-77.999926057358323],[165.786265628289527,-78.000190247855755],[165.768352163222659,-78.00084318336468],[165.759733256900802,-78.001130707705698],[165.756401893893269,-78.001443459674093],[165.749044824676758,-78.001665746886374],[165.74694027730294,-78.002907663759402],[165.747627469914931,-78.003310416341591],[165.749253167204216,-78.003884876249359],[165.753876693450252,-78.004373273278688],[165.759049050002716,-78.005097241184018],[165.763696741280398,-78.005859179495971],[165.767823382839538,-78.007082109386857],[165.771681798947782,-78.008431732106047],[165.774242741534408,-78.010379977867288],[165.776225298575639,-78.011893704739535],[165.779269465375194,-78.012946551319317],[165.781710612444328,-78.013225384925931],[165.78550300857691,-78.013274662255867],[165.790117688163917,-78.013536249362062]],[[165.950389573867795,-78.055253654294688],[165.946636788587881,-78.055885431387694],[165.943463095529836,-78.056960315975573],[165.940859046951459,-78.058430904694234],[165.942534738659219,-78.0591562189597],[165.944199183186271,-78.059542920833252],[165.943976464932149,-78.060282514755329],[165.943492293861539,-78.060952229847388],[165.943532709713878,-78.061508287412138],[165.943574449920163,-78.06207380315098],[165.94445654969411,-78.062908191568837],[165.945593959788397,-78.063577400500392],[165.947334034213839,-78.063845907675528],[165.950470958499182,-78.063567046393445],[165.952339920351505,-78.063166188991204],[165.954737432104508,-78.062539186799611],[165.956579670570051,-78.061686277000163],[165.95839107482567,-78.060559504882804],[165.960195480003847,-78.059385436234834],[165.960633463741885,-78.058027997577142],[165.960273608501069,-78.056854591077027],[165.958816171876293,-78.055511696743977],[165.956881131726306,-78.055007794285572],[165.954416514155213,-78.05485198706846],[165.950389573867795,-78.055253654294688]],[[165.879262706883139,-78.089333071414913],[165.874963053629386,-78.090124121631888],[165.870971821981442,-78.091259906118452],[165.867770640006228,-78.092220696642727],[165.862932434993951,-78.093190320205665],[165.85868605603747,-78.094782448768186],[165.854699581781261,-78.0960781073872],[165.850970978894367,-78.097330807121963],[165.848598082940271,-78.098400386943624],[165.847054721789874,-78.09974796554414],[165.843840206100197,-78.100548324063737],[165.840891598220139,-78.101230987114789],[165.837694034417069,-78.102248268940613],[165.833142135523474,-78.103495674962517],[165.828029306821719,-78.104403830375233],[165.823450013785958,-78.105095454010709],[165.818311633841091,-78.105786089807395],[165.813739913805477,-78.106637727466108],[165.81213991746867,-78.107202625763435],[165.816251185792453,-78.107529592960589],[165.8246658599152,-78.107056533204187],[165.831705981985493,-78.106417776410382],[165.838419472547002,-78.105057319986997],[165.843555687579993,-78.104300520106719],[165.847821422760461,-78.103066285015672],[165.850509809595337,-78.10243577078856],[165.854277975348481,-78.101861371924031],[165.856940607037217,-78.100900720065269],[165.859360128810778,-78.100434672780025],[165.860169750799287,-78.10032644957208],[165.862573853460816,-78.09975626129652],[165.865476406941411,-78.098460513966643],[165.871340843753842,-78.096595360197512],[165.874793587173684,-78.095403329410956],[165.876353532285464,-78.094385400023256],[165.879011879399343,-78.093537216079739],[165.882235094834215,-78.09279348819021],[165.884352665131701,-78.092067497126052],[165.884817199064173,-78.090823670821024],[165.883920980098338,-78.089819150274877],[165.881995166721964,-78.089371652268539],[165.879262706883139,-78.089333071414913]],[[165.940472631645974,-78.092842450991881],[165.934777346015608,-78.093148987417152],[165.926588555133605,-78.092725441882834],[165.920878695408732,-78.092908876099258],[165.917380423009803,-78.093432090696822],[165.914986283216791,-78.094162704879494],[165.911537951107164,-78.095355232344957],[165.909398110620771,-78.095920575324655],[165.905619569673121,-78.096269548795064],[165.90183917038101,-78.096674735381811],[165.898055526924992,-78.097136066112313],[165.894568780968939,-78.097819372729361],[165.892425945832116,-78.09845024077346],[165.89084891460854,-78.099119833631448],[165.890623510235088,-78.099850116035043],[165.892039934245133,-78.100515242497991],[165.895610799654293,-78.100963294583792],[165.90133421293902,-78.101053214068713],[165.905378249990832,-78.100417433669421],[165.907495768739551,-78.09969125667439],[165.911275848539759,-78.099229587509541],[165.915586209570705,-78.09865446331581],[165.920990017657829,-78.098013789386613],[165.926395713073561,-78.097438872539584],[165.932327370878369,-78.096684485055292],[165.935815611293862,-78.096000913309538],[165.940399279884559,-78.095430267485852],[165.945010087600025,-78.0951896112268],[165.948220156968546,-78.094500965153784],[165.947053327373226,-78.09350173634175],[165.945107313100124,-78.092941108383471],[165.940472631645974,-78.092842450991881]],[[165.865474884856553,-78.106209743866131],[165.864226148996323,-78.107835693715685],[165.860000412433749,-78.10970162890419],[165.854582592128537,-78.110340850555147],[165.849158725956613,-78.110575745365054],[165.845386400457102,-78.11126275373897],[165.841884398920854,-78.111944997860945],[165.839486443889285,-78.112618857516367],[165.840077828304686,-78.113354175573576],[165.844469713427713,-78.113789104959196],[165.849621263457578,-78.113324013059753],[165.854746271536328,-78.112641413473284],[165.858264560393252,-78.112175931883073],[165.862355800793097,-78.112219222125361],[165.868326597251439,-78.111862128339965],[165.875341969968559,-78.110835844724548],[165.876124348369558,-78.110322240618245],[165.880135393752397,-78.109309167032606],[165.887414868404022,-78.10827762379111],[165.893635423084959,-78.107585569461293],[165.898513807724356,-78.107227760468973],[165.901173752087658,-78.106323010645212],[165.903554234002314,-78.105244132574754],[165.902156549520356,-78.104861841497012],[165.898051556714336,-78.104592897502087],[165.892339873866149,-78.104719621968258],[165.886121122737165,-78.105355309249603],[165.882907728835875,-78.106156127511682],[165.878607958015323,-78.106891200452537],[165.875859742353384,-78.106626551529956],[165.872789160669271,-78.105621892695481],[165.870053492852094,-78.105348423021283],[165.866497690879129,-78.105304743055626],[165.865474884856553,-78.106209743866131]],[[165.821343244846048,-78.114531092200238],[165.816166922095931,-78.114487108137538],[165.809350410901715,-78.114507915908035],[165.803921443106873,-78.114910935997727],[165.804234817398822,-78.115528600961227],[165.809987466224698,-78.116025608281504],[165.814667565873975,-78.116560585914016],[165.815549082412844,-78.117574207535725],[165.817501798975911,-78.118183201131075],[165.821570792687339,-78.117897002367656],[165.824513954342791,-78.117101225963239],[165.825806217677496,-78.116088030171895],[165.826289211042081,-78.115136083351231],[165.825419732776197,-78.114405013621266],[165.821343244846048,-78.114531092200238]],[[165.79702195958734,-78.122115225059915],[165.798446444859877,-78.123072692203806],[165.798226681395136,-78.123916299835813],[165.796909701386198,-78.124646372425346],[165.794493331543066,-78.125215807281506],[165.792340079223948,-78.12566739397694],[165.789921106119664,-78.126293056637891],[165.788579231721314,-78.126749332136171],[165.790243256469211,-78.127014592254014],[165.794315149323978,-78.126785124301335],[165.797567043478949,-78.126268591035],[165.800816317556865,-78.125921029577285],[165.803257422692951,-78.125691093537441],[165.805675271467976,-78.125187447750477],[165.806758445543863,-78.12495256453461],[165.808645298041142,-78.124609181104049],[165.809174911886743,-78.124326687387608],[165.810518269675413,-78.123983196360498],[165.811025984437975,-78.123417692310326],[165.810435536347342,-78.122813820371789],[165.807962392192479,-78.122478362901973],[165.804943747531809,-78.1223211788311],[165.802168492999158,-78.121537704943592],[165.805093586451022,-78.120355840415641],[165.808846119594307,-78.119329817643205],[165.808267284475278,-78.118886261290243],[165.807705017595453,-78.11861268837994],[165.806545901803531,-78.117546965442457],[165.806776101766843,-78.116873065284722],[165.805932194994739,-78.116415686386759],[165.804832899205138,-78.116311432591132],[165.802143704866353,-78.116885393884147],[165.797314296488224,-78.118127670458662],[165.792738006756991,-78.119044845715322],[165.790052782797488,-78.119722324598726],[165.786009598170352,-78.120516903175854],[165.784725235296122,-78.121812440186844],[165.788328088706834,-78.122705073674439],[165.790759189395686,-78.122305611471518],[165.790736312744741,-78.121853385910299],[165.792062665500367,-78.121405724596741],[165.795070455096834,-78.121449747574999],[165.79702195958734,-78.122115225059915]],[[165.794673221265498,-78.128015920332345],[165.79304332227818,-78.128250492343767],[165.79088337489182,-78.128476234249462],[165.789527187688662,-78.128706260986505],[165.788465091392254,-78.129101957309686],[165.787675608258894,-78.129662208482699],[165.787444909225314,-78.130279770982966],[165.790407073869318,-78.129654187409585],[165.792568357070422,-78.129259368468681],[165.793913292336441,-78.128972361347792],[165.795254807718152,-78.128638190953012],[165.796062525037172,-78.128464143796478],[165.796597178902857,-78.128238288175766],[165.796585213527976,-78.12794637732658],[165.794673221265498,-78.128015920332345]],[[165.653070716282684,-78.092449349184776],[165.651166545765193,-78.092508654528913],[165.650103229966419,-78.092847393725236],[165.650673364044707,-78.093347589899921],[165.653193065982634,-78.094872069401902],[165.65322901362174,-78.095541495839797],[165.653276424556964,-78.096437171845551],[165.653046797099762,-78.09728062291731],[165.653354883894764,-78.09783278541768],[165.653655923696704,-78.098450387769006],[165.653675937579948,-78.098912134755068],[165.652341378558646,-78.099415239354357],[165.651008192424854,-78.099862004478211],[165.65076148568204,-78.100431911313578],[165.651065534482797,-78.100983867647216],[165.651911349332835,-78.101658423090868],[165.651399935012137,-78.102110946225395],[165.649503076357945,-78.102339947125046],[165.64706247303954,-78.102568454065363],[165.645708957162185,-78.102854314341386],[165.645748519160492,-78.103523962899928],[165.64688075136209,-78.104251264750886],[165.648015291284878,-78.105147916907356],[165.650234379320153,-78.105866705151399],[165.6535179716671,-78.106256109004178],[165.656803248793949,-78.106589140577938],[165.660356861516988,-78.106861050821138],[165.664455116533816,-78.106898356760297],[165.667160061347971,-78.106674188187554],[165.669599788379884,-78.106445432733906],[165.670664009320575,-78.105880993102545],[165.670352648143336,-78.10515009921977],[165.670025228259306,-78.104258536546183],[165.669996434283377,-78.103692944270009],[165.670235551405398,-78.102962841633243],[165.670206392812446,-78.102519447764038],[165.669909901180063,-78.101949155784339],[165.669863820057884,-78.101110018994206],[165.670651568332062,-78.100606252907454],[165.671434362971894,-78.099867199218366],[165.670594984758253,-78.099540939390494],[165.669222801721162,-78.099431029535722],[165.665939249120271,-78.099041745313329],[165.666178518479114,-78.09831165187741],[165.666958451677914,-78.097638265174027],[165.668546923227439,-78.096904087489833],[165.668801547826746,-78.09656966451557],[165.66796545963328,-78.096177747346758],[165.666574276228232,-78.095615540579388],[165.664634492946703,-78.094949180906397],[165.663231534985925,-78.094282906432881],[165.66157542088402,-78.093894707977213],[165.660197840683992,-78.09350238588118],[165.658275902328654,-78.093053124634366],[165.656353605177998,-78.092726045202539],[165.654709797111281,-78.092498262005449],[165.653070716282684,-78.092449349184776]],[[165.677428509747642,-78.084991302163559],[165.681530982011111,-78.085433193932403],[165.685078797866197,-78.085648375438481],[165.6886146498546,-78.08569367131922],[165.69188018120397,-78.085574282603602],[165.694844540060785,-78.08505360326518],[165.698054014372531,-78.084263819151289],[165.700725443610054,-78.083361099935658],[165.702586423698705,-78.082575507352402],[165.703904648410628,-78.081780145104389],[165.706594539620767,-78.081273170993171],[165.71091802133688,-78.08087094234034],[165.714973830698682,-78.080407586716149],[165.71684641702646,-78.079895155449421],[165.716253164044957,-78.079055643055852],[165.714841762168874,-78.078107288806379],[165.712614334917674,-78.077275756985529],[165.710128553251508,-78.076543382020461],[165.707357861438055,-78.075654979814871],[165.703805468395217,-78.075157728326005],[165.700268948372837,-78.075281620385894],[165.698123712724907,-78.075619776048384],[165.695160735983109,-78.076131022871749],[165.693026112226448,-78.076751709993033],[165.691676484089186,-78.077103571415478],[165.690889784390635,-78.077494502666724],[165.687392883634715,-78.078174969260274],[165.683864858649628,-78.078346158405139],[165.680616992548892,-78.078644889683346],[165.677355984560336,-78.07865148173947],[165.673829052058807,-78.078766211997234],[165.671406954107283,-78.07916483284427],[165.669524575778098,-78.079620132035629],[165.667640868629292,-78.079962544724523],[165.664945949592095,-78.080243320621392],[165.662519247876446,-78.080641653556725],[165.661445311239589,-78.080979794897075],[165.660123210306125,-78.081662079561099],[165.659620193873621,-78.082509839522615],[165.660217522546702,-78.083509718603992],[165.661874365997136,-78.084020252231639],[165.66517519891093,-78.084561131638964],[165.668433531369885,-78.084620262348537],[165.671695140626213,-78.084547913737012],[165.674148648559395,-78.08465852700985],[165.677428509747642,-78.084991302163559]],[[165.707280166027829,-78.069372234776239],[165.708678646910471,-78.070038046549598],[165.710080007525647,-78.070826182903403],[165.710948034612784,-78.07183059439312],[165.711259823882983,-78.072617730901797],[165.71239592886883,-78.073401267621634],[165.714870263404265,-78.073954464156245],[165.71679064728022,-78.074111923532953],[165.718967153084407,-78.07416065956167],[165.721418949779036,-78.074270852735182],[165.723317547557087,-78.07432372967277],[165.725758341596134,-78.074320520581679],[165.727107784550526,-78.073977953608093],[165.727871550736296,-78.073191061132263],[165.727818596844685,-78.072295435273347],[165.728041506441343,-78.071564691715452],[165.728020906447398,-78.071056100289695],[165.727990784827171,-78.070556406703034],[165.728236068521227,-78.070108792337365],[165.729912572862816,-78.070826646389591],[165.731842321923097,-78.071445017913049],[165.732683015467785,-78.071893337051108],[165.734067817759325,-78.0723890486302],[165.735992525735469,-78.072668775571202],[165.738985592187845,-78.072826062867392],[165.742244115062988,-78.072649542637166],[165.744389523879875,-78.072132596004835],[165.745424983699877,-78.071463369496328],[165.746457057731533,-78.070389875009312],[165.747216770075511,-78.069668583209818],[165.748511496097194,-78.068599501012613],[165.748724832019349,-78.067586392142601],[165.74865707563194,-78.066464546358759],[165.748583375638304,-78.065229621727667],[165.747848362975986,-78.061977111345428],[165.746965500796051,-78.060850014197342],[165.745822526979822,-78.05972802709401],[165.744420217828917,-78.059005874900265],[165.742470824610479,-78.058226742174597],[165.740254971164063,-78.057442963490715],[165.737224123925472,-78.056672653799566],[165.734208871252747,-78.05628842139798],[165.731475562562906,-78.055956581330733],[165.72766890044258,-78.055680959423782],[165.724409648401263,-78.055518695686573],[165.721152719194436,-78.055638460994075],[165.717910680320983,-78.055937546999687],[165.713860447145663,-78.056222198408733],[165.711717849277477,-78.056616777260601],[165.710921045200934,-78.056950719487745],[165.709586442236571,-78.057416087245116],[165.706882759689421,-78.057583687443838],[165.70390378914459,-78.057708548173991],[165.700385923394691,-78.057767352722379],[165.697129400785798,-78.057830506409715],[165.694142113057495,-78.057785641085985],[165.691150989057149,-78.057618344833983],[165.687612801136311,-78.057459721590845],[165.684625642858578,-78.057414753596888],[165.681387974499955,-78.057694917727517],[165.678968815354125,-78.058272106854005],[165.67655923884891,-78.058774592323971],[165.674171448046422,-78.05985164114044],[165.673136508906907,-78.060812186629846],[165.673193136005125,-78.061877427421308],[165.672979107480671,-78.062768560207985],[165.672476428009304,-78.063672645229545],[165.672788161557492,-78.064403554016977],[165.673092311831027,-78.064955451405851],[165.674217020105942,-78.065635298980453],[165.675602608479068,-78.066187908776229],[165.678048304612417,-78.066411073882762],[165.681858615649418,-78.066461851456253],[165.684840013122056,-78.066280825652157],[165.687821144507467,-78.066221957179636],[165.690525952415243,-78.066045082034364],[165.693244104180252,-78.065981684622898],[165.696222575310998,-78.066035386061344],[165.698408324872929,-78.066197646389909],[165.700605217332708,-78.066642454701338],[165.703084348206971,-78.067252501759725],[165.703931955578071,-78.067870528588102],[165.705606562036365,-78.068532125961255],[165.707280166027829,-78.069372234776239]],[[165.688662160179973,-78.051903532914011],[165.686539591197516,-78.052693763231076],[165.685223445837153,-78.053545401755017],[165.684711603878867,-78.054044747815198],[165.685017163169391,-78.054662479976116],[165.685861570361112,-78.055167679087816],[165.687769029188217,-78.055447028884402],[165.69050117657855,-78.055713512421207],[165.692951608252059,-78.055880494084647],[165.696222768468459,-78.056269359407352],[165.701121377480291,-78.056424472538623],[165.703844433509488,-78.056521134286839],[165.706260827871063,-78.056244433028411],[165.709230921617518,-78.05589352796315],[165.713014489312968,-78.055604284937601],[165.717051895735239,-78.055093416488816],[165.720560199251565,-78.054742594243635],[165.724601180768332,-78.054288226358096],[165.728659107195256,-78.054107250120609],[165.732186823183099,-78.054095659038865],[165.735450869476409,-78.054201711897221],[165.73846056717781,-78.054642048345158],[165.740666691804449,-78.055199819301563],[165.743134547922665,-78.055752535374367],[165.745881318200389,-78.056310488728755],[165.749981052162696,-78.056864355260004],[165.753789104789661,-78.056961153941714],[165.757032037990172,-78.056727504976806],[165.757263516323576,-78.055997318166604],[165.756670631258203,-78.055270796482276],[165.757714749319462,-78.054592715863834],[165.759313269709907,-78.054084722523783],[165.759802465983711,-78.053245933423852],[165.760286658617986,-78.052228349232777],[165.760231347408507,-78.051332762395788],[165.758831984003677,-78.050601445952964],[165.757430941045214,-78.049823042416506],[165.756035463284178,-78.049270438156569],[165.754911114169289,-78.048544142727664],[165.754072564535335,-78.048095979333524],[165.754306401255377,-78.047535071922198],[165.756752495086488,-78.047522762271839],[165.760840601869461,-78.047906843128956],[165.763838220174307,-78.048233541012323],[165.766021614148883,-78.048395262651468],[165.768996923063895,-78.048391851172013],[165.771963462901255,-78.048106064598471],[165.774123043075633,-78.047928211083629],[165.776536202091734,-78.047472386951156],[165.777318975323141,-78.047024905105602],[165.77834116363212,-78.046007456635834],[165.77908768355158,-78.044881582560507],[165.780917355486167,-78.043756219982569],[165.782482492007802,-78.042917633475739],[165.783237504750218,-78.041895581732291],[165.782092862290796,-78.040952293742379],[165.780139966241677,-78.040173241290745],[165.778763946892468,-78.039659361837337],[165.776823017081767,-78.038993642546927],[165.775410647413679,-78.038101991437884],[165.774543163494712,-78.037210776907699],[165.774223687464286,-78.036367153638906],[165.773328147749197,-78.035079827481269],[165.770567721685296,-78.03419240186615],[165.767283849370443,-78.033747193778893],[165.764555358396109,-78.033302969018806],[165.761813986407532,-78.032688896433157],[165.760943558639724,-78.03174104066224],[165.760602288694457,-78.030680089712689],[165.759731900738416,-78.029666448709833],[165.758062416951788,-78.029005363934701],[165.755859301549407,-78.02827856708123],[165.753108238967343,-78.027551060006516],[165.751186636432521,-78.027111531827117],[165.749008370155451,-78.026893372636707],[165.746575260611849,-78.027009439239706],[165.744439013216123,-78.027404251049447],[165.741234223445758,-78.028146782761908],[165.73828395005404,-78.028780558975257],[165.735852513591425,-78.028783878360784],[165.733101461486427,-78.028112497712399],[165.730386627346149,-78.027781294641329],[165.727658860439647,-78.027505759964058],[165.72491084101577,-78.026787430818942],[165.723505141425335,-78.025895604003125],[165.721039269771296,-78.025333073451634],[165.718861882679505,-78.025114677141346],[165.716400341208612,-78.024618100620984],[165.714752189109873,-78.024230266652907],[165.712553024790054,-78.023672319548297],[165.710875851870753,-78.022784809953393],[165.709747082958529,-78.021888684655693],[165.708087220514756,-78.021330992526075],[165.706449315955041,-78.021056395205207],[165.703756315566494,-78.021111302572876],[165.700254940101729,-78.021574542695987],[165.696228189822222,-78.022085136099776],[165.692218617731584,-78.02293496268743],[165.689022511888965,-78.023903030205119],[165.686886274040944,-78.024410257356791],[165.682853779908243,-78.024986231185622],[165.679111196098887,-78.025662123483741],[165.677245472149195,-78.026287044459409],[165.675647184403516,-78.026794538447433],[165.674332192416756,-78.027411041463708],[165.672741455838917,-78.028088132453604],[165.671420681142422,-78.028657332334177],[165.67036860350575,-78.029334773975492],[165.670682258547401,-78.029999997404801],[165.672072338211763,-78.030844456082448],[165.673466972094872,-78.031510541277015],[165.675930578141561,-78.032017035117406],[165.679204121033791,-78.032453587275569],[165.682471036334363,-78.032899136971821],[165.6868407550825,-78.033506387954944],[165.690675802471219,-78.034282648017879],[165.694514223519036,-78.035049608699396],[165.698903082662241,-78.035995970296128],[165.702465479535448,-78.036889158101033],[165.706866831526582,-78.037995763661328],[165.710717134718664,-78.038997975318708],[165.714567052498211,-78.040112860572989],[165.717582044054467,-78.040666700573937],[165.71978459178203,-78.041224624259584],[165.721434113228042,-78.041668767396814],[165.723084903962217,-78.042056573343714],[165.723381122136175,-78.042560892177718],[165.721761360353923,-78.042738613408289],[165.719051003423544,-78.04268963214453],[165.716891585383564,-78.042801267656188],[165.713399025604303,-78.043199678636498],[165.710453230983148,-78.044002860751576],[165.706975731131024,-78.044787364481095],[165.703765434240978,-78.045642351172205],[165.699762041926363,-78.046540035795459],[165.696546609360894,-78.047460517107837],[165.694997936039925,-78.048807407004375],[165.693436735060118,-78.049928062898616],[165.691057838199072,-78.05105253292183],[165.688662160179973,-78.051903532914011]],[[165.803475918211603,-78.027982494701732],[165.801919214680169,-78.02894356850743],[165.799783681835436,-78.029395136594573],[165.797925048109931,-78.030020945500468],[165.797958006837746,-78.030520595573833],[165.798822089030125,-78.031364507489926],[165.799705924948029,-78.032425525767309],[165.801148989139136,-78.033882272197488],[165.802587475745014,-78.035113285706274],[165.802358626526427,-78.035787086160539],[165.80020090072685,-78.036021483911739],[165.79781033841536,-78.03680734014246],[165.796539231639059,-78.037990156191356],[165.796355562551952,-78.039399150495214],[165.798063679575222,-78.040794654040354],[165.80112931003444,-78.04212979157009],[165.803934215571161,-78.043582720019629],[165.805092657629984,-78.044639276693047],[165.80516283353569,-78.045770313693396],[165.804992582080388,-78.04733969861131],[165.803708502004184,-78.04846554271451],[165.802396998832648,-78.049139006473951],[165.801377374173285,-78.050100220379889],[165.801711832725204,-78.050991471506038],[165.804733926843966,-78.051722886066116],[165.807744230093505,-78.052162396870216],[165.810195089060898,-78.052262551792012],[165.812067003801417,-78.051862650178265],[165.813905194977025,-78.050850341828209],[165.814108630180868,-78.049837005427548],[165.814255242375765,-78.048040967591319],[165.815528473648271,-78.046632734487659],[165.815984372352489,-78.045341415510919],[165.816719806248898,-78.044280809091461],[165.818014886008569,-78.043315276809921],[165.819599377612775,-78.042637333197888],[165.820079881228082,-78.041685519546974],[165.81864277710838,-78.040454792029621],[165.816688263310596,-78.039619670645294],[165.813907751428673,-78.03850638337444],[165.813043411069799,-78.037662577957974],[165.81352680440321,-78.036823648561651],[165.815361328837582,-78.03580189945913],[165.815305233193271,-78.034962886736039],[165.814164067699949,-78.034123358972195],[165.815197176444826,-78.033275686419046],[165.815966356344063,-78.032658427099307],[165.816144307522848,-78.031192900272003],[165.813919298612603,-78.030305924870234],[165.81087475631108,-78.029422898108521],[165.808384377771347,-78.028531315606585],[165.806411754442649,-78.027356852809007],[165.806401439295371,-78.027130848012547],[165.803475918211603,-78.027982494701732]],[[165.139364406929843,-77.914774400570408],[165.14070320499809,-77.914782849188342],[165.142034292138959,-77.914903911200085],[165.144192915243252,-77.914741215106645],[165.145837170917787,-77.914465149865109],[165.145967678347773,-77.914439483748495],[165.14758993426841,-77.914317571619577],[165.149508808566026,-77.913877757645039],[165.150651029344402,-77.913206403948024],[165.15123628061059,-77.912758470307637],[165.151007762651943,-77.912434910735598],[165.150754267581419,-77.912091122737124],[165.149726634363901,-77.911638394302145],[165.148679841478582,-77.911410682296662],[165.147349074709183,-77.911289653370105],[165.143564783834108,-77.911606939550481],[165.141928660234953,-77.911826898845618],[165.140824931626298,-77.912104703428938],[165.139996857967077,-77.912378985759872],[165.138890474334147,-77.912713165396099],[165.137511699448197,-77.913154674646123],[165.136651492558514,-77.913606166946721],[165.136074235221201,-77.914101651721012],[165.137043564316826,-77.914343949582033],[165.138162016161374,-77.914622792245822],[165.13849174609939,-77.914623386064051],[165.138575046469697,-77.914655167276237],[165.139364406929843,-77.914774400570408]],[[165.300204411159825,-77.873578335406251],[165.297795117207215,-77.873624359844854],[165.295648271637759,-77.873675423166674],[165.293505342007649,-77.873773753806674],[165.292365541844873,-77.873830368166381],[165.289820023670018,-77.87401291365434],[165.289248995012514,-77.874038503980088],[165.287033839976772,-77.874263988061017],[165.284868867532339,-77.874586976367965],[165.283230812065739,-77.87497668912296],[165.281590602226601,-77.875309795325919],[165.279394344943739,-77.875922869401819],[165.277526839623192,-77.876485308595178],[165.277004263190577,-77.876712015010796],[165.276567990444988,-77.876996561476446],[165.276342080858711,-77.877226074103973],[165.27629370113462,-77.87775693548393],[165.276763853162549,-77.878545441820989],[165.278059891827809,-77.879050027506608],[165.279619987173817,-77.879512687440155],[165.281462817740731,-77.879859134160185],[165.283320552666652,-77.880036933057724],[165.285191772412702,-77.880093079208777],[165.287339807293961,-77.880042097629826],[165.288951610956815,-77.879989773256881],[165.29136928998679,-77.879840666518859],[165.292724730292775,-77.879670638793456],[165.293425817703451,-77.879635921123835],[165.293895391680451,-77.879584556005327],[165.295011387407072,-77.879423871157954],[165.295446962479758,-77.879124099277746],[165.296823921473305,-77.878729323774138],[165.298189291265885,-77.878399801128268],[165.299828640525078,-77.878010068475191],[165.301193017863284,-77.877624006460067],[165.302825932161056,-77.877299804649226],[165.303949953614108,-77.876740473323153],[165.305348716569114,-77.875960956128949],[165.305655573534892,-77.875563692182013],[165.305430743940633,-77.875061830925503],[165.305474635445648,-77.874499472328083],[165.304967171246517,-77.874217359725179],[165.303914615147761,-77.87393344447473],[165.302604409960281,-77.873701213344773],[165.301276268669909,-77.873580941859387],[165.300204411159825,-77.873578335406251]]]]}},
{"type":"Feature","properties":{"SURFACE":"moraine","SUBSURFACE":null,"SOURCE":null},"bbox":[161.4,-78.032722735899995,161.418970178282024,-78.028019740880609],"geometry":{"type":"MultiPolygon","coordinates":[[[[161.4,-78.029475945546068],[161.4,-78.028019740880609],[161.403201315564758,-78.028249821485886],[161.406537884938842,-78.028540394109314],[161.409090255866062,-78.028968367860045],[161.411930789238767,-78.029435629316481],[161.413075478822179,-78.029650017318104],[161.414546324343206,-78.030079324006579],[161.416074211361604,-78.030743200697032],[161.416188175220213,-78.031135493240313],[161.416535751258635,-78.03140955811152],[161.417797925344587,-78.032074093555721],[161.418958515798408,-78.032716283514674],[161.418970178282024,-78.032722735899995],[161.417664439858783,-78.0325163860457],[161.416283167800458,-78.032420062645514],[161.414315509606269,-78.032167528199992],[161.412644340113161,-78.032012526499486],[161.411858194446751,-78.032140255529939],[161.4106812632036,-78.031737705439909],[161.409776057409999,-78.031428071564321],[161.407963577393474,-78.030782717901616],[161.40536047305298,-78.030197468754537],[161.401974319179402,-78.029663215620559],[161.4,-78.029475945546068]]]]}},
{"type":"Feature","properties":{"SURFACE":"moraine","SUBSURFACE":null,"SOURCE":null},"bbox":[162.096063674587612,-78.07591062728099,162.107576345446319,-78.065965923647923],"geometry":{"type":"MultiPolygon","coordinates":[[[[162.100818622980057,-78.065965923647923],[162.104602567603109,-78.066055971462362],[162.10691874397574,-78.066593501516465],[162.107576345446319,-78.067269104313112],[162.106230270798193,-78.06832775895154],[162.103818174207078,-78.069305672195469],[162.103377600787638,-78.070032388000911],[162.105138197809083,-78.070609362209666],[162.107456596742225,-78.071146979377758],[162.107258146602305,-78.071985565902565],[162.104949732428736,-78.072520607970134],[162.104273691954972,-78.073078473668389],[162.104373300495496,-78.073802973899873],[162.104979632991956,-78.074657007788716],[162.10456251435437,-78.075270449697697],[162.102826062267752,-78.075700126561074],[162.101964560957498,-78.07591062728099],[162.099767831433098,-78.075256696575252],[162.099346023573617,-78.074797812774221],[162.099228347023853,-78.074129512967787],[162.098627281626534,-78.073227931229795],[162.097741952133276,-78.07242221989263],[162.096824383104064,-78.07169091932812],[162.096063674587612,-78.070328779768317],[162.096914117977406,-78.069102982163713],[162.097809030580464,-78.067650448640194],[162.099124306446271,-78.066704591634092],[162.100818622980057,-78.065965923647923]]]]}},
{"type":"Feature","properties":{"SURFACE":"moraine","SUBSURFACE":"ice","SOURCE":null},"bbox":[165.209348143398131,-78.27680914148965,165.573626221193052,-78.181763513359428],"geometry":{"type":"MultiPolygon","coordinates":[[[[165.239404889417187,-78.193854616558156],[165.235560052588198,-78.193741475300797],[165.235014890811414,-78.193773282686863],[165.237001381597395,-78.193611947152931],[165.239180800803183,-78.192938108791509],[165.240549318159736,-78.192258224740598],[165.241361412399527,-78.19180270457278],[165.241350372834546,-78.191302798305813],[165.240790824462607,-78.190858100051472],[165.239955287748302,-78.190294882129152],[165.238845945406837,-78.189622677686174],[165.237185304475503,-78.188835929105068],[165.23525402190748,-78.188109924127133],[165.233048136901061,-78.187378493261264],[165.229183950811972,-78.186208905462692],[165.225881027659511,-78.185305079913775],[165.222574542741171,-78.184636538376751],[165.219009377230265,-78.18407644135786],[165.211856121910103,-78.183077305088304],[165.209348143398131,-78.182677847755656],[165.209974831368186,-78.181863747823215],[165.210908867827726,-78.181763513359428],[165.214468869726119,-78.181880658343019],[165.218589547607507,-78.181980953494616],[165.226542176283203,-78.182316495363111],[165.231477101749846,-78.182422888106544],[165.236695227806109,-78.182638687582198],[165.242459918026157,-78.18309112986141],[165.248230106718552,-78.183703875350048],[165.254000705184893,-78.184542579198208],[165.259498023159608,-78.185319295081484],[165.265822475199514,-78.186328808954002],[165.271606932614617,-78.1871583429065],[165.277375105739623,-78.188118709127707],[165.28206421658183,-78.189115067710901],[165.286474076808162,-78.190124551286559],[165.290326761000586,-78.190793162523562],[165.294190877023368,-78.191292775923898],[165.299411595370714,-78.191789827599067],[165.305726688686804,-78.192006447965753],[165.312581659087869,-78.192176535459268],[165.321085057851775,-78.192114637894889],[165.328497674272796,-78.191984616186829],[165.333980666318951,-78.191751042816747],[165.340276345472375,-78.191353725539102],[165.346027093253269,-78.190842373038976],[165.350401900132141,-78.190445624903404],[165.355601829193603,-78.189819902224386],[165.360513813688442,-78.189037477105828],[165.365690180375395,-78.18784543785695],[165.368144403622779,-78.187223411931782],[165.371128728300391,-78.186328425503206],[165.374947859815734,-78.185478048592643],[165.379323078768834,-78.184742096630501],[165.384235575198488,-78.184119537127515],[165.38914896185787,-78.183440480623176],[165.392976254354295,-78.182985817708783],[165.397332793629289,-78.182314598645021],[165.4008217825656,-78.182208953167574],[165.400204010104346,-78.182383096426634],[165.3966741319866,-78.183333826776888],[165.392360124943593,-78.185532453653025],[165.391296583321804,-78.186765458712443],[165.390233765856209,-78.187951440496022],[165.389450181368147,-78.189133506115311],[165.388385098351733,-78.190027533492142],[165.385933969066599,-78.190706367413171],[165.382114602595465,-78.191434544161837],[165.377473566996173,-78.192231797833529],[165.372286169991099,-78.192905670389607],[165.367086936040891,-78.193588262502956],[165.362436937795337,-78.194102417518678],[165.356701262765142,-78.195114013385449],[165.351246027442187,-78.196423034982487],[165.348532697452697,-78.19742670367512],[165.346090038590063,-78.198614350331098],[165.342569665544431,-78.200356434291265],[165.339051253823044,-78.202042138698033],[165.336880374132932,-78.203112519270789],[165.335533249734198,-78.204179900556554],[165.334738665747039,-78.205192101766599],[165.334209827248202,-78.205983099014375],[165.334784824342563,-78.207049753378243],[165.336186475004865,-78.207821604340083],[165.338678126894223,-78.208783570843551],[165.341724406800211,-78.209793980220496],[165.345601214564766,-78.210801632050988],[165.34810172076817,-78.211519083884767],[165.351143455621212,-78.212077076331951],[165.35444684435285,-78.212470081041545],[165.359964980647675,-78.212962429188778],[165.365195528723916,-78.213298060638166],[165.370430576775959,-78.213737392063166],[165.377040193897926,-78.214353452365771],[165.383371200288281,-78.21479441774143],[165.388623710395109,-78.215290759010998],[165.392207943993157,-78.215735821312393],[165.39579904422817,-78.216407142256216],[165.40491139635327,-78.217513327096526],[165.410164855807835,-78.218291628151178],[165.413755022294652,-78.218906092126161],[165.419009845713362,-78.219797202733858],[165.424554261286431,-78.220967129927345],[165.429536271598835,-78.221975256960135],[165.433699076066745,-78.222808007886371],[165.43757563963436,-78.223700790850202],[165.441203547798636,-78.224872107890832],[165.444272550900905,-78.226333756976956],[165.447647951616517,-78.22816924998537],[165.45072244696027,-78.229574563773198],[165.453528717283689,-78.231031495667906],[165.456596892149889,-78.232210443174765],[165.459663383070506,-78.233097457598859],[165.462993062640209,-78.233763032575851],[165.465765865702053,-78.234380278247983],[165.468547703422388,-78.23511090230069],[165.471340687228434,-78.236227954635666],[165.473591706778279,-78.23723161266021],[165.475265322952168,-78.237960029052459],[165.477491765725262,-78.238463510830726],[165.479993363409108,-78.239132078763461],[165.485290056790234,-78.24063517583059],[165.485567453164805,-78.240809807688365],[165.487525294960221,-78.241477798343922],[165.489765709137231,-78.242367715982226],[165.492568359992276,-78.243371950196448],[165.495379107282929,-78.244828284139174],[165.498186020505415,-78.24605849461777],[165.500430043200737,-78.247070775062966],[165.502663436039512,-78.247847192100863],[165.505181646897427,-78.248629166724967],[165.507139216383223,-78.249296887210676],[165.508817832464274,-78.249855792769324],[165.510768839214848,-78.250353735510629],[165.512711992632347,-78.250813601910906],[165.520790428858703,-78.252640709639053],[165.525506902275993,-78.253425059929825],[165.530520839186522,-78.254544855687357],[165.53526627396721,-78.255650411734621],[165.539713715486528,-78.256542604171713],[165.545262904283987,-78.257266692584409],[165.551086588845834,-78.257807449690333],[165.556068572297107,-78.258256885910569],[165.559666649460667,-78.25847373621157],[165.563265761147221,-78.258624729854688],[165.566862409133932,-78.258850808592328],[165.569072208977332,-78.25895715678007],[165.571559546703128,-78.259125059674304],[165.573626221193052,-78.259303515120322],[165.572291883839682,-78.259342160256097],[165.570907779000549,-78.259457837304055],[165.569256987267238,-78.259512501130217],[165.567608574873617,-78.25957668883396],[165.566499032999104,-78.259518566842672],[165.56512704033068,-78.259634854114339],[165.56348549656542,-78.259972219974856],[165.56211342047385,-78.260088492649686],[165.56073166419003,-78.260091351897756],[165.559530354057813,-78.260291830827313],[165.557709157269159,-78.260440999099771],[165.555235014944827,-78.260668832633272],[165.552761503762127,-78.260953135225279],[165.548907329328244,-78.261240288374722],[165.547544523686895,-78.261582807646164],[165.544403243525267,-78.260759393687223],[165.544088553872882,-78.260037199757718],[165.542977738606709,-78.259640184777098],[165.541309568685108,-78.259420913606377],[165.539927886496002,-78.259423670740233],[165.538278261119018,-78.259591133653089],[165.536922698911013,-78.260103356479718],[165.534757198932709,-78.261118809913967],[165.532825508779894,-78.261233811185775],[165.530081384221518,-78.261513150679264],[165.528713788648702,-78.261968275637244],[165.52902452239374,-78.262699738460356],[165.529605631971862,-78.263426577414265],[165.528843496173863,-78.265005047447204],[165.527775094763882,-78.265617051346624],[165.5262277265835,-78.26650502715249],[165.524294473704146,-78.266563479860963],[165.522374333524766,-78.266669659720179],[165.52099891844216,-78.26684208208269],[165.519633284493949,-78.267184398443959],[165.517163791664871,-78.26769456973436],[165.513864385878577,-78.268095249278431],[165.510289552067576,-78.268377908730812],[165.505062272358657,-78.268780693978357],[165.499463396987494,-78.268580365734451],[165.495039170321746,-78.268592307016306],[165.489789499503019,-78.268494851194646],[165.485369906097588,-78.268328060281007],[165.482605761218593,-78.268333090182622],[165.479860485734463,-78.268668506143896],[165.477945164853594,-78.269292340450505],[165.477438523293756,-78.270300981748605],[165.477742274783566,-78.27125819204629],[165.478056593695413,-78.272093600062604],[165.477530383048276,-78.272884742403349],[165.477025264315103,-78.273949952606472],[165.477054382909955,-78.274911529393762],[165.476810867317823,-78.275632859215619],[165.473052440343139,-78.27680914148965],[165.470268438528592,-78.276304835254422],[165.466669978098025,-78.275974065969379],[165.462506707330448,-78.275698185851695],[165.458901339163049,-78.275253976404102],[165.456112820645416,-78.274532740709461],[165.454699589752209,-78.273629850199583],[165.453548585332868,-78.272514860556953],[165.45324838384812,-78.271614185288499],[165.453487054702265,-78.270600745552883],[165.454827074065605,-78.269654836910448],[165.457009922682744,-78.268687513313836],[165.459464503901216,-78.267960436956969],[165.461102849341216,-78.267510333710291],[165.463291046326162,-78.267060991710068],[165.464937190864106,-78.266771306555398],[165.467138006757665,-78.266369678285741],[165.470147769301406,-78.265813032706262],[165.474544761357066,-78.265131838481494],[165.478386323374195,-78.264506041721873],[165.482218574751045,-78.263832665436681],[165.486883652862815,-78.263033720025973],[165.490999691786982,-78.262234054409916],[165.494547048908487,-78.261216194187327],[165.496990938814633,-78.260319043429746],[165.498310384123272,-78.25892037994474],[165.499092111693443,-78.257625173571398],[165.498199982889986,-78.255940686845335],[165.495352502541436,-78.253870857318717],[165.491431597934678,-78.252243175178577],[165.487510455415332,-78.250681252284011],[165.484162732333346,-78.249676511613131],[165.47970959130808,-78.248792201080036],[165.473340954563668,-78.248013734610126],[165.467806979785024,-78.247457994308078],[165.462274479000172,-78.2469116080606],[165.456468184000357,-78.24640708878934],[165.450374423393782,-78.245576596219095],[165.445092212911277,-78.244468824272303],[165.441763068867147,-78.243624310003199],[165.438164501837207,-78.243236133977135],[165.434309786756302,-78.243361489909418],[165.429356956332356,-78.24375810493963],[165.426351741690098,-78.244267266795546],[165.422792118058709,-78.244888240165906],[165.420057964733388,-78.245618842183291],[165.417597005522879,-78.246298018653818],[165.41486868114265,-78.24720778928031],[165.411866613428032,-78.247933581127839],[165.406920220765073,-78.248735123388215],[165.403076418935967,-78.249124363300069],[165.400331604966681,-78.249355333104219],[165.397850016375543,-78.249524930012655],[165.395097090949292,-78.249472970335376],[165.391782986259216,-78.249306449304342],[165.387637072532726,-78.24920869502678],[165.384594189232729,-78.248990574480814],[165.382382487029815,-78.248421114307234],[165.380695338966717,-78.247587610353193],[165.380673315529265,-78.2468614183489],[165.379280851135604,-78.246241286301043],[165.375949551984036,-78.245631050750674],[165.373182150676257,-78.245295568501007],[165.370968210514093,-78.244848247487994],[165.370673577571438,-78.24400394513782],[165.371188298421998,-78.242995543291286],[165.370608365405616,-78.24187240872638],[165.369757305398196,-78.240913749489565],[165.369719394935856,-78.239687623207516],[165.369956876020012,-78.238560902620065],[165.369643040839833,-78.237273013466805],[165.370438290647058,-78.236204240836301],[165.371245242540567,-78.23524909151709],[165.372040650697357,-78.234519318579842],[165.372848264655914,-78.233733703484944],[165.371133278518869,-78.231768608320039],[165.369730766521002,-78.230592239352347],[165.368873035364032,-78.229755602317226],[165.369120864475065,-78.228742452146932],[165.367993716577814,-78.227618385384005],[165.366305738743307,-78.226615075622988],[165.365183910631345,-78.225660751084604],[165.362942512141132,-78.224430154326313],[165.359325492822194,-78.223201484676309],[165.356275320677412,-78.222247801905112],[165.352966278324487,-78.221572161822962],[165.349361807954409,-78.220965443777487],[165.344679058890307,-78.220574172020662],[165.339725549065264,-78.22024367871677],[165.334224925886673,-78.220307627639997],[165.329824833172239,-78.220430307001109],[165.326796527368487,-78.220598021048318],[165.322133119874167,-78.220659420602558],[165.316620300966946,-78.220326824013796],[165.309992450156415,-78.219378721706008],[165.306122021475289,-78.218549845684137],[165.302533088224237,-78.217990275365423],[165.297853097016713,-78.217598224254644],[165.291801259071775,-78.217433941005524],[165.283826560777953,-78.217269982443156],[165.276391185616035,-78.217228933558445],[165.271440534725969,-78.217179812851242],[165.26594896712777,-78.217289953177314],[165.260726140612945,-78.217291965497992],[165.257421798257951,-78.217189747496704],[165.254113507579689,-78.216908279557003],[165.251900946929084,-78.216355954422426],[165.251064286293854,-78.215284080653262],[165.251865670152114,-78.214045938885135],[165.25376878778394,-78.213206210599566],[165.254298867151022,-78.212311484819125],[165.253456261109363,-78.211182777611043],[165.250962574109082,-78.210115962428304],[165.248196853363424,-78.20899677788978],[165.246526455449896,-78.208049557718468],[165.245964490045395,-78.207209097575912],[165.246774024591843,-78.206301161011808],[165.248405045945475,-78.20552224525845],[165.25058846325129,-78.205074534206688],[165.25415302949807,-78.204503316271484],[165.258806696459544,-78.203830524535974],[165.26482951557918,-78.20292988216606],[165.269488584670654,-78.202304371601855],[165.271670522775793,-78.201743457026822],[165.272479118213795,-78.200948568994292],[165.271087714890399,-78.200110751582145],[165.268322437807882,-78.198991785291895],[165.265275300169435,-78.197876439951642],[165.262518353915226,-78.197087515428862],[165.260034769052822,-78.196473404765086],[165.257556764192515,-78.195972603146544],[165.25534381191153,-78.195467202185412],[165.251776247501397,-78.195133738435246],[165.249024323334879,-78.194797064286448],[165.245444050349391,-78.194302660659361],[165.24379518025259,-78.19418552239739],[165.241595966145439,-78.194019860372563],[165.239404889417187,-78.193854616558156]],[[165.293281936382812,-78.212172697881158],[165.294670073789632,-78.212671001150483],[165.296319471984532,-78.213070272952933],[165.298800560261839,-78.213062011624046],[165.300717148965646,-78.212948120624091],[165.302095718504773,-78.212833638310798],[165.302912611161645,-78.212491256368608],[165.303446307095044,-78.211992417545062],[165.303438902624464,-78.211596439124833],[165.302336049524087,-78.211546744012921],[165.299593172320044,-78.21171994065665],[165.29821455212479,-78.211551837041156],[165.296832128390776,-78.211213980670109],[165.294892108183234,-78.210488287199368],[165.293233151000805,-78.210097892903704],[165.291861017704662,-78.210269178265321],[165.290770178339528,-78.210436712975223],[165.288844538981323,-78.210267456506401],[165.287193319697423,-78.209981041425664],[165.28553456714647,-78.209826078947486],[165.284156765119548,-78.20988399366199],[165.283074669386536,-78.210155585714332],[165.282260002868725,-78.210893669549463],[165.283643863305713,-78.211222279838125],[165.286948004261177,-78.211559738049885],[165.291622794228374,-78.211782292918528],[165.293281936382812,-78.212172697881158]],[[165.401905817235644,-78.222992750289222],[165.401103618215444,-78.223665603666291],[165.400585635806692,-78.224447719248175],[165.400044248787111,-78.22501205665759],[165.399516798262198,-78.225454746195339],[165.399253853813917,-78.225967989383477],[165.398991361231936,-78.226415354835638],[165.399830505629637,-78.226582360597817],[165.401746983597974,-78.226411217589146],[165.40365800251061,-78.226070312689657],[165.405303443510149,-78.225734115156797],[165.40666486574878,-78.225335747538097],[165.40747503172642,-78.22488925508901],[165.4071810608296,-78.224327599443441],[165.406056193793347,-78.223712364460795],[165.404674606562509,-78.223262346272847],[165.403839675608538,-78.223039084091894],[165.401905817235644,-78.222992750289222]],[[165.424173883721579,-78.230417068307915],[165.42336840746529,-78.231089779072036],[165.423105220984752,-78.231715953429969],[165.421742178937791,-78.232057845750873],[165.421484460377059,-78.232505451782771],[165.42287903262033,-78.232946577098943],[165.424807229386374,-78.232888823921712],[165.425739743300738,-78.232777106398785],[165.427825462132887,-78.232653525192958],[165.428626431517699,-78.23204646367563],[165.429152636140714,-78.231198909136737],[165.428858075238736,-78.230919708547916],[165.427474758542729,-78.230469797034814],[165.425811459915792,-78.230193293499056],[165.424173883721579,-78.230417068307915]],[[165.405632082447653,-78.23622995554733],[165.406757194458208,-78.236722766226478],[165.40841381981042,-78.237121394725079],[165.410635731816058,-78.237399379943625],[165.415048509539872,-78.237671206836126],[165.418620303435034,-78.237389986465757],[165.420811939608825,-78.237101430598457],[165.421347738862323,-78.23670621963862],[165.420787438400509,-78.236375254829881],[165.419409422880477,-78.236095050763353],[165.418301502606965,-78.236036275660354],[165.41636961215039,-78.236103231922712],[165.414442245471605,-78.236217487343055],[165.412246438625374,-78.236336313205612],[165.409484335950367,-78.236170873477903],[165.407833281182491,-78.235942003798584],[165.407001456351594,-78.235775449662086],[165.406178275857314,-78.235882373865039],[165.405632082447653,-78.23622995554733]],[[165.448107966794367,-78.237964055485136],[165.445640508564765,-78.238191131367401],[165.443444262229917,-78.238592572145734],[165.440715397180469,-78.239267021602444],[165.439343532166617,-78.239495597192601],[165.438537454511362,-78.239885918839875],[165.439647138898721,-78.240217666791381],[165.442416824376295,-78.240486683547587],[165.445166616905965,-78.240321615533702],[165.447343364778618,-78.239815572232345],[165.449802806660557,-78.239192703305292],[165.450619457433845,-78.238737042609884],[165.450878895965673,-78.23828954790126],[165.450042012638363,-78.238066417685019],[165.448107966794367,-78.237964055485136]]]]}},
{"type":"Feature","properties":{"SURFACE":"moraine","SUBSURFACE":null,"SOURCE":null},"bbox":[161.958215619107364,-76.190398456724665,162.000152884035231,-76.187437161441053],"geometry":{"type":"MultiPolygon","coordinates":[[[[161.995154007114621,-76.187437161441053],[161.996417978167017,-76.187458929102291],[162.000152884035231,-76.187891939301636],[161.99830920738728,-76.18878904909613],[161.993703691794224,-76.188899211247943],[161.990256179101266,-76.18923280869771],[161.987238063363719,-76.189380209595811],[161.983528326513323,-76.189597931880527],[161.980022139455968,-76.189707346014828],[161.976733076691914,-76.189757229730731],[161.973688215483691,-76.189797414486847],[161.97180215708633,-76.189765370832504],[161.969903682596737,-76.189732346574445],[161.958215619107364,-76.190398456724665],[161.960796036587283,-76.189969168260973],[161.963484753357108,-76.189433747381841],[161.965893824793142,-76.188590227265294],[161.974355836345723,-76.188322204076641],[161.98428905930038,-76.187862784781402],[161.991034937748964,-76.187718606882072],[161.995154007114621,-76.187437161441053]]]]}},
{"type":"Feature","properties":{"SURFACE":"moraine","SUBSURFACE":null,"SOURCE":null},"bbox":[161.4,-78.032575153851411,161.475412524376395,-78.020211879559625],"geometry":{"type":"MultiPolygon","coordinates":[[[[161.4,-78.021837840283425],[161.4,-78.020211879559625],[161.404843055597183,-78.020465734695861],[161.409244339222795,-78.020753917735846],[161.412533399157439,-78.02087788624651],[161.418524122984195,-78.021036653715029],[161.422862140406465,-78.02104153304424],[161.425530382235195,-78.020891423183627],[161.42767063813406,-78.020810146237821],[161.431194785130373,-78.020825378232459],[161.434804494333264,-78.02118278905094],[161.437593404624579,-78.021492524274862],[161.443926458706528,-78.021857090479173],[161.445308025431189,-78.02195336427782],[161.448652730106147,-78.02231128938736],[161.450375249281905,-78.02262341419258],[161.453534310149138,-78.023256516685208],[161.454367970487397,-78.023362603503685],[161.457179136347037,-78.023721651471561],[161.457131474411568,-78.023574153196265],[161.457125151494523,-78.023554588055703],[161.458561026921814,-78.023817859242243],[161.459443593859163,-78.02409063235838],[161.460928426165424,-78.024520592681569],[161.463243329864071,-78.02505633465033],[161.464417096028313,-78.025378160144541],[161.466506646664783,-78.02609028618663],[161.467589233399593,-78.027030108004681],[161.468668091774475,-78.027969655907512],[161.470016937617032,-78.028908753831729],[161.471386359035336,-78.029906895351132],[161.472386784260379,-78.030571989445946],[161.47383467138755,-78.030951201226657],[161.475412524376395,-78.031714038267197],[161.474183169698847,-78.032185699626183],[161.472121484790733,-78.032541874115793],[161.469422217101055,-78.032575153851411],[161.466950030991001,-78.032432082812292],[161.464578448337221,-78.031738840537713],[161.462222055266949,-78.031027404103028],[161.461057852112845,-78.029803296845046],[161.459709608374311,-78.028864153405905],[161.458020423350632,-78.027709138488845],[161.455636719048528,-78.026889997740781],[161.453763489873808,-78.026010292452199],[161.451971963345727,-78.025414833984229],[161.449603613276565,-78.024711931948133],[161.448727506087465,-78.024506811068193],[161.445875245492942,-78.023971886277238],[161.442770183828799,-78.023505761500914],[161.441679316414621,-78.023458565288479],[161.438341688115003,-78.023158699331688],[161.433966134016117,-78.022988173718716],[161.432058817568844,-78.022951260826716],[161.428515528634392,-78.022886709976163],[161.426874029510515,-78.022849082455153],[161.422727618148173,-78.022502181055373],[161.418651657163366,-78.022438758222805],[161.415097626434573,-78.022315618736258],[161.41261684218415,-78.022180878008513],[161.409321366429452,-78.021989225626655],[161.406038224835186,-78.021856042040582],[161.403932976533724,-78.022112584453836],[161.4,-78.021837840283425]]]]}},
{"type":"Feature","properties":{"SURFACE":"moraine","SUBSURFACE":null,"SOURCE":null},"bbox":[165.711545240324625,-78.288499224658182,165.713460705581923,-78.287631573810899],"geometry":{"type":"MultiPolygon","coordinates":[[[[165.711708746203016,-78.287631573810899],[165.712043140202297,-78.287719829847575],[165.713176336539874,-78.288163927919527],[165.713460705581923,-78.288499224658182],[165.711545240324625,-78.287844522091376],[165.711708746203016,-78.287631573810899]]]]}},
{"type":"Feature","properties":{"SURFACE":"moraine","SUBSURFACE":null,"SOURCE":null},"bbox":[161.414063479082301,-78.007025845945876,161.509298661666861,-77.990737787209085],"geometry":{"type":"MultiPolygon","coordinates":[[[[161.503679456921446,-77.991018819119574],[161.509298661666861,-77.990737787209085],[161.505761495436076,-77.991893587019646],[161.504227246430332,-77.992305344516964],[161.502446250953255,-77.992824763446308],[161.500883857977925,-77.993119321725288],[161.499062805415235,-77.993482296529876],[161.496737191795404,-77.993944580753876],[161.493311724311184,-77.994435900576704],[161.489391428457765,-77.995084806726197],[161.484924241650447,-77.995685981070324],[161.481225218650707,-77.996119744485824],[161.475940008658029,-77.9966638261904],[161.46822295689384,-77.99730721967569],[161.465583975897829,-77.997603449650114],[161.462910229381322,-77.997801184777927],[161.461305749275368,-77.997871772732381],[161.458603581536352,-77.997894591121408],[161.455391747998249,-77.998102754495306],[161.452471057044988,-77.998350418767728],[161.448745206727921,-77.998666741247931],[161.446908254616233,-77.998903552514435],[161.445867334845531,-77.999147897003041],[161.44102066024621,-77.999847017788923],[161.43667684360932,-78.000734924308176],[161.43460845651606,-78.001109243285327],[161.431673936329275,-78.00125012467683],[161.42850937093624,-78.001519018171692],[161.427296201235151,-78.001972273462883],[161.426601272084639,-78.002442524610473],[161.425713840049212,-78.003120302592635],[161.425031435121582,-78.003581827162392],[161.423352537623998,-78.004329214411158],[161.42103488006029,-78.004753345212308],[161.420312388131009,-78.005106390343812],[161.41910562573176,-78.005617755485645],[161.418396985052226,-78.005962163661408],[161.41711021453375,-78.006208522330382],[161.415694583919162,-78.006955108024101],[161.414369601050083,-78.007025845945876],[161.414063479082301,-78.005966753920603],[161.414412329864149,-78.005222476873158],[161.415060667806188,-78.004652870241856],[161.416185782590134,-78.003857175126214],[161.417354103902142,-78.003160587864514],[161.418066498219133,-78.002816455995145],[161.418739770097517,-78.002306255264187],[161.419631711179875,-78.001676831933665],[161.420008520077658,-78.001049835409091],[161.419876277658688,-78.000608236739097],[161.419776437478191,-78.000207334374792],[161.419934409559772,-77.999814847957609],[161.420362767906767,-77.998749502686024],[161.421657085359186,-77.998522936169266],[161.423761378201192,-77.998218482362688],[161.427483228275406,-77.99784453758673],[161.431480446074545,-77.997585872966837],[161.434960696843802,-77.997387115099954],[161.439471079206271,-77.997010500589411],[161.44585194141581,-77.996447434738684],[161.451185378728667,-77.996060904670813],[161.454909050792793,-77.995744459984365],[161.459701161860579,-77.995358448662103],[161.463677075294925,-77.994982674693276],[161.466837353080905,-77.994559575737043],[161.470275062814409,-77.994194224461467],[161.475857064616122,-77.993757446194195],[161.480912866203596,-77.9933031156434],[161.484622288610893,-77.992994996720711],[161.487268484582444,-77.992689589605888],[161.49016703984239,-77.992324918371281],[161.492281108608779,-77.992078445889021],[161.494666660572989,-77.991831666570789],[161.497055677771669,-77.991642735190666],[161.499169483188325,-77.99139621011291],[161.501824636989227,-77.991139353972116],[161.503679456921446,-77.991018819119574]]]]}},
{"type":"Feature","properties":{"SURFACE":"moraine","SUBSURFACE":"ice shelf","SOURCE":null},"bbox":[165.126781961729932,-78.234607043490101,165.144522756548298,-78.216819698300284],"geometry":{"type":"MultiPolygon","coordinates":[[[[165.126781961729932,-78.217561319023915],[165.127359702427555,-78.216819698300284],[165.129561676664565,-78.217212498985305],[165.132327338525045,-78.21822026093767],[165.134260188869973,-78.21928651344119],[165.135096374886785,-78.220180184725976],[165.137305514955472,-78.221365048099528],[165.139537117433179,-78.222265161297599],[165.139789123067345,-78.222366797662488],[165.141448217274473,-78.22332384692757],[165.142283061958125,-78.224113701192593],[165.142843360120906,-78.225114900131999],[165.143682656780186,-78.226018090942958],[165.144230374641296,-78.227028023673682],[165.144522756548298,-78.228090111078004],[165.144257796016348,-78.228876960374308],[165.143431531749258,-78.229501469565804],[165.142625821294871,-78.230391019106193],[165.142347530317778,-78.230960362027091],[165.141806351372338,-78.231628589400984],[165.140167463475137,-78.233038618470587],[165.138248777165131,-78.233764262991727],[165.136056095429694,-78.234607043490101],[165.135677892225516,-78.234408608910115],[165.134353401621695,-78.233713629986511],[165.134622940562309,-78.232644201054867],[165.135159953419958,-78.231353604528351],[165.135972759992825,-78.230181639541328],[165.136234599895033,-78.229064680331589],[165.135959503164884,-78.228380524989205],[165.135943676311399,-78.227380497119256],[165.134562328526698,-78.226589281386211],[165.132626656625604,-78.225183586783459],[165.13205906700469,-78.22406881000515],[165.132329629244111,-78.222546999018618],[165.131206005931801,-78.220921337666638],[165.129546250097519,-78.220369462627986],[165.127616458958869,-78.219699235324654],[165.126794345653082,-78.218787420170003],[165.127054218030679,-78.218122816589627],[165.126781961729932,-78.217561319023915]]]]}},
{"type":"Feature","properties":{"SURFACE":null,"SUBSURFACE":null,"SOURCE":null},"bbox":[165.438537454511362,-78.240486683547587,165.450878895965673,-78.237964055485136],"geometry":{"type":"MultiPolygon","coordinates":[[[[165.448107966794367,-78.237964055485136],[165.450042012638363,-78.238066417685019],[165.450878895965673,-78.23828954790126],[165.450619457433845,-78.238737042609884],[165.449802806660557,-78.239192703305292],[165.447343364778618,-78.239815572232345],[165.445166616905965,-78.240321615533702],[165.442416824376295,-78.240486683547587],[165.439647138898721,-78.240217666791381],[165.438537454511362,-78.239885918839875],[165.439343532166617,-78.239495597192601],[165.440715397180469,-78.239267021602444],[165.443444262229917,-78.238592572145734],[165.445640508564765,-78.238191131367401],[165.448107966794367,-78.237964055485136]]]]}},
{"type":"Feature","properties":{"SURFACE":null,"SUBSURFACE":null,"SOURCE":null},"bbox":[165.405632082447653,-78.237671206836126,165.421347738862323,-78.235775449662086],"geometry":{"type":"MultiPolygon","coordinates":[[[[165.405632082447653,-78.23622995554733],[165.406178275857314,-78.235882373865039],[165.407001456351594,-78.235775449662086],[165.407833281182491,-78.235942003798584],[165.409484335950367,-78.236170873477903],[165.412246438625374,-78.236336313205612],[165.414442245471605,-78.236217487343055],[165.41636961215039,-78.236103231922712],[165.418301502606965,-78.236036275660354],[165.419409422880477,-78.236095050763353],[165.420787438400509,-78.236375254829881],[165.421347738862323,-78.23670621963862],[165.420811939608825,-78.237101430598457],[165.418620303435034,-78.237389986465757],[165.415048509539872,-78.237671206836126],[165.410635731816058,-78.237399379943625],[165.40841381981042,-78.237121394725079],[165.406757194458208,-78.236722766226478],[165.405632082447653,-78.23622995554733]]]]}},
{"type":"Feature","properties":{"SURFACE":null,"SUBSURFACE":null,"SOURCE":null},"bbox":[165.421484460377059,-78.232946577098943,165.429152636140714,-78.230193293499056],"geometry":{"type":"MultiPolygon","coordinates":[[[[165.424173883721579,-78.230417068307915],[165.425811459915792,-78.230193293499056],[165.427474758542729,-78.230469797034814],[165.428858075238736,-78.230919708547916],[165.429152636140714,-78.231198909136737],[165.428626431517699,-78.23204646367563],[165.427825462132887,-78.232653525192958],[165.425739743300738,-78.232777106398785],[165.424807229386374,-78.232888823921712],[165.42287903262033,-78.232946577098943],[165.421484460377059,-78.232505451782771],[165.421742178937791,-78.232057845750873],[165.423105220984752,-78.231715953429969],[165.42336840746529,-78.231089779072036],[165.424173883721579,-78.230417068307915]]]]}},
{"type":"Feature","properties":{"SURFACE":null,"SUBSURFACE":null,"SOURCE":null},"bbox":[165.398991361231936,-78.226582360597817,165.40747503172642,-78.222992750289222],"geometry":{"type":"MultiPolygon","coordinates":[[[[165.401905817235644,-78.222992750289222],[165.403839675608538,-78.223039084091894],[165.404674606562509,-78.223262346272847],[165.406056193793347,-78.223712364460795],[165.4071810608296,-78.224327599443441],[165.40747503172642,-78.22488925508901],[165.40666486574878,-78.225335747538097],[165.405303443510149,-78.225734115156797],[165.40365800251061,-78.226070312689657],[165.401746983597974,-78.226411217589146],[165.399830505629637,-78.226582360597817],[165.398991361231936,-78.226415354835638],[165.399253853813917,-78.225967989383477],[165.399516798262198,-78.225454746195339],[165.400044248787111,-78.22501205665759],[165.400585635806692,-78.224447719248175],[165.401103618215444,-78.223665603666291],[165.401905817235644,-78.222992750289222]]]]}},
{"type":"Feature","properties":{"SURFACE":"moraine","SUBSURFACE":"ice shelf","SOURCE":null},"bbox":[165.141029756186015,-78.2088979541074,165.241361412399527,-78.166865982480047],"geometry":{"type":"MultiPolygon","coordinates":[[[[165.210908867827726,-78.181763513359428],[165.209974831368186,-78.181863747823215],[165.209348143398131,-78.182677847755656],[165.211856121910103,-78.183077305088304],[165.219009377230265,-78.18407644135786],[165.222574542741171,-78.184636538376751],[165.225881027659511,-78.185305079913775],[165.229183950811972,-78.186208905462692],[165.233048136901061,-78.187378493261264],[165.23525402190748,-78.188109924127133],[165.237185304475503,-78.188835929105068],[165.238845945406837,-78.189622677686174],[165.239955287748302,-78.190294882129152],[165.240790824462607,-78.190858100051472],[165.241350372834546,-78.191302798305813],[165.241361412399527,-78.19180270457278],[165.240549318159736,-78.192258224740598],[165.239180800803183,-78.192938108791509],[165.237001381597395,-78.193611947152931],[165.235014890811414,-78.193773282686863],[165.235560052588198,-78.193741475300797],[165.239404889417187,-78.193854616558156],[165.229830385741053,-78.194073024621957],[165.227660255697629,-78.194167156537233],[165.226509763886781,-78.19425184992869],[165.222402064277958,-78.194538901388142],[165.218565275246078,-78.194765156281917],[165.214177199148907,-78.195272522609528],[165.20978586346439,-78.195845621818449],[165.206784271704464,-78.196569155463635],[165.202956657720705,-78.197304571917485],[165.199855856175191,-78.197792530754214],[165.199085666039565,-78.197943363603031],[165.194747478742954,-78.199046915739061],[165.193554376915614,-78.199393518556519],[165.19290928871078,-78.199588295236651],[165.189362325595965,-78.200932477367004],[165.189223059948745,-78.200975697070632],[165.188729456016688,-78.201190375223177],[165.18654787062502,-78.201911070430228],[165.185830882667261,-78.202125638875856],[165.183895455768152,-78.202964393215581],[165.181711586377247,-78.204033642195057],[165.179253984807019,-78.204927882573884],[165.175695586789658,-78.205771983099254],[165.172949099145825,-78.206169951123286],[165.171294747930006,-78.20647444875739],[165.168766927938748,-78.207253559097495],[165.166021807909857,-78.207821206795558],[165.162453738164231,-78.208325431033657],[165.159164205840938,-78.208665641587345],[165.155867443640403,-78.208892332897193],[165.152839927255258,-78.2088979541074],[165.149275446137352,-78.208896084568821],[165.14844939399083,-78.20889564485644],[165.145150411891223,-78.208782789228451],[165.141029756186015,-78.208729013702467],[165.142628269003865,-78.207844868261091],[165.147289661102974,-78.207173926102925],[165.151409572627216,-78.206548988501055],[165.154422701511862,-78.206156211750567],[165.15799664657095,-78.205699551113838],[165.161013196887268,-78.205250365207732],[165.164293385293433,-78.204636372530032],[165.167856927904381,-78.203962309640758],[165.171689781559792,-78.202775050916614],[165.173601322835196,-78.202049217023784],[165.175793782988592,-78.201319742695091],[165.179335957484284,-78.200031924511194],[165.18317040137083,-78.198844735411569],[165.186717442780974,-78.197500636557905],[165.190549989576454,-78.196256794769937],[165.1941044302053,-78.195412519590107],[165.199034786998141,-78.194510712539483],[165.202044416472575,-78.193891351498493],[165.204221088446758,-78.193104454002111],[165.205853251000349,-78.191864109079248],[165.208303120399336,-78.190743358205935],[165.208828977150603,-78.189575144703767],[165.209630377585967,-78.188337033968821],[165.210981522971451,-78.1868742539218],[165.2101485470711,-78.186150818856774],[165.209046463077442,-78.185356290758705],[165.209298368610575,-78.184521910985836],[165.209287063770802,-78.183795787810084],[165.207916986644477,-78.183335372469145],[165.204886224342431,-78.182785100046374],[165.202688189831917,-78.182392914419069],[165.199935422099458,-78.181659732580883],[165.198286934833078,-78.180929755892464],[165.196620179616502,-78.179925511419114],[165.194963109570125,-78.178921767868303],[165.193035357037871,-78.177959874681534],[165.19136693821514,-78.176277018940297],[165.189967830898127,-78.174542768281512],[165.188037287374044,-78.173476982746237],[165.18610217899419,-78.172241304517399],[165.183898168379017,-78.171349087510862],[165.181429575735166,-78.170612100846213],[165.178953431602793,-78.169771010284478],[165.177292781036954,-78.169106067276743],[165.175373204926956,-78.168549554854295],[165.173996117937548,-78.167758613967919],[165.172622415391032,-78.167420171392834],[165.16987908317077,-78.166865982480047],[165.171435627224611,-78.166929044409244],[165.172611873734326,-78.166976692227365],[165.175362676355405,-78.167361629759014],[165.17783108443993,-78.167702933577033],[165.181124072740147,-78.168202030972125],[165.182466911069724,-78.168603027869736],[165.183693269309231,-78.168774887675454],[165.186436038728118,-78.169394813584162],[165.189182086462012,-78.169948915184577],[165.190845473182094,-78.171075611808149],[165.191951627463681,-78.171625559518901],[165.193057947652989,-78.172071856618814],[165.194704267321185,-78.173037387442477],[165.196093762670984,-78.174102053129459],[165.197482942669581,-78.175505896741669],[165.198053147891869,-78.176742872934284],[165.198141666871777,-78.176926664205567],[165.198498209849475,-78.177172147209873],[165.199608822471276,-78.17795782505307],[165.200992866146407,-78.178852519595623],[165.201009760954435,-78.179692037707554],[165.201564495362163,-78.180428754181435],[165.201693459322371,-78.180634700238983],[165.202692513632229,-78.181068158594826],[165.204048570657989,-78.181373526239952],[165.208436217054242,-78.181658031630022],[165.210908867827726,-78.181763513359428]]]]}},
{"type":"Feature","properties":{"SURFACE":"moraine","SUBSURFACE":null,"SOURCE":null},"bbox":[166.37473521125014,-78.272312098360842,166.437181232118178,-78.266065253935153],"geometry":{"type":"MultiPolygon","coordinates":[[[[166.412508505604677,-78.268183668115412],[166.416021974640358,-78.267550232084844],[166.419832125231977,-78.267081323595164],[166.42446465653336,-78.266502803776802],[166.42828494212074,-78.266203027832844],[166.43186086183988,-78.266078670893634],[166.434069686048048,-78.266065253935153],[166.435470860775524,-78.266227754826616],[166.436325790765324,-78.266447794655264],[166.437181232118178,-78.266546010447769],[166.435801368185764,-78.266609512848802],[166.434140115557,-78.266565469928778],[166.433042500075942,-78.266624067495329],[166.432230691593446,-78.266799793493419],[166.432031455580955,-78.267417997777287],[166.430630185712346,-78.267255479442596],[166.428963417614824,-78.26721113872695],[166.42732243649786,-78.267336769532761],[166.425979565932181,-78.267617630203873],[166.42520558192939,-78.268067024880267],[166.425551911859458,-78.268683916752337],[166.425885647316449,-78.269187710428781],[166.425946105235994,-78.26975307018543],[166.424610474236061,-78.27015614848122],[166.422897958659149,-78.269650252216763],[166.421999462573865,-78.268978109539603],[166.420843416707839,-78.268593255282696],[166.420006646763994,-78.268486534035034],[166.418362301433774,-78.268602587736837],[166.416179253155633,-78.268907753108536],[166.414829671123101,-78.269132011960167],[166.413760287121903,-78.269473148649709],[166.412687672453814,-78.269767257200854],[166.411317820445987,-78.269821783633674],[166.410794062521717,-78.270049129933511],[166.409703396445821,-78.270229860298812],[166.407789011994964,-78.270398212030244],[166.406160805694071,-78.270627495447627],[166.404604747888357,-78.271544626816137],[166.401634467887845,-78.272110988311837],[166.399624423225788,-78.272312098360842],[166.399194531844728,-78.272290952073305],[166.397228801347637,-78.272194248784146],[166.394725034285159,-78.272089803777163],[166.390015403235282,-78.27199862655128],[166.386150029898829,-78.271958315393491],[166.381444235156124,-78.271932802817119],[166.377851421412231,-78.271952677023108],[166.37619809204736,-78.271955585056887],[166.375831250042523,-78.27160937519028],[166.37473521125014,-78.2713491032533],[166.378566910677137,-78.270984794918533],[166.383245126643942,-78.270859017894182],[166.388237655695974,-78.2709361385904],[166.39377092662852,-78.271086653862213],[166.397076868723929,-78.270958732690474],[166.399537824828826,-78.270723588393665],[166.402257760157141,-78.270369928106646],[166.405772445676547,-78.26973661754522],[166.409546858876922,-78.268872332791446],[166.412508505604677,-78.268183668115412]]]]}},
{"type":"Feature","properties":{"SURFACE":null,"SUBSURFACE":null,"SOURCE":null},"bbox":[165.369104688511754,-78.227300737993247,165.528439188620666,-78.180201740359152],"geometry":{"type":"MultiPolygon","coordinates":[[[[165.512006288737979,-78.224446981296509],[165.509774407701684,-78.223661136639279],[165.508117556614764,-78.223611356826396],[165.508149643482113,-78.224281163370435],[165.509546322505713,-78.224900632191932],[165.510119903048036,-78.225288470032226],[165.510420710877696,-78.225906576399112],[165.508776917626449,-78.226243318286734],[165.506845666640629,-78.226141433858956],[165.503807320530967,-78.225802318412491],[165.502125959293949,-78.224960756736891],[165.501256815304004,-78.223842099722489],[165.500120341762283,-78.223123374872188],[165.4989915625614,-78.222282709897343],[165.500039201639481,-78.220870014443889],[165.498363815743971,-78.220311013320355],[165.496124718991524,-78.219477542103576],[165.49169696163375,-78.218528374524638],[165.487806374351209,-78.2175228039751],[165.485294681363456,-78.2168065215469],[165.483340902319782,-78.215912670356246],[165.482764058903655,-78.215176333751629],[165.483278457014165,-78.214337736735942],[165.481591967164235,-78.213269768149772],[165.480454909917086,-78.212259085608565],[165.478503345715296,-78.211534665153536],[165.474074586916515,-78.210876694611926],[165.469664262577652,-78.210370188402138],[165.465797466163366,-78.209930040374658],[165.460567839921566,-78.209605821324288],[165.45507144852877,-78.209549704890676],[165.447921667081999,-78.209509294247809],[165.440220261442704,-78.209354700833913],[165.43416920562214,-78.20913693454284],[165.428385240600818,-78.208697887629924],[165.422589021121553,-78.207919163581877],[165.417899031155457,-78.207425040631875],[165.413201020530153,-78.206535011706919],[165.4087867980939,-78.20585766550532],[165.40437625686468,-78.205481672769423],[165.399965657403925,-78.204747847377519],[165.394175842622275,-78.204138140073141],[165.388663048761174,-78.203703101530721],[165.384264233283886,-78.203365001096714],[165.379583956921778,-78.203096540158683],[165.376279543069046,-78.202760179258988],[165.373803041671437,-78.202373803155467],[165.370766312948319,-78.201985736277123],[165.369104688511754,-78.201595725257462],[165.369371264141648,-78.20102619102353],[165.370172226059196,-78.200409867549141],[165.372620734227638,-78.199627293454867],[165.376172696037997,-78.198884788529597],[165.379447657705271,-78.19838168872667],[165.383264532475636,-78.19764386207855],[165.385999973067157,-78.197309644390458],[165.389571059731509,-78.197302419393068],[165.393425583756311,-78.197573868161683],[165.396721044802575,-78.197740139581001],[165.40000863920045,-78.197510550374972],[165.403840104042189,-78.197055727749927],[165.407110687475921,-78.196608646794957],[165.410931941812805,-78.195814319838647],[165.414204677906554,-78.194962520470881],[165.417466943931458,-78.194006604313586],[165.419640096340345,-78.193331579034464],[165.422621133492015,-78.192426572578825],[165.425613822716372,-78.191522180437644],[165.426961624866607,-78.190906762864941],[165.42804664434658,-78.190399730064314],[165.431308662629903,-78.189782633964526],[165.436774852373361,-78.188981567153419],[165.442496955803136,-78.188081095038072],[165.446311481938039,-78.187229741992226],[165.449021882342123,-78.186385562729029],[165.45172558073827,-78.185315139262471],[165.454440776607441,-78.184527679551948],[165.457980418065119,-78.183906370596404],[165.461265349264011,-78.183619727754362],[165.46400060572401,-78.183445030069635],[165.466720715530926,-78.183053049356232],[165.471085232488036,-78.182315451834882],[165.476810620083597,-78.181518292848011],[165.480635228888701,-78.181062503787999],[165.484177641875476,-78.180610529678958],[165.487734019562225,-78.180206317162941],[165.49101929567783,-78.180201740359152],[165.492385793632451,-78.180311832413523],[165.492406216748662,-78.180877515832705],[165.490795373853445,-78.181610789957659],[165.4878102316938,-78.182515862654],[165.484829223156851,-78.183242351366587],[165.482115606586774,-78.183917137950075],[165.478572550301038,-78.184717306106734],[165.474764925681256,-78.185446952830191],[165.471233740301898,-78.186294766141884],[165.468237922619181,-78.1869733465617],[165.464697894788628,-78.187594788377439],[165.462797409029406,-78.18816209160623],[165.460083806385057,-78.188780329485951],[165.458470383785937,-78.189626394498518],[165.457945732847065,-78.190530283680772],[165.456063363374739,-78.191315018460017],[165.453347426375728,-78.192271955014945],[165.44926346493321,-78.193240926518698],[165.444641174313261,-78.194190683083164],[165.439180765132278,-78.195152331268389],[165.433985630013808,-78.19577975517528],[165.430181836405438,-78.196848216366206],[165.42885115120805,-78.198142329395552],[165.428611825883024,-78.199155621338861],[165.430298621224523,-78.200214849957533],[165.433342821617231,-78.200828495481119],[165.437202863737895,-78.201325425858144],[165.441331346054284,-78.201836544843019],[165.445737985423534,-78.201929385827029],[165.449297904599973,-78.201930145659901],[165.453403299594044,-78.201592740601129],[165.456412239860015,-78.201310053111342],[165.461355534959552,-78.20107348344834],[165.467113907688429,-78.201068284465237],[165.472069028476852,-78.201218029301288],[165.477023959522796,-78.201602944905062],[165.482801433901045,-78.201993674178468],[165.486943282221432,-78.202429426686152],[165.489980376698327,-78.202938379906783],[165.493296516133739,-78.203433820468788],[165.495237344872493,-78.203875274685373],[165.497190911672931,-78.204543226519931],[165.498590076601289,-78.205332397964924],[165.500002403152791,-78.206169299966547],[165.501958049748055,-78.207006677201335],[165.503068742009845,-78.207347688702001],[165.50475107631533,-78.208067071400109],[165.50670518043313,-78.208960761255284],[165.508386764509964,-78.209745929106361],[165.510358008737995,-78.210979222685651],[165.512330264464026,-78.211986704234008],[165.51483276571247,-78.212993917707607],[165.517352987176054,-78.21411493699344],[165.520157894792192,-78.215335614286019],[165.522120565433909,-78.216173077742397],[165.524357061289038,-78.217071999955692],[165.526048001451954,-78.218139718063341],[165.526635757695459,-78.218914029943477],[165.527236720180838,-78.220206538203129],[165.52813240278681,-78.221834484301752],[165.528439188620666,-78.222678657150723],[165.527926313445874,-78.223517277805641],[165.526574315511425,-78.224142321529555],[165.524125952589202,-78.224700181401701],[165.52277746876814,-78.225438324625188],[165.52143187113009,-78.226167213875442],[165.520088243555307,-78.226839752730839],[165.519551035698242,-78.227300737993247],[165.517071214986686,-78.227132384886886],[165.514829478930494,-78.226299053171246],[165.513425647151678,-78.225396959978454],[165.512006288737979,-78.224446981296509]]]]}},
{"type":"Feature","properties":{"SURFACE":"moraine","SUBSURFACE":null,"SOURCE":null},"bbox":[161.569549200312451,-77.98563614633369,161.708132647301682,-77.965988345869093],"geometry":{"type":"MultiPolygon","coordinates":[[[[161.659041281517602,-77.973498186894858],[161.665674181323055,-77.972977837987145],[161.670452124975043,-77.972597896168139],[161.676273243081425,-77.97203089550041],[161.681003435207799,-77.971474853753492],[161.684883659996473,-77.970706629476254],[161.689805760894615,-77.969808830618973],[161.693160095855973,-77.969167349030869],[161.695484397405465,-77.968694604348173],[161.698906347192576,-77.968326328961695],[161.701275196155621,-77.968010100775402],[161.701980417453228,-77.967559967814324],[161.702700712238965,-77.967149242486613],[161.70342659958547,-77.966815636296687],[161.704445045672287,-77.96652138655719],[161.705973639622385,-77.966166397178753],[161.707286339145753,-77.965988345869093],[161.708132647301682,-77.966142603200439],[161.707457618601097,-77.966709905343407],[161.705547048436756,-77.967796287330941],[161.703375369811027,-77.968951004231172],[161.700735883089379,-77.970380415440857],[161.69815417334209,-77.972091995373106],[161.697622448434856,-77.973273503688389],[161.697056810701781,-77.974404723153071],[161.695465214415776,-77.975714620043789],[161.695245834908945,-77.977061571613547],[161.695716915563821,-77.977957328489055],[161.697202530979609,-77.978558499327704],[161.698690132779745,-77.979169381267951],[161.700466909997317,-77.979819351223995],[161.702440322082253,-77.980195089211691],[161.704968286185277,-77.980618588898977],[161.706699257516561,-77.981111863034599],[161.707599427866484,-77.981490365642557],[161.707457112782095,-77.982056056071031],[161.707529512822873,-77.982329602756309],[161.707023896308016,-77.982505804192911],[161.704523425150796,-77.982256897679449],[161.703063712279828,-77.9817631125905],[161.700454903116423,-77.981007914148705],[161.698724204953464,-77.980514600811929],[161.696120591418833,-77.979750091105018],[161.694606933134196,-77.979041473185092],[161.693922971679115,-77.978428394101826],[161.692706193806004,-77.977826541141013],[161.691996539683657,-77.977096568606115],[161.691310153033783,-77.976435339523604],[161.691208573030849,-77.975977497780775],[161.691088014452447,-77.975479978010114],[161.691475593625682,-77.974806467839315],[161.692678149752737,-77.974112422227137],[161.692606139731026,-77.973838875610724],[161.692021720070386,-77.973616322518907],[161.689594061209135,-77.973640741218759],[161.68665636905294,-77.973783436160588],[161.682717205276276,-77.974269494966251],[161.679323225603127,-77.974812327436567],[161.676438600968623,-77.975179245036344],[161.674910575400077,-77.975582221090704],[161.673388676280609,-77.97605277189426],[161.672386285732927,-77.976338535260169],[161.67132240826129,-77.976466559638951],[161.669712460004121,-77.976480136255105],[161.668071409672308,-77.976443588434591],[161.667288064740006,-77.976504626737949],[161.66639211856554,-77.976174141466061],[161.666605651468672,-77.97589148253094],[161.667845449243345,-77.975430254463191],[161.668570498653736,-77.975029420964347],[161.66956847980299,-77.974685808177654],[161.670029245465827,-77.974343477538284],[161.670222711615764,-77.974001878811137],[161.669144551107394,-77.973956212566094],[161.666234703031506,-77.974263726259395],[161.662275977427782,-77.974642677301333],[161.658541127958671,-77.97491233322333],[161.654311537809861,-77.975282082202142],[161.651110016264596,-77.975482978740061],[161.648192547523337,-77.975684291961628],[161.637095374197543,-77.976797585249287],[161.632603105365433,-77.977235285404603],[161.628844606736834,-77.977397451911074],[161.625374729227303,-77.977598741218216],[161.621679192806511,-77.977966702005759],[161.617427335299396,-77.978296112296306],[161.613150977799648,-77.978499019897143],[161.6099688580681,-77.978758470860527],[161.607099235471139,-77.97923148309431],[161.603965038807132,-77.97971494291582],[161.600322185112475,-77.980374281533884],[161.596725146380379,-77.981190337808812],[161.593343120514362,-77.981781339649473],[161.58996781868828,-77.982439976078751],[161.586321511281596,-77.983031816586973],[161.584762472711361,-77.983326845409422],[161.58136932352528,-77.983926612596846],[161.579810041439316,-77.984221613532355],[161.577760777706942,-77.984684199642501],[161.57647402261523,-77.984978899493342],[161.575431787203826,-77.985223367150027],[161.573633262430235,-77.98563614633369],[161.569549200312451,-77.985506380395123],[161.571155927119008,-77.984197193212395],[161.572370313058997,-77.983503933654873],[161.573856451438331,-77.982935123728012],[161.576655787351768,-77.982121468968501],[161.580304442114311,-77.981520307852435],[161.584483618849077,-77.980859935869915],[161.588688481809328,-77.980316491115246],[161.591824753423765,-77.979833294891989],[161.597608210311421,-77.979111278411366],[161.602076191044546,-77.978557160249636],[161.606829269255542,-77.97800355663415],[161.611574354400062,-77.977506928760533],[161.615776802683456,-77.976963073164058],[161.620291413300691,-77.976575140539481],[161.626894894976203,-77.975890323066523],[161.635907710144892,-77.975132202546575],[161.643411887583568,-77.974893213231866],[161.646855262107493,-77.974574803578463],[161.654015211028479,-77.973937586708089],[161.659041281517602,-77.973498186894858]]]]}},
{"type":"Feature","properties":{"SURFACE":null,"SUBSURFACE":null,"SOURCE":null},"bbox":[165.282260002868725,-78.213070272952933,165.303446307095044,-78.209826078947486],"geometry":{"type":"MultiPolygon","coordinates":[[[[165.293281936382812,-78.212172697881158],[165.291622794228374,-78.211782292918528],[165.286948004261177,-78.211559738049885],[165.283643863305713,-78.211222279838125],[165.282260002868725,-78.210893669549463],[165.283074669386536,-78.210155585714332],[165.284156765119548,-78.20988399366199],[165.28553456714647,-78.209826078947486],[165.287193319697423,-78.209981041425664],[165.288844538981323,-78.210267456506401],[165.290770178339528,-78.210436712975223],[165.291861017704662,-78.210269178265321],[165.293233151000805,-78.210097892903704],[165.294892108183234,-78.210488287199368],[165.296832128390776,-78.211213980670109],[165.29821455212479,-78.211551837041156],[165.299593172320044,-78.21171994065665],[165.302336049524087,-78.211546744012921],[165.303438902624464,-78.211596439124833],[165.303446307095044,-78.211992417545062],[165.302912611161645,-78.212491256368608],[165.302095718504773,-78.212833638310798],[165.300717148965646,-78.212948120624091],[165.298800560261839,-78.213062011624046],[165.296319471984532,-78.213070272952933],[165.294670073789632,-78.212671001150483],[165.293281936382812,-78.212172697881158]]]]}},
{"type":"Feature","properties":{"SURFACE":"moraine","SUBSURFACE":null,"SOURCE":null},"bbox":[161.955787778007078,-78.009928894376912,161.989383320243064,-78.006590706552245],"geometry":{"type":"MultiPolygon","coordinates":[[[[161.957889535752543,-78.007675323348494],[161.959503352432563,-78.007660058758546],[161.962547817058635,-78.007837397237921],[161.964729974088158,-78.007918032670347],[161.969553029770481,-78.00773675624751],[161.974821454401592,-78.007326941669945],[161.978789484218282,-78.007049392077093],[161.981125492972467,-78.006738073197781],[161.983003763982225,-78.006711831419352],[161.987303848286217,-78.006590706552245],[161.988744132426973,-78.006850849105277],[161.989383320243064,-78.007181339132259],[161.987364332975147,-78.007600334260957],[161.985903532463936,-78.008133664170145],[161.984546801848467,-78.00893260184138],[161.984458999337278,-78.009501273242094],[161.98428550173341,-78.009776850882162],[161.982425885324886,-78.009928894376912],[161.980800664600025,-78.009886079308941],[161.978313584001,-78.009756256490505],[161.976305215456932,-78.009390614660276],[161.975349446388236,-78.008952473280715],[161.974758165222966,-78.008797560648119],[161.971761262893637,-78.008719377153412],[161.970193026264042,-78.008919778547536],[161.968007283270111,-78.00882938088553],[161.966671868189167,-78.008911430365416],[161.963674990336102,-78.008833158955213],[161.960949543316161,-78.008763645478993],[161.959863835360466,-78.008776362547465],[161.958811280572149,-78.008848788562503],[161.956568619252721,-78.008591609997353],[161.95624227821753,-78.008425841944685],[161.955787778007078,-78.007877842066193],[161.957889535752543,-78.007675323348494]]]]}},
{"type":"Feature","properties":{"SURFACE":null,"SUBSURFACE":null,"SOURCE":null},"bbox":[165.818582267655074,-78.193099551531645,165.830220863183428,-78.190103685420453],"geometry":{"type":"MultiPolygon","coordinates":[[[[165.82829899324804,-78.190103685420453],[165.830220863183428,-78.190156049618579],[165.829987814228645,-78.190717160306292],[165.829477455324792,-78.191339108026014],[165.829523762470785,-78.192008620899259],[165.827630070720971,-78.192408738311059],[165.825725436618654,-78.192695529536721],[165.823285656979152,-78.193039212189305],[165.820272971633614,-78.193099551531645],[165.818598890052129,-78.192834440455329],[165.818582267655074,-78.192542288661016],[165.819935201405286,-78.192142438108974],[165.822096105199989,-78.191756179728714],[165.824254387271338,-78.191238229073662],[165.826419108389047,-78.190730001156922],[165.826941114288815,-78.190277785183127],[165.82829899324804,-78.190103685420453]]]]}},
{"type":"Feature","properties":{"SURFACE":"moraine","SUBSURFACE":null,"SOURCE":null},"bbox":[161.883975579182248,-78.00635497670325,161.941408883748807,-77.988000780871772],"geometry":{"type":"MultiPolygon","coordinates":[[[[161.887113439636977,-77.993827438461352],[161.886465341732105,-77.993323398269894],[161.886067478730183,-77.992826805506468],[161.88590951995468,-77.992212396103952],[161.88609034021971,-77.991812686611851],[161.885984439813626,-77.991364712787444],[161.885553426562012,-77.990693385008697],[161.885154387656911,-77.990196704603164],[161.884220157994747,-77.989701905132804],[161.884092014951392,-77.989194920092032],[161.883975579182248,-77.988688732008825],[161.884163149112709,-77.988346976451908],[161.885692471333016,-77.988000780871772],[161.888466793143806,-77.988247186113767],[161.890466581768351,-77.988670784701839],[161.890044889596027,-77.989188225906759],[161.889374614463549,-77.989755818320319],[161.888204896295065,-77.990500210978112],[161.88884198434846,-77.990888520550996],[161.888363210541939,-77.991172125078194],[161.890075458876595,-77.991547378031939],[161.890980050831786,-77.991877229181256],[161.891408816893005,-77.99254837323133],[161.891249843894627,-77.9929974699224],[161.89192240600994,-77.993551058371565],[161.893361915730026,-77.99386937799261],[161.894997933476134,-77.993971100028034],[161.897504824541755,-77.994218278957547],[161.900580720817004,-77.994638258752403],[161.903182143645608,-77.99534210193039],[161.906381423437097,-77.996201508408134],[161.909226580467958,-77.996797267088354],[161.912942374319755,-77.997595835614206],[161.915241792817312,-77.998135253827229],[161.917219977042379,-77.998442057710832],[161.919974272794178,-77.998638680034816],[161.922493344089901,-77.999010898229855],[161.926192521321298,-77.999894273870339],[161.931018946021084,-78.000614558313387],[161.93361812623192,-78.001145329555683],[161.936472476827106,-78.001607153614344],[161.937916252894865,-78.0018679123352],[161.939364500121371,-78.002186437080553],[161.94051601381193,-78.002398619674864],[161.940085364735381,-78.002743004914961],[161.939340951988669,-78.002979906175881],[161.939407320015135,-78.003204725548684],[161.939505430873197,-78.003489171598304],[161.939854604182102,-78.00370442637923],[161.94049227069894,-78.004035028102251],[161.941109414191232,-78.004249286499245],[161.941408883748807,-78.004355797651755],[161.939865212854244,-78.004605581358149],[161.93887796898241,-78.004902662283754],[161.937623285294478,-78.005191191266761],[161.93584759100176,-78.005559346259389],[161.935290441131883,-78.00635497670325],[161.933294861835122,-78.006047239473503],[161.931492009181824,-78.005513061606649],[161.929708112762427,-78.004970567588657],[161.929174581482926,-78.004129683962418],[161.928651994660754,-78.003347016144943],[161.929011623232299,-78.00277747379684],[161.926690463058236,-78.002313432250347],[161.923275407381823,-78.00179427649789],[161.920444638900904,-78.001381785379479],[161.918995692296363,-78.001063073193293],[161.916698354546725,-78.000648418732652],[161.915534034180013,-78.000377745060746],[161.915652580781057,-77.999935518883191],[161.911386691496404,-77.998955966830437],[161.908553688413974,-77.99842816142808],[161.906225913987527,-77.99778135407179],[161.904430303680073,-77.997065294345504],[161.901835259818682,-77.996419411388771],[161.899296964726403,-77.995997711757056],[161.896227563937799,-77.995635667243562],[161.89288192564058,-77.995226038988619],[161.890078043604206,-77.994862800552042],[161.888346252325022,-77.994438339099716],[161.887113439636977,-77.993827438461352]]]]}},
{"type":"Feature","properties":{"SURFACE":"moraine","SUBSURFACE":null,"SOURCE":null},"bbox":[162.134448846872061,-78.015265598536274,162.143775184772437,-78.01076919587257],"geometry":{"type":"MultiPolygon","coordinates":[[[[162.13533884574457,-78.011199289367909],[162.137060808220667,-78.01076919587257],[162.141042891896234,-78.012222296347915],[162.142675881430108,-78.013307568319519],[162.143775184772437,-78.014433645641148],[162.142767021753343,-78.015265598536274],[162.140882678532165,-78.015196905116341],[162.139351566079455,-78.014788237837621],[162.137340107861519,-78.014146459165104],[162.134448846872061,-78.012651538016485],[162.134662496556558,-78.011756819804745],[162.13533884574457,-78.011199289367909]]]]}},
{"type":"Feature","properties":{"SURFACE":null,"SUBSURFACE":null,"SOURCE":null},"bbox":[165.522813084009869,-78.208075190289577,165.569806948646544,-78.199989163093733],"geometry":{"type":"MultiPolygon","coordinates":[[[[165.560434379992728,-78.200175457439428],[165.565650123983289,-78.199989163093733],[165.568675784684757,-78.200157856512973],[165.569806948646544,-78.200932333583523],[165.569575206320678,-78.201719738288347],[165.568790532612951,-78.202562710455396],[165.56689019134447,-78.203243491105553],[165.56306497459218,-78.203644204747292],[165.558422633837296,-78.204152372448675],[165.554875021621143,-78.204671109455404],[165.550794762169801,-78.205575705920083],[165.547260970515595,-78.206367951369998],[165.542630326256642,-78.207328168126239],[165.538532845105181,-78.207836624123473],[165.534135471226591,-78.208075190289577],[165.530297266657755,-78.208023292263761],[165.527260335736486,-78.207863074340722],[165.524785518280368,-78.20770425679224],[165.523121201995423,-78.207193009120459],[165.522813084009869,-78.206405195967392],[165.523336362416842,-78.205962361429016],[165.524130509099678,-78.205176281647937],[165.524095586153067,-78.204271168508839],[165.524611757527396,-78.203545695007207],[165.525407418959588,-78.202929069545959],[165.52730532443266,-78.20230477102443],[165.53003773596879,-78.201969144715264],[165.533861467770407,-78.20162522570709],[165.536324970527545,-78.201284775870462],[165.540704588913883,-78.2010547867593],[165.54564271325097,-78.200873001576809],[165.550840366143376,-78.200526066599792],[165.555508004905789,-78.200461578866523],[165.560434379992728,-78.200175457439428]]]]}},
{"type":"Feature","properties":{"SURFACE":"moraine","SUBSURFACE":null,"SOURCE":null},"bbox":[166.124739036802509,-78.2322215070363,166.224841476795575,-78.144059299299698],"geometry":{"type":"MultiPolygon","coordinates":[[[[166.145525395212275,-78.152714861248455],[166.148225243414004,-78.152251118611062],[166.147348245791761,-78.151634378797908],[166.145655785581795,-78.151145209991284],[166.143723727556818,-78.150981656384531],[166.142602695763003,-78.150652764275321],[166.142270983068926,-78.149969793263026],[166.144954804346412,-78.149458385443737],[166.148218956044417,-78.149276595360021],[166.150817892606113,-78.148781232123468],[166.150749301029265,-78.148100624503044],[166.152070274537067,-78.147651508132498],[166.153400410823309,-78.147193472901549],[166.153876468548788,-78.146457634414659],[166.15399578436049,-78.146276664654863],[166.153943059688572,-78.146170163386259],[166.154141869319858,-78.146055081193268],[166.154718031494497,-78.145721545717777],[166.15604969133031,-78.145376176145305],[166.159307978253253,-78.145081444853147],[166.162289336209057,-78.144791429670278],[166.164446292857122,-78.144553483146296],[166.166087369569937,-78.144486430298656],[166.168542877571127,-78.144423051411906],[166.171256984865607,-78.144241395508658],[166.174519283892636,-78.144059299299698],[166.174923510247424,-78.145468156603499],[166.176047810907733,-78.145806441550661],[166.178231797625557,-78.145729237278076],[166.179584867802731,-78.145563111531146],[166.181475607306623,-78.14533034790766],[166.183931972417895,-78.145379441863241],[166.187259786778412,-78.145810245765603],[166.19004450524406,-78.14636365790308],[166.192797342404475,-78.146577722201386],[166.19526348606658,-78.146561531974868],[166.198016464382277,-78.14677554482364],[166.200506929857625,-78.147098220590976],[166.202754699376612,-78.147708785847541],[166.204474982164584,-78.148545975453743],[166.205679691247013,-78.14960102162506],[166.206888486363681,-78.150778199483341],[166.208870611328621,-78.151497212025092],[166.212415165655131,-78.151432004869321],[166.214797161121595,-78.150576559983151],[166.215818119531292,-78.149905777907009],[166.217128935537886,-78.14927774383888],[166.219809344133495,-78.148765616815638],[166.222244148980053,-78.148466207749365],[166.224431124770689,-78.148454437008027],[166.224751593445518,-78.148902022588516],[166.224841476795575,-78.149863232186192],[166.22410724338684,-78.150707908537441],[166.223356956943718,-78.151439229067961],[166.220939864305308,-78.15189902151478],[166.217681363391932,-78.152138205366185],[166.213888732690094,-78.152434861005247],[166.210888515293703,-78.152499398070617],[166.20868496232552,-78.15239770632688],[166.206438879627882,-78.151796709634425],[166.203631158716547,-78.151073557391925],[166.202456231465874,-78.150292024798944],[166.20127897959847,-78.149454082025642],[166.199580798608906,-78.14884310780495],[166.197617617511185,-78.148350065117185],[166.195132112818442,-78.148083905123102],[166.193780499322486,-78.148259564598021],[166.193569222940567,-78.148868010467481],[166.194497402398042,-78.149993618706048],[166.196762028567491,-78.1507645406015],[166.1984951277866,-78.151771263305776],[166.200472162904106,-78.152321252540531],[166.201319590565419,-78.152598502692797],[166.19972052311573,-78.152996240645081],[166.199758050114809,-78.153392106693971],[166.199513258992795,-78.153726831490033],[166.19789715007775,-78.153954863827892],[166.197669533334846,-78.154412402325974],[166.198826144993291,-78.155080467620294],[166.201586362366271,-78.15535099133389],[166.203789058488752,-78.155452671669465],[166.204912447199263,-78.155725049108071],[166.205247958484961,-78.15634229101606],[166.20610618998893,-78.156732614231657],[166.20777847560035,-78.157126436387131],[166.208900771940705,-78.157398730804772],[166.210040127560745,-78.157840717241299],[166.209023390283875,-78.158633691767164],[166.205219015831034,-78.158929757773578],[166.201689050520116,-78.159164571630527],[166.198421637362998,-78.159346922706177],[166.195473774652299,-78.159976863161575],[166.193337197550761,-78.160544519013513],[166.192830608494148,-78.160997385524851],[166.192913152214743,-78.161780148430964],[166.192499227843058,-78.163194529280688],[166.191792214689428,-78.164425285039485],[166.191106536962451,-78.165722790915154],[166.190666679163286,-78.166788795860356],[166.19019535837316,-78.167693743997361],[166.188646784248249,-78.168535004347348],[166.185979212726693,-78.169394894333649],[166.182252791773323,-78.1704077667641],[166.180110847085729,-78.171040858610638],[166.177440182610638,-78.171722326240015],[166.175048134667122,-78.172408460559296],[166.172399400124959,-78.173372470750735],[166.170024988526336,-78.174331559445392],[166.16816568199576,-78.175025805575473],[166.165801971776148,-78.176098020142334],[166.163696454991396,-78.177005010466374],[166.16158180980463,-78.177789572685555],[166.159997918906612,-78.178413283300927],[166.158399587394882,-78.178989353025614],[166.156302271662298,-78.179887378797176],[166.154205264246201,-78.180907395788708],[166.152390952873304,-78.182091816507167],[166.151124584691104,-78.183163175943093],[166.150435108268368,-78.184573308093363],[166.150002524106924,-78.185865061468007],[166.149845064329895,-78.187161329409093],[166.149961186817762,-78.188274372123942],[166.15090314924845,-78.189569843446108],[166.152378059416264,-78.190685775783692],[166.153327991389006,-78.192028537314314],[166.154251955102239,-78.193088493878761],[166.155461418173417,-78.194266051066833],[166.158047168993875,-78.195484842661983],[166.160101514435325,-78.19693951255492],[166.161926736858476,-78.198786049732249],[166.163419290092122,-78.200015309806972],[166.164053963427733,-78.200966771937004],[166.164728552852836,-78.202192332577596],[166.164565164324529,-78.203375685283561],[166.164128422270295,-78.204610954170022],[166.163418792688645,-78.20585125323592],[166.162957553125409,-78.206691230737107],[166.162232636094814,-78.207761885283631],[166.161241317814643,-78.208828515475176],[166.159409904513723,-78.209852851330737],[166.157030825937056,-78.21087776216693],[166.155736429458784,-78.211722726974884],[166.153091205595786,-78.212799922584779],[166.150703609296329,-78.213702431422362],[166.14857229151778,-78.214505249889612],[166.146453039497857,-78.215233608122432],[166.144610679622957,-78.216135436555376],[166.143309536041357,-78.216989469830821],[166.142012614598002,-78.21777803480137],[166.14044411375508,-78.218684291555959],[166.139449883893121,-78.219750864764876],[166.138174195464927,-78.220822030936645],[166.136870704849855,-78.221675972943729],[166.136667258461131,-78.222463359069849],[166.135923840841201,-78.223242308160252],[166.135971398256601,-78.223807746186395],[166.136023412636661,-78.224307720800638],[166.136326985600732,-78.224707760737573],[166.136920401757152,-78.225216241066391],[166.138079241707118,-78.22570627856075],[166.139222574883604,-78.226148606129442],[166.140632656173665,-78.226594973578941],[166.142061313721143,-78.227098567197316],[166.14267552578724,-78.227880196743868],[166.142757892671909,-78.228663201305892],[166.142263876882936,-78.229285819053175],[166.141220214919656,-78.229908922580805],[166.140998453328365,-78.230460795098509],[166.139943575827999,-78.230980115391418],[166.138198053048171,-78.232176965778223],[166.138133084092374,-78.2322215070363],[166.137550932901888,-78.231358798198059],[166.137114968961271,-78.230918342415748],[166.136588745163607,-78.230426462231748],[166.13599250791458,-78.229927231277713],[166.134833731916046,-78.22937151229074],[166.133690249617217,-78.228929164383175],[166.132812332761347,-78.228312501700472],[166.132196319613143,-78.227643338149591],[166.132661540495008,-78.226681433785544],[166.133373123777403,-78.225450422642638],[166.133398204241786,-78.225409008159858],[166.133290765192697,-78.225089674458346],[166.132364412809466,-78.224095190611024],[166.131452295327733,-78.223138951810427],[166.129976090402465,-78.222079192391845],[166.128791949340183,-78.221184289348329],[166.127916223205887,-78.22056768776082],[166.127567048866979,-78.219780565151481],[166.127604516433365,-78.219476778921546],[166.127588296447271,-78.219462570404232],[166.127205945057852,-78.218232710530657],[166.127951408830455,-78.217388191510054],[166.128931920299635,-78.216152013185805],[166.129535377170555,-78.215616708267063],[166.129604909530428,-78.215172471485246],[166.129833970127663,-78.214545905239845],[166.130083205717426,-78.214389564267591],[166.130435153888442,-78.213502445053919],[166.130318003817337,-78.21321901252351],[166.130786701805079,-78.212435628912758],[166.131244002064079,-78.211426457075348],[166.132259499310209,-78.210520526764483],[166.133529734935877,-78.209392857395144],[166.134020711290049,-78.208936389441902],[166.134416428221812,-78.207739117488885],[166.134565725664402,-78.20639538098834],[166.134944694258877,-78.204594052124065],[166.135342377875247,-78.202971969571266],[166.135532147392439,-78.20200564290343],[166.135335456873179,-78.201673017044612],[166.135281622514015,-78.201589497315979],[166.135273366454868,-78.201568011314521],[166.134874431562395,-78.200893314164205],[166.133958510040884,-78.199936849009433],[166.133348512090834,-78.199211650145131],[166.133302023175304,-78.199145457403233],[166.132829255916249,-78.1987819261781],[166.131653461343035,-78.197943687711373],[166.131434392260246,-78.19774308088985],[166.131277913585421,-78.197643204244542],[166.130695847907077,-78.197247832556542],[166.129262680983572,-78.19670623538498],[166.128117391908745,-78.196085332759338],[166.127243798698828,-78.195581374242636],[166.127203745660751,-78.195128921637874],[166.127440791728247,-78.194803080948333],[166.127918829635092,-78.193954539554767],[166.127766327062005,-78.193590311071063],[166.127087787119706,-78.193199359410642],[166.126193566438786,-78.192356523172933],[166.125849735192929,-78.191691649663582],[166.125932620828479,-78.191443463620033],[166.125697956964245,-78.190764351760592],[166.125334561748303,-78.189751281616878],[166.125136616403722,-78.187620510058821],[166.124739036802509,-78.186267888439573],[166.124903633161409,-78.185093848169231],[166.12514552967761,-78.183988692677758],[166.125069887684617,-78.183159806364415],[166.124969533989855,-78.182038055450576],[166.125140993075547,-78.180976980423097],[166.12527652097512,-78.180298392619292],[166.125267995869223,-78.180213938998534],[166.125311402385734,-78.180123736767925],[166.125333948806855,-78.180010834282612],[166.125796054177982,-78.179114616060644],[166.125798713839401,-78.179110912731787],[166.126189126756515,-78.178299361169664],[166.127162164054795,-78.1769410630734],[166.128167596833777,-78.175987909419689],[166.12917757056249,-78.175081909413038],[166.130183647393267,-78.174006815561512],[166.130348878035107,-78.172832865427651],[166.130531416722619,-78.171931914312879],[166.131564844213017,-78.171196026748802],[166.132336214940807,-78.170765089200032],[166.132416588212635,-78.170666761560625],[166.133438722487853,-78.169817709463018],[166.134444077607895,-78.169444097038465],[166.134932685257809,-78.169105145188681],[166.136779822741801,-78.16842922568118],[166.139484464605204,-78.168021895315903],[166.142748100376991,-78.167727277902657],[166.145192504965877,-78.167494398857428],[166.148176736473914,-78.167260659148482],[166.150619591040197,-78.167027664756006],[166.153621435110381,-78.166897975513564],[166.156968270131898,-78.166813433274825],[166.158993947702044,-78.16659427737612],[166.159561014659175,-78.166034813208242],[166.160845120468593,-78.165133353337367],[166.161123021279025,-78.16483853005019],[166.161160291878218,-78.16466141434708],[166.160266741155681,-78.163875068907274],[166.159789617813601,-78.162967927474753],[166.159212635601193,-78.162330031074049],[166.159117398472773,-78.16137762505403],[166.15895019336287,-78.160945976984465],[166.158004085364468,-78.160298681752408],[166.15623549666347,-78.158961410272752],[166.154468658771776,-78.157624198932623],[166.151893696246475,-78.156452471939701],[166.150174210188084,-78.155502268046376],[166.148198992772393,-78.154951919544999],[166.146264530461764,-78.154675704247722],[166.144056566981817,-78.154451297142273],[166.142116548483301,-78.154240441387699],[166.140430517554847,-78.153742189616622],[166.140648026940909,-78.153180864718152],[166.142539048324636,-78.152835683989352],[166.145525395212275,-78.152714861248455]]]]}},
{"type":"Feature","properties":{"SURFACE":null,"SUBSURFACE":null,"SOURCE":null},"bbox":[165.504005768463941,-78.198184645522872,165.554800867267062,-78.186850924506672],"geometry":{"type":"MultiPolygon","coordinates":[[[[165.506935693229877,-78.187358905011621],[165.508004811398393,-78.186850924506672],[165.510474640289488,-78.187019274642836],[165.512408608994491,-78.187234521298549],[165.512955014977507,-78.187301068197769],[165.515153814398957,-78.18729507334838],[165.51653169230778,-78.187452640554511],[165.516562271890166,-78.188065849649604],[165.516058883989558,-78.189309458213401],[165.518561383967779,-78.190091020302759],[165.521614449139065,-78.190807557015432],[165.525210353499801,-78.191703267922151],[165.532125919116623,-78.192868326200724],[165.537079228962824,-78.193365070412753],[165.54507522948694,-78.19407869175771],[165.549486351260441,-78.194518335875117],[165.553087496050466,-78.195357352302779],[165.554800867267062,-78.196811779134151],[165.552079971486734,-78.197373936304487],[165.546872639110092,-78.197729714319692],[165.54140625256224,-78.198184645522872],[165.537292346869322,-78.198080497321001],[165.533407771639816,-78.197358016841079],[165.530339911476005,-78.196245783891769],[165.526455510481952,-78.195184446717079],[165.523133185553348,-78.194519668866704],[165.517882887959189,-78.193743516915177],[165.514025796186644,-78.193182044817547],[165.509323509120833,-78.192293507928312],[165.506537014946474,-78.191289814575356],[165.504032262792123,-78.190338621093119],[165.504005768463941,-78.189603264448735],[165.505071549070806,-78.188878677939499],[165.506412904067759,-78.18814045267699],[165.506935693229877,-78.187358905011621]]]]}},
{"type":"Feature","properties":{"SURFACE":"moraine","SUBSURFACE":null,"SOURCE":null},"bbox":[165.690793259350642,-78.204091935619644,165.925035061033071,-78.16878173042052],"geometry":{"type":"MultiPolygon","coordinates":[[[[165.789618650565671,-78.194482119643084],[165.795329584695764,-78.193678505393549],[165.799130004597401,-78.192992007892514],[165.803445327452749,-78.191918670896669],[165.806944255346053,-78.190897013755361],[165.809617153376905,-78.189654046136525],[165.810905456240107,-78.188414583842118],[165.81054678202139,-78.1870616740119],[165.811518816427451,-78.185326625933229],[165.811960041605403,-78.183639280005863],[165.812119321462831,-78.181956135739568],[165.812549770036355,-78.180042734016382],[165.814368438125257,-78.178642892109949],[165.817065210564266,-78.177899307569234],[165.821090326574932,-78.176717106055875],[165.82540787743352,-78.175690969611153],[165.829170066184076,-78.174504522156241],[165.832899642607146,-78.17291236707274],[165.836660309858161,-78.1718385761463],[165.840987064594515,-78.171047728107098],[165.846953531362487,-78.170134949019399],[165.8529383207553,-78.169608222447522],[165.85974585121761,-78.169029960810576],[165.868217138084162,-78.16878173042052],[165.875637063899688,-78.168976874639014],[165.883602396980223,-78.169406595026246],[165.886932931991907,-78.170010434853111],[165.886695651825505,-78.170458474373035],[165.886722317070479,-78.170910729668151],[165.887026852475344,-78.171302163566295],[165.889234455049461,-78.171519287946182],[165.892224772017045,-78.171288283353661],[165.897679819168729,-78.17081790759083],[165.90368860533016,-78.170751668520893],[165.910792076802892,-78.170441088824234],[165.915949252337668,-78.16974845809716],[165.920579122122462,-78.169460671471413],[165.923332629250979,-78.16962106151945],[165.925035061033071,-78.170394196404288],[165.922919881959729,-78.171356112874975],[165.916429520185375,-78.172553237187529],[165.908821454140934,-78.173364030212355],[165.90367280584249,-78.174104039523485],[165.898499066555587,-78.174636051960931],[165.893617040576117,-78.175201806196142],[165.887362933192634,-78.175959811806109],[165.881666035694593,-78.176699476594692],[165.876757856997017,-78.177113374487377],[165.873228057009015,-78.177692242818608],[165.872177923257254,-78.178248690872607],[165.873037920862885,-78.178753355432221],[165.876348849787206,-78.17919651491529],[165.880183455289171,-78.179009052260909],[165.883420628790901,-78.178264713743189],[165.887735203078023,-78.177359824930747],[165.890461587144955,-78.177124552852931],[165.894013622048135,-78.176941177239897],[165.896471646294259,-78.176936255943517],[165.899772661516153,-78.177040462184095],[165.89951913725406,-78.17731859126387],[165.898200035478396,-78.178002119679263],[165.897136505022814,-78.178510947349523],[165.895791812511135,-78.178911369229311],[165.892822228028621,-78.179415982821055],[165.889549106554284,-78.179707683665626],[165.884915339495734,-78.18006076267794],[165.881670468179351,-78.180692020178725],[165.877392346258631,-78.182275148448781],[165.87309138071393,-78.18334981519061],[165.869570300233477,-78.184098295982878],[165.865749644426927,-78.184333400890935],[165.863019442573744,-78.18444622076693],[165.858956120491797,-78.185251199739852],[165.856519693219752,-78.185651579410276],[165.85463777145452,-78.186155726120845],[165.851693624242927,-78.187290876605417],[165.849558351928266,-78.188138953657983],[165.844992784272137,-78.189434667280423],[165.840100040601328,-78.190187310597182],[165.836859626661635,-78.190921911529571],[165.835527134078063,-78.191491986306161],[165.833934444844942,-78.192396266331755],[165.830693673629185,-78.193074455576308],[165.827692472586762,-78.193426747381636],[165.823611020924062,-78.193817135951477],[165.821706614320277,-78.194169704091337],[165.819553848670751,-78.194734939255227],[165.817657972244575,-78.195247677659552],[165.814694726060736,-78.196043489552792],[165.811160450769137,-78.196499655090221],[165.805715401965045,-78.197185811044605],[165.799992906293852,-78.197876326587789],[165.793719727309963,-78.198510048587721],[165.789359414516696,-78.199026616656184],[165.783631877420248,-78.199660246868504],[165.774893891484851,-78.200297478418292],[165.766686200610621,-78.200821018809989],[165.759846252156279,-78.201236772774749],[165.752466142042834,-78.201699528561221],[165.747261961555154,-78.20211537697854],[165.742606109826312,-78.20229644842729],[165.73629522682657,-78.202363207350032],[165.731629195139419,-78.202430777569703],[165.726424866411833,-78.202667677236761],[165.721231486139544,-78.203017869931685],[165.716030891832787,-78.203311201378369],[165.71054483002203,-78.20355197700222],[165.706168982154423,-78.203784691861159],[165.701240529794973,-78.204016752278079],[165.698213394244874,-78.20408460713918],[165.695468560616405,-78.204091935619644],[165.692991140235932,-78.20392514414398],[165.690793259350642,-78.203763505666558],[165.693777861165586,-78.203195214833457],[165.697318718662501,-78.202740526512059],[165.702224486465525,-78.202112513378438],[165.706851310195617,-78.201310085188751],[165.712319592753971,-78.200908689159562],[165.71752510214327,-78.200784949806746],[165.721923659820419,-78.200825930434121],[165.726041087285097,-78.20081460927689],[165.732339457765278,-78.200521865425401],[165.737261512705629,-78.200232635151977],[165.741636383143998,-78.199877288591722],[165.745432967365019,-78.199021851804005],[165.74675550394889,-78.198178821411432],[165.752178878521363,-78.197041312999602],[165.767727367532558,-78.19548956908254],[165.774844776038492,-78.195135201099262],[165.783326308021088,-78.194776218263257],[165.789618650565671,-78.194482119643084]],[[165.812584231696491,-78.193068300011532],[165.811514885054095,-78.193633157609014],[165.810168362738352,-78.193920561361992],[165.809621057165089,-78.193976811149255],[165.806071950119872,-78.194262974121713],[165.804447722886067,-78.1946111640071],[165.803644182646138,-78.194945453150694],[165.804759206860609,-78.19522870444213],[165.807224080325938,-78.195102560637181],[165.809680074375848,-78.194928953817367],[165.811329467154167,-78.194920327930404],[165.812704195234971,-78.194859895953158],[165.814867939262086,-78.194520783778387],[165.815389212872333,-78.19406851673412],[165.81508520931169,-78.193564163834495],[165.814772505669566,-78.19300297951095],[165.813641336810122,-78.192502810828529],[165.812584231696491,-78.193068300011532]],[[165.82829899324804,-78.190103685420453],[165.826941114288815,-78.190277785183127],[165.826419108389047,-78.190730001156922],[165.824254387271338,-78.191238229073662],[165.822096105199989,-78.191756179728714],[165.819935201405286,-78.192142438108974],[165.818582267655074,-78.192542288661016],[165.818598890052129,-78.192834440455329],[165.820272971633614,-78.193099551531645],[165.823285656979152,-78.193039212189305],[165.825725436618654,-78.192695529536721],[165.827630070720971,-78.192408738311059],[165.829523762470785,-78.192008620899259],[165.829477455324792,-78.191339108026014],[165.829987814228645,-78.190717160306292],[165.830220863183428,-78.190156049618579],[165.82829899324804,-78.190103685420453]],[[165.840157454070322,-78.182946325794163],[165.838253316287791,-78.183233128007913],[165.836652267759092,-78.18391141461737],[165.835061300864595,-78.184637202104241],[165.83236816160391,-78.185381177810086],[165.831578257691461,-78.185828923323271],[165.8324418297384,-78.186390340670258],[165.833289211793527,-78.18683816498617],[165.834405634732747,-78.187111973561443],[165.835512454661682,-78.187281925806786],[165.836593897449234,-78.186933798124329],[165.837380249547749,-78.186429486263776],[165.837601198473948,-78.185698649825795],[165.839213521869056,-78.185246421541763],[165.839723099802598,-78.184624462650731],[165.839687333933824,-78.184181025473009],[165.84076557773929,-78.183842134842763],[165.842379549412726,-78.183324226757492],[165.842633975900981,-78.183102488886334],[165.841809945086993,-78.182994141231163],[165.840157454070322,-78.182946325794163]],[[165.847839635439186,-78.18297681954725],[165.847023544142331,-78.18315075490446],[165.847064414488102,-78.183650811000589],[165.847377849988135,-78.184268292116172],[165.846847145735921,-78.184616690333499],[165.845231157448694,-78.185068753148315],[165.843349422342555,-78.185516481008747],[165.84201803986204,-78.18619933598346],[165.841227028014572,-78.186524894695253],[165.841518809997382,-78.186868809944215],[165.842902247489747,-78.187034227265798],[165.845064815187953,-78.186582201360352],[165.846410771623709,-78.186181948763675],[165.848037978138649,-78.185833799046307],[165.848568853789004,-78.185607542761616],[165.850730397585636,-78.185211816555878],[165.851519529169678,-78.184764017472943],[165.851478822179445,-78.184085474150649],[165.851161849837411,-78.183533591228397],[165.850048708539788,-78.183194257866816],[165.848930943612203,-78.182920443868298],[165.847839635439186,-78.18297681954725]],[[165.863086276343665,-78.181527973003597],[165.861461462831357,-78.181876277284715],[165.85818578173766,-78.181989056291044],[165.856575386353143,-78.182507193488007],[165.855786081097961,-78.183011347247728],[165.855824024395616,-78.183576995397715],[165.858043209911216,-78.183898221472788],[165.859934989753356,-78.183441562060366],[165.860166959803394,-78.182824091429794],[165.862324823533498,-78.182437528818525],[165.863951038861273,-78.182089288821288],[165.865842297313321,-78.181632590891041],[165.866642688382797,-78.181354473188577],[165.864988185260017,-78.181240933203611],[165.863086276343665,-78.181527973003597]],[[165.829866457865592,-78.180901527443154],[165.828265893093942,-78.181523421324073],[165.827209825941821,-78.182145296974085],[165.825886854049543,-78.182753366605581],[165.825098798131307,-78.183266963689263],[165.82457769693454,-78.183662828332473],[165.826495145771958,-78.183771420491482],[165.829212707741846,-78.183367019707887],[165.831371749412938,-78.182736407098119],[165.832428259025932,-78.182180317044754],[165.83376388256977,-78.181732619249061],[165.835665909231437,-78.181379976713202],[165.836471037700704,-78.181102154401486],[165.837829098962061,-78.181050224686032],[165.839476520772479,-78.181041433190117],[165.840312681355869,-78.181263167699029],[165.84089580361038,-78.181706705441272],[165.842281502195249,-78.18198501745114],[165.844185339079502,-78.181698188437835],[165.844412713706106,-78.181080454272561],[165.845773875736057,-78.180850139321578],[165.848233292358344,-78.180789300192245],[165.850393789660245,-78.180271436069361],[165.852300124588169,-78.180097445304227],[165.854471077814992,-78.179871345669298],[165.855002603716258,-78.179532395847488],[165.853607993438487,-78.179197319329575],[165.850612377029108,-78.179549918005463],[165.847893596874627,-78.17983224105555],[165.846246915019123,-78.179784740275807],[165.845409970584143,-78.179506612762026],[165.845653264097962,-78.179171563386475],[165.846161672943623,-78.178605941045973],[165.847503750055324,-78.178092796421325],[165.849673881889373,-78.177923076694896],[165.85240250367093,-78.177688245083331],[165.856517069189664,-78.177675284923382],[165.858433496873204,-78.177670904015386],[165.86115017393729,-78.17738840990296],[165.863328618293082,-78.177153269541208],[165.865767967952934,-78.176809456143332],[165.867388723642648,-78.176526722925374],[165.870121158848207,-78.17623558607383],[165.872847634684661,-78.176000486238976],[165.877210322832241,-78.175877933057663],[165.88049859799014,-78.175812647511336],[165.88268001655905,-78.17563390695733],[165.882921597358262,-78.175186075239722],[165.880713820645383,-78.174912558178804],[165.877971477961296,-78.174977806912153],[165.874710070815411,-78.175260497231406],[165.870904904985423,-78.17578753070471],[165.867363252676483,-78.176018119889108],[165.86354518153604,-78.17625319137386],[165.859170344801413,-78.176497048064945],[165.855896146539664,-78.176609799415587],[165.852063281941611,-78.176796997674046],[165.848524441098164,-78.177083898797903],[165.84471336357791,-78.177488225652937],[165.842276712427349,-78.177888406141605],[165.839028805127413,-78.178519096780477],[165.836336689173521,-78.179197301182711],[165.833630586269948,-78.179771420611772],[165.831749257896234,-78.180219066320916],[165.829866457865592,-78.180901527443154]],[[165.847972444646643,-78.172930963040571],[165.84855504132355,-78.173552961983958],[165.850797423875292,-78.174326501461223],[165.85356299325872,-78.174657300054221],[165.855743780567877,-78.17442235928614],[165.857661531220884,-78.174361711818506],[165.857914967347483,-78.174196304815752],[165.861974536619641,-78.173391356437165],[165.864969907822456,-78.173160851509948],[165.868799500063119,-78.173039139297302],[165.87180634907844,-78.173034621106495],[165.875066359963938,-78.17268616500354],[165.8764133204171,-78.172342327244749],[165.874735552338734,-78.171898800739143],[165.871452820651683,-78.171907885299802],[165.867114767895231,-78.17248246714307],[165.864371572734939,-78.172547512768034],[165.861085599414395,-78.172443584770633],[165.858639444593081,-78.172730596220248],[165.855378414404242,-78.173135201914434],[165.852641453813959,-78.173087728327602],[165.849877077986378,-78.172813332164111],[165.847972444646643,-78.172930963040571]],[[165.863784587149723,-78.179788453262134],[165.861348600283293,-78.180132459637392],[165.857820929192314,-78.180589201316835],[165.8545576876393,-78.180993802966626],[165.85238618099865,-78.181398389517511],[165.851309041254922,-78.18168098168394],[165.851330687357859,-78.181954554173799],[165.852166601258659,-78.182232595672545],[165.853539103664588,-78.182228306624907],[165.855432877982253,-78.181837550532677],[165.857057865011882,-78.1814892813005],[165.858149501811994,-78.181376528004719],[165.860574701918637,-78.180919238783972],[165.862477055405776,-78.180575874196379],[165.864379693245098,-78.180345250352687],[165.867100426468056,-78.180119247703104],[165.868737390953982,-78.179884290538482],[165.868446235768005,-78.179718963016484],[165.866512481660749,-78.179497071926789],[165.863784587149723,-78.179788453262134]]]]}},
{"type":"Feature","properties":{"SURFACE":"moraine","SUBSURFACE":null,"SOURCE":null},"bbox":[161.817815548748939,-77.963610903836937,161.863815658723098,-77.918594650751075],"geometry":{"type":"MultiPolygon","coordinates":[[[[161.818550647668673,-77.955956982726889],[161.818285275914093,-77.954826939028194],[161.817815548748939,-77.953999184916924],[161.817845418994125,-77.952985230889666],[161.817955127039539,-77.952302640388993],[161.818357968928524,-77.951745586997902],[161.819029483077998,-77.951178206047601],[161.820007699096294,-77.950708538540965],[161.820463235600016,-77.950365971471612],[161.821741544249363,-77.950070240321125],[161.823266486773178,-77.949724326559604],[161.82478815636884,-77.949311094867667],[161.826327806384626,-77.948956601246422],[161.828914763436075,-77.948539720819241],[161.831252328767363,-77.948115318816505],[161.83194825452,-77.947655063651112],[161.83368942834565,-77.947084357338241],[161.834960582947872,-77.946730619185843],[161.837791358241986,-77.94619624885982],[161.839277707571313,-77.945617662560124],[161.841305586904099,-77.945085768139947],[161.841413243561391,-77.944412717399587],[161.841524806572096,-77.943797436696144],[161.842092244746084,-77.942782143785308],[161.841391086398573,-77.942053668379756],[161.841498710987111,-77.941380621219096],[161.840594088110862,-77.940992779226107],[161.84046181755258,-77.940427871618468],[161.840578567294244,-77.939812950397737],[161.843399193261462,-77.936977979476993],[161.844285769849336,-77.936176271389186],[161.845376299055545,-77.935101059117159],[161.846152896162096,-77.93386058881633],[161.847250211553671,-77.932833779556674],[161.848654516841322,-77.931914275132371],[161.850308764603255,-77.931002333687445],[161.851178759060161,-77.930084544435275],[161.852307246014306,-77.929241982215174],[161.854211919897921,-77.928146004468871],[161.855654331525443,-77.927459136661156],[161.856823794849362,-77.926715231096736],[161.857702922118904,-77.925922679314979],[161.85911219788747,-77.925061076901457],[161.858846935594784,-77.923940939418728],[161.857571405293385,-77.923106062218096],[161.856832807514451,-77.922279247102665],[161.855581054385709,-77.921560959949502],[161.855420328093516,-77.920888755367812],[161.855536120756682,-77.920273849093959],[161.855718158256224,-77.919874298929599],[161.85592954123527,-77.919639661374845],[161.856917542189819,-77.919295404091812],[161.857374081392948,-77.918962599991261],[161.858108207629357,-77.91861051108377],[161.859972320489788,-77.918594650751075],[161.86081582127116,-77.918690834746201],[161.861115822331158,-77.918864722515494],[161.861167342411534,-77.919088641205349],[161.861009500486631,-77.919537750477303],[161.860822351053855,-77.919879448917271],[161.861218043102923,-77.920376102776359],[161.861345104050997,-77.920873497244074],[161.861697996554369,-77.921271393007828],[161.862678817184019,-77.921990216992796],[161.863073365797248,-77.922486781589228],[161.863815658723098,-77.923323384987498],[161.863714757941182,-77.924054274690278],[161.8634187949595,-77.925068836061442],[161.863307235385435,-77.925684016489015],[161.862484758395453,-77.926767902633685],[161.861878710301653,-77.927617497271086],[161.861265982338438,-77.928409147246015],[161.860114850777592,-77.929211815927928],[161.859426998800558,-77.929720444445053],[161.858472173429931,-77.930239526170794],[161.85782642093838,-77.93085645132382],[161.857672958473444,-77.931372963915848],[161.857504369204008,-77.931763870238214],[161.85678826132991,-77.932165169098354],[161.855519296417327,-77.93251899925545],[161.854825159426213,-77.932979302125901],[161.854395368735254,-77.933428975778185],[161.853941446480803,-77.93377158884843],[161.853549378875528,-77.934396338685744],[161.852686257762514,-77.935247543581681],[161.85231816518737,-77.935979354066049],[161.851734382794831,-77.936945540538261],[161.851039843803477,-77.937405837428159],[161.851773712708592,-77.938174832999167],[161.850746356027912,-77.938420674859969],[161.84855167167089,-77.939333999391678],[161.848660882784316,-77.939782300646726],[161.848764930821801,-77.940230247898114],[161.847756149903859,-77.940525283803268],[161.847650180758535,-77.941198421193974],[161.847199716055997,-77.941598796773278],[161.847575449007167,-77.942046196059536],[161.847988214317581,-77.942601544171964],[161.848121499854301,-77.943156910784552],[161.847747008165442,-77.943840407219511],[161.848208072419425,-77.944686553515325],[161.848340099058817,-77.945241833560232],[161.847938235419036,-77.945808464055361],[161.848016941005369,-77.946149264430801],[161.847585061966726,-77.946541345724555],[161.845827160493712,-77.947120526485904],[161.843541568300566,-77.947711481246472],[161.842738952361259,-77.94771400485557],[161.841453613037544,-77.947951796957028],[161.840710691352314,-77.948245912346707],[161.839453135621596,-77.948591025440678],[161.837647215302468,-77.948946487407355],[161.83666075992349,-77.949358091559262],[161.834829383854867,-77.949606381823699],[161.833328737911103,-77.950059424915608],[161.83156640432162,-77.950590376272558],[161.828130369118782,-77.950843685780413],[161.827472831318772,-77.951536612432449],[161.827355293475478,-77.952151540816914],[161.826682826632862,-77.952718854499437],[161.826315835003697,-77.953460458402631],[161.825884236571,-77.953910103582544],[161.826842335974789,-77.954512491071583],[161.828815537688087,-77.954887304659962],[161.830218309032887,-77.955098422318429],[161.832431375924529,-77.955355450117708],[161.834141922409572,-77.955731381911761],[161.834272770280819,-77.956296219286415],[161.834908229366988,-77.956675179171171],[161.837118435543715,-77.956884027494112],[161.84036506971006,-77.95689545946469],[161.843115052076229,-77.957150783618786],[161.845910012645618,-77.957572068936173],[161.848657609292445,-77.957769656034827],[161.850616323201592,-77.958028241836388],[161.85363758369428,-77.958282819333945],[161.852384619200421,-77.958685857223983],[161.853335272034428,-77.959230032009543],[161.854802320936841,-77.959723264115183],[161.855235779128719,-77.96045246277734],[161.856214132647807,-77.961113500184695],[161.857413250121056,-77.961607544240437],[161.856402882680896,-77.961902623406417],[161.854928931723038,-77.96247266551984],[161.854192017653588,-77.962824773244108],[161.853172301240789,-77.963061715578348],[161.851872555270745,-77.963298676625953],[161.849789260813196,-77.963606639230065],[161.848450219154756,-77.963610903836937],[161.845973496878912,-77.963412764505719],[161.844246530767975,-77.962987960596024],[161.841412661739838,-77.962391566685938],[161.840463598470308,-77.961847436425373],[161.836994399952431,-77.960872048039505],[161.834968749384871,-77.960273349554313],[161.832680236702032,-77.95973329790192],[161.83039193076857,-77.959193227693731],[161.827295935519743,-77.958664890761327],[161.825036494025113,-77.958241738911539],[161.822486387786711,-77.957769886240428],[161.821630847398012,-77.957548317951577],[161.819827616517472,-77.956782550419092],[161.818550647668673,-77.955956982726889]]]]}},
{"type":"Feature","properties":{"SURFACE":null,"SUBSURFACE":null,"SOURCE":null},"bbox":[165.803644182646138,-78.19522870444213,165.815389212872333,-78.192502810828529],"geometry":{"type":"MultiPolygon","coordinates":[[[[165.812584231696491,-78.193068300011532],[165.813641336810122,-78.192502810828529],[165.814772505669566,-78.19300297951095],[165.81508520931169,-78.193564163834495],[165.815389212872333,-78.19406851673412],[165.814867939262086,-78.194520783778387],[165.812704195234971,-78.194859895953158],[165.811329467154167,-78.194920327930404],[165.809680074375848,-78.194928953817367],[165.807224080325938,-78.195102560637181],[165.804759206860609,-78.19522870444213],[165.803644182646138,-78.194945453150694],[165.804447722886067,-78.1946111640071],[165.806071950119872,-78.194262974121713],[165.809621057165089,-78.193976811149255],[165.810168362738352,-78.193920561361992],[165.811514885054095,-78.193633157609014],[165.812584231696491,-78.193068300011532]]]]}},
{"type":"Feature","properties":{"SURFACE":null,"SUBSURFACE":null,"SOURCE":null},"bbox":[165.831578257691461,-78.187281925806786,165.842633975900981,-78.182946325794163],"geometry":{"type":"MultiPolygon","coordinates":[[[[165.840157454070322,-78.182946325794163],[165.841809945086993,-78.182994141231163],[165.842633975900981,-78.183102488886334],[165.842379549412726,-78.183324226757492],[165.84076557773929,-78.183842134842763],[165.839687333933824,-78.184181025473009],[165.839723099802598,-78.184624462650731],[165.839213521869056,-78.185246421541763],[165.837601198473948,-78.185698649825795],[165.837380249547749,-78.186429486263776],[165.836593897449234,-78.186933798124329],[165.835512454661682,-78.187281925806786],[165.834405634732747,-78.187111973561443],[165.833289211793527,-78.18683816498617],[165.8324418297384,-78.186390340670258],[165.831578257691461,-78.185828923323271],[165.83236816160391,-78.185381177810086],[165.835061300864595,-78.184637202104241],[165.836652267759092,-78.18391141461737],[165.838253316287791,-78.183233128007913],[165.840157454070322,-78.182946325794163]]]]}},
{"type":"Feature","properties":{"SURFACE":null,"SUBSURFACE":null,"SOURCE":null},"bbox":[165.841227028014572,-78.187034227265798,165.851519529169678,-78.182920443868298],"geometry":{"type":"MultiPolygon","coordinates":[[[[165.847839635439186,-78.18297681954725],[165.848930943612203,-78.182920443868298],[165.850048708539788,-78.183194257866816],[165.851161849837411,-78.183533591228397],[165.851478822179445,-78.184085474150649],[165.851519529169678,-78.184764017472943],[165.850730397585636,-78.185211816555878],[165.848568853789004,-78.185607542761616],[165.848037978138649,-78.185833799046307],[165.846410771623709,-78.186181948763675],[165.845064815187953,-78.186582201360352],[165.842902247489747,-78.187034227265798],[165.841518809997382,-78.186868809944215],[165.841227028014572,-78.186524894695253],[165.84201803986204,-78.18619933598346],[165.843349422342555,-78.185516481008747],[165.845231157448694,-78.185068753148315],[165.846847145735921,-78.184616690333499],[165.847377849988135,-78.184268292116172],[165.847064414488102,-78.183650811000589],[165.847023544142331,-78.18315075490446],[165.847839635439186,-78.18297681954725]]]]}},
{"type":"Feature","properties":{"SURFACE":null,"SUBSURFACE":null,"SOURCE":null},"bbox":[165.576426542299544,-78.172911007410448,165.595763387609765,-78.167557704447987],"geometry":{"type":"MultiPolygon","coordinates":[[[[165.587192678888613,-78.167618087619289],[165.588829133226398,-78.167563256399319],[165.592119395561895,-78.167840110744777],[165.59211486105562,-78.167557704447987],[165.593500619679844,-78.167894074901724],[165.594607453006915,-78.168281579091328],[165.595446224186304,-78.168673766073098],[165.595763387609765,-78.169339448376149],[165.594694973525264,-78.17008263909932],[165.592812877022027,-78.170698323112561],[165.590644604117841,-78.171327146375802],[165.589032694114024,-78.171947655377025],[165.587146389429222,-78.172675983316381],[165.584695339220843,-78.17290425370453],[165.58250330298435,-78.172911007410448],[165.580579636481247,-78.172743767883745],[165.578091161208732,-78.172302171188505],[165.576426542299544,-78.171800519805188],[165.576671323700396,-78.171239644153701],[165.578300905925857,-78.17083645268535],[165.581292356215926,-78.170382782080324],[165.582638022390881,-78.169879957273082],[165.582870466300307,-78.169149137466079],[165.584217743414996,-78.168589966508137],[165.585563439355354,-78.167908436827204],[165.587192678888613,-78.167618087619289]]]]}},
{"type":"Feature","properties":{"SURFACE":null,"SUBSURFACE":null,"SOURCE":null},"bbox":[165.82457769693454,-78.183771420491482,165.882921597358262,-78.174912558178804],"geometry":{"type":"MultiPolygon","coordinates":[[[[165.829866457865592,-78.180901527443154],[165.831749257896234,-78.180219066320916],[165.833630586269948,-78.179771420611772],[165.836336689173521,-78.179197301182711],[165.839028805127413,-78.178519096780477],[165.842276712427349,-78.177888406141605],[165.84471336357791,-78.177488225652937],[165.848524441098164,-78.177083898797903],[165.852063281941611,-78.176796997674046],[165.855896146539664,-78.176609799415587],[165.859170344801413,-78.176497048064945],[165.86354518153604,-78.17625319137386],[165.867363252676483,-78.176018119889108],[165.870904904985423,-78.17578753070471],[165.874710070815411,-78.175260497231406],[165.877971477961296,-78.174977806912153],[165.880713820645383,-78.174912558178804],[165.882921597358262,-78.175186075239722],[165.88268001655905,-78.17563390695733],[165.88049859799014,-78.175812647511336],[165.877210322832241,-78.175877933057663],[165.872847634684661,-78.176000486238976],[165.870121158848207,-78.17623558607383],[165.867388723642648,-78.176526722925374],[165.865767967952934,-78.176809456143332],[165.863328618293082,-78.177153269541208],[165.86115017393729,-78.17738840990296],[165.858433496873204,-78.177670904015386],[165.856517069189664,-78.177675284923382],[165.85240250367093,-78.177688245083331],[165.849673881889373,-78.177923076694896],[165.847503750055324,-78.178092796421325],[165.846161672943623,-78.178605941045973],[165.845653264097962,-78.179171563386475],[165.845409970584143,-78.179506612762026],[165.846246915019123,-78.179784740275807],[165.847893596874627,-78.17983224105555],[165.850612377029108,-78.179549918005463],[165.853607993438487,-78.179197319329575],[165.855002603716258,-78.179532395847488],[165.854471077814992,-78.179871345669298],[165.852300124588169,-78.180097445304227],[165.850393789660245,-78.180271436069361],[165.848233292358344,-78.180789300192245],[165.845773875736057,-78.180850139321578],[165.844412713706106,-78.181080454272561],[165.844185339079502,-78.181698188437835],[165.842281502195249,-78.18198501745114],[165.84089580361038,-78.181706705441272],[165.840312681355869,-78.181263167699029],[165.839476520772479,-78.181041433190117],[165.837829098962061,-78.181050224686032],[165.836471037700704,-78.181102154401486],[165.835665909231437,-78.181379976713202],[165.83376388256977,-78.181732619249061],[165.832428259025932,-78.182180317044754],[165.831371749412938,-78.182736407098119],[165.829212707741846,-78.183367019707887],[165.826495145771958,-78.183771420491482],[165.82457769693454,-78.183662828332473],[165.825098798131307,-78.183266963689263],[165.825886854049543,-78.182753366605581],[165.827209825941821,-78.182145296974085],[165.828265893093942,-78.181523421324073],[165.829866457865592,-78.180901527443154]]]]}},
{"type":"Feature","properties":{"SURFACE":null,"SUBSURFACE":null,"SOURCE":null},"bbox":[165.855786081097961,-78.183898221472788,165.866642688382797,-78.181240933203611],"geometry":{"type":"MultiPolygon","coordinates":[[[[165.863086276343665,-78.181527973003597],[165.864988185260017,-78.181240933203611],[165.866642688382797,-78.181354473188577],[165.865842297313321,-78.181632590891041],[165.863951038861273,-78.182089288821288],[165.862324823533498,-78.182437528818525],[165.860166959803394,-78.182824091429794],[165.859934989753356,-78.183441562060366],[165.858043209911216,-78.183898221472788],[165.855824024395616,-78.183576995397715],[165.855786081097961,-78.183011347247728],[165.856575386353143,-78.182507193488007],[165.85818578173766,-78.181989056291044],[165.861461462831357,-78.181876277284715],[165.863086276343665,-78.181527973003597]]]]}},
{"type":"Feature","properties":{"SURFACE":null,"SUBSURFACE":null,"SOURCE":null},"bbox":[165.851309041254922,-78.182232595672545,165.868737390953982,-78.179497071926789],"geometry":{"type":"MultiPolygon","coordinates":[[[[165.863784587149723,-78.179788453262134],[165.866512481660749,-78.179497071926789],[165.868446235768005,-78.179718963016484],[165.868737390953982,-78.179884290538482],[165.867100426468056,-78.180119247703104],[165.864379693245098,-78.180345250352687],[165.862477055405776,-78.180575874196379],[165.860574701918637,-78.180919238783972],[165.858149501811994,-78.181376528004719],[165.857057865011882,-78.1814892813005],[165.855432877982253,-78.181837550532677],[165.853539103664588,-78.182228306624907],[165.852166601258659,-78.182232595672545],[165.851330687357859,-78.181954554173799],[165.851309041254922,-78.18168098168394],[165.85238618099865,-78.181398389517511],[165.8545576876393,-78.180993802966626],[165.857820929192314,-78.180589201316835],[165.861348600283293,-78.180132459637392],[165.863784587149723,-78.179788453262134]]]]}},
{"type":"Feature","properties":{"SURFACE":null,"SUBSURFACE":null,"SOURCE":null},"bbox":[165.847972444646643,-78.174657300054221,165.8764133204171,-78.171898800739143],"geometry":{"type":"MultiPolygon","coordinates":[[[[165.847972444646643,-78.172930963040571],[165.849877077986378,-78.172813332164111],[165.852641453813959,-78.173087728327602],[165.855378414404242,-78.173135201914434],[165.858639444593081,-78.172730596220248],[165.861085599414395,-78.172443584770633],[165.864371572734939,-78.172547512768034],[165.867114767895231,-78.17248246714307],[165.871452820651683,-78.171907885299802],[165.874735552338734,-78.171898800739143],[165.8764133204171,-78.172342327244749],[165.875066359963938,-78.17268616500354],[165.87180634907844,-78.173034621106495],[165.868799500063119,-78.173039139297302],[165.864969907822456,-78.173160851509948],[165.861974536619641,-78.173391356437165],[165.857914967347483,-78.174196304815752],[165.857661531220884,-78.174361711818506],[165.855743780567877,-78.17442235928614],[165.85356299325872,-78.174657300054221],[165.850797423875292,-78.174326501461223],[165.84855504132355,-78.173552961983958],[165.847972444646643,-78.172930963040571]]]]}},
{"type":"Feature","properties":{"SURFACE":null,"SUBSURFACE":null,"SOURCE":null},"bbox":[165.646491296030973,-78.161596544933275,165.671799091003152,-78.155296086090019],"geometry":{"type":"MultiPolygon","coordinates":[[[[165.647671224465483,-78.156552791841051],[165.64982423107773,-78.155876029130454],[165.652534736964782,-78.15536958460207],[165.654179081055474,-78.155296086090019],[165.656369844634128,-78.155467529004028],[165.65884827961645,-78.155804492795838],[165.660521109393557,-78.15629660157866],[165.662205421096871,-78.157080772002431],[165.662750271263093,-78.157081153130378],[165.664672542484425,-78.157247822344686],[165.667410492144086,-78.157241007471342],[165.670957168446506,-78.157173151494362],[165.671799091003152,-78.157508762276365],[165.669925599906719,-78.158237911474359],[165.666950861616272,-78.158928113030996],[165.66451058967624,-78.159383068877233],[165.662627237610906,-78.159942448838407],[165.659639011761442,-78.160340430874641],[165.657474153752531,-78.160791000686729],[165.65504564304797,-78.161538019596534],[165.65204017891179,-78.161596544933275],[165.648468704320806,-78.161380841611617],[165.646805571094148,-78.160870370605693],[165.646491296030973,-78.160148628736621],[165.646729978610523,-78.159531152545696],[165.647270602210313,-78.15919282360808],[165.647787685161944,-78.158627584983606],[165.647746312210558,-78.158014211597219],[165.647175107831657,-78.157391814685766],[165.647671224465483,-78.156552791841051]]]]}},
{"type":"Feature","properties":{"SURFACE":"moraine","SUBSURFACE":null,"SOURCE":null},"bbox":[166.224074869667362,-78.206890831538686,166.761090829404509,-78.112754546195944],"geometry":{"type":"MultiPolygon","coordinates":[[[[166.745028066477659,-78.195697436548031],[166.74101409066958,-78.194483716121667],[166.736041140413619,-78.194290660431236],[166.732855811473968,-78.194370482462517],[166.729488152002205,-78.194639017521695],[166.725155641356537,-78.195057012154152],[166.72025586391635,-78.195307151129924],[166.716963530105261,-78.195325971548542],[166.713078779388809,-78.195072746371494],[166.709455743428123,-78.194644892526242],[166.705520210717651,-78.194052091341391],[166.702710350829136,-78.193626001762624],[166.700781458768006,-78.193513971463986],[166.698011960677917,-78.193361251619848],[166.697273417106857,-78.193267665777853],[166.696190153865956,-78.19336423351227],[166.695831868769829,-78.193396171346365],[166.694047865633564,-78.192401762300733],[166.692618960038345,-78.191948766292711],[166.690387907910889,-78.191347237589966],[166.690313703220227,-78.191331621076984],[166.687492681120375,-78.190792441604458],[166.684146235992046,-78.190349467011131],[166.681076791546872,-78.190041570949049],[166.678581195085684,-78.189826986582986],[166.675766630145631,-78.189334770283779],[166.673752969650707,-78.188675390372993],[166.672309503630146,-78.188184078475743],[166.671935412918998,-78.187971784556851],[166.670859119021316,-78.187486447846354],[166.670318531432969,-78.187087783795675],[166.669054229569952,-78.186453280776277],[166.667039414412102,-78.185737583118325],[166.665050483967406,-78.185247815728673],[166.661404604986046,-78.184649479349872],[166.655281734743596,-78.184071180005873],[166.651663451670117,-78.183698727883367],[166.649266524419346,-78.183442801315195],[166.645882129276458,-78.183295951520876],[166.644199894342051,-78.183026880207464],[166.643045037446797,-78.182642997687438],[166.64252863298529,-78.182459320405655],[166.640729608108558,-78.18195920022967],[166.640522857049234,-78.181640951044002],[166.640137937665372,-78.181424791752661],[166.639489005807377,-78.18064414550048],[166.638879335017549,-78.180193124248646],[166.637997734793231,-78.179747591786153],[166.637362788246776,-78.17913615409455],[166.636464593593217,-78.178586805014163],[166.635843289579071,-78.178022839744372],[166.634969240477261,-78.177633834580391],[166.633830596191956,-78.177306847816567],[166.63241229676791,-78.176919415660336],[166.630968769512151,-78.176418379389986],[166.630047975044533,-78.175699340590782],[166.629149363767368,-78.175084375645611],[166.628988235294997,-78.17498855766307],[166.627966825539488,-78.174736480326771],[166.626206158257531,-78.173836028764029],[166.625102399783117,-78.173264677391444],[166.624775670433053,-78.173148290671094],[166.62222348112391,-78.172490121624108],[166.619888109904281,-78.171439838631443],[166.619517479805438,-78.1712501728191],[166.617528537898863,-78.170407065157121],[166.616053762575746,-78.169919749197888],[166.615556713483898,-78.169777104262323],[166.613047828193658,-78.169392470113479],[166.609957961445843,-78.168848341903924],[166.607451705800059,-78.168529318906451],[166.606588813765541,-78.168397727004617],[166.60462994824195,-78.168176127831103],[166.601940154566591,-78.167774443428868],[166.599375457243525,-78.167507375916799],[166.598086016107061,-78.167322365573753],[166.595992385210565,-78.167098548696728],[166.594030787614713,-78.166777898403623],[166.593009080717309,-78.166612818358331],[166.591562547142786,-78.166423089828641],[166.591049097170441,-78.166296115164116],[166.590955793963673,-78.16628103823794],[166.58841403169265,-78.16567910353011],[166.586101429537536,-78.164798024275953],[166.584621064285159,-78.163967003706674],[166.58348664274547,-78.163356007924733],[166.583208563175191,-78.163270401950612],[166.5792476696341,-78.162280443777988],[166.578741023392666,-78.162074897809404],[166.576937534878113,-78.161343155276512],[166.573806068113015,-78.160468615390727],[166.569857146955826,-78.159747364858688],[166.564577183816397,-78.159238931881134],[166.560685579815527,-78.158813937200293],[166.556004046874278,-78.158621737936556],[166.551408386618334,-78.158463355689548],[166.549198633437925,-78.158521889941426],[166.543997481113422,-78.158481931547513],[166.539005416257197,-78.158011901432005],[166.533461658842128,-78.157420972676363],[166.532667227804069,-78.157358149445898],[166.52706799294802,-78.157022291282829],[166.52210545367555,-78.156778170339592],[166.517152069231457,-78.156581240570858],[166.51275803233375,-78.156374285707798],[166.507525388597912,-78.156182154089819],[166.501441901013692,-78.15564819636316],[166.496158082404037,-78.154938033392881],[166.496115876629915,-78.154926758913405],[166.494845128482268,-78.1549950821057],[166.49443374237606,-78.154900126995699],[166.492883746625722,-78.154542342168227],[166.492259310351216,-78.153996263873083],[166.492022122065009,-78.153830126408849],[166.491058008716237,-78.153571623201799],[166.489596133527073,-78.152731258774878],[166.487799257709327,-78.152265440439265],[166.484936807896787,-78.152229612955537],[166.482740398386568,-78.152130552784612],[166.473890611285611,-78.151393653976854],[166.473614677660464,-78.151371562883241],[166.46533189548316,-78.150708291005429],[166.460087334629264,-78.150345861373808],[166.455634679150677,-78.14968518137907],[166.452329552819577,-78.149418537240194],[166.446278817678831,-78.149175190900991],[166.441873035403262,-78.148910118720337],[166.438008641296619,-78.148596830230261],[166.432194973921384,-78.148008794576782],[166.431109469794194,-78.147965260837566],[166.428019221674276,-78.147932923337038],[166.42120131190967,-78.148082003598248],[166.416274237202487,-78.148043643613661],[166.407546124284522,-78.14820066089456],[166.405401574138352,-78.148257955509138],[166.404013414085682,-78.148358611929396],[166.402340967596388,-78.148501811585149],[166.400285852197442,-78.148720910473045],[166.398440403771417,-78.148862481811463],[166.397839255547694,-78.148908595245118],[166.39592645133115,-78.148916606118121],[166.393195118621463,-78.148930767448135],[166.389911208113631,-78.148833065898899],[166.386595689043702,-78.148565040420053],[166.383557417112456,-78.14830139203508],[166.381063689011086,-78.148036689342035],[166.37801561054053,-78.147716241111382],[166.373623300294042,-78.147506898212228],[166.372531200005284,-78.147392446263154],[166.366976322819198,-78.146810195981743],[166.365263968326587,-78.14614369723823],[166.364254475335059,-78.145864726125325],[166.363338341847253,-78.145714897503566],[166.361101184693325,-78.145542486359176],[166.358071044602752,-78.145400759985819],[166.355876136922888,-78.145235042708109],[166.3539652455691,-78.145242832795518],[166.352056723738599,-78.145363217299277],[166.35118272717429,-78.145289891904639],[166.350126800495104,-78.145201297534911],[166.348477117180124,-78.14510021982197],[166.34709339209715,-78.144993657845831],[166.344055103058452,-78.144673243349544],[166.34386752034834,-78.144641761531062],[166.343673252881814,-78.144626054770526],[166.343146327803936,-78.144580996133058],[166.341081134496591,-78.144174089278323],[166.338489764454664,-78.143739091779892],[166.335662566213784,-78.142979117354002],[166.332606989175332,-78.142423303236257],[166.329775752378424,-78.141597409765239],[166.326968283150762,-78.140875782700235],[166.324974974458144,-78.140101085109023],[166.322133330849113,-78.139162039832911],[166.31954403751854,-78.137935565485677],[166.317236457791495,-78.13677002301381],[166.314630328395054,-78.135439483647204],[166.312629013915824,-78.134607964538887],[166.31120397253332,-78.134049052901688],[166.309203135914913,-78.133217511196833],[166.307547889220103,-78.13299392933844],[166.302273835550182,-78.132232641332237],[166.299792318764389,-78.132023825543428],[166.29731600161881,-78.131805868065683],[166.29456629750473,-78.131649177499256],[166.292101848801536,-78.131609909386384],[166.289632906521746,-78.131504758610518],[166.28662485039581,-78.131466284656838],[166.28515549041731,-78.131360578152922],[166.284072904333215,-78.131366290237537],[166.282405539681349,-78.131254140440817],[166.280334240362293,-78.131262928948289],[166.279824777883505,-78.13127157366732],[166.279776062910685,-78.131272400228795],[166.278947215524141,-78.13109949244523],[166.276710127465378,-78.130668295520906],[166.274485054134942,-78.130228299557672],[166.272479129991694,-78.129283557228035],[166.271003473765887,-78.128281051499229],[166.270439114880787,-78.127730194653793],[166.270022290599229,-78.127500309160084],[166.26965503600664,-78.127105430741295],[166.268632698051874,-78.126436460206037],[166.267312037991161,-78.125668098323686],[166.265402313477637,-78.125101826841998],[166.264090083352727,-78.124592577105588],[166.261829587993219,-78.123993704177536],[166.259829911204008,-78.123161620003614],[166.259473407792882,-78.122318461181962],[166.259694072024331,-78.121757548600598],[166.259348807202116,-78.121093125424352],[166.257904845417499,-78.120307733899295],[166.256485407602895,-78.119692356230829],[166.254265932518535,-78.119364877743365],[166.250677774794156,-78.118996543988047],[166.246565376025217,-78.118789285136856],[166.243283023484054,-78.11868945660828],[166.239995356405899,-78.118589318544579],[166.236709344167025,-78.11844233100463],[166.233679339159863,-78.118111272326843],[166.23117399679191,-78.117553433597578],[166.229465723343651,-78.116895119735076],[166.227222527447339,-78.116228535372514],[166.224307091270504,-78.114943355056525],[166.224074869667362,-78.114840974170463],[166.224130017641386,-78.11455839848584],[166.224261538701057,-78.113884397126029],[166.225291808893445,-78.113317446087635],[166.224972383098191,-78.112813621964179],[166.227144997495287,-78.112754546195944],[166.230988010263331,-78.113070531192292],[166.235936914617866,-78.113498538584636],[166.240902247377221,-78.114039805148906],[166.246426804676361,-78.114684182500554],[166.251428228133477,-78.115620892699368],[166.257263077749514,-78.116721366200423],[166.261496867811019,-78.118041121828341],[166.263810468569062,-78.119329755478461],[166.266952010928776,-78.120772536886491],[166.270982017416458,-78.122719409290482],[166.273550693489739,-78.12388942589827],[166.276089281214269,-78.124664057913961],[166.279701021170638,-78.125267542373209],[166.282482105187597,-78.125754218359532],[166.285533490999569,-78.126254432097355],[166.287753531295294,-78.126572208357487],[166.291920619507238,-78.12722211506474],[166.295774619506602,-78.127603072658772],[166.299371358464128,-78.128036690053932],[166.303538533312775,-78.128695746535513],[166.307974751761179,-78.129405707400451],[166.313002142543695,-78.130388954483678],[166.317493143108436,-78.131542086410619],[166.319542843265367,-78.13282600656018],[166.321342204614837,-78.13434111429028],[166.323367788391778,-78.135333132739049],[166.325932881661316,-78.136389614111195],[166.329045991486623,-78.137389086496867],[166.333262495377767,-78.138434291242959],[166.337986855466255,-78.139204790204957],[166.344049133272961,-78.139620163548358],[166.350412461596619,-78.140312887712682],[166.355173629736385,-78.141366058760582],[166.35881744901053,-78.142250889979678],[166.363278039209575,-78.143073264395298],[166.366853502942149,-78.143223396946041],[166.369802320673017,-78.142695489059264],[166.374671623092553,-78.142225760335407],[166.379068379139198,-78.142426030429888],[166.384655486221391,-78.143519661071934],[166.389367023859194,-78.144119681687428],[166.393788121932317,-78.14455519451235],[166.398993406369897,-78.144635977092463],[166.403911742619925,-78.14455244514096],[166.409944539146579,-78.144692889292187],[166.414391037613825,-78.145344836483105],[166.419123475553874,-78.146113968497204],[166.42523186839432,-78.146923142322564],[166.430134385892927,-78.146725872225304],[166.434763648450371,-78.146589944147593],[166.441079501129565,-78.146846753747511],[166.445702335431235,-78.146654106966295],[166.455253847015143,-78.146489886048272],[166.461537577251192,-78.146454159451679],[166.463489134826972,-78.146672510783588],[166.466796150292964,-78.146995357983627],[166.469604631063532,-78.147537116369179],[166.472127489228427,-78.148027239066138],[166.475449694497343,-78.14840692026948],[166.478462680593964,-78.148443355632082],[166.482566289980184,-78.148486776867173],[166.488054493450278,-78.148617228498267],[166.490838327008333,-78.148998223016292],[166.493337520430345,-78.149383873690809],[166.497213074431841,-78.149696861015428],[166.499499088140965,-78.150530973782878],[166.500717511095246,-78.151537256378774],[166.504385764585635,-78.152411339714774],[166.509101215513283,-78.152943485705237],[166.514929573888764,-78.15365211847049],[166.52048363583765,-78.154290889828957],[166.52547786602787,-78.154827040647831],[166.5318050722816,-78.155128878632851],[166.537578329547017,-78.155319029057466],[166.542251079672127,-78.155529917637281],[166.54640286874249,-78.155893098925787],[166.550835539878932,-78.156326195049701],[166.5533266164488,-78.156532780840777],[166.558043085464419,-78.157007766544595],[166.563262559444922,-78.157207612853128],[166.567887453735779,-78.157012937484041],[166.571191507816735,-78.157165542088705],[166.573974659257146,-78.157545447634277],[166.57760474831926,-78.158088558235235],[166.580427976467632,-78.158685744787604],[166.58215864942531,-78.159407334680012],[166.583615869162003,-78.160068691189934],[166.585078351438085,-78.160852037737399],[166.586842377168352,-78.161734411256134],[166.589957501215935,-78.162504928185669],[166.594167588700259,-78.163328940809691],[166.598360540789059,-78.163974095070841],[166.603889296860672,-78.164394136768024],[166.607779870350669,-78.164762130139295],[166.61196203949163,-78.165359672623353],[166.615628120735664,-78.166184772010723],[166.619571807798224,-78.167004616520003],[166.622402471735938,-78.167657724923743],[166.625502119504802,-78.168370725584168],[166.627580105029864,-78.169539504747874],[166.631311476556846,-78.170807556244569],[166.634433275143721,-78.171577654838913],[166.636210129318243,-78.172638002686057],[166.637985701612365,-78.173576539865095],[166.63859958064964,-78.174083961056851],[166.642433476498496,-78.176077702863452],[166.648369641814838,-78.177396465473805],[166.653470849767587,-78.178590183702156],[166.657993399099468,-78.179577751337987],[166.661388407711144,-78.180407450384195],[166.665622201322464,-78.181277818832598],[166.669278751988941,-78.181932828696347],[166.674889222276789,-78.182851098819711],[166.681026026010073,-78.183607502064149],[166.687460410180506,-78.184518579518013],[166.692247018671623,-78.185396451411918],[166.697860942095872,-78.186314266206821],[166.704002302430268,-78.187004704166753],[166.707085563447976,-78.187490881611012],[166.712673730874343,-78.188182395715742],[166.718004580212408,-78.189057900874843],[166.722765246045185,-78.18969979593777],[166.727225258170904,-78.190233465443626],[166.731446204009217,-78.190942704283458],[166.734579572354448,-78.191767851733829],[166.739106975790605,-78.192688270599234],[166.743056652016321,-78.193393535423994],[166.747202483867056,-78.193593408293836],[166.7521712621066,-78.193786069876552],[166.7577157495667,-78.194146748424458],[166.759509878086988,-78.195206481792411],[166.757435280357328,-78.196005053314664],[166.757277782455503,-78.196849146374873],[166.75909554800657,-78.198012956902673],[166.760650550499918,-78.199238966206124],[166.761090829404509,-78.200411312937092],[166.760084057418965,-78.201036714260994],[166.758277229885806,-78.201895028818356],[166.757027505542965,-78.202686566770893],[166.754151263924456,-78.203718035580238],[166.751553170482282,-78.204734813222444],[166.748118977908575,-78.205720693007109],[166.745446038490542,-78.206237795980698],[166.742753791971921,-78.206650997362658],[166.739766128444529,-78.206890831538686],[166.739987021035972,-78.206491974852469],[166.740205369150203,-78.206097680099802],[166.740625500505075,-78.205200652619567],[166.741535201867805,-78.203906025232271],[166.742222223845545,-78.20288147098475],[166.742670619650795,-78.202210454290423],[166.743113859937552,-78.201483033401104],[166.743864160002289,-78.200966964810448],[166.744811952112798,-78.199889476326163],[166.74488751863322,-78.199743671534222],[166.74523787384669,-78.19906763509745],[166.746506045676057,-78.198323821536931],[166.746850184696626,-78.196927117710274],[166.745028066477659,-78.195697436548031]]]]}},
{"type":"Feature","properties":{"SURFACE":null,"SUBSURFACE":null,"SOURCE":null},"bbox":[165.657339261417235,-78.150017460449476,165.674679274708666,-78.142319390447355],"geometry":{"type":"MultiPolygon","coordinates":[[[[165.66308652026936,-78.142769685046972],[165.665790674090744,-78.142319390447355],[165.668253645474039,-78.142476944650682],[165.671028064562734,-78.1430268992751],[165.672430173607296,-78.143871452822111],[165.674679274708666,-78.144929670734683],[165.67447146393522,-78.146112788156174],[165.672892618522582,-78.147346194752515],[165.672118969017419,-78.148189375341857],[165.669425226262945,-78.148931802960121],[165.66481542235968,-78.149667670944226],[165.660732640649769,-78.150017460449476],[165.6587999928106,-78.149624496791134],[165.657931657911348,-78.148789082327013],[165.657339261417235,-78.147892934941154],[165.658135067772321,-78.147323576668512],[165.659174338648256,-78.14648493715481],[165.661051103882585,-78.145633880128045],[165.663209009425969,-78.145183082888408],[165.665635824597075,-78.144614769602015],[165.665094324521135,-78.144558126964853],[165.663162089140343,-78.144230994954754],[165.662301934023446,-78.143499451503303],[165.66308652026936,-78.142769685046972]]]]}},
{"type":"Feature","properties":{"SURFACE":null,"SUBSURFACE":null,"SOURCE":null},"bbox":[165.705248824809189,-78.150249342765775,165.72015155489774,-78.146507062262089],"geometry":{"type":"MultiPolygon","coordinates":[[[[165.717425984866253,-78.146849583413342],[165.719863308608808,-78.146507062262089],[165.72015155489774,-78.146672534385374],[165.719358792534194,-78.147242068652488],[165.717477142695657,-78.147745257708067],[165.714527790416383,-78.148700200101317],[165.71372607004389,-78.149165871290975],[165.711857776816913,-78.149773154292049],[165.71077726842887,-78.150064437870128],[165.707510268242913,-78.1502413145666],[165.706406222455598,-78.150249342765775],[165.705574782187767,-78.149905013223176],[165.705276944257122,-78.149569806924816],[165.705248824809189,-78.149013704033223],[165.706316746637526,-78.148561973490203],[165.707940326203811,-78.148270930467547],[165.710109520634575,-78.14804603512745],[165.712288229961985,-78.147812224956638],[165.713912848891169,-78.147587016022655],[165.715799121926125,-78.147253287285309],[165.717425984866253,-78.146849583413342]]]]}},
{"type":"Feature","properties":{"SURFACE":"moraine","SUBSURFACE":null,"SOURCE":null},"bbox":[161.941094666336937,-77.904994037229201,161.995308000338753,-77.891305402402949],"geometry":{"type":"MultiPolygon","coordinates":[[[[161.985750073935293,-77.904283372184068],[161.984095142651853,-77.904074810637837],[161.982739604792641,-77.904030273447063],[161.980981962515358,-77.903431677993566],[161.982054434770873,-77.903485654186639],[161.983410434882813,-77.903520655582497],[161.984431562900426,-77.903283871564142],[161.984376523998009,-77.903059895016014],[161.982408278097211,-77.902686323349513],[161.980474529959395,-77.902487435048016],[161.979098599600661,-77.902393599898772],[161.977232831084393,-77.902371674364005],[161.976917290651897,-77.902244822693646],[161.976474489696301,-77.902102120378544],[161.97486610557047,-77.901530373589551],[161.974264716629961,-77.901326561162847],[161.971473185537263,-77.900906273296641],[161.969796379466942,-77.900638630677648],[161.968657328959068,-77.900369374261416],[161.967508662062528,-77.900041998315785],[161.966891255640377,-77.899712576989998],[161.965998721367754,-77.89939309691772],[161.96594146333706,-77.899168942037122],[161.964708693169683,-77.898500641333001],[161.964019416673523,-77.897888592582149],[161.963089117010213,-77.897394142058474],[161.962951022328724,-77.896838877242914],[161.961759803933717,-77.896403202339329],[161.959867107724818,-77.896302643999817],[161.958065021009418,-77.896610464899567],[161.956351881914685,-77.897307413247773],[161.954638544087345,-77.898004351715301],[161.953157913709219,-77.898525662166122],[161.951808527210574,-77.898835678328922],[161.951813031574773,-77.898835650932696],[161.950369682489594,-77.899168309901199],[161.948040144142709,-77.899535837665283],[161.946523875345434,-77.899882324959108],[161.945492724449991,-77.900060849905969],[161.944194080899024,-77.900249820399466],[161.942630338015874,-77.90043024294512],[161.941599082232273,-77.90060875337241],[161.941094666336937,-77.900727506281342],[161.941407720853334,-77.899829490708626],[161.941573132070829,-77.899438555329326],[161.944555931012047,-77.89844533314448],[161.94657118622689,-77.8979127058263],[161.949912174591219,-77.897317461069804],[161.952220760199708,-77.896900637129121],[161.954485603244791,-77.896250980339445],[161.954887264825544,-77.895751722403659],[161.955011172532693,-77.895128144889469],[161.95564482183778,-77.894443640973591],[161.956059818972619,-77.89393572536612],[161.958346315333472,-77.893459944164505],[161.959322182790942,-77.893057395223764],[161.959742733990055,-77.89260732547794],[161.960447831246086,-77.892138397311044],[161.96190815429614,-77.891567861055961],[161.962915796267652,-77.891330281380633],[161.964794130500451,-77.891305402402949],[161.965990744832737,-77.891798910389682],[161.966441392779473,-77.892528725236062],[161.965571878481853,-77.893321577685356],[161.965744186813822,-77.894051533940015],[161.966988703432065,-77.894711078341075],[161.967920243653737,-77.895205601166225],[161.969763673556628,-77.896202856933897],[161.970981521583468,-77.89674562767982],[161.973109593452591,-77.897733532748589],[161.974313019653067,-77.898284860398419],[161.977261564065714,-77.89931910795157],[161.979101071760255,-77.90024891800563],[161.981231720530985,-77.901236853838398],[161.983040768906704,-77.902001747041069],[161.98421988104505,-77.902445992535419],[161.987293342994491,-77.902914038882514],[161.989799586700201,-77.903285930274407],[161.991443429332008,-77.90343625447035],[161.992850015867219,-77.903637421491609],[161.994018559403003,-77.904023423472267],[161.99489334024085,-77.90428408441241],[161.995242941675173,-77.904623856434739],[161.995308000338753,-77.904905946110986],[161.994527121793936,-77.904967643821394],[161.992384870220036,-77.904994037229201],[161.99099877051151,-77.904842146772992],[161.988240109041556,-77.904529685582148],[161.985750073935293,-77.904283372184068]]]]}},
{"type":"Feature","properties":{"SURFACE":null,"SUBSURFACE":null,"SOURCE":null},"bbox":[165.679144203314337,-78.126617688301181,165.956520847142258,-77.999321187054363],"geometry":{"type":"MultiPolygon","coordinates":[[[[165.790117688163917,-78.013536249362062],[165.78550300857691,-78.013274662255867],[165.781710612444328,-78.013225384925931],[165.779269465375194,-78.012946551319317],[165.776225298575639,-78.011893704739535],[165.774242741534408,-78.010379977867288],[165.771681798947782,-78.008431732106047],[165.767823382839538,-78.007082109386857],[165.763696741280398,-78.005859179495971],[165.759049050002716,-78.005097241184018],[165.753876693450252,-78.004373273278688],[165.749253167204216,-78.003884876249359],[165.747627469914931,-78.003310416341591],[165.74694027730294,-78.002907663759402],[165.749044824676758,-78.001665746886374],[165.756401893893269,-78.001443459674093],[165.759733256900802,-78.001130707705698],[165.768352163222659,-78.00084318336468],[165.786265628289527,-78.000190247855755],[165.813734423419163,-77.999926057358323],[165.847185925276733,-77.999587937796349],[165.862719132113284,-78.00040207832896],[165.881583166586836,-78.001389471809233],[165.910858495598717,-78.002552748531741],[165.920851438925411,-78.003074038251668],[165.926253236523394,-78.003975329815589],[165.928751471250365,-78.00434963769942],[165.930927556939821,-78.005533346265906],[165.931244638243896,-78.006150748207432],[165.931574425054606,-78.006994141939444],[165.932429741998106,-78.007555074433853],[165.933836055180308,-78.008276135928867],[165.934949434178293,-78.008784767890006],[165.936344480039452,-78.009336220259215],[165.937738180871918,-78.009953309603375],[165.93859267007781,-78.010514156633747],[165.938632685879242,-78.01107016564174],[165.938419851993984,-78.011800788683004],[165.938449572858559,-78.01219665699314],[165.938517990674143,-78.013148467818553],[165.939136682381076,-78.014100743826162],[165.940725676537937,-78.013760925637044],[165.942297910762193,-78.013082246364533],[165.943060618126708,-78.012408400149098],[165.943829806554362,-78.011781836186032],[165.944053895604299,-78.011277132595609],[165.943459910747976,-78.010495161422369],[165.942576549751948,-78.009604244951788],[165.941447143383385,-78.008925838057337],[165.940319062600167,-78.008313208947698],[165.938385935033438,-78.007761935882442],[165.937298314451681,-78.007592651414996],[165.936179612019572,-78.007093140864185],[165.935878722387173,-78.006814591933917],[165.93662091612137,-78.005801715644409],[165.93683242729611,-78.005071032665441],[165.936197906122544,-78.003779919681946],[165.935580114279873,-78.002771329652958],[165.934962567406501,-78.001706415842335],[165.934329591057377,-78.000481086926683],[165.934246633035855,-77.999669346068757],[165.943423187258816,-77.999321187054363],[165.945396876104752,-78.000381546525816],[165.946800552243189,-78.001046070179811],[165.94849596941998,-78.002120060334803],[165.950770331345012,-78.003505787855346],[165.952753127607991,-78.004791815798711],[165.954186681244209,-78.005795775522415],[165.955071828588501,-78.006865080217707],[165.955719194385949,-78.008147321697152],[165.956341512823371,-78.009334376977378],[165.956424561991042,-78.010399519677421],[165.956520847142258,-78.011568617950019],[165.954702135935037,-78.012647583089759],[165.952824117861979,-78.012822220864095],[165.949597152562717,-78.012936105642424],[165.948257199866589,-78.013166857872449],[165.948880520270279,-78.014231970753258],[165.949482955252819,-78.015070675697444],[165.949292968916438,-78.016084115898593],[165.949055787709568,-78.016531811152333],[165.948848738985532,-78.017319051382003],[165.94839252567391,-78.018497040953918],[165.94791280035497,-78.019288892820271],[165.94799390706433,-78.020297661235915],[165.949400010481099,-78.021018521277014],[165.951350130571058,-78.021861509739352],[165.952260001300345,-78.023091688874118],[165.951802689593165,-78.024156973782127],[165.950520495567218,-78.025179424112522],[165.94872431940442,-78.026353566607369],[165.946928771412303,-78.027771852434284],[165.945143558392431,-78.029115580220562],[165.943583508561829,-78.030086079038043],[165.942584857816598,-78.031085744606429],[165.941879469709988,-78.032494979105309],[165.941422088724067,-78.033616661002412],[165.940969712635763,-78.034860664236064],[165.939407488293654,-78.035709036697867],[165.939500955249656,-78.036887511846416],[165.938779369701649,-78.038061222938126],[165.936926708583002,-78.038687975007022],[165.934812360936206,-78.03948891880529],[165.933814675139615,-78.040554423579934],[165.930687665731142,-78.042185380471778],[165.928845263167119,-78.043038019671926],[165.926837360608317,-78.045177832471168],[165.924742187657301,-78.046073697007103],[165.922915688393829,-78.047039860012575],[165.922138208223231,-78.047544081449161],[165.921678581187507,-78.048609431187884],[165.920416813094164,-78.049905427757039],[165.917788516470978,-78.051102276512381],[165.91516616521821,-78.052346390416616],[165.912272810827062,-78.053529477208613],[165.910164353688174,-78.054434078435563],[165.906449164410617,-78.055452377205171],[165.903288131310603,-78.056753020260601],[165.900666409038763,-78.058109876819756],[165.897794632713641,-78.059697909935196],[165.894681327435791,-78.061611483262183],[165.891277708086051,-78.063472418533124],[165.888919233153217,-78.064542487402633],[165.88575245766441,-78.065852270040907],[165.8814775394886,-78.06686961399015],[165.877493538962824,-78.068174438953108],[165.872978984026503,-78.069592527141921],[165.866038319937871,-78.071297570838269],[165.8612823218958,-78.073153894337139],[165.857856547636032,-78.074741352631563],[165.845660138815504,-78.079206533163983],[165.843518067282986,-78.079837003109887],[165.840329767678838,-78.080798084289853],[165.837661322559768,-78.081598378153231],[165.83528977094727,-78.082724147320818],[165.832113633772849,-78.084024038673064],[165.828386438508801,-78.085276408669642],[165.824651966835859,-78.086284135237747],[165.821728348562885,-78.087428091927805],[165.818260075833422,-78.088440291291292],[165.813154449042599,-78.089414010228651],[165.807518799276636,-78.090547917316371],[165.804045594909581,-78.091569193799558],[165.802479355447105,-78.092520919154182],[165.801177617516828,-78.093486461850901],[165.799619802170668,-78.094664136214377],[165.796710964612515,-78.09595918586794],[165.793516088424553,-78.097088965863605],[165.788669163606073,-78.098010288181982],[165.785198965647567,-78.099022302458764],[165.782264430639145,-78.099987128631298],[165.779600825736367,-78.100890938125957],[165.776678300896009,-78.102138287513284],[165.774032876394642,-78.103437714997426],[165.769780776720353,-78.105076015589972],[165.765529619682951,-78.10682713457409],[165.75965787938955,-78.108859997974307],[165.75430236436182,-78.110384182590607],[165.748950566030572,-78.112143487291732],[165.744988859799207,-78.114172907103693],[165.740451448896806,-78.115805669204576],[165.73590655862057,-78.117344048772864],[165.730770420637953,-78.118137133056095],[165.725656245988432,-78.119269681051762],[165.72030435925069,-78.121085288396912],[165.716027404412159,-78.122609442449985],[165.710922462650018,-78.12396798514385],[165.705792696944144,-78.124873992014557],[165.699821535671333,-78.125510196429445],[165.694658772188404,-78.125972521484002],[165.688953486066993,-78.126378086405666],[165.682417117767812,-78.126617688301181],[165.679144203314337,-78.126567965954123],[165.679679671442273,-78.126342265759973],[165.682100465807508,-78.125830163575458],[165.685355675555058,-78.125371278864677],[165.689152492599817,-78.12503481747045],[165.694037310276713,-78.124398205798769],[165.701841476995412,-78.122702085014225],[165.705638188477337,-78.122186863242788],[165.708060787072725,-78.121561938092455],[165.710992891701636,-78.120493735273556],[165.713945251836947,-78.119520590307175],[165.717429251060082,-78.118622312236724],[165.720371851982492,-78.117488853550242],[165.730238718648536,-78.113701180948581],[165.733958039092471,-78.112129084575713],[165.736084936312011,-78.111225458371152],[165.73929314467108,-78.110096521985653],[165.741151152092328,-78.109413774253667],[165.742730871224666,-78.108340519397075],[165.744846163786946,-78.107267127830056],[165.746944657961649,-78.105920318308847],[165.755695468489648,-78.101970931068053],[165.757547156321863,-78.101062327735178],[165.759394990597883,-78.100050154595678],[165.761200967655469,-78.098415570407582],[165.764111241165693,-78.097064344031708],[165.772076586919582,-78.093844558547602],[165.778747321025691,-78.091694043257547],[165.78088014042109,-78.091072680575209],[165.78510477696949,-78.088869384952858],[165.787193244864596,-78.087578577777649],[165.789047446773395,-78.086726539344397],[165.790086948326831,-78.085878882614182],[165.790283025181424,-78.084817999008294],[165.791585522310271,-78.083796189992754],[165.793970237564793,-78.082896750232351],[165.796102808289817,-78.082219017993083],[165.79741712921691,-78.081536086403858],[165.798172941804438,-78.080636047056743],[165.799191550342584,-78.079571239078462],[165.800226471223255,-78.078667013817849],[165.801239384377197,-78.077601922699586],[165.802530866697282,-78.076476242096419],[165.803538363183492,-78.075288746188505],[165.805107876441099,-78.074215201524424],[165.806660962396307,-78.073150201052414],[165.808179195669283,-78.071463318268073],[165.809188981239089,-78.070229009327733],[165.811835537047216,-78.069211814514887],[165.821163641146114,-78.066373706916579],[165.823005962097511,-78.065586913220855],[165.825649596620025,-78.064400463960411],[165.826970946708173,-78.063830701906497],[165.829061277459601,-78.062643536071903],[165.83142807217547,-78.061517790212534],[165.833767352052035,-78.059939714092266],[165.835556359933463,-78.058361092447271],[165.83605934702689,-78.057739208313947],[165.836241148684365,-78.056339670183277],[165.835902006860493,-78.055504712663378],[165.835306160552221,-78.054609372186704],[165.83470384000708,-78.053704295219674],[165.835183580040876,-78.052752436861596],[165.835662634985511,-78.051856908498877],[165.835615181327029,-78.051065374453415],[165.835263904504359,-78.04989161372113],[165.834903980672607,-78.04866103836288],[165.835108860425635,-78.047591500962682],[165.834770652294139,-78.046578110810685],[165.834780819946133,-78.042821273546139],[165.834027586916363,-78.039569332509743],[165.833942414583277,-78.038221625365225],[165.833210037403688,-78.035421652628685],[165.831758866304938,-78.03396486107205],[165.828700731127611,-78.032790234082427],[165.82477241303846,-78.030611805488192],[165.821397057632254,-78.028828595346837],[165.817433631853447,-78.026150224684287],[165.813246043225604,-78.024192683421973],[165.810182348871933,-78.022857652735681],[165.806026438308777,-78.021296110187407],[165.802415296548816,-78.019847618697355],[165.799343532835962,-78.018399197870124],[165.797083402526994,-78.016767901738262],[165.793728600323988,-78.015041420810192],[165.790117688163917,-78.013536249362062]]]]}},
{"type":"Feature","properties":{"SURFACE":null,"SUBSURFACE":null,"SOURCE":null},"bbox":[165.787444909225314,-78.130279770982966,165.796597178902857,-78.12794637732658],"geometry":{"type":"MultiPolygon","coordinates":[[[[165.794673221265498,-78.128015920332345],[165.796585213527976,-78.12794637732658],[165.796597178902857,-78.128238288175766],[165.796062525037172,-78.128464143796478],[165.795254807718152,-78.128638190953012],[165.793913292336441,-78.128972361347792],[165.792568357070422,-78.129259368468681],[165.790407073869318,-78.129654187409585],[165.787444909225314,-78.130279770982966],[165.787675608258894,-78.129662208482699],[165.788465091392254,-78.129101957309686],[165.789527187688662,-78.128706260986505],[165.79088337489182,-78.128476234249462],[165.79304332227818,-78.128250492343767],[165.794673221265498,-78.128015920332345]]]]}},
{"type":"Feature","properties":{"SURFACE":"moraine","SUBSURFACE":"ice","SOURCE":null},"bbox":[161.52547711340415,-77.872760106951262,161.680675688766627,-77.772739386266124],"geometry":{"type":"MultiPolygon","coordinates":[[[[161.574410503937457,-77.853028935989059],[161.576088317091831,-77.852110150588615],[161.578275630545562,-77.851073556487904],[161.581247254503921,-77.848806066177247],[161.582135707095148,-77.847947128155781],[161.583027122315997,-77.847155577941336],[161.582907097965972,-77.846600183215841],[161.583222150678523,-77.845585899018431],[161.583648040438504,-77.845011215024456],[161.584786049938202,-77.842922334603315],[161.584783931755027,-77.841626735487651],[161.58406909879011,-77.840856895822384],[161.582817429982015,-77.83996301996612],[161.582625682509445,-77.839066734082081],[161.581622370050638,-77.838180667099991],[161.581147633415981,-77.837235725484319],[161.581026073705516,-77.836670622971425],[161.580287224702857,-77.835726327743174],[161.579823338950007,-77.834762943457378],[161.579135814652062,-77.834100524009671],[161.577744172518777,-77.832601770244167],[161.576155993421878,-77.831377071018821],[161.574648714276066,-77.83060905166549],[161.573359478676622,-77.829606825987852],[161.572328053459813,-77.828488348022617],[161.571322503136912,-77.827544409169334],[161.569865079393679,-77.825762589736883],[161.569029962693435,-77.824369967056057],[161.569442132931385,-77.823803964056452],[161.570157514530365,-77.82340322888723],[161.570300519867061,-77.822779920357448],[161.570857308541804,-77.821715486558247],[161.570623144225465,-77.820585843586343],[161.570664425718746,-77.819513956918655],[161.57014943589266,-77.818402946949561],[161.569934629936228,-77.817389818621237],[161.569190133579639,-77.816387406603155],[161.56844961002426,-77.815442843474329],[161.568261445709823,-77.814537140285807],[161.568044736439845,-77.813533463943955],[161.567617232428091,-77.812802842235214],[161.567913934856449,-77.811739335479885],[161.568278808901482,-77.810949329334605],[161.56915771592773,-77.810032373241469],[161.57029076978634,-77.80913331455757],[161.571373702908403,-77.808000430233605],[161.572502097933864,-77.80703389051898],[161.573560285603804,-77.805784136304538],[161.575591921631826,-77.804017579354365],[161.577992202833997,-77.802814361363446],[161.578834767847155,-77.80179896652065],[161.580751090151523,-77.800830382713542],[161.58266786360079,-77.799794673136958],[161.585085406477077,-77.798640700843663],[161.587555369506504,-77.797778281660797],[161.589784823960855,-77.797033267646157],[161.592507835586815,-77.796044741780108],[161.59548014600017,-77.795064169362917],[161.598234635568019,-77.794250566771808],[161.600234649180635,-77.79360454994783],[161.603257059680374,-77.792848170762838],[161.605555072998612,-77.792434181518459],[161.607826794571025,-77.791845646886287],[161.609328110534136,-77.791375613433473],[161.611861873871931,-77.7907959093328],[161.614345970021901,-77.789982465469762],[161.616600438045936,-77.789344742653512],[161.619901607638127,-77.78863670999489],[161.62239009790332,-77.787881130876997],[161.625609601125035,-77.786716483977244],[161.633456065519226,-77.784965731789939],[161.636743692941053,-77.784132004195087],[161.638466393369384,-77.783504861416219],[161.641530785652037,-77.78297197330194],[161.643818007900194,-77.782432441054354],[161.647138171288702,-77.781840760207643],[161.651365492342649,-77.780507101494948],[161.653801975141988,-77.779527254125711],[161.658309794211448,-77.77824206938709],[161.664563403717551,-77.776494401893473],[161.667287391124944,-77.775630654022635],[161.670621887746819,-77.775030319239946],[161.672346646157848,-77.774451278615047],[161.673063881903744,-77.77410842024706],[161.674061033297789,-77.773823562498762],[161.675056592260376,-77.773461874939002],[161.67685061221087,-77.77316579645732],[161.67813904749039,-77.772987677391598],[161.678903571078195,-77.772868697991214],[161.680477764356027,-77.772739386266124],[161.680675688766627,-77.773635495389158],[161.669733544911082,-77.777068206011919],[161.667292748553024,-77.777980633196961],[161.665315432227317,-77.778676239690057],[161.663118382876803,-77.779548238116803],[161.661401343070622,-77.780175801658231],[161.65863648818447,-77.780940822305155],[161.656395152883647,-77.781637087722032],[161.654892615629933,-77.782049529304373],[161.651560880368805,-77.782582923385078],[161.647479475858006,-77.783351399092851],[161.645188418205322,-77.783890694557357],[161.643466911989634,-77.784460393819273],[161.640431369016056,-77.785168005374658],[161.636087353325053,-77.786004307753657],[161.63361941193682,-77.786866881698614],[161.631613841185072,-77.78744539685637],[161.629156278897938,-77.788375852262689],[161.627147394349436,-77.788896579639257],[161.625140375751016,-77.789484585290111],[161.622649980566024,-77.790230476131313],[161.621413836022867,-77.790699987747743],[161.620166394999899,-77.791043996801406],[161.609093416494289,-77.793968600105131],[161.60708146818277,-77.794489094205787],[161.605116064344713,-77.795243115045295],[161.602898912508664,-77.796113752204121],[161.600651567693774,-77.79680957459702],[161.599690873438391,-77.797269689798682],[161.59848955932847,-77.797837609569257],[161.59703442204264,-77.798531595943956],[161.595618240874614,-77.799381840765349],[161.593344378078257,-77.79991270311578],[161.591880906848189,-77.800548547520052],[161.59071119644716,-77.801291416113685],[161.59006263695025,-77.801965409153212],[161.588888848456577,-77.802708002368632],[161.588336351310062,-77.803839731276412],[161.587452409075013,-77.804689085332029],[161.586248509209497,-77.805256868659129],[161.585047590347074,-77.805892031902133],[161.584838982780497,-77.806174811270154],[161.582154227282956,-77.808567114760876],[161.581502686652755,-77.809250542894006],[161.58109369124594,-77.809807102648548],[161.580775480644633,-77.81076347074486],[161.58066269961023,-77.811503996812462],[161.580559257621815,-77.812225990296682],[161.579770149399906,-77.813533081240578],[161.579409849335406,-77.814380955345953],[161.579068238826153,-77.815220552252839],[161.579792043326279,-77.816115874346096],[161.581054647441221,-77.817001088287171],[161.582107281312005,-77.818168991350475],[161.581775302276185,-77.819134012758539],[161.582328810759549,-77.820477928405069],[161.582579813474865,-77.821589476141114],[161.582509910007417,-77.822486560857399],[161.583537836844982,-77.823547138098306],[161.584518676858039,-77.824383693549521],[161.586943954425152,-77.827000901768614],[161.588140170105902,-77.827545479664494],[161.590182561792744,-77.828370142192782],[161.59191161684447,-77.828980872972465],[161.592840327947755,-77.829525818333366],[161.59601657909144,-77.830679432974762],[161.596443418798515,-77.831400226632738],[161.597427068527765,-77.832236836866286],[161.599295317295116,-77.833452111573322],[161.602293700168104,-77.834938485998336],[161.60431360005083,-77.835646184191702],[161.607148407351787,-77.836410964753682],[161.609716302675992,-77.837166584045363],[161.613393056141916,-77.838086183117994],[161.616182380152935,-77.838626941833596],[161.620073349575165,-77.839311946390538],[161.624781043901635,-77.840054029949727],[161.62973411760882,-77.840736413699531],[161.635183053009371,-77.841184743205588],[161.637371073006392,-77.841443289745229],[161.640375659174396,-77.84175890600838],[161.642821890811376,-77.841891556248186],[161.652386354938699,-77.842866921851453],[161.657536930801683,-77.843217101166474],[161.662383876597374,-77.843325356222849],[161.665581087668613,-77.843299180978434],[161.669062657653114,-77.843311997729373],[161.670436066040253,-77.843532531365355],[161.67238190420278,-77.84385054339873],[161.673797244787579,-77.844160296617332],[161.672792225715114,-77.844454637344214],[161.670894459827394,-77.844370178126667],[161.668463069202318,-77.844219689513494],[161.665752458075161,-77.844078459660594],[161.663588655690887,-77.843937005608097],[161.660365220160486,-77.84385582919073],[161.656332485794081,-77.843785234377407],[161.653405071173324,-77.843868526021708],[161.64996766974798,-77.84402167442056],[161.646240151593332,-77.844048994398563],[161.642136977721719,-77.843647111343643],[161.640492483604191,-77.843436227285665],[161.637692471254184,-77.842904712866329],[161.633555664226463,-77.84232762434165],[161.630020317713786,-77.842022766276884],[161.624499952183982,-77.841243160883522],[161.620075145757596,-77.840549688363396],[161.617022642865493,-77.840019364939536],[161.613180295290761,-77.839548799884355],[161.611548021218795,-77.83946325084959],[161.60878023903814,-77.838971924734039],[161.605686227267057,-77.838275394585111],[161.600419806294241,-77.837368948512704],[161.594904762953689,-77.836588838878711],[161.591641388787906,-77.835102944212579],[161.589914599401453,-77.834559593112374],[161.588878538490121,-77.834678807441563],[161.588368012911246,-77.835976774189064],[161.589333544031888,-77.836812162491256],[161.590886007719376,-77.837746282123462],[161.591351723936953,-77.838700115574525],[161.592070031222477,-77.839537321496167],[161.593098970639801,-77.840597805149955],[161.594032471088411,-77.841143027123209],[161.594712836272805,-77.841871997471785],[161.594852865547125,-77.842543894311319],[161.599607955743124,-77.845918829731943],[161.600257877331984,-77.847720274185164],[161.601194853822079,-77.849561003139286],[161.602579468140135,-77.850943707900754],[161.603370463674025,-77.852121712956816],[161.604441527741471,-77.85340566716161],[161.60585171826699,-77.854905237526594],[161.606336159488677,-77.855917825372742],[161.60739464064207,-77.857085711451859],[161.607583180237299,-77.857924065727701],[161.607875329243285,-77.859268603526274],[161.608891732429868,-77.860270403421524],[161.609973092340425,-77.861554982752935],[161.609947539485518,-77.862618226103791],[161.610356048187327,-77.863289645587514],[161.611106048446288,-77.864301565939769],[161.611656291169652,-77.86552019512294],[161.611900537786141,-77.866707836732374],[161.612355742571282,-77.867545616332038],[161.614039715048165,-77.869092912546947],[161.615226858707132,-77.869655589888168],[161.615060495332472,-77.870104513725295],[161.614641756646307,-77.87060297134181],[161.614474541307487,-77.871061433270256],[161.614398410795559,-77.871391932158019],[161.613775557499565,-77.871511533488089],[161.612497920120632,-77.871806073176629],[161.610940035564141,-77.872052247010188],[161.608841552729473,-77.872241453695182],[161.607010140346802,-77.872420526171112],[161.601983812351648,-77.872760106951262],[161.602004316816505,-77.872742415399898],[161.603567930960764,-77.871393137617503],[161.602363454315082,-77.870781192759125],[161.601672637994,-77.870118788098537],[161.601212768618723,-77.869223042658845],[161.601641924259923,-77.867477893562906],[161.602538822743469,-77.86674419608633],[161.602563576942089,-77.865623271389808],[161.60209804065974,-77.864659963456077],[161.601355823921807,-77.86371567840078],[161.600905553098386,-77.862935740019992],[161.600464154682186,-77.862098846280503],[161.599092993207222,-77.860697926456226],[161.598107357139099,-77.859870906873397],[161.597053535880093,-77.858760832391468],[161.596063748124863,-77.857866327776748],[161.595876010486847,-77.857027965628703],[161.595726630682407,-77.856297839662375],[161.595610753904054,-77.855790757031571],[161.595247060016021,-77.855343085428444],[161.595200750548571,-77.855119144486096],[161.595131662072617,-77.854845630502439],[161.594511224946075,-77.854456740173589],[161.593684022971416,-77.854293255479647],[161.592582539626619,-77.854196916866528],[161.591521475943011,-77.854199361430631],[161.590003827806385,-77.854611226349803],[161.588348933236034,-77.85440893118799],[161.588301474824561,-77.85418489972632],[161.588512948794374,-77.853892645827727],[161.588135912848202,-77.853453604922606],[161.585973459697271,-77.85330208362484],[161.584527674129816,-77.854054823293879],[161.582867837090788,-77.855022878779437],[161.581465905447715,-77.855932247085903],[161.580286332956518,-77.856674874690839],[161.579730554658653,-77.857806695216652],[161.57752540663634,-77.858784560805432],[161.575565245812157,-77.859587669218087],[161.572313239480451,-77.860626537204226],[161.569283909431078,-77.861508267800701],[161.565985049102295,-77.862323115573915],[161.563169638468537,-77.862970304133583],[161.559869964401912,-77.863785079976623],[161.55779476868301,-77.864023468051244],[161.555413219732486,-77.864163576306609],[161.553297691289487,-77.864360719986465],[161.550146575847037,-77.864609978566179],[161.549394065816898,-77.864845133034166],[161.548381380160919,-77.86507163205151],[161.547894961300727,-77.865306258870191],[161.546578544507469,-77.865434658358467],[161.544724644840329,-77.865563731761512],[161.543403135285985,-77.865634171095834],[161.541875685406808,-77.865978113499452],[161.540140422298265,-77.86661463078056],[161.531609628964645,-77.868041189742016],[161.529255995942151,-77.868355898108064],[161.526338424589653,-77.868438997394335],[161.52547711340415,-77.868224909888369],[161.525797567426821,-77.867210653589638],[161.526254642843696,-77.866810775169995],[161.528544263302592,-77.8662228279331],[161.531631987747517,-77.865690926187341],[161.535512636890275,-77.86503230099899],[161.536517730265246,-77.864680512888569],[161.538278317596706,-77.864160991753096],[161.541887273870969,-77.863512058305588],[161.543961102638121,-77.863206489794521],[161.54673840676088,-77.862451166471857],[161.549001105559853,-77.861755709872838],[161.550490881046557,-77.861178782155136],[161.552517271488114,-77.860649109191073],[161.554826156552366,-77.860177646404438],[161.558468828278023,-77.859761354461511],[161.560246549342139,-77.859291002658324],[161.562486075338285,-77.858536324022253],[161.564363998016063,-77.857276419706821],[161.566772144636985,-77.856015332914254],[161.569466272043286,-77.854870289860159],[161.571712562030967,-77.854183291795735],[161.574410503937457,-77.853028935989059]]]]}},
{"type":"Feature","properties":{"SURFACE":null,"SUBSURFACE":null,"SOURCE":null},"bbox":[165.784725235296122,-78.127014592254014,165.811025984437975,-78.116311432591132],"geometry":{"type":"MultiPolygon","coordinates":[[[[165.79702195958734,-78.122115225059915],[165.795070455096834,-78.121449747574999],[165.792062665500367,-78.121405724596741],[165.790736312744741,-78.121853385910299],[165.790759189395686,-78.122305611471518],[165.788328088706834,-78.122705073674439],[165.784725235296122,-78.121812440186844],[165.786009598170352,-78.120516903175854],[165.790052782797488,-78.119722324598726],[165.792738006756991,-78.119044845715322],[165.797314296488224,-78.118127670458662],[165.802143704866353,-78.116885393884147],[165.804832899205138,-78.116311432591132],[165.805932194994739,-78.116415686386759],[165.806776101766843,-78.116873065284722],[165.806545901803531,-78.117546965442457],[165.807705017595453,-78.11861268837994],[165.808267284475278,-78.118886261290243],[165.808846119594307,-78.119329817643205],[165.805093586451022,-78.120355840415641],[165.802168492999158,-78.121537704943592],[165.804943747531809,-78.1223211788311],[165.807962392192479,-78.122478362901973],[165.810435536347342,-78.122813820371789],[165.811025984437975,-78.123417692310326],[165.810518269675413,-78.123983196360498],[165.809174911886743,-78.124326687387608],[165.808645298041142,-78.124609181104049],[165.806758445543863,-78.12495256453461],[165.805675271467976,-78.125187447750477],[165.803257422692951,-78.125691093537441],[165.800816317556865,-78.125921029577285],[165.797567043478949,-78.126268591035],[165.794315149323978,-78.126785124301335],[165.790243256469211,-78.127014592254014],[165.788579231721314,-78.126749332136171],[165.789921106119664,-78.126293056637891],[165.792340079223948,-78.12566739397694],[165.794493331543066,-78.125215807281506],[165.796909701386198,-78.124646372425346],[165.798226681395136,-78.123916299835813],[165.798446444859877,-78.123072692203806],[165.79702195958734,-78.122115225059915]]]]}},
{"type":"Feature","properties":{"SURFACE":null,"SUBSURFACE":null,"SOURCE":null},"bbox":[165.659620193873621,-78.08569367131922,165.71684641702646,-78.075157728326005],"geometry":{"type":"MultiPolygon","coordinates":[[[[165.677428509747642,-78.084991302163559],[165.674148648559395,-78.08465852700985],[165.671695140626213,-78.084547913737012],[165.668433531369885,-78.084620262348537],[165.66517519891093,-78.084561131638964],[165.661874365997136,-78.084020252231639],[165.660217522546702,-78.083509718603992],[165.659620193873621,-78.082509839522615],[165.660123210306125,-78.081662079561099],[165.661445311239589,-78.080979794897075],[165.662519247876446,-78.080641653556725],[165.664945949592095,-78.080243320621392],[165.667640868629292,-78.079962544724523],[165.669524575778098,-78.079620132035629],[165.671406954107283,-78.07916483284427],[165.673829052058807,-78.078766211997234],[165.677355984560336,-78.07865148173947],[165.680616992548892,-78.078644889683346],[165.683864858649628,-78.078346158405139],[165.687392883634715,-78.078174969260274],[165.690889784390635,-78.077494502666724],[165.691676484089186,-78.077103571415478],[165.693026112226448,-78.076751709993033],[165.695160735983109,-78.076131022871749],[165.698123712724907,-78.075619776048384],[165.700268948372837,-78.075281620385894],[165.703805468395217,-78.075157728326005],[165.707357861438055,-78.075654979814871],[165.710128553251508,-78.076543382020461],[165.712614334917674,-78.077275756985529],[165.714841762168874,-78.078107288806379],[165.716253164044957,-78.079055643055852],[165.71684641702646,-78.079895155449421],[165.714973830698682,-78.080407586716149],[165.71091802133688,-78.08087094234034],[165.706594539620767,-78.081273170993171],[165.703904648410628,-78.081780145104389],[165.702586423698705,-78.082575507352402],[165.700725443610054,-78.083361099935658],[165.698054014372531,-78.084263819151289],[165.694844540060785,-78.08505360326518],[165.69188018120397,-78.085574282603602],[165.6886146498546,-78.08569367131922],[165.685078797866197,-78.085648375438481],[165.681530982011111,-78.085433193932403],[165.677428509747642,-78.084991302163559]]]]}},
{"type":"Feature","properties":{"SURFACE":"moraine","SUBSURFACE":null,"SOURCE":null},"bbox":[162.080384530317588,-77.901915046961335,162.324925688604878,-77.853741601409652],"geometry":{"type":"MultiPolygon","coordinates":[[[[162.094153431013154,-77.887561443903365],[162.092308205522784,-77.88668992786161],[162.090980437401043,-77.886666844455689],[162.088241696742756,-77.886796824344188],[162.087026382461005,-77.887221531688766],[162.08699466033346,-77.888071033521953],[162.089360873240935,-77.889006645070509],[162.0912282324241,-77.889822262290394],[162.094113412103553,-77.890773843050241],[162.095369528548702,-77.891806310949562],[162.096086386293706,-77.892830915973249],[162.096068632597309,-77.893671762889682],[162.09568033075783,-77.89400905887031],[162.093884691159303,-77.893753387015536],[162.09144984736065,-77.893042896810542],[162.088390051861552,-77.891801959868317],[162.085567759827512,-77.890644044720887],[162.083610771103764,-77.889315112857034],[162.081938552872231,-77.887938480687509],[162.080643490550983,-77.886281193277384],[162.080459725026344,-77.885263925212413],[162.080384530317588,-77.883919097258612],[162.080816353144968,-77.882685252872776],[162.081519717044785,-77.881450716205194],[162.082989911640226,-77.880296969140531],[162.085761240804032,-77.87926985911534],[162.089618813322147,-77.878201672818108],[162.093978287885818,-77.877253665149382],[162.098267400277564,-77.876473091305641],[162.102545639947976,-77.875749159775609],[162.106527406714577,-77.87508162853257],[162.111369876688912,-77.874261956903425],[162.117269205036592,-77.873494769363589],[162.123177169903443,-77.872689823841014],[162.128498876046876,-77.872036410841758],[162.136053276138284,-77.871132397225992],[162.141097058588343,-77.870479139306596],[162.145847816725194,-77.869930340361961],[162.150301241167085,-77.869437885473005],[162.153611369061963,-77.869154965197126],[162.155254576907225,-77.869065300003058],[162.157115109700612,-77.869095547503989],[162.156898206354413,-77.869759990921963],[162.155624898928238,-77.870314698654084],[162.150755259096087,-77.871247785184948],[162.147529230602402,-77.872043385617417],[162.144116917593038,-77.872615919234732],[162.140919947749097,-77.873346503017544],[162.143621341724156,-77.873280676204288],[162.148076092306951,-77.872788254463416],[162.153693447009999,-77.872077925742204],[162.160380147573562,-77.871334643920548],[162.166186424456328,-77.870809096012437],[162.171479513114349,-77.870210511217323],[162.178363401463571,-77.869690671496599],[162.184362379395338,-77.869388265507823],[162.189769692417542,-77.869246621681341],[162.193843117178204,-77.869081766026696],[162.198569464232179,-77.868587978208438],[162.20317753167177,-77.867646275302718],[162.206761618753774,-77.86656851576808],[162.209257327431686,-77.86553206697242],[162.211183461101683,-77.863768728286217],[162.213353265454742,-77.862107918707224],[162.215978990094783,-77.860678696735235],[162.220679063211691,-77.859456370607859],[162.225638978134469,-77.858232433435916],[162.2313346850963,-77.857201505008135],[162.237470074443877,-77.856496540675849],[162.244104377707373,-77.855863347728274],[162.25064619200279,-77.855510604927915],[162.254778946120581,-77.855177135323729],[162.259453760523883,-77.854794080923313],[162.262457195956358,-77.85461391000932],[162.267097047631211,-77.854343109236396],[162.273108530421325,-77.853982912795232],[162.278534385308831,-77.853774386740881],[162.283355958824927,-77.853744969998971],[162.289239192562036,-77.853767713935753],[162.295677415173316,-77.853741601409652],[162.302332574075848,-77.853844592456568],[162.309257559677093,-77.853946413790794],[162.314267812755929,-77.854187138627253],[162.318481213384757,-77.854412522003898],[162.321557406767397,-77.854800451392208],[162.324925688604878,-77.855179253372469],[162.322649607534231,-77.855552183991804],[162.319090580738646,-77.855829491339648],[162.314152940417614,-77.856157608919588],[162.309021184191209,-77.856310162350297],[162.302625080787237,-77.856215267106805],[162.296253923600602,-77.856064546209652],[162.289414864909759,-77.855681509894609],[162.283574348100672,-77.855537449404224],[162.278775569579238,-77.855472868016889],[162.274468728278691,-77.855527315586627],[162.269654350196674,-77.855509314552449],[162.266078364407065,-77.855794427801797],[162.263838524244363,-77.85610252219719],[162.259871750011342,-77.856772325265808],[162.255435783395512,-77.857209759378904],[162.249900112233803,-77.857754716878006],[162.245411351490446,-77.8583605639799],[162.242528560215192,-77.858988530535882],[162.239080668819525,-77.859674014240824],[162.23567621075037,-77.860247680380795],[162.232214336797483,-77.860979991373654],[162.229900685662301,-77.861502861012809],[162.227436992672693,-77.862436300873071],[162.22529518168335,-77.863238466258096],[162.223162150697476,-77.864002981458327],[162.220463657729198,-77.86486323209644],[162.218396080030942,-77.865440931458039],[162.214836035337271,-77.866462999037338],[162.211027105744279,-77.867420463681967],[162.207201307393206,-77.868434153649403],[162.205109415681363,-77.869077137184703],[162.203335861639943,-77.869559910958642],[162.202060378834972,-77.870162355968802],[162.200732494301349,-77.870885583953054],[162.194959834562582,-77.871347095968716],[162.188849149304104,-77.8719865238198],[162.18239918990875,-77.872794219238273],[162.176596528630256,-77.873320375428662],[162.170162391088525,-77.874081133802108],[162.163996101157466,-77.87487903379845],[162.157636397591745,-77.87545333804529],[162.152653274524539,-77.875891086743465],[162.14850177677161,-77.876279815608456],[162.144664379805192,-77.876508004798353],[162.139455296106433,-77.876825055504398],[162.13642658702426,-77.877060062196605],[162.13311130294926,-77.877342603136228],[162.128100077179909,-77.877883349384518],[162.123866259563187,-77.878495837097731],[162.120743907179076,-77.878963554810582],[162.117354498355155,-77.879470560030313],[162.114244958707161,-77.879929539182854],[162.111690826194859,-77.880340039443269],[162.110827534825745,-77.880501576587022],[162.108535760771815,-77.880910712579407],[162.106459627455848,-77.881497116973975],[162.105633244800998,-77.88233091401861],[162.105363837292657,-77.883116366195608],[162.105572023291018,-77.884068151838051],[162.106576040380048,-77.885045175976842],[162.108921278661029,-77.88603653608692],[162.111828844748032,-77.886932000006084],[162.114493822287812,-77.887763135445084],[162.117712591073115,-77.888545614831173],[162.118437508027284,-77.888776484463037],[162.119657629004877,-77.889136553287258],[162.121377747610467,-77.889606999091413],[162.124400081820994,-77.890165563791598],[162.126566254687816,-77.890924453389673],[162.127401206536064,-77.891612375119777],[162.127983625706833,-77.892244935795858],[162.129436447647549,-77.893500822118696],[162.131258020216166,-77.894437213270066],[162.13166305615934,-77.895622195919827],[162.131572886398544,-77.896639755598855],[162.131675708282188,-77.897928672947472],[162.131031676518774,-77.898994897084393],[162.130502252393569,-77.899772299781034],[162.129698527863127,-77.900540731112443],[162.129750670018126,-77.901166115381656],[162.129579982268723,-77.901671199735176],[162.12896823170189,-77.901888159215019],[162.126829716596859,-77.901848830391586],[162.123316272671673,-77.901907862147269],[162.119550001556377,-77.901911480645552],[162.115783724054836,-77.901915046961335],[162.112900302854257,-77.901700827282198],[162.111630135165825,-77.9015096311321],[162.110273611153332,-77.90075763122789],[162.109892434455162,-77.899516681328663],[162.108932086352695,-77.898427882850058],[162.106598620168,-77.897380052381408],[162.104718719300251,-77.89662124021477],[162.103190637375519,-77.895589609967061],[162.102118545240444,-77.894043446011949],[162.101211602410473,-77.892001325915388],[162.10019389832479,-77.890296147193226],[162.099454885145349,-77.889327480237313],[162.096848757506478,-77.888327903502073],[162.094153431013154,-77.887561443903365]]]]}},
{"type":"Feature","properties":{"SURFACE":null,"SUBSURFACE":null,"SOURCE":null},"bbox":[165.803921443106873,-78.118183201131075,165.826289211042081,-78.114405013621266],"geometry":{"type":"MultiPolygon","coordinates":[[[[165.821343244846048,-78.114531092200238],[165.825419732776197,-78.114405013621266],[165.826289211042081,-78.115136083351231],[165.825806217677496,-78.116088030171895],[165.824513954342791,-78.117101225963239],[165.821570792687339,-78.117897002367656],[165.817501798975911,-78.118183201131075],[165.815549082412844,-78.117574207535725],[165.814667565873975,-78.116560585914016],[165.809987466224698,-78.116025608281504],[165.804234817398822,-78.115528600961227],[165.803921443106873,-78.114910935997727],[165.809350410901715,-78.114507915908035],[165.816166922095931,-78.114487108137538],[165.821343244846048,-78.114531092200238]]]]}},
{"type":"Feature","properties":{"SURFACE":null,"SUBSURFACE":null,"SOURCE":null},"bbox":[165.645708957162185,-78.106898356760297,165.671434362971894,-78.092449349184776],"geometry":{"type":"MultiPolygon","coordinates":[[[[165.653070716282684,-78.092449349184776],[165.654709797111281,-78.092498262005449],[165.656353605177998,-78.092726045202539],[165.658275902328654,-78.093053124634366],[165.660197840683992,-78.09350238588118],[165.66157542088402,-78.093894707977213],[165.663231534985925,-78.094282906432881],[165.664634492946703,-78.094949180906397],[165.666574276228232,-78.095615540579388],[165.66796545963328,-78.096177747346758],[165.668801547826746,-78.09656966451557],[165.668546923227439,-78.096904087489833],[165.666958451677914,-78.097638265174027],[165.666178518479114,-78.09831165187741],[165.665939249120271,-78.099041745313329],[165.669222801721162,-78.099431029535722],[165.670594984758253,-78.099540939390494],[165.671434362971894,-78.099867199218366],[165.670651568332062,-78.100606252907454],[165.669863820057884,-78.101110018994206],[165.669909901180063,-78.101949155784339],[165.670206392812446,-78.102519447764038],[165.670235551405398,-78.102962841633243],[165.669996434283377,-78.103692944270009],[165.670025228259306,-78.104258536546183],[165.670352648143336,-78.10515009921977],[165.670664009320575,-78.105880993102545],[165.669599788379884,-78.106445432733906],[165.667160061347971,-78.106674188187554],[165.664455116533816,-78.106898356760297],[165.660356861516988,-78.106861050821138],[165.656803248793949,-78.106589140577938],[165.6535179716671,-78.106256109004178],[165.650234379320153,-78.105866705151399],[165.648015291284878,-78.105147916907356],[165.64688075136209,-78.104251264750886],[165.645748519160492,-78.103523962899928],[165.645708957162185,-78.102854314341386],[165.64706247303954,-78.102568454065363],[165.649503076357945,-78.102339947125046],[165.651399935012137,-78.102110946225395],[165.651911349332835,-78.101658423090868],[165.651065534482797,-78.100983867647216],[165.65076148568204,-78.100431911313578],[165.651008192424854,-78.099862004478211],[165.652341378558646,-78.099415239354357],[165.653675937579948,-78.098912134755068],[165.653655923696704,-78.098450387769006],[165.653354883894764,-78.09783278541768],[165.653046797099762,-78.09728062291731],[165.653276424556964,-78.096437171845551],[165.65322901362174,-78.095541495839797],[165.653193065982634,-78.094872069401902],[165.650673364044707,-78.093347589899921],[165.650103229966419,-78.092847393725236],[165.651166545765193,-78.092508654528913],[165.653070716282684,-78.092449349184776]]]]}},
{"type":"Feature","properties":{"SURFACE":null,"SUBSURFACE":null,"SOURCE":null},"bbox":[165.839486443889285,-78.113789104959196,165.903554234002314,-78.104592897502087],"geometry":{"type":"MultiPolygon","coordinates":[[[[165.865474884856553,-78.106209743866131],[165.866497690879129,-78.105304743055626],[165.870053492852094,-78.105348423021283],[165.872789160669271,-78.105621892695481],[165.875859742353384,-78.106626551529956],[165.878607958015323,-78.106891200452537],[165.882907728835875,-78.106156127511682],[165.886121122737165,-78.105355309249603],[165.892339873866149,-78.104719621968258],[165.898051556714336,-78.104592897502087],[165.902156549520356,-78.104861841497012],[165.903554234002314,-78.105244132574754],[165.901173752087658,-78.106323010645212],[165.898513807724356,-78.107227760468973],[165.893635423084959,-78.107585569461293],[165.887414868404022,-78.10827762379111],[165.880135393752397,-78.109309167032606],[165.876124348369558,-78.110322240618245],[165.875341969968559,-78.110835844724548],[165.868326597251439,-78.111862128339965],[165.862355800793097,-78.112219222125361],[165.858264560393252,-78.112175931883073],[165.854746271536328,-78.112641413473284],[165.849621263457578,-78.113324013059753],[165.844469713427713,-78.113789104959196],[165.840077828304686,-78.113354175573576],[165.839486443889285,-78.112618857516367],[165.841884398920854,-78.111944997860945],[165.845386400457102,-78.11126275373897],[165.849158725956613,-78.110575745365054],[165.854582592128537,-78.110340850555147],[165.860000412433749,-78.10970162890419],[165.864226148996323,-78.107835693715685],[165.865474884856553,-78.106209743866131]]]]}},
{"type":"Feature","properties":{"SURFACE":null,"SUBSURFACE":null,"SOURCE":null},"bbox":[165.81213991746867,-78.107529592960589,165.884817199064173,-78.089333071414913],"geometry":{"type":"MultiPolygon","coordinates":[[[[165.879262706883139,-78.089333071414913],[165.881995166721964,-78.089371652268539],[165.883920980098338,-78.089819150274877],[165.884817199064173,-78.090823670821024],[165.884352665131701,-78.092067497126052],[165.882235094834215,-78.09279348819021],[165.879011879399343,-78.093537216079739],[165.876353532285464,-78.094385400023256],[165.874793587173684,-78.095403329410956],[165.871340843753842,-78.096595360197512],[165.865476406941411,-78.098460513966643],[165.862573853460816,-78.09975626129652],[165.860169750799287,-78.10032644957208],[165.859360128810778,-78.100434672780025],[165.856940607037217,-78.100900720065269],[165.854277975348481,-78.101861371924031],[165.850509809595337,-78.10243577078856],[165.847821422760461,-78.103066285015672],[165.843555687579993,-78.104300520106719],[165.838419472547002,-78.105057319986997],[165.831705981985493,-78.106417776410382],[165.8246658599152,-78.107056533204187],[165.816251185792453,-78.107529592960589],[165.81213991746867,-78.107202625763435],[165.813739913805477,-78.106637727466108],[165.818311633841091,-78.105786089807395],[165.823450013785958,-78.105095454010709],[165.828029306821719,-78.104403830375233],[165.833142135523474,-78.103495674962517],[165.837694034417069,-78.102248268940613],[165.840891598220139,-78.101230987114789],[165.843840206100197,-78.100548324063737],[165.847054721789874,-78.09974796554414],[165.848598082940271,-78.098400386943624],[165.850970978894367,-78.097330807121963],[165.854699581781261,-78.0960781073872],[165.85868605603747,-78.094782448768186],[165.862932434993951,-78.093190320205665],[165.867770640006228,-78.092220696642727],[165.870971821981442,-78.091259906118452],[165.874963053629386,-78.090124121631888],[165.879262706883139,-78.089333071414913]]]]}},
{"type":"Feature","properties":{"SURFACE":"moraine","SUBSURFACE":null,"SOURCE":null},"bbox":[163.656497858618678,-77.983236746083421,163.72564553482573,-77.96505133897621],"geometry":{"type":"MultiPolygon","coordinates":[[[[163.675857718035104,-77.981126327803565],[163.671946642283871,-77.980479651283218],[163.667783313541037,-77.979760557584683],[163.664203642490975,-77.978830274337838],[163.661206998039404,-77.977726743488859],[163.659499493955366,-77.976920178788546],[163.657600006429021,-77.975722254797873],[163.656764495925415,-77.97464626311789],[163.656497858618678,-77.97340573839854],[163.657676285897281,-77.971684137579928],[163.659862490586988,-77.970356306298854],[163.662320330848189,-77.969026113095524],[163.66527177896711,-77.967868445594263],[163.66841443425983,-77.967064088125639],[163.672928377584441,-77.966153713868707],[163.679248092561096,-77.965647751230151],[163.683652205908089,-77.965242967459517],[163.68719670501244,-77.96505133897621],[163.690430628937833,-77.965077926782342],[163.692842199507027,-77.965158669174059],[163.694943417920939,-77.965457657865329],[163.696183942664959,-77.965922348026439],[163.69668765196559,-77.966095395130068],[163.695608268929021,-77.966086481359341],[163.692866179495013,-77.966279745736486],[163.690386176083592,-77.9665364229689],[163.687083556054915,-77.966847253508092],[163.683556086337802,-77.966926088675066],[163.679723382096938,-77.967166533122068],[163.676681611522469,-77.96753114984557],[163.67305441071457,-77.968059259903342],[163.670157718286788,-77.968935630871812],[163.667764207816731,-77.970032530979523],[163.666237298903923,-77.970859736459261],[163.664888014247282,-77.972029939487555],[163.664456703051457,-77.972810216445424],[163.664201867507359,-77.973933420050116],[163.665591185994231,-77.975014705676045],[163.667213840191039,-77.976214605889297],[163.669949664670611,-77.977254687604031],[163.672769156770897,-77.977958201743874],[163.675899425186628,-77.978481355388809],[163.680581334532718,-77.97926991007435],[163.685104676966688,-77.979593214708672],[163.689088429839131,-77.979902515355221],[163.692811573351548,-77.980167398318812],[163.697104946273242,-77.980315149865049],[163.701419302453701,-77.980359737106014],[163.706271574807829,-77.980351617543036],[163.711224452183643,-77.979951057281809],[163.714820899230546,-77.979581729679609],[163.718627832118045,-77.979452869594326],[163.721552469746001,-77.979649773697858],[163.724436260299939,-77.98007184363064],[163.725451017003991,-77.980361243376521],[163.72564553482573,-77.980752548965242],[163.72440254098197,-77.981473865144622],[163.722140967863425,-77.981952985766156],[163.719330452806645,-77.982436658372805],[163.716550102000667,-77.982808302917633],[163.712431220451435,-77.983107970948126],[163.708623054541619,-77.983236746083421],[163.704880920305612,-77.983037414904416],[163.701189490798555,-77.982613397886425],[163.697697397202234,-77.982524059964945],[163.694183941650351,-77.982547234636655],[163.689049645296166,-77.982547496590499],[163.684789359402203,-77.982278322751938],[163.680300775889805,-77.981795877465387],[163.675857718035104,-77.981126327803565]]]]}},
{"type":"Feature","properties":{"SURFACE":"moraine","SUBSURFACE":null,"SOURCE":null},"bbox":[161.4,-77.828934711204752,161.470026000883706,-77.802341169800641],"geometry":{"type":"MultiPolygon","coordinates":[[[[161.4,-77.827172240334519],[161.4,-77.825998437652558],[161.401986580190481,-77.825559385149091],[161.405567273244145,-77.824795328770321],[161.409022389817864,-77.823417202385912],[161.412518963255934,-77.822205322346605],[161.415505332937698,-77.82116855943579],[161.418518874962899,-77.820239383364338],[161.421270267332204,-77.819378053302117],[161.424778792899502,-77.81821506448965],[161.428517588843505,-77.816943557366329],[161.431764121625918,-77.815838831698571],[161.436772557126744,-77.814282819288351],[161.441451554663274,-77.812444161065855],[161.444654898500033,-77.811115522522911],[161.446868631752153,-77.810254519603234],[161.449584733958744,-77.809160249782408],[161.452084770725179,-77.808348361152056],[161.454305125747652,-77.80748784451859],[161.456517509168322,-77.80662676846039],[161.458227113778833,-77.805816489045441],[161.460730831225021,-77.805072092104169],[161.46221735134273,-77.804553284718082],[161.463689386652533,-77.803918227750998],[161.464956293699231,-77.803566301338364],[161.466189477953861,-77.803163975705743],[161.468222608767235,-77.802635889555305],[161.470026000883706,-77.802341169800641],[161.469809663488547,-77.802623496660473],[161.468078418322023,-77.803259392279273],[161.46656678699037,-77.803670801805069],[161.46533401945689,-77.804121171615989],[161.464109824618674,-77.804706578608545],[161.463170085594982,-77.805273734620684],[161.462206835757286,-77.805791217591718],[161.461792473411236,-77.806347592815584],[161.4616407348895,-77.80691297479585],[161.461179178187592,-77.807254761796344],[161.459671419325787,-77.807724076174267],[161.458197600887985,-77.808291820002992],[161.457519669381668,-77.808858343566399],[161.456822095662119,-77.809375466150641],[161.455092508019732,-77.810069136571656],[161.453641391241092,-77.810753734751074],[161.451203994182322,-77.811838988722556],[161.449735448868864,-77.81247434893325],[161.448559136576847,-77.813274468162874],[161.446078430189658,-77.814203028902071],[161.443791065046781,-77.814722750568038],[161.441769835902221,-77.815242124571029],[161.438978584489462,-77.815947001919682],[161.437462775763436,-77.816348541160011],[161.435707701076041,-77.816877173817034],[161.434746842400955,-77.817452511725492],[161.43432858198625,-77.818018302010074],[161.433667206301948,-77.818634087334374],[161.43241474923434,-77.819035098252925],[161.431405952156524,-77.819328531358806],[161.430397102031293,-77.819621960579838],[161.425320581342561,-77.820904330860145],[161.421627023737244,-77.822400030999077],[161.419669393950983,-77.823260086526616],[161.418174915169175,-77.823778406023379],[161.416482076446897,-77.824638043913481],[161.415276400214537,-77.825263300945281],[161.414071460497382,-77.825955850961847],[161.41261611282232,-77.826640248973206],[161.411384956576569,-77.827158052630551],[161.410396205080474,-77.827558578185531],[161.409742137195792,-77.82829982916347],[161.409520833877224,-77.828524268348303],[161.408265573462444,-77.828934711204752],[161.406873580180161,-77.828605422761029],[161.40465195230081,-77.828178830471387],[161.403501448740457,-77.827732166490478],[161.40262226417147,-77.827352777738085],[161.401254816140096,-77.827188481067722],[161.4,-77.827172240334519]]]]}},
{"type":"Feature","properties":{"SURFACE":null,"SUBSURFACE":null,"SOURCE":null},"bbox":[165.890623510235088,-78.101053214068713,165.948220156968546,-78.092725441882834],"geometry":{"type":"MultiPolygon","coordinates":[[[[165.940472631645974,-78.092842450991881],[165.945107313100124,-78.092941108383471],[165.947053327373226,-78.09350173634175],[165.948220156968546,-78.094500965153784],[165.945010087600025,-78.0951896112268],[165.940399279884559,-78.095430267485852],[165.935815611293862,-78.096000913309538],[165.932327370878369,-78.096684485055292],[165.926395713073561,-78.097438872539584],[165.920990017657829,-78.098013789386613],[165.915586209570705,-78.09865446331581],[165.911275848539759,-78.099229587509541],[165.907495768739551,-78.09969125667439],[165.905378249990832,-78.100417433669421],[165.90133421293902,-78.101053214068713],[165.895610799654293,-78.100963294583792],[165.892039934245133,-78.100515242497991],[165.890623510235088,-78.099850116035043],[165.89084891460854,-78.099119833631448],[165.892425945832116,-78.09845024077346],[165.894568780968939,-78.097819372729361],[165.898055526924992,-78.097136066112313],[165.90183917038101,-78.096674735381811],[165.905619569673121,-78.096269548795064],[165.909398110620771,-78.095920575324655],[165.911537951107164,-78.095355232344957],[165.914986283216791,-78.094162704879494],[165.917380423009803,-78.093432090696822],[165.920878695408732,-78.092908876099258],[165.926588555133605,-78.092725441882834],[165.934777346015608,-78.093148987417152],[165.940472631645974,-78.092842450991881]]]]}},
{"type":"Feature","properties":{"SURFACE":null,"SUBSURFACE":null,"SOURCE":null},"bbox":[165.940859046951459,-78.063845907675528,165.960633463741885,-78.05485198706846],"geometry":{"type":"MultiPolygon","coordinates":[[[[165.950389573867795,-78.055253654294688],[165.954416514155213,-78.05485198706846],[165.956881131726306,-78.055007794285572],[165.958816171876293,-78.055511696743977],[165.960273608501069,-78.056854591077027],[165.960633463741885,-78.058027997577142],[165.960195480003847,-78.059385436234834],[165.95839107482567,-78.060559504882804],[165.956579670570051,-78.061686277000163],[165.954737432104508,-78.062539186799611],[165.952339920351505,-78.063166188991204],[165.950470958499182,-78.063567046393445],[165.947334034213839,-78.063845907675528],[165.945593959788397,-78.063577400500392],[165.94445654969411,-78.062908191568837],[165.943574449920163,-78.06207380315098],[165.943532709713878,-78.061508287412138],[165.943492293861539,-78.060952229847388],[165.943976464932149,-78.060282514755329],[165.944199183186271,-78.059542920833252],[165.942534738659219,-78.0591562189597],[165.940859046951459,-78.058430904694234],[165.943463095529836,-78.056960315975573],[165.946636788587881,-78.055885431387694],[165.950389573867795,-78.055253654294688]]]]}},
{"type":"Feature","properties":{"SURFACE":"moraine","SUBSURFACE":null,"SOURCE":null},"bbox":[163.594970614275411,-77.966859473624382,163.694213361229288,-77.92308437173854],"geometry":{"type":"MultiPolygon","coordinates":[[[[163.613496606177705,-77.95568118325923],[163.609329874994302,-77.955026726900087],[163.604611197961844,-77.954461680194711],[163.600206971896966,-77.953640561764928],[163.596904917995062,-77.95276367232664],[163.595280180191935,-77.951572143456261],[163.594970614275411,-77.950556373709915],[163.595803775202512,-77.949269122365351],[163.597434937854217,-77.947992975426274],[163.600406437477744,-77.946780259893956],[163.604078717048225,-77.946028285716054],[163.608760823540649,-77.945566155378557],[163.614488217512161,-77.945234621824596],[163.619701209872488,-77.944833434362167],[163.626245280714926,-77.944447443165672],[163.634388274182157,-77.944187900117669],[163.640631625661683,-77.943963484251299],[163.646383086181032,-77.943518981264248],[163.651374577055549,-77.942885456770952],[163.655048893294634,-77.942085751590142],[163.658265887713327,-77.940925873873837],[163.660486615439225,-77.939382317865793],[163.662435987860761,-77.937879091627423],[163.664438416971649,-77.936103951675193],[163.665347867147972,-77.934423176634809],[163.665848706934099,-77.933362629839877],[163.66608946751964,-77.932238705034536],[163.666411917082741,-77.930778189849747],[163.667544340921296,-77.929329377704448],[163.668062426469248,-77.928156052743205],[163.668333571587482,-77.926920152787588],[163.669695077063892,-77.9256372429479],[163.670923338249594,-77.924924984115037],[163.672994099579853,-77.924093583803796],[163.675275224549893,-77.923493314330841],[163.676678780149246,-77.923180832378947],[163.678046343531179,-77.92308437173854],[163.678982961675047,-77.923711064741653],[163.678744066393335,-77.924825525355317],[163.677919088305345,-77.926160264611852],[163.6767822102141,-77.92767516212831],[163.67626903337009,-77.928744376965042],[163.67603370004889,-77.929859084970232],[163.675916078490474,-77.930364256867065],[163.675777951611678,-77.931038966565808],[163.676162271327314,-77.931717213346744],[163.676287590170517,-77.932389083313822],[163.676050702189428,-77.933456264990056],[163.676438547538652,-77.934144213016282],[163.678692486433164,-77.932469945210499],[163.679387178902488,-77.931743929784659],[163.679970914301208,-77.930290014116764],[163.680844266333764,-77.928777942177319],[163.682564761017233,-77.927004664649687],[163.684045079051913,-77.925207213841787],[163.686164061627096,-77.924103571676227],[163.688350993910859,-77.923905437811612],[163.691969005981917,-77.924563412512782],[163.694122992919802,-77.925814804403004],[163.694213361229288,-77.92665523756277],[163.693284606959736,-77.92721508407466],[163.690720991329698,-77.927864617806534],[163.689157232107249,-77.928859988005527],[163.688101813040788,-77.930028802584673],[163.687522766030639,-77.931435521030011],[163.68691326907782,-77.933001682233837],[163.687522887821075,-77.933902396204573],[163.688407379781751,-77.934810435504247],[163.689349377739802,-77.935437345957155],[163.689427250997653,-77.936286534601095],[163.688993599601787,-77.937066480978885],[163.687946603596487,-77.938131504117791],[163.686320121730375,-77.93945522001529],[163.684960135306,-77.940738323943862],[163.683162738225377,-77.94156771080317],[163.680239673325076,-77.942612888867586],[163.67613848314403,-77.944145813333208],[163.67378409852256,-77.945073975886231],[163.672036729841977,-77.945669221514137],[163.670562752340174,-77.946224265018671],[163.669716069394354,-77.946390694081032],[163.667511302677667,-77.946644800619566],[163.665884082552509,-77.946687530556872],[163.665254308926222,-77.945889836116748],[163.667436615394024,-77.944505171615745],[163.67010443196142,-77.943406448727217],[163.673287347547415,-77.942377216580169],[163.676485060614397,-77.94132991121927],[163.678125129062607,-77.939997510167913],[163.678118850959919,-77.938763618144051],[163.677825387595249,-77.937635499332842],[163.676902412157489,-77.936952753841524],[163.676400214234349,-77.936779679398455],[163.675240348287218,-77.937164117874033],[163.672918270661967,-77.9379233621776],[163.671312528921078,-77.939143980985605],[163.669656621138159,-77.940541831285103],[163.66751079756969,-77.94174838530914],[163.662835720631421,-77.94339788036892],[163.658802313404266,-77.944593227752151],[163.654034703379381,-77.945449401785979],[163.64821455421,-77.946184088870581],[163.641984238623678,-77.946343107058297],[163.636297767527793,-77.946506879038864],[163.630008308956917,-77.946899292268384],[163.623746989566598,-77.947179418518346],[163.619118102930656,-77.947417280137074],[163.614470136687089,-77.947710853786546],[163.610824054918794,-77.948350666811777],[163.607913793092052,-77.949329917007788],[163.606595186549612,-77.95038796821315],[163.606657405402387,-77.951341009358771],[163.609696418631671,-77.952211097935205],[163.612089859007,-77.952348578474158],[163.615576421816826,-77.952439238904546],[163.620295351656466,-77.952994636205403],[163.623666029525396,-77.953590603085686],[163.625969796699138,-77.954121069422428],[163.626910038012426,-77.95474821531721],[163.628159108756648,-77.955204466688826],[163.628922203261482,-77.95543159337835],[163.632824843580124,-77.956041016621683],[163.637268977901272,-77.95669303477213],[163.638668276203077,-77.957101464274999],[163.638668778519985,-77.957101359335596],[163.639287220849781,-77.957281748194958],[163.640812774800963,-77.957688403304843],[163.643066579234841,-77.958490800125887],[163.644529441582193,-77.959187783510231],[163.645728129111745,-77.959868574119668],[163.647119814167809,-77.960893331101644],[163.647661022612056,-77.962084288499014],[163.646898907318104,-77.963091074223811],[163.644560372605184,-77.963906467650574],[163.640863258560358,-77.964771556317174],[163.636395186341844,-77.965456544315373],[163.63009261164953,-77.965905727934512],[163.622694475087542,-77.966392060976432],[163.614545261828169,-77.966651828834614],[163.606942569828789,-77.966859473624382],[163.602632899592749,-77.96682286472749],[163.601142185329365,-77.966247252128667],[163.600236992849375,-77.965498723418165],[163.60129835758741,-77.964339313295227],[163.60657957623647,-77.963657238791427],[163.612136113993529,-77.962973006653939],[163.616928692492081,-77.962061502028476],[163.619882328376264,-77.960866339914077],[163.620140267468855,-77.959733664046695],[163.61923703558395,-77.958937910998728],[163.616427264101617,-77.958243491741911],[163.614721640563459,-77.957436436321274],[163.615247376629242,-77.95631068940483],[163.613496606177705,-77.95568118325923]]]]}},
{"type":"Feature","properties":{"SURFACE":"moraine","SUBSURFACE":"ice","SOURCE":null},"bbox":[167.573563638421774,-78.168957384328579,167.598699541221265,-78.157969412497792],"geometry":{"type":"MultiPolygon","coordinates":[[[[167.573563638421774,-78.163186481070099],[167.573732745521369,-78.162681074906985],[167.575376892641884,-78.162662124856411],[167.578177500046024,-78.162975277182795],[167.581672345485231,-78.162666806929266],[167.584022230777435,-78.162082711572054],[167.58711631057156,-78.16121507964975],[167.589383684915788,-78.160291444902981],[167.590881050071602,-78.159603534686596],[167.592905960085346,-78.158799535128907],[167.595760512274154,-78.158098283732073],[167.59765792042819,-78.157969412497792],[167.598699541221265,-78.159033099924471],[167.596849584253249,-78.160619191943852],[167.594656763491002,-78.161872689999953],[167.593204114329723,-78.162786505013997],[167.59312578341428,-78.163678411377788],[167.592811910131587,-78.164746239860293],[167.592271199996304,-78.166111645856574],[167.590552113024017,-78.167022789750249],[167.587953100047883,-78.167661023695857],[167.585545796949333,-78.167962770858153],[167.583106884125641,-78.168104500269777],[167.580699365746455,-78.168406205900126],[167.574522862889296,-78.168957384328579],[167.574909176999057,-78.166941281146805],[167.574988099987024,-78.165974712435798],[167.574520137008051,-78.165086036933673],[167.573752182651504,-78.164081186669137],[167.573563638421774,-78.163186481070099]]]]}},
{"type":"Feature","properties":{"SURFACE":"moraine","SUBSURFACE":null,"SOURCE":null},"bbox":[167.601276720432082,-78.16795916584114,167.61935284574659,-78.156679763141938],"geometry":{"type":"MultiPolygon","coordinates":[[[[167.613349820827722,-78.157101060386992],[167.61600389818139,-78.156679763141938],[167.61935284574659,-78.156979924620273],[167.61735805340831,-78.157906620516485],[167.616473827110269,-78.158864716598274],[167.615510790298174,-78.15949283300013],[167.614178409053579,-78.160971690535661],[167.612506919412198,-78.162108839322912],[167.611823981604346,-78.162730937545206],[167.611676606257021,-78.163293233510117],[167.611604295843904,-78.163380359366343],[167.611019947473807,-78.164084404525198],[167.611675242879016,-78.164589607071861],[167.612645817549918,-78.165248914791491],[167.612530059123998,-78.166036482751977],[167.612486599063089,-78.167041828100395],[167.611829748567004,-78.16784233144449],[167.61048959510498,-78.16795916584114],[167.608259702290013,-78.167821379755978],[167.606469665895077,-78.166861135478158],[167.605469504005697,-78.166324537041888],[167.602827087587968,-78.165515188781669],[167.601276720432082,-78.164615147098189],[167.602072380300143,-78.163270604196953],[167.603738586912073,-78.162067934480646],[167.604874002713387,-78.160990566068634],[167.605525441470036,-78.160208494497837],[167.608082262240401,-78.159335146816957],[167.609028278802214,-78.158659636977006],[167.610487080166195,-78.157802062964251],[167.613349820827722,-78.157101060386992]]]]}},
{"type":"Feature","properties":{"SURFACE":null,"SUBSURFACE":null,"SOURCE":null},"bbox":[165.672476428009304,-78.07432372967277,165.748724832019349,-78.055518695686573],"geometry":{"type":"MultiPolygon","coordinates":[[[[165.707280166027829,-78.069372234776239],[165.705606562036365,-78.068532125961255],[165.703931955578071,-78.067870528588102],[165.703084348206971,-78.067252501759725],[165.700605217332708,-78.066642454701338],[165.698408324872929,-78.066197646389909],[165.696222575310998,-78.066035386061344],[165.693244104180252,-78.065981684622898],[165.690525952415243,-78.066045082034364],[165.687821144507467,-78.066221957179636],[165.684840013122056,-78.066280825652157],[165.681858615649418,-78.066461851456253],[165.678048304612417,-78.066411073882762],[165.675602608479068,-78.066187908776229],[165.674217020105942,-78.065635298980453],[165.673092311831027,-78.064955451405851],[165.672788161557492,-78.064403554016977],[165.672476428009304,-78.063672645229545],[165.672979107480671,-78.062768560207985],[165.673193136005125,-78.061877427421308],[165.673136508906907,-78.060812186629846],[165.674171448046422,-78.05985164114044],[165.67655923884891,-78.058774592323971],[165.678968815354125,-78.058272106854005],[165.681387974499955,-78.057694917727517],[165.684625642858578,-78.057414753596888],[165.687612801136311,-78.057459721590845],[165.691150989057149,-78.057618344833983],[165.694142113057495,-78.057785641085985],[165.697129400785798,-78.057830506409715],[165.700385923394691,-78.057767352722379],[165.70390378914459,-78.057708548173991],[165.706882759689421,-78.057583687443838],[165.709586442236571,-78.057416087245116],[165.710921045200934,-78.056950719487745],[165.711717849277477,-78.056616777260601],[165.713860447145663,-78.056222198408733],[165.717910680320983,-78.055937546999687],[165.721152719194436,-78.055638460994075],[165.724409648401263,-78.055518695686573],[165.72766890044258,-78.055680959423782],[165.731475562562906,-78.055956581330733],[165.734208871252747,-78.05628842139798],[165.737224123925472,-78.056672653799566],[165.740254971164063,-78.057442963490715],[165.742470824610479,-78.058226742174597],[165.744420217828917,-78.059005874900265],[165.745822526979822,-78.05972802709401],[165.746965500796051,-78.060850014197342],[165.747848362975986,-78.061977111345428],[165.748583375638304,-78.065229621727667],[165.74865707563194,-78.066464546358759],[165.748724832019349,-78.067586392142601],[165.748511496097194,-78.068599501012613],[165.747216770075511,-78.069668583209818],[165.746457057731533,-78.070389875009312],[165.745424983699877,-78.071463369496328],[165.744389523879875,-78.072132596004835],[165.742244115062988,-78.072649542637166],[165.738985592187845,-78.072826062867392],[165.735992525735469,-78.072668775571202],[165.734067817759325,-78.0723890486302],[165.732683015467785,-78.071893337051108],[165.731842321923097,-78.071445017913049],[165.729912572862816,-78.070826646389591],[165.728236068521227,-78.070108792337365],[165.727990784827171,-78.070556406703034],[165.728020906447398,-78.071056100289695],[165.728041506441343,-78.071564691715452],[165.727818596844685,-78.072295435273347],[165.727871550736296,-78.073191061132263],[165.727107784550526,-78.073977953608093],[165.725758341596134,-78.074320520581679],[165.723317547557087,-78.07432372967277],[165.721418949779036,-78.074270852735182],[165.718967153084407,-78.07416065956167],[165.71679064728022,-78.074111923532953],[165.714870263404265,-78.073954464156245],[165.71239592886883,-78.073401267621634],[165.711259823882983,-78.072617730901797],[165.710948034612784,-78.07183059439312],[165.710080007525647,-78.070826182903403],[165.708678646910471,-78.070038046549598],[165.707280166027829,-78.069372234776239]]]]}},
{"type":"Feature","properties":{"SURFACE":"moraine","SUBSURFACE":null,"SOURCE":null},"bbox":[163.58097954633962,-77.944474408690482,163.600272019026107,-77.929849496847922],"geometry":{"type":"MultiPolygon","coordinates":[[[[163.593987960620581,-77.929849496847922],[163.597207712016171,-77.929886397713801],[163.595526134306738,-77.930200516297859],[163.593201111983888,-77.930968614106419],[163.592163050343828,-77.931967851892594],[163.592399818170776,-77.933320886044498],[163.592383659596607,-77.934563421709328],[163.592899110716758,-77.935857672210631],[163.594262517847199,-77.936995273091298],[163.596860023066341,-77.938597984944536],[163.5984224543393,-77.94002305286773],[163.599978603270245,-77.941495167998369],[163.600272019026107,-77.942566865043162],[163.600270279262702,-77.943800766278272],[163.60011074473789,-77.944474408690482],[163.598104555627259,-77.943838448309194],[163.596059190424086,-77.943361424933869],[163.592764341588236,-77.942437288123486],[163.589250240307592,-77.941281251652399],[163.5855276069951,-77.939893952075238],[163.582171511063933,-77.938063961912292],[163.58097954633962,-77.936196327104099],[163.581587750823843,-77.934733877064545],[163.582375931520744,-77.933614785718348],[163.583971539735558,-77.932507480327942],[163.586640421853048,-77.931409352786162],[163.589243900436514,-77.930591983333215],[163.591232997163075,-77.930106979488073],[163.592618396594304,-77.929954997059497],[163.593987960620581,-77.929849496847922]]]]}},
{"type":"Feature","properties":{"SURFACE":"moraine","SUBSURFACE":"ice","SOURCE":null},"bbox":[167.604821447868943,-78.152613626060599,167.62880365045217,-78.148713617089697],"geometry":{"type":"MultiPolygon","coordinates":[[[[167.625518233388618,-78.148780166682386],[167.627145603763353,-78.148713617089697],[167.62880365045217,-78.148806983280394],[167.626084185007642,-78.150120656919754],[167.62324791061144,-78.15093477868632],[167.619306470796687,-78.151708395004164],[167.615835748693456,-78.152130145259903],[167.61179915725117,-78.15245172572132],[167.607727942237403,-78.152594485856227],[167.606085254219209,-78.152613626060599],[167.604821447868943,-78.151838414971408],[167.604953294763106,-78.151163501730395],[167.607344737353458,-78.150805097049258],[167.61144468572445,-78.15076626033111],[167.614718659112782,-78.15073674380001],[167.617931370823186,-78.15042463428432],[167.621336124064158,-78.149720122378099],[167.623701407623201,-78.14924852031487],[167.625518233388618,-78.148780166682386]]]]}},
{"type":"Feature","properties":{"SURFACE":null,"SUBSURFACE":null,"SOURCE":null},"bbox":[165.67036860350575,-78.056961153941714,165.783237504750218,-78.021056395205207],"geometry":{"type":"MultiPolygon","coordinates":[[[[165.688662160179973,-78.051903532914011],[165.691057838199072,-78.05105253292183],[165.693436735060118,-78.049928062898616],[165.694997936039925,-78.048807407004375],[165.696546609360894,-78.047460517107837],[165.699762041926363,-78.046540035795459],[165.703765434240978,-78.045642351172205],[165.706975731131024,-78.044787364481095],[165.710453230983148,-78.044002860751576],[165.713399025604303,-78.043199678636498],[165.716891585383564,-78.042801267656188],[165.719051003423544,-78.04268963214453],[165.721761360353923,-78.042738613408289],[165.723381122136175,-78.042560892177718],[165.723084903962217,-78.042056573343714],[165.721434113228042,-78.041668767396814],[165.71978459178203,-78.041224624259584],[165.717582044054467,-78.040666700573937],[165.714567052498211,-78.040112860572989],[165.710717134718664,-78.038997975318708],[165.706866831526582,-78.037995763661328],[165.702465479535448,-78.036889158101033],[165.698903082662241,-78.035995970296128],[165.694514223519036,-78.035049608699396],[165.690675802471219,-78.034282648017879],[165.6868407550825,-78.033506387954944],[165.682471036334363,-78.032899136971821],[165.679204121033791,-78.032453587275569],[165.675930578141561,-78.032017035117406],[165.673466972094872,-78.031510541277015],[165.672072338211763,-78.030844456082448],[165.670682258547401,-78.029999997404801],[165.67036860350575,-78.029334773975492],[165.671420681142422,-78.028657332334177],[165.672741455838917,-78.028088132453604],[165.674332192416756,-78.027411041463708],[165.675647184403516,-78.026794538447433],[165.677245472149195,-78.026287044459409],[165.679111196098887,-78.025662123483741],[165.682853779908243,-78.024986231185622],[165.686886274040944,-78.024410257356791],[165.689022511888965,-78.023903030205119],[165.692218617731584,-78.02293496268743],[165.696228189822222,-78.022085136099776],[165.700254940101729,-78.021574542695987],[165.703756315566494,-78.021111302572876],[165.706449315955041,-78.021056395205207],[165.708087220514756,-78.021330992526075],[165.709747082958529,-78.021888684655693],[165.710875851870753,-78.022784809953393],[165.712553024790054,-78.023672319548297],[165.714752189109873,-78.024230266652907],[165.716400341208612,-78.024618100620984],[165.718861882679505,-78.025114677141346],[165.721039269771296,-78.025333073451634],[165.723505141425335,-78.025895604003125],[165.72491084101577,-78.026787430818942],[165.727658860439647,-78.027505759964058],[165.730386627346149,-78.027781294641329],[165.733101461486427,-78.028112497712399],[165.735852513591425,-78.028783878360784],[165.73828395005404,-78.028780558975257],[165.741234223445758,-78.028146782761908],[165.744439013216123,-78.027404251049447],[165.746575260611849,-78.027009439239706],[165.749008370155451,-78.026893372636707],[165.751186636432521,-78.027111531827117],[165.753108238967343,-78.027551060006516],[165.755859301549407,-78.02827856708123],[165.758062416951788,-78.029005363934701],[165.759731900738416,-78.029666448709833],[165.760602288694457,-78.030680089712689],[165.760943558639724,-78.03174104066224],[165.761813986407532,-78.032688896433157],[165.764555358396109,-78.033302969018806],[165.767283849370443,-78.033747193778893],[165.770567721685296,-78.03419240186615],[165.773328147749197,-78.035079827481269],[165.774223687464286,-78.036367153638906],[165.774543163494712,-78.037210776907699],[165.775410647413679,-78.038101991437884],[165.776823017081767,-78.038993642546927],[165.778763946892468,-78.039659361837337],[165.780139966241677,-78.040173241290745],[165.782092862290796,-78.040952293742379],[165.783237504750218,-78.041895581732291],[165.782482492007802,-78.042917633475739],[165.780917355486167,-78.043756219982569],[165.77908768355158,-78.044881582560507],[165.77834116363212,-78.046007456635834],[165.777318975323141,-78.047024905105602],[165.776536202091734,-78.047472386951156],[165.774123043075633,-78.047928211083629],[165.771963462901255,-78.048106064598471],[165.768996923063895,-78.048391851172013],[165.766021614148883,-78.048395262651468],[165.763838220174307,-78.048233541012323],[165.760840601869461,-78.047906843128956],[165.756752495086488,-78.047522762271839],[165.754306401255377,-78.047535071922198],[165.754072564535335,-78.048095979333524],[165.754911114169289,-78.048544142727664],[165.756035463284178,-78.049270438156569],[165.757430941045214,-78.049823042416506],[165.758831984003677,-78.050601445952964],[165.760231347408507,-78.051332762395788],[165.760286658617986,-78.052228349232777],[165.759802465983711,-78.053245933423852],[165.759313269709907,-78.054084722523783],[165.757714749319462,-78.054592715863834],[165.756670631258203,-78.055270796482276],[165.757263516323576,-78.055997318166604],[165.757032037990172,-78.056727504976806],[165.753789104789661,-78.056961153941714],[165.749981052162696,-78.056864355260004],[165.745881318200389,-78.056310488728755],[165.743134547922665,-78.055752535374367],[165.740666691804449,-78.055199819301563],[165.73846056717781,-78.054642048345158],[165.735450869476409,-78.054201711897221],[165.732186823183099,-78.054095659038865],[165.728659107195256,-78.054107250120609],[165.724601180768332,-78.054288226358096],[165.720560199251565,-78.054742594243635],[165.717051895735239,-78.055093416488816],[165.713014489312968,-78.055604284937601],[165.709230921617518,-78.05589352796315],[165.706260827871063,-78.056244433028411],[165.703844433509488,-78.056521134286839],[165.701121377480291,-78.056424472538623],[165.696222768468459,-78.056269359407352],[165.692951608252059,-78.055880494084647],[165.69050117657855,-78.055713512421207],[165.687769029188217,-78.055447028884402],[165.685861570361112,-78.055167679087816],[165.685017163169391,-78.054662479976116],[165.684711603878867,-78.054044747815198],[165.685223445837153,-78.053545401755017],[165.686539591197516,-78.052693763231076],[165.688662160179973,-78.051903532914011]]]]}},
{"type":"Feature","properties":{"SURFACE":null,"SUBSURFACE":null,"SOURCE":null},"bbox":[165.796355562551952,-78.052262551792012,165.820079881228082,-78.027130848012547],"geometry":{"type":"MultiPolygon","coordinates":[[[[165.803475918211603,-78.027982494701732],[165.806401439295371,-78.027130848012547],[165.806411754442649,-78.027356852809007],[165.808384377771347,-78.028531315606585],[165.81087475631108,-78.029422898108521],[165.813919298612603,-78.030305924870234],[165.816144307522848,-78.031192900272003],[165.815966356344063,-78.032658427099307],[165.815197176444826,-78.033275686419046],[165.814164067699949,-78.034123358972195],[165.815305233193271,-78.034962886736039],[165.815361328837582,-78.03580189945913],[165.81352680440321,-78.036823648561651],[165.813043411069799,-78.037662577957974],[165.813907751428673,-78.03850638337444],[165.816688263310596,-78.039619670645294],[165.81864277710838,-78.040454792029621],[165.820079881228082,-78.041685519546974],[165.819599377612775,-78.042637333197888],[165.818014886008569,-78.043315276809921],[165.816719806248898,-78.044280809091461],[165.815984372352489,-78.045341415510919],[165.815528473648271,-78.046632734487659],[165.814255242375765,-78.048040967591319],[165.814108630180868,-78.049837005427548],[165.813905194977025,-78.050850341828209],[165.812067003801417,-78.051862650178265],[165.810195089060898,-78.052262551792012],[165.807744230093505,-78.052162396870216],[165.804733926843966,-78.051722886066116],[165.801711832725204,-78.050991471506038],[165.801377374173285,-78.050100220379889],[165.802396998832648,-78.049139006473951],[165.803708502004184,-78.04846554271451],[165.804992582080388,-78.04733969861131],[165.80516283353569,-78.045770313693396],[165.805092657629984,-78.044639276693047],[165.803934215571161,-78.043582720019629],[165.80112931003444,-78.04212979157009],[165.798063679575222,-78.040794654040354],[165.796355562551952,-78.039399150495214],[165.796539231639059,-78.037990156191356],[165.79781033841536,-78.03680734014246],[165.80020090072685,-78.036021483911739],[165.802358626526427,-78.035787086160539],[165.802587475745014,-78.035113285706274],[165.801148989139136,-78.033882272197488],[165.799705924948029,-78.032425525767309],[165.798822089030125,-78.031364507489926],[165.797958006837746,-78.030520595573833],[165.797925048109931,-78.030020945500468],[165.799783681835436,-78.029395136594573],[165.801919214680169,-78.02894356850743],[165.803475918211603,-78.027982494701732]]]]}},
{"type":"Feature","properties":{"SURFACE":"moraine","SUBSURFACE":null,"SOURCE":null},"bbox":[161.412756508925071,-77.779976213971992,161.65977566276635,-77.746111444671129],"geometry":{"type":"MultiPolygon","coordinates":[[[[161.617665945118205,-77.749158490665266],[161.617309962556078,-77.74876886541459],[161.619546204111344,-77.748072875128727],[161.619926453949375,-77.748569720868844],[161.620567798640877,-77.749065793294037],[161.621978357575216,-77.749453035169978],[161.62436550067045,-77.74948706478375],[161.626468107658752,-77.74940509332481],[161.628276597229046,-77.749168088295988],[161.630296508937192,-77.748696591873909],[161.63203836602267,-77.748167127403462],[161.633824618511795,-77.747870989565698],[161.637717277208111,-77.747502675122519],[161.640782325021291,-77.746960921707114],[161.642280640972729,-77.746491012233889],[161.644339217245488,-77.746252389637874],[161.646695387289213,-77.746111444671129],[161.649358985059791,-77.74613599351008],[161.651244718378365,-77.746287964508696],[161.653440592165254,-77.746605611285162],[161.655948858928895,-77.747204161102616],[161.65795177830222,-77.747853418324652],[161.658669303829157,-77.748690311429542],[161.659607220853388,-77.749350900569667],[161.65977566276635,-77.75008201496874],[161.659680929619299,-77.750871335181685],[161.659541132936113,-77.751427322085036],[161.658949180076092,-77.752335111822958],[161.657857790667862,-77.753418761839612],[161.657244819977223,-77.754267546013367],[161.656312904843048,-77.754834958658506],[161.65483694043391,-77.755354512340304],[161.65281559959729,-77.755826108317066],[161.651788141672512,-77.75594563518861],[161.651196344452899,-77.755731363928177],[161.650596121302129,-77.755401407793272],[161.649942231482811,-77.75478953845807],[161.650616218373301,-77.754280702537343],[161.651781560489496,-77.753537907078112],[161.652661524056128,-77.75274626350506],[161.65327551663097,-77.751887956289494],[161.653917901251106,-77.75121387303534],[161.654314314426841,-77.750589616834745],[161.654438650954319,-77.749974986450709],[161.654576897408589,-77.749409288841719],[161.654118966369595,-77.748513915981107],[161.653519798314676,-77.748174434918539],[161.652116922111162,-77.747855093848059],[161.650774536877037,-77.747750993459235],[161.648629709545389,-77.747667106553195],[161.646532149804756,-77.747739983265319],[161.644222465135158,-77.748104816730347],[161.640955571339049,-77.748920137206071],[161.639771054981338,-77.749613588118905],[161.638125710335743,-77.750523957482386],[161.637245303090424,-77.751373123251298],[161.635101640958936,-77.752469012488504],[161.633168634332378,-77.753320778050139],[161.630220841058986,-77.75442717886645],[161.627529130317384,-77.755465302407387],[161.625596857087118,-77.756326733162481],[161.624424275266705,-77.757011487189686],[161.622759428260196,-77.757930144804533],[161.621587802651732,-77.758614978035098],[161.619612292752663,-77.759310315670888],[161.617152424700066,-77.760172967368362],[161.614125471119877,-77.760938096055597],[161.611365835636207,-77.761702876106639],[161.607829176401879,-77.762518400049515],[161.605562939222807,-77.763106903741289],[161.602815823561201,-77.763862961297804],[161.600859922801959,-77.764665217614393],[161.597328665505643,-77.765548257316496],[161.592262718931153,-77.766658830173327],[161.586105247811219,-77.7676827656462],[161.568091395630915,-77.770325973927243],[161.563175400539194,-77.770995921454485],[161.55956501055212,-77.771479770886572],[161.557224072665832,-77.771727015594308],[161.55253310711791,-77.772105664060021],[161.549646323303875,-77.772304688417776],[161.54546286263556,-77.772623149461737],[161.542069128596182,-77.772882239704444],[161.538125862803014,-77.773092834595332],[161.53337236065866,-77.773246062873753],[161.527830538471875,-77.773410615632258],[161.523862160898915,-77.773513675592255],[161.520687919799315,-77.773596117719066],[161.515140904094949,-77.773702474495977],[161.512731863522191,-77.773675840671956],[161.502718341219691,-77.774051105390654],[161.49801114527969,-77.774437442964285],[161.49434917526375,-77.774696228765535],[161.490697807968019,-77.77507092846362],[161.48834367750996,-77.775191989091496],[161.483087960765857,-77.775472027066272],[161.480174928435872,-77.775562979302521],[161.476799443413682,-77.7759283127034],[161.473689231984366,-77.776293244057214],[161.470322986199648,-77.776783996847996],[161.467256006589395,-77.777372784917219],[161.461803598928896,-77.777984209499238],[161.458683996316353,-77.778290760895047],[161.452905595755453,-77.778686869703193],[161.45053343076944,-77.778758385585192],[161.445539563622674,-77.77903726771676],[161.443434796209971,-77.779166145207284],[161.43903173946191,-77.779717398352403],[161.434838349930175,-77.779976213971992],[161.430320633261033,-77.779962217173406],[161.426831780215394,-77.779819666658852],[161.422824581334993,-77.77975542603501],[161.419332744771026,-77.779554931303011],[161.417181761879021,-77.779401818168296],[161.415543123465255,-77.779256348138006],[161.414463574793501,-77.77915067351978],[161.413898322356715,-77.778995173532579],[161.412756508925071,-77.778606525915691],[161.413283753012308,-77.778605652797253],[161.413763953467679,-77.778322900628808],[161.414790958517557,-77.778136711476009],[161.416651534328963,-77.778115517565141],[161.417992138842152,-77.778162940026888],[161.41959063367355,-77.778209504884742],[161.421174542493873,-77.77819739722905],[161.42331748091334,-77.778225066949233],[161.425442307983786,-77.778203411396305],[161.427575387270764,-77.778239948693624],[161.430751471933974,-77.778158598767263],[161.435228657433782,-77.778006498962],[161.43761317896238,-77.777926397030157],[161.440489450011142,-77.777737196984916],[161.442326889318508,-77.777598955480514],[161.445199755368066,-77.777351858343749],[161.447828489853947,-77.777212219873974],[161.451749323106156,-77.776895515199868],[161.454882413275129,-77.776580413770191],[161.458500868531615,-77.776165340408227],[161.460582680124816,-77.775909941584899],[161.463980611272433,-77.775661588880567],[161.46710924280228,-77.775346075096977],[161.47124816420498,-77.77480462472947],[161.473832284581903,-77.774440805072857],[161.477206173860196,-77.77407541944406],[161.480883242780891,-77.773808324211046],[161.483756587151476,-77.773618575147765],[161.487433373491854,-77.773351391085924],[161.489807729175737,-77.773337398538203],[161.492996316292505,-77.773294725630606],[161.496401441973006,-77.773104174142873],[161.500624540440811,-77.772952369115757],[161.504287121955485,-77.772693589276059],[161.507702606553153,-77.772484456262646],[161.511379922890171,-77.772284238295768],[161.514797861388502,-77.772142396931599],[161.519792391038692,-77.771862600985585],[161.524526610407804,-77.77165068446071],[161.529468694061791,-77.771155875999852],[161.545494688383826,-77.770264560562438],[161.550708257458041,-77.769827049322942],[161.555147938289906,-77.769440328571633],[161.559569951635126,-77.769004326377427],[161.564205180018035,-77.768343442094903],[161.56809459809844,-77.767850534420191],[161.574063831301373,-77.767235793743055],[161.577940193248679,-77.766751471791622],[161.580464716182917,-77.766104527611077],[161.583480239181142,-77.765348316381278],[161.587067268817606,-77.76474756667956],[161.591954145515103,-77.763969873312533],[161.594171445596885,-77.763157309276721],[161.59508638967506,-77.762531091872233],[161.596561814148743,-77.761954015128737],[161.599065544061403,-77.761257607423943],[161.602072983672883,-77.760433636751202],[161.60407950776775,-77.759913211684989],[161.606609051849546,-77.759324143605653],[161.609379509841176,-77.758684906138569],[161.611589369229222,-77.757814274487217],[161.613047934297128,-77.757178462093492],[161.614762946650842,-77.756551141635754],[161.616462268117573,-77.755865161154148],[161.617651517372877,-77.755229557376836],[161.617817233555428,-77.754723240692442],[161.61764591239637,-77.753934162314266],[161.617523485219522,-77.75336916031948],[161.618434160869612,-77.752694748128178],[161.618834519853749,-77.752061096373225],[161.619478822848123,-77.751387094974149],[161.619842613663366,-77.750654947310196],[161.619477096450908,-77.7501495505131],[161.618593781664572,-77.749761111534013],[161.617665945118205,-77.749158490665266]]]]}},
{"type":"Feature","properties":{"SURFACE":"moraine","SUBSURFACE":null,"SOURCE":null},"bbox":[167.234209674975233,-78.107224310586062,167.272253976744736,-78.10378399394871],"geometry":{"type":"MultiPolygon","coordinates":[[[[167.234209674975233,-78.10590484670837],[167.234698476944686,-78.105554092953824],[167.237170066958214,-78.105650847317477],[167.239973782752458,-78.106080625126182],[167.243494733711742,-78.105992822009071],[167.24671713508215,-78.105685583928349],[167.248848438970583,-78.105448820441552],[167.250705226368524,-78.105152543570554],[167.252004069981695,-78.104802216454459],[167.251903274174992,-78.104246515455472],[167.253270601585086,-78.104291618361884],[167.254923466043749,-78.104387386280081],[167.257921179853696,-78.104359075475926],[167.260338594858553,-78.104182279459465],[167.26249147916198,-78.104049167652292],[167.267622409238015,-78.10378399394871],[167.270184436671798,-78.104323572196492],[167.271332243634788,-78.104647843264217],[167.272253976744736,-78.10520437280573],[167.271813112108049,-78.105772151954866],[167.269662514951762,-78.105952144329763],[167.266336976935492,-78.105647819418948],[167.263280542900532,-78.105327972038225],[167.260598841589513,-78.105576532282939],[167.256380540586633,-78.106341777107303],[167.252089813842673,-78.106767402608739],[167.247802079286629,-78.107137081218823],[167.244267351431262,-78.107224310586062],[167.240994448231362,-78.107192967293571],[167.238532290700135,-78.107162080137556],[167.23656096718031,-78.106836545332612],[167.235124031981115,-78.106395855773172],[167.234209674975233,-78.10590484670837]]]]}},
{"type":"Feature","properties":{"SURFACE":"moraine","SUBSURFACE":null,"SOURCE":null},"bbox":[162.174192273627142,-77.815842565179693,162.508177306321784,-77.802371289149278],"geometry":{"type":"MultiPolygon","coordinates":[[[[162.181547951333812,-77.813817218719549],[162.183824910620359,-77.813397980925899],[162.187148528296319,-77.813690440238787],[162.188840467848195,-77.813432292438819],[162.190255829329061,-77.813174501722173],[162.191451874164244,-77.812796646180459],[162.192950072904864,-77.812314977833495],[162.19413098519243,-77.811993468614091],[162.196113177150181,-77.811630683823836],[162.198086716977912,-77.811324677313991],[162.200263595176068,-77.811185439396354],[162.202438793119882,-77.811055635155],[162.204056268350655,-77.811021869151148],[162.20622487928452,-77.810929838498993],[162.207341020269553,-77.810785580990114],[162.207674156130082,-77.81056912720706],[162.207091507303375,-77.809936829536881],[162.207701054783513,-77.809719991660003],[162.210128814879681,-77.809635952650211],[162.211719313286352,-77.809667254775576],[162.21362700975223,-77.809528820643465],[162.215296526359538,-77.809326433576132],[162.217494112914977,-77.809131134033052],[162.218934745443448,-77.808817618998006],[162.219565279644314,-77.808544830805232],[162.218872672148393,-77.808354499841627],[162.221406691860068,-77.807942962794328],[162.223586542698939,-77.807803799328411],[162.224984406960601,-77.807602101893991],[162.226639945853407,-77.807456091552979],[162.228617255928839,-77.80778119012632],[162.229876509666894,-77.808019412889209],[162.232505673016306,-77.808120922481805],[162.233850453965147,-77.808078111702272],[162.235770471828999,-77.807940390342381],[162.237794366365193,-77.807465539515363],[162.240250631463198,-77.807278050090076],[162.244012401161626,-77.807217103551281],[162.247225245379298,-77.80715721634509],[162.250174550952011,-77.807136825242182],[162.252054869623777,-77.807063239152825],[162.253421836316789,-77.806964491201853],[162.253290569034732,-77.806573262120082],[162.249887525465908,-77.805970332632157],[162.250511206519747,-77.805448534497316],[162.250691469028538,-77.804887189315266],[162.252510526967228,-77.804235950252888],[162.256019915356489,-77.804119601932371],[162.25860632033158,-77.804332711181843],[162.2612269985365,-77.804481197768609],[162.264282627682206,-77.804123790354581],[162.267086361640992,-77.803720664847049],[162.270885257828326,-77.803499455253231],[162.27487231225507,-77.803548967473972],[162.277500881257822,-77.803650040049789],[162.280661267396255,-77.803758321458147],[162.283869020804843,-77.803745516826538],[162.2876256270211,-77.803683706162346],[162.291416325367038,-77.80350946550071],[162.294372462169093,-77.803441336919931],[162.297328569801408,-77.803373176392725],[162.29862515453928,-77.803460633946258],[162.299404638098878,-77.803522764602235],[162.302162784635044,-77.803909453166654],[162.307360572599549,-77.804326784813199],[162.310581575225171,-77.804257214552763],[162.313168942586799,-77.804517579566053],[162.31574743992104,-77.804777314915924],[162.318402535325589,-77.804822405327641],[162.32196223307372,-77.804536631114132],[162.324521924023173,-77.804011493208051],[162.326613158892968,-77.803359254506702],[162.328585862875343,-77.803004787102822],[162.329628664862042,-77.803074996666794],[162.330322581826067,-77.803417908860041],[162.329849004667267,-77.804035746966363],[162.329881390964999,-77.804764085825852],[162.330554675483256,-77.805162930802197],[162.331319822533032,-77.805243095808507],[162.332915431914671,-77.805264494418481],[162.335102741962288,-77.80511550214959],[162.336267385418182,-77.804802140527912],[162.33697933679997,-77.804248122293615],[162.337323049880126,-77.804022837924833],[162.338232009535403,-77.803701828484336],[162.338430130708417,-77.803237446949765],[162.340551903816873,-77.803275113183361],[162.342047727626948,-77.803576382492196],[162.34374212176877,-77.804110736819098],[162.34627203775986,-77.804538845106734],[162.349357094573378,-77.804870491868328],[162.353875274254705,-77.804935392758594],[162.35969220830205,-77.805077932176573],[162.365300039531348,-77.805043894027321],[162.370706215077945,-77.80483380774524],[162.376354946591476,-77.80468766988308],[162.381975136631411,-77.804606371980228],[162.386543263319737,-77.804502144073595],[162.392504704414051,-77.804195194537115],[162.397378180211206,-77.803977562162203],[162.402828927973388,-77.803607529184177],[162.408237312624266,-77.803349177224561],[162.412068156320316,-77.803061459843647],[162.417203687580155,-77.802803780295648],[162.423585472180207,-77.802887296453832],[162.428952544783613,-77.802740410526766],[162.432739449064144,-77.802573646757324],[162.437331906515936,-77.802403429223276],[162.442133907338672,-77.802371289149278],[162.446099792834502,-77.802474137894208],[162.450012755475086,-77.802754805129723],[162.455276493618044,-77.802944246949508],[162.459652690821741,-77.803456205157403],[162.463728283639313,-77.804072114643304],[162.468222821134106,-77.804190795257256],[162.472416401708244,-77.804422970606367],[162.47644899915673,-77.805150319428037],[162.479814091724705,-77.80547982253259],[162.483277715816513,-77.805472163888268],[162.487406959572269,-77.805079251998805],[162.490667100395626,-77.804895654058839],[162.493018267858332,-77.805042829257829],[162.494727944597486,-77.805519524562484],[162.496678006790347,-77.806107677267974],[162.498860713606035,-77.806816306769576],[162.500762889500095,-77.807573037647714],[162.503112382613864,-77.808569532990873],[162.50521562276316,-77.809549589112279],[162.506853130506812,-77.81025042407289],[162.508049971556943,-77.810711908242851],[162.508177306321784,-77.811159472696559],[162.507134597671183,-77.81193961806126],[162.505929858822043,-77.812374890509091],[162.503704294870317,-77.812675393098687],[162.501185914277301,-77.813042302947167],[162.500232248905604,-77.813532470734316],[162.500384426534367,-77.813924437022635],[162.499149590569743,-77.814472257978281],[162.496578574179949,-77.814997939665872],[162.493812059929581,-77.815300576450042],[162.491938983102131,-77.815328575987493],[162.490435407951566,-77.815027957158421],[162.489516743071562,-77.814556266765436],[162.489718244039949,-77.813891892322303],[162.491345448884289,-77.812959735327141],[162.492921530368676,-77.812186467288086],[162.493422425174998,-77.811417951961218],[162.492850063150001,-77.810721133671919],[162.491474800081903,-77.809980359945357],[162.488573854693698,-77.809032880502741],[162.485132162046227,-77.808087478080893],[162.480806924672777,-77.807407666543298],[162.475157201280581,-77.80671577120809],[162.469671599743862,-77.806359279807992],[162.464453666410691,-77.806001431132103],[162.460007351218223,-77.805714088937677],[162.456638137605694,-77.805431773118542],[162.451941212091299,-77.805089338513326],[162.448035152389508,-77.804809212710509],[162.443009959880555,-77.804683368464239],[162.440107344945091,-77.804584780214242],[162.435328109252538,-77.804513425774104],[162.43028144592094,-77.80445273825481],[162.424716130892733,-77.804366789092626],[162.418804849169788,-77.804505856023511],[162.413880769537542,-77.804892377956932],[162.409763513208787,-77.805275577569489],[162.405985375197275,-77.805394932840187],[162.400852034525883,-77.805604882651465],[162.39519043689765,-77.80580798499517],[162.39000710680358,-77.806176778911336],[162.385668416715561,-77.806401566427127],[162.381045753685441,-77.806674106036837],[162.376728738646619,-77.806833362254437],[162.371848814080835,-77.807098056405664],[162.367027634054494,-77.807146907593093],[162.361646311539431,-77.807291792924531],[162.356003887356451,-77.807438142422512],[162.351693848875357,-77.807549741460079],[162.348527987847291,-77.807442028447085],[162.345118036377727,-77.80727964648365],[162.342818739513319,-77.806962611405197],[162.339686561201745,-77.806751948270417],[162.33731085528504,-77.806668569672141],[162.333596555230258,-77.806609751707867],[162.329903029081947,-77.806494950121504],[162.325860201874832,-77.80661456197268],[162.321542484198517,-77.806772939616764],[162.316454101628125,-77.806860235849427],[162.312789208431013,-77.806642011705819],[162.308116739891858,-77.806241154991113],[162.303694926418757,-77.80589531997515],[162.299483209338263,-77.80571646556993],[162.294100160445566,-77.805869461747662],[162.289019778010868,-77.805908985830754],[162.283880210176022,-77.806164237695313],[162.279513460661889,-77.806442909364236],[162.274634433052768,-77.806696488937845],[162.270569982039717,-77.806871205061341],[162.267050448573571,-77.80704444997825],[162.263513915904042,-77.807264298921211],[162.259666136530484,-77.807606452516538],[162.255877856072289,-77.807770972820407],[162.251631372702775,-77.807713286879917],[162.2470608854685,-77.807815242130516],[162.242412146146222,-77.808141258152943],[162.237789453487011,-77.808411616016897],[162.232556234899249,-77.808898703220208],[162.22764856040709,-77.809216554669774],[162.222708404083392,-77.809646861390306],[162.218288031551225,-77.810093191270497],[162.213283329757445,-77.810691100302975],[162.208852809507675,-77.811184445539453],[162.204625093594473,-77.811854036778868],[162.201253799875644,-77.812371299872055],[162.197580378989471,-77.812982797540059],[162.194996256299504,-77.813515151314036],[162.191866396288646,-77.814086980076169],[162.188740091111924,-77.814659034532113],[162.184295208959668,-77.815160737077903],[162.179610602134574,-77.815598308471039],[162.176348405987483,-77.815768977588931],[162.174192273627142,-77.815842565179693],[162.177411105727913,-77.814999561928076],[162.178966791320022,-77.814349681647343],[162.181547951333812,-77.813817218719549]]]]}},
{"type":"Feature","properties":{"SURFACE":"moraine","SUBSURFACE":null,"SOURCE":null},"bbox":[161.721576133958109,-77.776685676157243,161.781353796640815,-77.767764472646803],"geometry":{"type":"MultiPolygon","coordinates":[[[[161.761254432924687,-77.768077303190296],[161.763859274179566,-77.767885403111904],[161.766501744145302,-77.767791956739586],[161.769677566532266,-77.767764472646803],[161.773457812977313,-77.768009156915468],[161.775348491881061,-77.768160266344424],[161.777521497075895,-77.768359809582194],[161.780249566200808,-77.768665138237097],[161.781353796640815,-77.768885920862886],[161.780067312803112,-77.769064530035067],[161.778489823558715,-77.769136579416298],[161.775289310120229,-77.769057042646324],[161.772611801198366,-77.768975627653589],[161.770963680894482,-77.768764760045272],[161.769625899510231,-77.768728891648394],[161.768830304660412,-77.768673356892975],[161.766104484862751,-77.768358465524301],[161.763740293329931,-77.768500102565412],[161.760854369642573,-77.768643626477285],[161.757971842343693,-77.768844872007108],[161.755603430260862,-77.76891906007252],[161.752720048932048,-77.769129786054663],[161.749856700469365,-77.769380230316685],[161.747573943230634,-77.76985335609929],[161.746620948896549,-77.770313968115303],[161.745388513813509,-77.770774224133618],[161.74422256929455,-77.771459603492787],[161.742202021758459,-77.771931881559652],[161.740412891225418,-77.772238196304642],[161.737052113972737,-77.772664702376531],[161.735277735929799,-77.773010377111262],[161.732496457368256,-77.773669101662094],[161.730230300638482,-77.774191282570968],[161.728204929975107,-77.774663190955778],[161.726732183778012,-77.775183334060713],[161.724751594560104,-77.775821349775626],[161.722031656032669,-77.776685676157243],[161.721576133958109,-77.775915596703712],[161.721661192478052,-77.775068287763347],[161.722562055243174,-77.774383516576705],[161.72403285169861,-77.77380573266133],[161.726233454102356,-77.773000984848494],[161.727986089410336,-77.772471681742019],[161.73075314584986,-77.771831185561282],[161.733825280059563,-77.77128870921176],[161.735854502170525,-77.770874603497489],[161.738929540825865,-77.770389822919455],[161.742057411245497,-77.770138781430845],[161.74489049237738,-77.769713735653781],[161.748256850912782,-77.769335528873029],[161.752117107565454,-77.768790511790584],[161.75526374297516,-77.768588603310562],[161.758126793224307,-77.768338102145066],[161.761254432924687,-77.768077303190296]]]]}},
{"type":"Feature","properties":{"SURFACE":"moraine","SUBSURFACE":null,"SOURCE":null},"bbox":[164.521680226776027,-77.94632519966683,164.570841800385153,-77.936566765315035],"geometry":{"type":"MultiPolygon","coordinates":[[[[164.521905313864266,-77.939746176869193],[164.521960647429552,-77.939352529724673],[164.521743205720952,-77.939018685460624],[164.52644178371051,-77.939951991392661],[164.528319776927162,-77.940070086558421],[164.530822416471693,-77.940134388593535],[164.533041322905575,-77.940277036109748],[164.533666477266252,-77.940253891849935],[164.536811778322658,-77.940137421912283],[164.536826567711785,-77.940136873910987],[164.536837471428072,-77.940136040791671],[164.540909614450413,-77.939824918734686],[164.545281278795983,-77.939350086069851],[164.549363836977932,-77.93903800541338],[164.554004786152319,-77.938559732533918],[164.556817009163893,-77.938193072764349],[164.558122468009827,-77.938022848095528],[164.560891263369626,-77.937483627823212],[164.563095953827116,-77.937100768764751],[164.563256403685557,-77.937069457453148],[164.565038509093682,-77.936721663580954],[164.566937619430774,-77.936566765315035],[164.56716869340363,-77.936584186966883],[164.568540371141097,-77.936687600100612],[164.570104036658819,-77.936985653057448],[164.570841800385153,-77.937491100274514],[164.57019957599357,-77.938162539936798],[164.568499299517811,-77.938820172406935],[164.566804315411474,-77.939374196958894],[164.563729889663421,-77.940141470267662],[164.560951600310489,-77.940746331161435],[164.557371937559452,-77.941286025479741],[164.553827392260445,-77.941648219623147],[164.548589370893382,-77.942460533463944],[164.545534203861877,-77.943115458937456],[164.542959046422567,-77.944166571435034],[164.541743903566896,-77.945060061522724],[164.541253590656282,-77.945449087346304],[164.54084480135262,-77.945773407546952],[164.539436626888886,-77.946164455194975],[164.5378194820712,-77.946156051080905],[164.535942564442507,-77.946142073457082],[164.535207124592262,-77.946218740911391],[164.53418586108063,-77.94632519966683],[164.532021208378865,-77.94593432328449],[164.5296497221712,-77.945579908011709],[164.525775570934798,-77.9444866018856],[164.523509883087769,-77.943410668938157],[164.52205610066585,-77.94233443156638],[164.521680226776027,-77.941263859965105],[164.522334956681249,-77.940479701578226],[164.521905313864266,-77.939746176869193]]]]}},
{"type":"Feature","properties":{"SURFACE":"moraine","SUBSURFACE":null,"SOURCE":null},"bbox":[164.568557051467735,-77.934655687006057,164.583441375216637,-77.92870434265582],"geometry":{"type":"MultiPolygon","coordinates":[[[[164.568557051467735,-77.929820906325347],[164.568897759960635,-77.929264342168722],[164.56959405884794,-77.929196759613447],[164.569637986614651,-77.929165385024277],[164.570452725341227,-77.929061282152702],[164.571010642951734,-77.928895118752891],[164.572383276223775,-77.928738203805352],[164.573455890008916,-77.928743444624217],[164.575069588540089,-77.92870434265582],[164.576680287261865,-77.928759519907217],[164.577756836695301,-77.928764970797431],[164.578531069379579,-77.928941893334368],[164.579010697215352,-77.929337964219201],[164.57923109281532,-77.929681291722957],[164.579724919978929,-77.930012056015471],[164.58103760194993,-77.930191691855526],[164.58211057698631,-77.930206357814768],[164.583441375216637,-77.93032090298918],[164.583305032596968,-77.9312292871534],[164.583250209675128,-77.931613405978908],[164.583183949253964,-77.93211966214345],[164.583388848045104,-77.932518759757357],[164.58332382911567,-77.932968412946664],[164.582447587393773,-77.933512976003342],[164.581590613288625,-77.934006370831042],[164.58137089461286,-77.934168779739792],[164.580516947219763,-77.934450144233978],[164.579151637849719,-77.934607555534356],[164.577529509551113,-77.934655687006057],[164.575938710250966,-77.934478906749604],[164.574110641568183,-77.934127837564318],[164.57281855955128,-77.933779339889796],[164.572084878425187,-77.933274128542493],[164.571868554632545,-77.932931020090408],[164.571498388469905,-77.932628349999803],[164.571056457138752,-77.932317364865199],[164.571079674419536,-77.932157950141843],[164.570927838537159,-77.931969869351718],[164.571066460566385,-77.931768086010152],[164.570904560797374,-77.931477311024707],[164.570935260761559,-77.931289297682227],[164.570524350749622,-77.931068059966634],[164.569240779940287,-77.930616102123679],[164.568761423848457,-77.93022001323952],[164.568747019696048,-77.930191880238937],[164.568673994388803,-77.930177179325653],[164.568716300578387,-77.930131898170728],[164.568557051467735,-77.929820906325347]]]]}},
{"type":"Feature","properties":{"SURFACE":"moraine","SUBSURFACE":"ice","SOURCE":null},"bbox":[167.534416719362497,-78.074435894331941,167.55164988656955,-78.044397290460324],"geometry":{"type":"MultiPolygon","coordinates":[[[[167.54537920807374,-78.044645086371418],[167.547505730650556,-78.044397290460324],[167.549156103530038,-78.044547420034462],[167.550628344057031,-78.045099782547837],[167.551630647596994,-78.045985067865473],[167.55164988656955,-78.047394341725109],[167.550331612966801,-78.048863710386925],[167.550069332941376,-78.05021348955708],[167.551225006547241,-78.051833300945418],[167.550173383981104,-78.053305566577222],[167.547772470552189,-78.054846744081019],[167.546393830084469,-78.056033589811307],[167.546843839783548,-78.056865650755554],[167.547610094475743,-78.057926695302768],[167.547628870682843,-78.059335998766272],[167.547195934124375,-78.061191039059793],[167.548075382549285,-78.062816898123543],[167.54923201252717,-78.064436753639654],[167.549517831014384,-78.065774312060995],[167.548886902555637,-78.06667825008337],[167.547249595547214,-78.067927991418728],[167.54633784181928,-78.068781804980574],[167.54629467487274,-78.069908482228925],[167.545772643612878,-78.071321110527862],[167.5454964475461,-78.072614383003923],[167.544044780431193,-78.073471550889451],[167.541435334325854,-78.073996013248433],[167.538810679663584,-78.07440783105838],[167.536362068968884,-78.074435894331941],[167.534836048403292,-78.073601261456517],[167.534416719362497,-78.072938456106698],[167.534817425190141,-78.072191860394696],[167.537319001368104,-78.071168152141652],[167.538460577278983,-78.070147596819325],[167.53850449005165,-78.06902092032999],[167.538291716129947,-78.068013106078197],[167.538383043859938,-78.067112470799387],[167.538699230494984,-78.066044885678863],[167.539859871000118,-78.065071872427467],[167.541437147761712,-78.063548914656096],[167.541914493230308,-78.061919725714148],[167.541035956155895,-78.060293849651615],[167.541016616977345,-78.058884481879758],[167.540235249882556,-78.057776063472048],[167.540173985576473,-78.056140915301199],[167.53991784390459,-78.054916600681636],[167.539657823642813,-78.053682780921932],[167.539709043057286,-78.052612444908718],[167.540265502157524,-78.051369351152672],[167.541187865480111,-78.050572075663297],[167.542062609397107,-78.049558092279881],[167.542594300469659,-78.048201955299206],[167.543462683375395,-78.047122402182183],[167.543610413484004,-78.046569518480368],[167.543752066925151,-78.045951066069208],[167.544158682998585,-78.045270122758367],[167.54537920807374,-78.044645086371418]]]]}},
{"type":"Feature","properties":{"SURFACE":"moraine","SUBSURFACE":null,"SOURCE":null},"bbox":[161.4,-77.688597554699086,161.409367038617489,-77.678819786844613],"geometry":{"type":"MultiPolygon","coordinates":[[[[161.4,-77.687561911465053],[161.4,-77.683213501248105],[161.400280162595095,-77.682730724036006],[161.400183850738557,-77.682214820733861],[161.4,-77.682093044422871],[161.4,-77.680614996034635],[161.400861206268218,-77.68036197803562],[161.401337836451148,-77.6800792979801],[161.401795004693753,-77.679737600659223],[161.402007917087275,-77.679445584729848],[161.402441605956056,-77.678996566582228],[161.40372410264203,-77.678819786844613],[161.404407545391422,-77.679656336199812],[161.404798152350025,-77.680270183133928],[161.40494662050682,-77.681001086203324],[161.405299130162604,-77.681439335524828],[161.4059128656437,-77.681886734337496],[161.40704163809454,-77.68227507089459],[161.407653393998345,-77.682655094953759],[161.407744974894825,-77.683170633525492],[161.406806909363468,-77.683737107143628],[161.40561159132568,-77.684304324968878],[161.404935571766941,-77.684870409090678],[161.405287224800816,-77.685318195315475],[161.405598485719622,-77.685599824829339],[161.405920841852264,-77.685872646151125],[161.406530514349498,-77.686262118530678],[161.406901963219326,-77.686816952761376],[161.407253744304427,-77.687264737987462],[161.40759870949546,-77.687654413010264],[161.40845133898739,-77.687984479215316],[161.409061197485158,-77.688373947337439],[161.409367038617489,-77.688597554699086],[161.406693961265148,-77.6884537848196],[161.403466814665961,-77.688087754994513],[161.40129176129031,-77.68776838314912],[161.4,-77.687561911465053]]]]}},
{"type":"Feature","properties":{"SURFACE":null,"SUBSURFACE":null,"SOURCE":null},"bbox":[165.136074235221201,-77.914903911200085,165.15123628061059,-77.911289653370105],"geometry":{"type":"MultiPolygon","coordinates":[[[[165.139364406929843,-77.914774400570408],[165.138575046469697,-77.914655167276237],[165.13849174609939,-77.914623386064051],[165.138162016161374,-77.914622792245822],[165.137043564316826,-77.914343949582033],[165.136074235221201,-77.914101651721012],[165.136651492558514,-77.913606166946721],[165.137511699448197,-77.913154674646123],[165.138890474334147,-77.912713165396099],[165.139996857967077,-77.912378985759872],[165.140824931626298,-77.912104703428938],[165.141928660234953,-77.911826898845618],[165.143564783834108,-77.911606939550481],[165.147349074709183,-77.911289653370105],[165.148679841478582,-77.911410682296662],[165.149726634363901,-77.911638394302145],[165.150754267581419,-77.912091122737124],[165.151007762651943,-77.912434910735598],[165.15123628061059,-77.912758470307637],[165.150651029344402,-77.913206403948024],[165.149508808566026,-77.913877757645039],[165.14758993426841,-77.914317571619577],[165.145967678347773,-77.914439483748495],[165.145837170917787,-77.914465149865109],[165.144192915243252,-77.914741215106645],[165.142034292138959,-77.914903911200085],[165.14070320499809,-77.914782849188342],[165.139364406929843,-77.914774400570408]]]]}},
{"type":"Feature","properties":{"SURFACE":"moraine","SUBSURFACE":null,"SOURCE":null},"bbox":[164.227187434998086,-77.857434628269459,164.307554879895804,-77.852711946443179],"geometry":{"type":"MultiPolygon","coordinates":[[[[164.24357136057094,-77.854401211429021],[164.247428541587425,-77.853750441351849],[164.250960310171422,-77.853392501318396],[164.255829426843917,-77.853085509694694],[164.259099241253494,-77.852711946443179],[164.262263377974847,-77.852909105589063],[164.264773969883578,-77.853880957078118],[164.268052490106982,-77.855030715588697],[164.269847714629293,-77.855496573690729],[164.271151555791732,-77.855677899419064],[164.272985170091573,-77.855862233616904],[164.275410149837228,-77.855759991874109],[164.27922286154822,-77.855342675218651],[164.283338678131202,-77.854744645748937],[164.287388914135022,-77.854445357372057],[164.291125310752392,-77.854477389478845],[164.295966574592029,-77.85433830527144],[164.29812941419118,-77.854135260210143],[164.301108131652114,-77.8539237219412],[164.304041451084629,-77.853955364405039],[164.307554879895804,-77.853747016982183],[164.30529012369314,-77.854520993695317],[164.303887570331597,-77.854901461315677],[164.302209064466638,-77.855341266262442],[164.298104390213581,-77.855930739736024],[164.294030504379407,-77.856295007945803],[164.289461768016622,-77.856478611257728],[164.285435734331855,-77.856561860905316],[164.28276475223339,-77.856545587044053],[164.279847874353578,-77.856410678842721],[164.277466029569439,-77.856279054270416],[164.274224693154792,-77.856484292631364],[164.27150243479494,-77.856795931384951],[164.266904284625468,-77.857100414047807],[164.262854171507229,-77.857304895748413],[164.25802307106099,-77.857434628269459],[164.253774624597781,-77.857286675208314],[164.2484523882394,-77.857131684022619],[164.242069426553911,-77.856970364447108],[164.237539912783632,-77.856881132102089],[164.231940514201426,-77.856785019244001],[164.227967530614961,-77.856586771492616],[164.227187434998086,-77.856417414030929],[164.229403521979435,-77.856028770317366],[164.232645730351237,-77.855776775836915],[164.236162438718281,-77.855522136620792],[164.239991231245625,-77.85499272410263],[164.24357136057094,-77.854401211429021]]]]}},
{"type":"Feature","properties":{"SURFACE":"moraine","SUBSURFACE":null,"SOURCE":null},"bbox":[163.126375020765664,-77.781059602197075,163.191449257803583,-77.765244249766965],"geometry":{"type":"MultiPolygon","coordinates":[[[[163.190393270849569,-77.765244249766965],[163.191449257803583,-77.765254815165335],[163.190743519815726,-77.765970390700929],[163.188489987160381,-77.76645371776759],[163.185759680620606,-77.766763852840512],[163.181678789047197,-77.767158628422749],[163.178896582867281,-77.76763657524485],[163.174769107033342,-77.768208994081803],[163.170575320943698,-77.769005381166792],[163.16670613371204,-77.769584778263877],[163.1631116322786,-77.770153225299381],[163.158934552650891,-77.770893530138153],[163.154985683908649,-77.771800628079873],[163.152352031554642,-77.77272550683918],[163.150763301148032,-77.773726939484831],[163.147887864647544,-77.77458875473944],[163.144256241563596,-77.775278383497167],[163.141384453803141,-77.776092858047576],[163.139812229206427,-77.777028791520607],[163.138704689148625,-77.778203831810288],[163.138211239583882,-77.77909487082745],[163.137713862030893,-77.779985662937847],[163.137573750569913,-77.780547423045093],[163.137513586538233,-77.780771863101904],[163.134862264412391,-77.780734881751613],[163.132706379559664,-77.780834318030955],[163.131108203317609,-77.78086490224905],[163.129511645328392,-77.78101212555903],[163.12865849120513,-77.781059602197075],[163.127265475316989,-77.780313755120403],[163.12642913268968,-77.779403868537258],[163.126375020765664,-77.778620321003785],[163.127461640917801,-77.777500985464755],[163.130058180419439,-77.776697436327282],[163.132697865234377,-77.775763478371942],[163.134626044153464,-77.77448894341704],[163.136282142050106,-77.773215976465224],[163.138994803564259,-77.771963309939025],[163.142966602783389,-77.770991252608994],[163.146397807797172,-77.770070084969021],[163.149819896481461,-77.769157835344842],[163.153509181539107,-77.76824370085761],[163.15851956934867,-77.767347736630967],[163.162651374191341,-77.766775814122198],[163.166737480827322,-77.766372118278483],[163.171369414134972,-77.765917778175947],[163.175701091992067,-77.765577280777578],[163.180017873214155,-77.76534038672564],[163.18427571832359,-77.765280347527082],[163.187468531540389,-77.765266146089928],[163.190393270849569,-77.765244249766965]]]]}},
{"type":"Feature","properties":{"SURFACE":"moraine","SUBSURFACE":null,"SOURCE":null},"bbox":[164.356840742008842,-77.854343634904865,164.427244973174453,-77.851976032069516],"geometry":{"type":"MultiPolygon","coordinates":[[[[164.392792247568337,-77.852059890148297],[164.396790177722977,-77.852143689518726],[164.400749865888599,-77.852452048933827],[164.404212619007694,-77.852475919366682],[164.40665563326732,-77.852269696082587],[164.410415927344332,-77.85212191962016],[164.414937681248745,-77.85226456405573],[164.418117260606635,-77.852460675346919],[164.421532435263401,-77.852774540743553],[164.423642439539947,-77.85295506552913],[164.425456315512434,-77.853297781295538],[164.426732245223349,-77.853703441419228],[164.427244973174453,-77.853818582165033],[164.42240657285825,-77.854064037800484],[164.420779641440106,-77.854167065271056],[164.417551044727134,-77.854308413836151],[164.413803330185573,-77.854343634904865],[164.410064148287347,-77.8543225917265],[164.406861101269953,-77.854295176059509],[164.403668485804388,-77.854268334679304],[164.399673284959505,-77.854137575731073],[164.395675080711186,-77.854101108111877],[164.39221187786174,-77.854077128997318],[164.390872645236072,-77.854064560375647],[164.388748230505485,-77.853996358025015],[164.385531514146294,-77.854034054942645],[164.382576761324771,-77.854124942018956],[164.378294101605235,-77.854156565932271],[164.374557905330306,-77.85417302021385],[164.371625398054533,-77.854104382217159],[164.368434853080089,-77.853973243392659],[164.364448173139976,-77.85388025945673],[164.362328813854049,-77.85375540988889],[164.356840742008842,-77.852987641988477],[164.363049272043469,-77.852578204121528],[164.365480342285394,-77.852428331183489],[164.370001678338582,-77.852571722141732],[164.373191550784668,-77.852655552658348],[164.376703071106562,-77.852399023829022],[164.380750549522048,-77.8521456379451],[164.385058942123663,-77.852002088454086],[164.388794372988997,-77.851976032069516],[164.392792247568337,-77.852059890148297]]]]}},
{"type":"Feature","properties":{"SURFACE":"moraine","SUBSURFACE":null,"SOURCE":null},"bbox":[163.187081347425931,-77.774085520455827,163.283976289871418,-77.754033320689743],"geometry":{"type":"MultiPolygon","coordinates":[[[[163.282373535708928,-77.754073760589236],[163.283976289871418,-77.754033320689743],[163.282726888006721,-77.754809139822584],[163.280749054450837,-77.755291417854508],[163.278976410599967,-77.756005384650919],[163.277742283887619,-77.756715654375199],[163.27547160104055,-77.757312337789429],[163.272925415635228,-77.757957992957714],[163.270107632459428,-77.758605338341127],[163.266742734814358,-77.759350869249133],[163.263632572776856,-77.760103124489675],[163.259414972439544,-77.761069918028866],[163.256246042946799,-77.762046549909172],[163.253388749208028,-77.762862438237619],[163.251116533126861,-77.763449468691505],[163.249406682116501,-77.763939285492413],[163.247728019833545,-77.764259969642893],[163.245529806952788,-77.764566505315273],[163.243060476799656,-77.764884246241905],[163.241413991896422,-77.7650833726819],[163.236513257989515,-77.765588112098797],[163.23459013687804,-77.765845605735805],[163.232061915045364,-77.766387702408423],[163.229571202408351,-77.766808586244281],[163.227046241442196,-77.767293825393693],[163.224533181595717,-77.767817846452459],[163.218024757095236,-77.768476374790779],[163.209784956673388,-77.7704694178138],[163.207551395466396,-77.770887627403013],[163.206119665916731,-77.771271522676273],[163.205215745999453,-77.771708186758062],[163.204034601487137,-77.772193687567182],[163.203113033894141,-77.772695789802484],[163.202488614886278,-77.773026714018798],[163.201133373031752,-77.773130225406049],[163.19926857685337,-77.773163102178657],[163.197663016198788,-77.773203040643097],[163.196032634091836,-77.773345986542665],[163.194660607250114,-77.773505454832772],[163.193835744202801,-77.773604832056421],[163.192476085453677,-77.773755574734395],[163.190594456256491,-77.773844380829431],[163.189769964201133,-77.773953282862962],[163.18788442580842,-77.774041823185655],[163.187081347425931,-77.774085520455827],[163.187580019427315,-77.773137918231598],[163.188807790230527,-77.772531797172789],[163.190542296838743,-77.771939093587733],[163.193112492253732,-77.771238210524686],[163.196504902577686,-77.770475823077675],[163.199877194082774,-77.769731152654458],[163.204841268841591,-77.769002705691364],[163.208964185093691,-77.768439117613738],[163.212828415566179,-77.767858952564723],[163.215867185754973,-77.767387631429941],[163.218693753855803,-77.766741088419479],[163.221766731703724,-77.766110283715022],[163.223514960705359,-77.765508906053483],[163.226612451743023,-77.764813095526705],[163.230198270428275,-77.764291084485336],[163.234042380644723,-77.763766528751475],[163.238199801617071,-77.763081310664575],[163.242114406508222,-77.762285486901561],[163.243857225973244,-77.761683735902551],[163.246442469635099,-77.760926614400276],[163.250022433478279,-77.760404097872467],[163.253300295617834,-77.760042897376167],[163.256065468110791,-77.759572909004902],[163.257510799229181,-77.759085246165967],[163.26013220165359,-77.758159285564702],[163.262186228560552,-77.757387251490258],[163.264749213327065,-77.756685706430815],[163.2669816950648,-77.75621022464675],[163.270036911327907,-77.755682640460378],[163.272266318225746,-77.755254471505467],[163.274185683164433,-77.754996633042083],[163.275829774696035,-77.754787774204047],[163.277475091786158,-77.754578987157998],[163.279119066203918,-77.754370108190216],[163.282373535708928,-77.754073760589236]]]]}},
{"type":"Feature","properties":{"SURFACE":"moraine","SUBSURFACE":null,"SOURCE":null},"bbox":[162.055858571951859,-77.683056898503011,162.07998370160675,-77.677546966951468],"geometry":{"type":"MultiPolygon","coordinates":[[[[162.059035427239195,-77.682345568388797],[162.056621652045635,-77.681690848181859],[162.056675572326469,-77.681522363988989],[162.056498485133574,-77.681290078902933],[162.056363457338676,-77.680898056813803],[162.056460931046729,-77.680617776108093],[162.056373725503732,-77.680104685071413],[162.055858571951859,-77.679313265003913],[162.05730094703091,-77.678944171115404],[162.059278764790747,-77.6785738144617],[162.060196034001933,-77.678197126275876],[162.060918184981745,-77.67764431616888],[162.062001316785825,-77.677546966951468],[162.063053171481926,-77.677571822017171],[162.064103779472163,-77.678371496052918],[162.065000042295992,-77.67883522484955],[162.066666755406857,-77.679361736263033],[162.069112180748107,-77.679913311901728],[162.071070186978119,-77.68039292664055],[162.072546862985234,-77.68069578758859],[162.074244420575496,-77.68111911418498],[162.075182118368645,-77.681470836327222],[162.076380283115668,-77.681830964457774],[162.07779983062872,-77.682302023160915],[162.07851684099694,-77.682533263392955],[162.079839751220987,-77.682857493325017],[162.07998370160675,-77.682892772737745],[162.078382836622183,-77.682925791348708],[162.075431246501324,-77.683056898503011],[162.071530721580814,-77.682883305200846],[162.068735556414765,-77.682556378363074],[162.063506737452343,-77.682415291030125],[162.061661700137989,-77.682393074237254],[162.060479932615266,-77.682761083102022],[162.059035427239195,-77.682345568388797]]]]}},
{"type":"Feature","properties":{"SURFACE":"moraine","SUBSURFACE":null,"SOURCE":null},"bbox":[162.610796851467256,-77.720179614015009,162.639074582471807,-77.716077161841753],"geometry":{"type":"MultiPolygon","coordinates":[[[[162.623602309527939,-77.718389562878841],[162.620254725716222,-77.718109409799467],[162.618172688328855,-77.717970735197085],[162.612948354988418,-77.717737142601678],[162.612485835433972,-77.717506017840861],[162.611827470432303,-77.717051995815581],[162.611001606543056,-77.716300653705687],[162.610796851467256,-77.716077161841753],[162.612632438418132,-77.71615180472287],[162.615773069521566,-77.716256161533821],[162.617811152930528,-77.716506404098141],[162.620628690541594,-77.716827619325144],[162.622937432033012,-77.717086299252017],[162.626239885409007,-77.717525568109409],[162.629057880572134,-77.717846695713845],[162.631965678210634,-77.717878102904123],[162.634074759305179,-77.717904014202233],[162.636390408836746,-77.71811532080109],[162.638125439515079,-77.718526402132468],[162.639074582471807,-77.71887565212279],[162.635243545737524,-77.719316995011965],[162.634347422692997,-77.719648398661136],[162.632134290242874,-77.719958930900788],[162.630864249888276,-77.720179614015009],[162.62974275154167,-77.719990529650332],[162.628278331151904,-77.719578325114583],[162.627099936467516,-77.719108845400413],[162.626143463135406,-77.718759043426701],[162.623602309527939,-77.718389562878841]]]]}},
{"type":"Feature","properties":{"SURFACE":null,"SUBSURFACE":null,"SOURCE":null},"bbox":[165.27629370113462,-77.880093079208777,165.305655573534892,-77.873578335406251],"geometry":{"type":"MultiPolygon","coordinates":[[[[165.300204411159825,-77.873578335406251],[165.301276268669909,-77.873580941859387],[165.302604409960281,-77.873701213344773],[165.303914615147761,-77.87393344447473],[165.304967171246517,-77.874217359725179],[165.305474635445648,-77.874499472328083],[165.305430743940633,-77.875061830925503],[165.305655573534892,-77.875563692182013],[165.305348716569114,-77.875960956128949],[165.303949953614108,-77.876740473323153],[165.302825932161056,-77.877299804649226],[165.301193017863284,-77.877624006460067],[165.299828640525078,-77.878010068475191],[165.298189291265885,-77.878399801128268],[165.296823921473305,-77.878729323774138],[165.295446962479758,-77.879124099277746],[165.295011387407072,-77.879423871157954],[165.293895391680451,-77.879584556005327],[165.293425817703451,-77.879635921123835],[165.292724730292775,-77.879670638793456],[165.29136928998679,-77.879840666518859],[165.288951610956815,-77.879989773256881],[165.287339807293961,-77.880042097629826],[165.285191772412702,-77.880093079208777],[165.283320552666652,-77.880036933057724],[165.281462817740731,-77.879859134160185],[165.279619987173817,-77.879512687440155],[165.278059891827809,-77.879050027506608],[165.276763853162549,-77.878545441820989],[165.27629370113462,-77.87775693548393],[165.276342080858711,-77.877226074103973],[165.276567990444988,-77.876996561476446],[165.277004263190577,-77.876712015010796],[165.277526839623192,-77.876485308595178],[165.279394344943739,-77.875922869401819],[165.281590602226601,-77.875309795325919],[165.283230812065739,-77.87497668912296],[165.284868867532339,-77.874586976367965],[165.287033839976772,-77.874263988061017],[165.289248995012514,-77.874038503980088],[165.289820023670018,-77.87401291365434],[165.292365541844873,-77.873830368166381],[165.293505342007649,-77.873773753806674],[165.295648271637759,-77.873675423166674],[165.297795117207215,-77.873624359844854],[165.300204411159825,-77.873578335406251]]]]}},
{"type":"Feature","properties":{"SURFACE":"moraine","SUBSURFACE":null,"SOURCE":null},"bbox":[162.989876776662101,-77.735870579689035,163.073236045035259,-77.717633313929568],"geometry":{"type":"MultiPolygon","coordinates":[[[[163.002001826306639,-77.73437865441791],[163.00071894343148,-77.734200125110576],[162.996960257905215,-77.734384246530453],[162.994063732868739,-77.734338789021876],[162.991993561274597,-77.734147114739869],[162.990201882912061,-77.733906891688662],[162.989876776662101,-77.733162296001083],[162.990758073778977,-77.732838828339297],[162.99164443936732,-77.732515690550926],[162.993572184658177,-77.732203139078692],[162.995271939788438,-77.731828166071239],[162.997497933067763,-77.731411242972939],[162.999223569538287,-77.730923718627309],[162.999834714514577,-77.730592209752459],[163.000468472506469,-77.730205059822083],[163.002045477100836,-77.730278988795177],[163.003931578478159,-77.730135030375052],[163.005594433610383,-77.729871855559722],[163.006729569204111,-77.729602945737554],[163.007873195703979,-77.729277476831314],[163.009013204496654,-77.728961290372069],[163.009640332130289,-77.728621304321052],[163.015208505294197,-77.727402993327686],[163.017236966290994,-77.726754271188341],[163.01984837690523,-77.725886427986197],[163.021650508169898,-77.725118317657774],[163.02317049534804,-77.72439851347022],[163.024689117484314,-77.723640555606792],[163.025924607147402,-77.722978426493526],[163.026584263481539,-77.722478775700878],[163.027563018926458,-77.721980810215769],[163.031050708258107,-77.72179798825124],[163.034804024007656,-77.721622849422161],[163.036656502347171,-77.721638376932418],[163.038710209799177,-77.721838244579189],[163.040832301070225,-77.721861716309903],[163.043867517986143,-77.721392452353527],[163.04829617978308,-77.720651921930866],[163.052405158461085,-77.720138039474918],[163.05707776931655,-77.719470338976748],[163.062353937337605,-77.718518182416531],[163.066732970961311,-77.717955062827443],[163.070779186614516,-77.717665301469495],[163.072635836694957,-77.717633313929568],[163.07310579233868,-77.717863558165845],[163.073236045035259,-77.718376273120512],[163.072916991794045,-77.718593480479186],[163.070377702908019,-77.71918070476471],[163.066771578108046,-77.71981299951193],[163.062409107775835,-77.720320146081448],[163.058336267256067,-77.720722313733305],[163.054480598901961,-77.721290765807879],[163.050016223108827,-77.722143265536644],[163.04662553281139,-77.722941643774718],[163.0418614222408,-77.723955462911704],[163.038981383966302,-77.724824997344996],[163.034807434517916,-77.725610590264068],[163.031515003813809,-77.726025089233019],[163.028615062900229,-77.726950407138219],[163.026862966016353,-77.727598078793733],[163.025074371525591,-77.728310004469307],[163.023850795977268,-77.728963429990614],[163.022233576236033,-77.730067184872013],[163.01956044395439,-77.731111933999827],[163.016672174849901,-77.732028509145138],[163.015596603938519,-77.7330817956543],[163.013915880169577,-77.734409902797054],[163.011637730669776,-77.735004421088817],[163.008838713084202,-77.735536561851788],[163.005852439989752,-77.735837606082356],[163.003721980246354,-77.735870579689035],[163.00300287469554,-77.735576391490724],[163.002623361232025,-77.735009181628641],[163.002001826306639,-77.73437865441791]]]]}},
{"type":"Feature","properties":{"SURFACE":"moraine","SUBSURFACE":null,"SOURCE":null},"bbox":[161.958620817373372,-77.662812912003659,161.999603760990794,-77.657802071314492],"geometry":{"type":"MultiPolygon","coordinates":[[[[161.963309802992001,-77.66091245896763],[161.963170570664062,-77.660357165849618],[161.961991012803566,-77.65980602431938],[161.960789465691448,-77.659195907350593],[161.960148507750205,-77.658758822674841],[161.958737192254546,-77.658382952671815],[161.958620817373372,-77.657877095943945],[161.960704897284273,-77.657802071314492],[161.962837360081068,-77.657883551820547],[161.96502731780663,-77.658256170342227],[161.966435014778966,-77.658631742838963],[161.967583156108986,-77.659017952302619],[161.968578813016109,-77.659843407472096],[161.969457759947034,-77.660163006068728],[161.970845666523076,-77.660489297226249],[161.973543739365937,-77.66073443654048],[161.976755918973822,-77.660986584861433],[161.979689985260592,-77.661123635720031],[161.983680971972717,-77.66130541770886],[161.986306547511589,-77.66127737869661],[161.988402183183496,-77.661183771839077],[161.990479581976587,-77.661050601567595],[161.992831499129977,-77.661032196988032],[161.996283824670343,-77.661099790572493],[161.998727941555103,-77.661403550379688],[161.999603760990794,-77.661799331307165],[161.998427209193977,-77.662310957838088],[161.996922746188574,-77.662608407551701],[161.993804820260095,-77.662812912003659],[161.991130648273128,-77.66267497161509],[161.987685293805526,-77.662540830210745],[161.984730594192399,-77.662354608036054],[161.981788638819665,-77.662169233138627],[161.979366918650385,-77.661972139315296],[161.975379572755799,-77.661790556756188],[161.972705835738253,-77.661652433113289],[161.969784373788968,-77.6615161860189],[161.965780872446828,-77.661333316519347],[161.964166039039441,-77.661182639413937],[161.963309802992001,-77.66091245896763]]]]}},
{"type":"Feature","properties":{"SURFACE":"moraine","SUBSURFACE":"rock","SOURCE":null},"bbox":[163.332656137682733,-77.745850799116099,163.54001275489918,-77.716776330696106],"geometry":{"type":"MultiPolygon","coordinates":[[[[163.382642568853186,-77.735305241991938],[163.383728306276367,-77.735108108161498],[163.385112809384765,-77.734844422209321],[163.390063798197929,-77.73410390137083],[163.396116914228514,-77.733157709339764],[163.398889421205354,-77.732620994139154],[163.40169779569888,-77.731925063746743],[163.40316921978382,-77.731324896929536],[163.404009313403947,-77.731112163503525],[163.406483250091185,-77.73073697521248],[163.410874711524855,-77.730103292020615],[163.416262881181183,-77.729665640128275],[163.419799001139467,-77.729253144945631],[163.422005276089266,-77.728879922285586],[163.425074219008707,-77.72823837263951],[163.427606116639026,-77.727591320008457],[163.429597046376699,-77.726995508602712],[163.432089518555927,-77.726516897241908],[163.435106149965151,-77.726090423931254],[163.43889499731992,-77.725741255422321],[163.444629583631126,-77.724964272869826],[163.447888277149929,-77.724600493479187],[163.451723293811028,-77.724073693481159],[163.455545788011733,-77.723555564882602],[163.461510276396098,-77.722944811148466],[163.465281366485783,-77.722641737793225],[163.468499775396197,-77.722455651363745],[163.470464612627921,-77.722309230224738],[163.471189909517335,-77.722255175521994],[163.475501482834147,-77.721910148181962],[163.479847917825566,-77.721443838444728],[163.483107755430723,-77.721032361662694],[163.487757708372015,-77.720404722345137],[163.487991616223582,-77.720371344069193],[163.489547724264412,-77.720099871818576],[163.491440177601334,-77.719869355038256],[163.494169590160396,-77.719536851284531],[163.499620402215129,-77.718807676226149],[163.503177902241646,-77.718329366490735],[163.506146887467622,-77.718032290546049],[163.509688730078608,-77.717609897162447],[163.513232066817693,-77.717140103111447],[163.516445722941683,-77.716953284001264],[163.519122570281894,-77.716808575957941],[163.521776811708008,-77.716776330696106],[163.524909887519669,-77.716926072166828],[163.527529520870445,-77.717014988625081],[163.529929389509874,-77.716976147270131],[163.532278702890352,-77.717066991261717],[163.534677659115687,-77.716980591799981],[163.536529997989646,-77.716992680613757],[163.537808021818819,-77.717177457270893],[163.538861055517231,-77.717234180405981],[163.54001275489918,-77.717413524748366],[163.539906636896035,-77.717850428311067],[163.53740069379495,-77.718395245246867],[163.531690193422122,-77.719118188976751],[163.526347567358613,-77.719342129720388],[163.519912187839253,-77.719725018730983],[163.515634223338822,-77.719958830885616],[163.507885441350254,-77.72027776801562],[163.500608752786547,-77.720873087669617],[163.494859953957359,-77.721716469794998],[163.489443113514824,-77.722276901349858],[163.485587405710618,-77.722916724050734],[163.480627033319394,-77.723762177456251],[163.476787694180217,-77.724393472541891],[163.471857436127152,-77.725079328720042],[163.467783813348575,-77.725543844159148],[163.462633974241925,-77.726054311758759],[163.458266582519855,-77.726623621660494],[163.454208010908928,-77.727022477967608],[163.450368261090631,-77.727606045297435],[163.446216149976664,-77.72839775247455],[163.44214116904871,-77.728814446573509],[163.438335277012243,-77.729229116353821],[163.435278994733579,-77.729862093477834],[163.431450424596449,-77.730389232788653],[163.427687201111723,-77.730626058638066],[163.424405577803554,-77.731045271379656],[163.419231924534614,-77.731667641731562],[163.415903313604218,-77.732302264507908],[163.413656185165451,-77.732891357430645],[163.411106795890731,-77.733594283019642],[163.408027804858961,-77.734292165166536],[163.404458461762886,-77.734816504847345],[163.400635001248475,-77.735286725929583],[163.397076596646542,-77.735811700336626],[163.392686904859232,-77.736435954272963],[163.389897509293633,-77.737028606610622],[163.387075032712914,-77.737733143307779],[163.384517962053366,-77.738435498206272],[163.381441354810107,-77.739133408118406],[163.378140340180408,-77.739655578954995],[163.375057925734609,-77.740353092094466],[163.373300693068359,-77.741068146105917],[163.369911430965061,-77.741926686420612],[163.366572869404308,-77.742569921944892],[163.363302045874462,-77.742979921947466],[163.359550554376568,-77.743112368314257],[163.355992450912169,-77.743580078670092],[163.353199626378881,-77.744172358664741],[163.34935420730659,-77.744745293345318],[163.346354342568162,-77.745105859285971],[163.342875601046472,-77.745236447604029],[163.338844019138492,-77.745474395722667],[163.336418214813051,-77.745614804487474],[163.334829040283495,-77.745646834394961],[163.332656137682733,-77.745850799116099],[163.339710648169387,-77.744075682134863],[163.343325707010763,-77.743383716733135],[163.348593629082274,-77.742426167037678],[163.354180485219672,-77.741251295239095],[163.359785217207275,-77.739963504599913],[163.363451140416856,-77.739046640754481],[163.366278879891155,-77.738295075624379],[163.371001382620989,-77.737388234006119],[163.375448799686126,-77.73653040389452],[163.379859448023353,-77.73579370526376],[163.382642568853186,-77.735305241991938]]]]}},
{"type":"Feature","properties":{"SURFACE":"moraine","SUBSURFACE":"ice","SOURCE":null},"bbox":[163.382642568853186,-77.735305241991938,163.43889499731992,-77.725741255422321],"geometry":{"type":"MultiPolygon","coordinates":[[[[163.43889499731992,-77.725741255422321],[163.435106149965151,-77.726090423931254],[163.432089518555927,-77.726516897241908],[163.429597046376699,-77.726995508602712],[163.427606116639026,-77.727591320008457],[163.425074219008707,-77.72823837263951],[163.422005276089266,-77.728879922285586],[163.419799001139467,-77.729253144945631],[163.416262881181183,-77.729665640128275],[163.410874711524855,-77.730103292020615],[163.406483250091185,-77.73073697521248],[163.404009313403947,-77.731112163503525],[163.40316921978382,-77.731324896929536],[163.40169779569888,-77.731925063746743],[163.398889421205354,-77.732620994139154],[163.396116914228514,-77.733157709339764],[163.390063798197929,-77.73410390137083],[163.385112809384765,-77.734844422209321],[163.383728306276367,-77.735108108161498],[163.382642568853186,-77.735305241991938],[163.384970529951715,-77.734331931703878],[163.385118313866116,-77.733714343204625],[163.386140692995383,-77.73277224647056],[163.388432871472901,-77.732062667183996],[163.390696806470146,-77.731417788975818],[163.395085485399392,-77.730784118229707],[163.400366881177433,-77.729722553166965],[163.404285086225457,-77.728812030862173],[163.408420984409332,-77.728124240262261],[163.412281105600755,-77.727485435345855],[163.41530335184089,-77.727011990667833],[163.418849670151332,-77.72659070487245],[163.422604126345902,-77.726353517192678],[163.427148828439812,-77.72617579477361],[163.430882160703845,-77.726051137360287],[163.434616079383829,-77.725916973365756],[163.43889499731992,-77.725741255422321]]]]}},
{"type":"Feature","properties":{"SURFACE":"moraine","SUBSURFACE":null,"SOURCE":null},"bbox":[161.577975634605224,-77.601762224580767,161.616606615219979,-77.597742911083174],"geometry":{"type":"MultiPolygon","coordinates":[[[[161.582994595335975,-77.600098631167882],[161.581368500502208,-77.599828847228721],[161.579199413538419,-77.599510608951178],[161.578348338015843,-77.599181139113824],[161.577975634605224,-77.598684459044662],[161.578376010013841,-77.598060846706659],[161.579367008466335,-77.597824812398883],[161.580402142741718,-77.597764590123177],[161.581976055792296,-77.597742911083174],[161.583342771598211,-77.598013337863563],[161.58421113810013,-77.598391982812657],[161.585300343825821,-77.598613766264123],[161.58668573614554,-77.598933458050269],[161.588552021050077,-77.599143652607637],[161.590671817425829,-77.599228084257405],[161.592836126426079,-77.599545869861032],[161.594980307414005,-77.599804644409744],[161.597644002825888,-77.600004612564476],[161.600307788813126,-77.600204554478253],[161.603245631733358,-77.600452814414865],[161.605365754336134,-77.60053712948212],[161.609062047847175,-77.600666857995392],[161.612238012254778,-77.60080733005735],[161.615142307329194,-77.600947545851739],[161.616506095369175,-77.601159977846024],[161.616551836889471,-77.601383812666398],[161.616606615219979,-77.601665832439252],[161.613464302320779,-77.601633325798744],[161.611111108833086,-77.601657125093396],[161.608756647712482,-77.60168081376068],[161.606942126740705,-77.601762224580767],[161.60508825730102,-77.601725726724879],[161.601899228176364,-77.601469157347353],[161.598940093588226,-77.601171421320956],[161.594960862861257,-77.600935013509059],[161.591777400026189,-77.600736239771464],[161.588873425317729,-77.60059576994766],[161.585671643591041,-77.600347641873554],[161.582994595335975,-77.600098631167882]]]]}},
{"type":"Feature","properties":{"SURFACE":"moraine","SUBSURFACE":null,"SOURCE":null},"bbox":[164.482378863841916,-77.775527719315406,164.530182377140903,-77.732327441827309],"geometry":{"type":"MultiPolygon","coordinates":[[[[164.482811527732423,-77.732327441827309],[164.484214040221048,-77.73236553373161],[164.484981913119128,-77.732455511117877],[164.488659483148496,-77.732644129337714],[164.491830716610849,-77.732670576992433],[164.49261403481276,-77.732662901099317],[164.495539472790512,-77.732634214070913],[164.498182744509478,-77.732601118438566],[164.500591903124217,-77.732440843814516],[164.502203184953885,-77.732337437992683],[164.504317627098942,-77.732348689234414],[164.505287127802262,-77.732358177868377],[164.506432238083221,-77.732369379621119],[164.50981600841709,-77.732682069468197],[164.514203674749552,-77.733488322705057],[164.516259875234908,-77.733892753171062],[164.518048242431661,-77.734300286117602],[164.519059759966979,-77.734643188203549],[164.520058609081616,-77.734994783239955],[164.520298610666259,-77.735216706779511],[164.520779078054716,-77.735547234312065],[164.521242937178613,-77.735952345556782],[164.52145393836031,-77.736342576731772],[164.521374737596318,-77.736857413725915],[164.521025404227203,-77.737469703425177],[164.520405406391944,-77.738084961981627],[164.520550306228984,-77.73840159352406],[164.520609743461478,-77.738531475465621],[164.520800078024848,-77.73898660998637],[164.521519920796152,-77.739491783109742],[164.523241577485635,-77.740405353308105],[164.524996387121888,-77.74108471538743],[164.526528119482663,-77.741486473010099],[164.527785179650948,-77.741947630742587],[164.528530570672103,-77.742284249223232],[164.529010802005018,-77.742576942246401],[164.529982403973094,-77.743200757287042],[164.530182377140903,-77.74359975985567],[164.530127836397952,-77.744040475379748],[164.529804217281566,-77.744131793965181],[164.528742663299028,-77.744431327281504],[164.527887155532255,-77.744872198696214],[164.526465990976163,-77.745478176344875],[164.524801194256014,-77.746032053398167],[164.52366407115241,-77.746531938499359],[164.522278012849,-77.7469699635014],[164.520844037924462,-77.747745212685501],[164.519718445852391,-77.748189105485537],[164.518355999804157,-77.74845849585941],[164.516959375824939,-77.748905343844157],[164.515843690708408,-77.749340372676542],[164.514996038423504,-77.749621136223908],[164.514851640721588,-77.75068003540612],[164.514891808864917,-77.750698467561165],[164.51534744794904,-77.750907551382781],[164.516358104187333,-77.751203117076543],[164.517640858166772,-77.751486333494981],[164.518656785736482,-77.751782194639802],[164.519377297033515,-77.75228738511656],[164.519439497612211,-77.752454699846894],[164.519567571740112,-77.75279919286838],[164.519373297341133,-77.754138522061993],[164.519508854916609,-77.755034392327346],[164.519393645043891,-77.755773841896072],[164.520791286226512,-77.757121689228711],[164.521772893568624,-77.757689419894078],[164.523246076920287,-77.758437142974898],[164.524497915106764,-77.758945155966302],[164.525035961274568,-77.7591943811193],[164.525735619909312,-77.759518446809338],[164.527256394191255,-77.76003277878209],[164.527956872600583,-77.760659519809195],[164.52818182163162,-77.76093719783934],[164.527852342073629,-77.761613090752988],[164.527796848639895,-77.76172691668701],[164.527743435070988,-77.762167722110632],[164.527402209115309,-77.762619972949508],[164.527098663057473,-77.762951643992523],[164.525418568831441,-77.763504783333715],[164.523760330757199,-77.76399308437675],[164.521008477710467,-77.764653329462902],[164.518527562054771,-77.765310580687085],[164.516857339963224,-77.765807614199147],[164.51491504336056,-77.766411469510146],[164.511879832133729,-77.767177848435566],[164.509653855670365,-77.767840606175682],[164.507999565834666,-77.768329118212066],[164.505774168456952,-77.769048584221451],[164.50383239662969,-77.769595776484081],[164.502136768520273,-77.770261343536561],[164.500701661282505,-77.770980007220956],[164.49899596232973,-77.771758350210931],[164.497529408497172,-77.772701903043966],[164.495808197988765,-77.773583262231966],[164.494091626443634,-77.774370426261655],[164.492640612481637,-77.775201542688663],[164.491947485860123,-77.775527719315406],[164.491219541872397,-77.775193601673195],[164.489700618841027,-77.774735868619118],[164.488744309296919,-77.774046666311591],[164.487818761957158,-77.773094732224465],[164.487701090911571,-77.772133610415139],[164.488369571332555,-77.771190378197005],[164.487991243072628,-77.770176141757403],[164.48735183721999,-77.769155994078218],[164.48911741241298,-77.767984436156127],[164.490410654154488,-77.766473345860589],[164.489784129301199,-77.765293364245537],[164.488874900298185,-77.764276242842769],[164.488762927306794,-77.76326823516311],[164.489235618827905,-77.761916741091909],[164.489961043607281,-77.76062736534486],[164.491251327232192,-77.759068933354271],[164.492475911772743,-77.75800734772649],[164.493128679345148,-77.757119952674756],[164.49431663789241,-77.756282955187245],[164.494963170240538,-77.755499121048047],[164.494830706399199,-77.75460331372048],[164.494145895398191,-77.753863931632182],[164.492710052916578,-77.752891388740039],[164.492622527952136,-77.751658127975261],[164.491773557602755,-77.750257217027752],[164.490651426979866,-77.748944122862639],[164.490001447108114,-77.747932791923773],[164.489622412919346,-77.746918523984206],[164.488680436547497,-77.746182836006938],[164.486714135794983,-77.745103358903535],[164.485031111825094,-77.743974417419736],[164.48442587010905,-77.742729496439324],[164.483849033262061,-77.741316194896228],[164.483506391687655,-77.74003006553599],[164.483388088448294,-77.739068922779239],[164.483053152948884,-77.73777379880697],[164.482970037089842,-77.736588000251416],[164.48285236005313,-77.735579659960806],[164.482719716169186,-77.734683802850881],[164.482556574819142,-77.734060113220835],[164.482378863841916,-77.733492246258621],[164.482683044089299,-77.73317009912914],[164.482811527732423,-77.732327441827309]]]]}},
{"type":"Feature","properties":{"SURFACE":"moraine","SUBSURFACE":null,"SOURCE":null},"bbox":[162.217828326690551,-77.624060035144979,162.237055079731704,-77.617355612171394],"geometry":{"type":"MultiPolygon","coordinates":[[[[162.234986447847092,-77.618004085544499],[162.237055079731704,-77.618098454825613],[162.236750104017574,-77.618249515176885],[162.23657479120024,-77.618763075332438],[162.236396931717053,-77.619314687908243],[162.235766996402845,-77.619644109787146],[162.234297754502251,-77.620126107482918],[162.232778763061077,-77.620728924215314],[162.230134363505613,-77.621588893637139],[162.228119894806355,-77.622119434190765],[162.225747464093615,-77.622931196117278],[162.224029903753916,-77.623357897882926],[162.222335998202169,-77.623719321887634],[162.22041379617707,-77.62397903014184],[162.218811757810897,-77.624060035144979],[162.217828326690551,-77.623829937360966],[162.218097824476502,-77.623036075801835],[162.218907109376971,-77.622155089381138],[162.219358324655502,-77.621593554459707],[162.219755551010451,-77.621200343161718],[162.220297116079735,-77.619526812436135],[162.220543846803395,-77.618798307606937],[162.220765838121253,-77.618125447867953],[162.221195903004514,-77.617619818923558],[162.221801100204999,-77.617355612171394],[162.22385652327128,-77.617496975263734],[162.227219793767517,-77.617661346597004],[162.229558218926513,-77.617745660861189],[162.2329178436934,-77.617909699982178],[162.234986447847092,-77.618004085544499]]]]}},
{"type":"Feature","properties":{"SURFACE":"moraine","SUBSURFACE":null,"SOURCE":null},"bbox":[163.022762248200195,-77.584197009378315,163.043078871412064,-77.579960072946761],"geometry":{"type":"MultiPolygon","coordinates":[[[[163.032273340872223,-77.57998028282455],[163.035154390769065,-77.579960072946761],[163.037696427294009,-77.580269608979179],[163.039369218776102,-77.580855073622786],[163.04071275506675,-77.581713852676089],[163.043078871412064,-77.582696766004005],[163.039603163238297,-77.583952982306712],[163.036140938416963,-77.584182544],[163.032736205852444,-77.584197009378315],[163.028558442999042,-77.584151179043758],[163.025498215528074,-77.583836116166381],[163.023316449303564,-77.583188579344338],[163.023046037427065,-77.582228846164682],[163.022762248200195,-77.581325322500234],[163.023027871473317,-77.58031515964349],[163.024072927801171,-77.580326707278473],[163.026408526394619,-77.580413483505382],[163.027722087593673,-77.580376044772123],[163.029852392002823,-77.580230474807294],[163.032273340872223,-77.57998028282455]]]]}},
{"type":"Feature","properties":{"SURFACE":"moraine","SUBSURFACE":null,"SOURCE":null},"bbox":[162.552048040691204,-77.484143176460876,162.575158816960368,-77.470863623175347],"geometry":{"type":"MultiPolygon","coordinates":[[[[162.558548641888905,-77.482362755269079],[162.557309513102808,-77.482173438613657],[162.556116706456862,-77.481815599791105],[162.555181746310524,-77.481465782360331],[162.554300650523714,-77.480947957469539],[162.55359692844749,-77.479812750470856],[162.553322495640714,-77.479021525690115],[162.553451400423,-77.47767601711989],[162.553746263695558,-77.476723316294951],[162.553997719964542,-77.475882107343352],[162.554501788944748,-77.475048585866972],[162.554481352997414,-77.474255608114575],[162.553946870915553,-77.473456194209689],[162.553344853093478,-77.472833377083091],[162.552429830442833,-77.472427640473882],[162.552048040691204,-77.471972427943058],[162.552137774902207,-77.471682893345033],[162.553510435987477,-77.471423629529355],[162.554615051630776,-77.47121284374748],[162.555692893693958,-77.471066989581558],[162.557046256012796,-77.470863623175347],[162.559067088689631,-77.471058623359667],[162.559373430406396,-77.471785234828616],[162.559555600864655,-77.472026537590054],[162.56049504034894,-77.472367141978239],[162.561908892454454,-77.472844977345176],[162.56361380381199,-77.473209118815689],[162.565785196731383,-77.473795757051874],[162.567230213074538,-77.47415168907304],[162.56868781239973,-77.47450846488556],[162.570121389458507,-77.474920809180773],[162.571566603703531,-77.475286250606487],[162.572728596983694,-77.475746828100725],[162.573871531825546,-77.476272850656343],[162.5698882271071,-77.477451143689734],[162.567720364749931,-77.477761265103567],[162.565336250860042,-77.478790970294611],[162.564517526795754,-77.479793783883196],[162.56460516316173,-77.480362419386552],[162.564845505123685,-77.481313386508248],[162.565457888382497,-77.481841458488432],[162.566599826889075,-77.482367433348898],[162.56828175117775,-77.482834790196733],[162.569014223669171,-77.483008625762892],[162.572100557881527,-77.483113787830561],[162.573116629317354,-77.483182934931534],[162.575158816960368,-77.483321898596515],[162.574684766692116,-77.483470831782498],[162.574006065874471,-77.483720275168295],[162.573353869528489,-77.484143176460876],[162.567895603185178,-77.484124556734088],[162.56490633402197,-77.483692181011847],[162.56244681080193,-77.483257683658067],[162.561215435013452,-77.483011701331066],[162.560229009408488,-77.482830077998202],[162.559507999374262,-77.482647452723612],[162.558548641888905,-77.482362755269079]]]]}},
{"type":"Feature","properties":{"SURFACE":"moraine","SUBSURFACE":null,"SOURCE":null},"bbox":[162.833005383127016,-77.45448886435581,162.891191986690018,-77.438104488966758],"geometry":{"type":"MultiPolygon","coordinates":[[[[162.883089791699149,-77.438228824757033],[162.886491330943187,-77.438104488966758],[162.888764080622224,-77.438304319139476],[162.890351610026045,-77.439115059200986],[162.891191986690018,-77.439856711768215],[162.890988002354419,-77.440585547143854],[162.889267764143682,-77.441231900936913],[162.886231906861752,-77.441923426183067],[162.883137939172968,-77.442791920176006],[162.88238730364634,-77.443674569115032],[162.881349537663425,-77.444623671606635],[162.881166312871585,-77.445296821370633],[162.880480166020931,-77.445907733029628],[162.877524846226038,-77.446319067796082],[162.874774585371057,-77.446896441539224],[162.871284252135922,-77.447357577404816],[162.868762809877126,-77.448054979685821],[162.868021637935982,-77.448843115035444],[162.86866117630052,-77.449352470339377],[162.869397113932109,-77.449525544207091],[162.870285497775285,-77.450051561496736],[162.869908893030214,-77.450492831703372],[162.86751111076839,-77.450741571372617],[162.864148089335998,-77.450706637957865],[162.859973526976688,-77.450817202194358],[162.856569498840088,-77.450941282015805],[162.854441499257177,-77.451141365241597],[162.8532825610543,-77.45157780206614],[162.852364980641056,-77.452116116283577],[162.84992981382203,-77.452486013512925],[162.847014158576258,-77.452728454129911],[162.84407929769074,-77.45302671249361],[162.841890585593376,-77.453451185220828],[162.839989689365098,-77.453761654002847],[162.838067224243787,-77.454137323008581],[162.836701159408562,-77.454397970602727],[162.835643445164237,-77.45448886435581],[162.8343839022086,-77.454366240402095],[162.833414770741626,-77.454120267041958],[162.833005383127016,-77.453721414778883],[162.833689433195246,-77.453119814449892],[162.83679603873253,-77.452195196687939],[162.841118709492207,-77.451533100091538],[162.844947688878108,-77.450790233026908],[162.847510410841039,-77.449981439191689],[162.850699707850765,-77.448729084223288],[162.854586067035143,-77.447771039858367],[162.859500096263957,-77.446872370332642],[162.863736826274874,-77.446537574375895],[162.866258074224703,-77.445830690317891],[162.867486079970888,-77.44512280395999],[162.86905565823497,-77.444123645402428],[162.869783085771104,-77.443353656515328],[162.86922596122406,-77.442554686923103],[162.869725304588201,-77.441664693528409],[162.872038853370782,-77.440791602714128],[162.874334392505233,-77.439974427564337],[162.876629630643293,-77.439157233642973],[162.878821252844176,-77.438685327614323],[162.883089791699149,-77.438228824757033]]]]}},
{"type":"Feature","properties":{"SURFACE":"moraine","SUBSURFACE":null,"SOURCE":null},"bbox":[162.741558117693842,-77.441020784164024,162.814466658472128,-77.41125499246678],"geometry":{"type":"MultiPolygon","coordinates":[[[[162.799019922683186,-77.43898963411236],[162.797000548904123,-77.438796483322278],[162.794902266589503,-77.43888371891137],[162.790731159557396,-77.439002715601816],[162.786357771583539,-77.438888954711544],[162.784831289385863,-77.438805114039809],[162.782673069936806,-77.438211965285163],[162.781748139344927,-77.437806715766328],[162.781159559797999,-77.437128872441804],[162.780254111890599,-77.436667774871964],[162.778751786965472,-77.43648073395569],[162.777249511112558,-77.436293684802322],[162.775518304449321,-77.436034030567853],[162.774016126942342,-77.435846962852196],[162.771510107478605,-77.435534996371416],[162.769217944797163,-77.435399361594179],[162.764849758867854,-77.435285496825159],[162.760541131973184,-77.434994586548655],[162.757377334588568,-77.434276045910138],[162.755596365478311,-77.433241248018547],[162.754962272474216,-77.432731634526036],[162.753881078351725,-77.431982232924355],[162.753587510926138,-77.43119078498178],[162.753261286706163,-77.430511441024706],[162.753213818767932,-77.429774726797461],[162.75289348105656,-77.429048147885112],[162.75277366182678,-77.428592324566281],[162.752096406236859,-77.428241710439337],[162.751064351838039,-77.428229099237541],[162.749753602952836,-77.42827385144173],[162.74838478765696,-77.428533775980256],[162.748024006811761,-77.428919013145375],[162.748147394976002,-77.429375091715301],[162.748507288027355,-77.4299424220265],[162.748648943570998,-77.430342576489849],[162.748767772383957,-77.430845976744493],[162.747373389147754,-77.4312185058822],[162.745835715676833,-77.431143129074158],[162.744463168486703,-77.430507316091393],[162.744268548577594,-77.429379554016549],[162.743844564540922,-77.42903650631213],[162.743441354305304,-77.428637702345227],[162.744645536074529,-77.428033235554352],[162.747162846388107,-77.427393731429135],[162.747273067132596,-77.427001079920089],[162.747407283813686,-77.426495736389739],[162.746525836019146,-77.425978860594469],[162.745090814677241,-77.4255674286904],[162.743119242369005,-77.425205422805874],[162.741628048508034,-77.424104246798223],[162.741558117693842,-77.42343265682932],[162.743249959027935,-77.421994324381544],[162.744428241126798,-77.421502472345878],[162.747609741336021,-77.421212841901749],[162.750404065279497,-77.421411399311509],[162.752691880326608,-77.42150898417438],[162.755304532088729,-77.421428470846578],[162.757162920374697,-77.421277884687797],[162.758525771761612,-77.421017580914693],[162.760244196159732,-77.420419342658391],[162.763390193542534,-77.419336561370855],[162.765732202262683,-77.418361365718937],[162.766399326369026,-77.417806373154519],[162.767017523365809,-77.417476679101895],[162.766861813226456,-77.417085149065016],[162.766204167205302,-77.416678737941623],[162.764680539571998,-77.416594784186302],[162.763071239996805,-77.416800312111647],[162.759873139934854,-77.417155582736157],[162.761075418908177,-77.416551053608529],[162.761705181563087,-77.416117370551348],[162.762702684712679,-77.41533706950429],[162.763926535223504,-77.414676857875776],[162.765369258228048,-77.414136226668006],[162.766987588204188,-77.413874171672006],[162.768836087414314,-77.413732446994061],[162.771763509376882,-77.41343504806261],[162.775249275984464,-77.412975343849112],[162.777436893770727,-77.41255170869465],[162.77964940091843,-77.412024979331349],[162.782107410831003,-77.411543403998223],[162.784490036813224,-77.411351973777258],[162.786839003827055,-77.411272541349675],[162.78968152068515,-77.41125499246678],[162.790954300101333,-77.411321894451277],[162.791721150635055,-77.411335580692167],[162.791362203090813,-77.411720864914514],[162.790943051049027,-77.412283037379169],[162.786942650460588,-77.41273671355107],[162.784842975034508,-77.412871100380514],[162.782493694692732,-77.412950515200464],[162.78064058614865,-77.413101530360493],[162.778492773458368,-77.413404063317373],[162.776025539651954,-77.413885017357089],[162.774886662016286,-77.414265238210433],[162.773704522775148,-77.414804455798759],[162.773350660942981,-77.415142482090744],[162.773819327756769,-77.415317024794732],[162.774536334166783,-77.415546445713247],[162.775725324812953,-77.415903000029061],[162.777002239111368,-77.415970222577002],[162.780031457809486,-77.416193904238398],[162.782046909784668,-77.416387176807163],[162.783480849361354,-77.416798316065353],[162.784217423222572,-77.416971869451814],[162.784379275059734,-77.417306621818639],[162.78454694139802,-77.417603669422363],[162.783610829940017,-77.418197636169026],[162.78238777947692,-77.41886747508515],[162.781139458240887,-77.419630855921284],[162.780208856742348,-77.42018710807497],[162.77925311399656,-77.420846435466572],[162.778047564153155,-77.421450800103372],[162.776293648119378,-77.422161007670397],[162.77457125779938,-77.422806673221217],[162.772626475211979,-77.423284921391357],[162.770446215838774,-77.423652009738134],[162.768747220667251,-77.424194476807315],[162.768261545782167,-77.424980834111878],[162.768047352325823,-77.425756957614837],[162.767646071684396,-77.426263265886618],[162.766707353157386,-77.426866629375169],[162.765446137815644,-77.427638720324538],[162.765246233563431,-77.428368198376731],[162.765365713335058,-77.428871589281272],[162.765933730552774,-77.429614830886933],[162.766990264601191,-77.430467258311268],[162.768587028711835,-77.431222792655589],[162.769762941592347,-77.431635563310607],[162.770993254172538,-77.431871017520848],[162.772435611845253,-77.43223507590956],[162.773666038020821,-77.432470518157103],[162.775088416613102,-77.432937978924599],[162.776499027317357,-77.433461780710729],[162.778169833602647,-77.433936446464216],[162.780165136181211,-77.434194862201494],[162.782446589796592,-77.434386833789773],[162.785787005509007,-77.434488267801214],[162.788838833112038,-77.434646395972351],[162.791890045881615,-77.434852062877667],[162.79516476253184,-77.435177512040781],[162.798457553192321,-77.435437460029107],[162.80012832784945,-77.435921435584959],[162.801768689234592,-77.436555722572535],[162.803164071635422,-77.437135397944417],[162.804835139108008,-77.43760981371274],[162.806807967696699,-77.437971197080444],[162.808580924510039,-77.438109591285624],[162.811367647895196,-77.438316198471369],[162.812852719813719,-77.438558983904656],[162.813977559673077,-77.439187011566261],[162.814057083496891,-77.439811362747093],[162.814466658472128,-77.440210318314499],[162.813861076065933,-77.440540977732539],[162.813771918764729,-77.440868288762402],[162.811650564687341,-77.441020784164024],[162.810910320846688,-77.440894790701407],[162.80969634026178,-77.440603588931765],[162.808992104055704,-77.440365729945853],[162.808048170936047,-77.440016501117228],[162.807061564488833,-77.439835815348331],[162.806069354117028,-77.439702364295343],[162.803804565301164,-77.439454665796376],[162.801555860560995,-77.439188977448211],[162.799019922683186,-77.43898963411236]]]]}},
{"type":"Feature","properties":{"SURFACE":"moraine","SUBSURFACE":null,"SOURCE":null},"bbox":[163.182634808025114,-77.443866496922496,163.200652335061847,-77.438293509107893],"geometry":{"type":"MultiPolygon","coordinates":[[[[163.19411972146375,-77.438293509107893],[163.197210909709042,-77.438382565214425],[163.199960404800265,-77.438753250047895],[163.200227597925533,-77.439768666114546],[163.200045445857597,-77.440497976759659],[163.200140178129175,-77.441169444495742],[163.200288987798189,-77.441625882275858],[163.200652335061847,-77.442248463202375],[163.200482644631791,-77.442921575214001],[163.200577418890163,-77.443593045795168],[163.200255144742528,-77.443866496922496],[163.196165460813461,-77.443607452690244],[163.19463943855601,-77.443526235410189],[163.193106345733781,-77.443454047467199],[163.190827807778021,-77.443256844680604],[163.190336907031195,-77.442074603996133],[163.189172408928158,-77.441551394594612],[163.18794829891749,-77.441261859746447],[163.185732497221238,-77.440831099041645],[163.184046980464757,-77.440311615614192],[163.182634808025114,-77.439734050050063],[163.183115404421073,-77.438843727190587],[163.185291146368968,-77.438416523407412],[163.189969826939176,-77.43835342162518],[163.19411972146375,-77.438293509107893]]]]}},
{"type":"Feature","properties":{"SURFACE":"moraine","SUBSURFACE":null,"SOURCE":null},"bbox":[162.544417369953266,-77.364209192394597,162.56961428173355,-77.349959128783325],"geometry":{"type":"MultiPolygon","coordinates":[[[[162.564232418454878,-77.350042501408922],[162.565792286272938,-77.349959128783325],[162.567262141715446,-77.3502032568651],[162.568147034630385,-77.350712234764487],[162.568966450310597,-77.351407386672122],[162.56961428173355,-77.351814239266403],[162.569261716726885,-77.352142759904027],[162.567889688512707,-77.352458378218842],[162.567030720001043,-77.352733005383428],[162.565088900914816,-77.353209654097967],[162.563436286430743,-77.353582242709024],[162.561472443033352,-77.354162250252486],[162.559885936582447,-77.355159140591581],[162.55902783054691,-77.35633010116112],[162.558113860464942,-77.357668858161531],[162.55732523413144,-77.358606246305882],[162.556448900364302,-77.359833195126228],[162.555351369799155,-77.360940055679052],[162.554527080519932,-77.361951298100948],[162.55293620439403,-77.362995642334539],[162.551710013498308,-77.363655059638049],[162.551032556893546,-77.364209192394597],[162.549811854501172,-77.363963125647672],[162.548120885748233,-77.363608413976351],[162.547029930569067,-77.362961222550922],[162.546028406488489,-77.361995962344636],[162.545814607630319,-77.360980009681228],[162.545535832465134,-77.360188438988274],[162.545291459832697,-77.359284807341908],[162.544789395034115,-77.358372971303822],[162.544680678868616,-77.357869635127258],[162.544552928371814,-77.357422202064441],[162.544417369953266,-77.357021909211184],[162.544562724981319,-77.356516993755363],[162.54502540555805,-77.355843216143086],[162.546327682188405,-77.354912577540034],[162.547332468958757,-77.354133102501891],[162.54934781191298,-77.353385066622835],[162.551084701759095,-77.352732285880307],[162.553026974874626,-77.352255741276707],[162.555502177238765,-77.351720524579648],[162.557705494534446,-77.351242866462613],[162.559624607722185,-77.350821921668597],[162.562055021764593,-77.350417085024304],[162.564232418454878,-77.350042501408922]]]]}},
{"type":"Feature","properties":{"SURFACE":"moraine","SUBSURFACE":null,"SOURCE":null},"bbox":[162.765130084210512,-77.37415772440805,162.862415832406782,-77.369213750051287],"geometry":{"type":"MultiPolygon","coordinates":[[[[162.775879045704102,-77.370120878081877],[162.779632354809792,-77.369603932009042],[162.782023183397001,-77.369299351058771],[162.785389030493576,-77.369232257885656],[162.788488697611996,-77.369213750051287],[162.792517807935468,-77.369543859033527],[162.796802765758684,-77.36988169540038],[162.801852305084225,-77.370233117786114],[162.806155646047955,-77.370514879376657],[162.809701493323388,-77.370726260837316],[162.813525320890875,-77.370842127586869],[162.816826237567085,-77.370998743104366],[162.82087946240685,-77.371272829242457],[162.823633706088316,-77.371535204625502],[162.828243208922885,-77.371646812759494],[162.832344555221567,-77.371704960762059],[162.836988987720702,-77.371656913308911],[162.840680446583633,-77.371363545412009],[162.844846284282141,-77.371187847395362],[162.849238662077056,-77.37114162246904],[162.85359547969108,-77.371197644979972],[162.856418594598779,-77.371235804478559],[162.859220338395943,-77.371329608266905],[162.861470344624536,-77.371586078088654],[162.862415832406782,-77.371878306739148],[162.862328596458212,-77.372215123025967],[162.861709916596539,-77.372601777518383],[162.85854340298323,-77.372892761515885],[162.855897208901581,-77.373142658400752],[162.853991157133407,-77.373509108139885],[162.852903934887507,-77.373721356806712],[162.85175210461415,-77.37415772440805],[162.8509874645396,-77.374144214278246],[162.849268754913595,-77.373837841114579],[162.848277750931032,-77.373713844570716],[162.846518914763948,-77.373528500442333],[162.844754677734983,-77.373390378212633],[162.841903093309753,-77.373464447056477],[162.837778549198617,-77.373471568748556],[162.832910784120827,-77.373399858991434],[162.826508431272345,-77.373262440014244],[162.820642676874769,-77.373065915993365],[162.816355987554687,-77.372728467622139],[162.812561816137446,-77.372462336718939],[162.808233066864744,-77.372293281601259],[162.803858043983979,-77.372282896567242],[162.799468944294205,-77.372338143593183],[162.793803508255166,-77.372325935377262],[162.789234864687302,-77.372092683774355],[162.786694716798223,-77.371949167952778],[162.783653219197816,-77.371790696808759],[162.780844589559621,-77.371705110239418],[162.777988046383712,-77.371778146614801],[162.774604680859881,-77.371901149796358],[162.765130084210512,-77.3717157133039],[162.765769776771606,-77.371273368239287],[162.767362564443971,-77.371124266344424],[162.770780181976022,-77.370841779583486],[162.773716721609617,-77.370479015924161],[162.775879045704102,-77.370120878081877]]]]}},
{"type":"Feature","properties":{"SURFACE":"moraine","SUBSURFACE":null,"SOURCE":null},"bbox":[163.06659103895251,-77.379753578797661,163.130036376033331,-77.3758690389988],"geometry":{"type":"MultiPolygon","coordinates":[[[[163.081840923255641,-77.376658651979852],[163.085171628168155,-77.376708954500756],[163.088022490660194,-77.37663223866835],[163.091468933337865,-77.376271807409537],[163.095402994339224,-77.375981773694718],[163.099287443043409,-77.3758690389988],[163.10312308383061,-77.376019213060701],[163.107192728637045,-77.376184860950545],[163.111016472148208,-77.376343623873169],[163.11432250939103,-77.37649649010217],[163.117190902217914,-77.376363596114643],[163.120346591007717,-77.376116643748588],[163.123451820419575,-77.376046933354843],[163.126757931017295,-77.376199642631661],[163.128997806658049,-77.376509758782888],[163.129682799882062,-77.376859361842946],[163.130036376033331,-77.377529204184896],[163.129905678978332,-77.378033860837377],[163.129520563248576,-77.378540666155047],[163.129201551687714,-77.378766675445533],[163.128072220706969,-77.379195633679174],[163.126666347158647,-77.379634778308059],[163.123296429407077,-77.379753578797661],[163.12204689625753,-77.379575660025864],[163.119628171274201,-77.378977957918664],[163.11767215071589,-77.378563018510448],[163.114842885579634,-77.378527426629063],[163.112484751834586,-77.378675175966151],[163.108850589146954,-77.378795261628184],[163.105829067322048,-77.378528148885351],[163.102595545815689,-77.378094799102044],[163.099064706237584,-77.377774752691778],[163.09488367129515,-77.378010436149609],[163.090749551483896,-77.378068530573216],[163.087651913056504,-77.378090863279937],[163.084303257609861,-77.378105981609338],[163.080422550521348,-77.378171256364141],[163.07758889958788,-77.37818250071787],[163.074019751928802,-77.378030685857397],[163.071534579369114,-77.377665671011158],[163.069041530628141,-77.377357153070463],[163.067045613633553,-77.377100708426312],[163.06659103895251,-77.376870762705892],[163.069464629931815,-77.376691152819362],[163.072353663855779,-77.376493526840761],[163.075722333320527,-77.376422868436364],[163.07852312875707,-77.376514078974182],[163.081840923255641,-77.376658651979852]]]]}},
{"type":"Feature","properties":{"SURFACE":"moraine","SUBSURFACE":"rock","SOURCE":null},"bbox":[163.514114769446081,-77.350458933425998,163.546621081725021,-77.332510726947348],"geometry":{"type":"MultiPolygon","coordinates":[[[[163.537456360551715,-77.350133322598339],[163.535211160942822,-77.349826720402064],[163.531655547738808,-77.349624941655406],[163.529175789240867,-77.349255653984315],[163.527724019051078,-77.348848586731862],[163.525227778472129,-77.348487662762636],[163.522386061691691,-77.348569127769736],[163.520352686359928,-77.348484777193676],[163.51743281292292,-77.347726341531327],[163.516229315459839,-77.347373216157052],[163.514772191873249,-77.347022607697951],[163.514114769446081,-77.346505661441014],[163.514233202507882,-77.345944163935883],[163.515871729537281,-77.345519191138379],[163.518040608933688,-77.344976826718451],[163.519749530114154,-77.344214915664296],[163.52178205483375,-77.343160954362446],[163.523610968133909,-77.341837685471404],[163.524376801136043,-77.34066367871759],[163.525173879708433,-77.339425307998383],[163.525956944574943,-77.338148096899076],[163.526491517160707,-77.336911696333274],[163.526759515953842,-77.335686473357853],[163.527263395288855,-77.334561923521122],[163.527151993475655,-77.333890716976654],[163.527052362365993,-77.333210788487662],[163.526496127063297,-77.332510726947348],[163.527905794774995,-77.332793130549305],[163.527966524619558,-77.332805297155588],[163.529460310971587,-77.333044459700204],[163.530684583521804,-77.333285103669226],[163.531642685052361,-77.333574876680288],[163.532627868441153,-77.333809488285027],[163.533837671537583,-77.33410608166318],[163.535072644760987,-77.334337902038257],[163.536042467546878,-77.33458098239025],[163.5367699587338,-77.334808350516283],[163.538717128819599,-77.335276001963905],[163.540680257024491,-77.335687754991369],[163.542132500301989,-77.336047418569123],[163.54335393311311,-77.336344694024788],[163.544823610590612,-77.336686493270079],[163.546007729567407,-77.337152054167575],[163.546621081725021,-77.337836726073064],[163.546483088131396,-77.33850119474026],[163.546547615364489,-77.339349501289576],[163.545867177812653,-77.340130604789934],[163.544310923290311,-77.341405118521806],[163.544039369001808,-77.34195554525121],[163.543843854068569,-77.342351806925251],[163.542915478034047,-77.342751079337944],[163.542425394826523,-77.34296184134601],[163.54215067710993,-77.343259058419235],[163.541755348311739,-77.343686732008024],[163.540830909448232,-77.344404640487966],[163.539830694025312,-77.345091116488561],[163.539618559104412,-77.345236701870775],[163.538660395419242,-77.346075742740339],[163.538520057391452,-77.346718849222782],[163.53843996242162,-77.347085862392973],[163.538447458151779,-77.347156635334443],[163.538522889468283,-77.347869012052101],[163.53884596354149,-77.348772044774478],[163.539083378666646,-77.348927683511747],[163.539148289837357,-77.349417633986903],[163.541754382152988,-77.350458933425998],[163.540236569838584,-77.350332248877706],[163.537456360551715,-77.350133322598339]]]]}},
{"type":"Feature","properties":{"SURFACE":"moraine","SUBSURFACE":null,"SOURCE":null},"bbox":[162.040115744549411,-77.237680187154353,162.155056820313035,-77.221641910068811],"geometry":{"type":"MultiPolygon","coordinates":[[[[162.141450961367099,-77.235471592224272],[162.138978984437756,-77.235257328373706],[162.134950341933632,-77.2350850252014],[162.131203932490024,-77.234856319974369],[162.126701780631862,-77.23456412906387],[162.122399588650751,-77.234486774424113],[162.117842895786907,-77.23436252644062],[162.114095787564821,-77.234133487151865],[162.110861465228453,-77.23391230210035],[162.10859630909863,-77.233817569448391],[162.106295725180871,-77.233834966309132],[162.10280142188347,-77.233614224016947],[162.099550305382451,-77.233391675599165],[162.097068018521128,-77.233185754356157],[162.093504379999587,-77.2323960275112],[162.092805592724488,-77.232212307767185],[162.090343279576871,-77.23195038005268],[162.087886380784397,-77.231679251066438],[162.086124130545898,-77.231601103525719],[162.083667389812803,-77.231329934720662],[162.081709398755606,-77.231075274888028],[162.080263992793704,-77.230828569156401],[162.077287263846898,-77.230558374143826],[162.075516976759758,-77.230527355490551],[162.073490238563494,-77.230497097840441],[162.071465163141454,-77.230457384096766],[162.068667050320641,-77.230419697353128],[162.066952334167411,-77.230220536012993],[162.065216710219971,-77.230077216253321],[162.06345849332817,-77.229999177512866],[162.059962769702679,-77.229768069362947],[162.057719730245736,-77.229617040494503],[162.060050274351653,-77.228751510625472],[162.060768780295604,-77.228095581110765],[162.061759949347078,-77.227430499994995],[162.062707412633955,-77.226886560105939],[162.064486552628722,-77.226124957609031],[162.065251918312697,-77.22534813714222],[162.064179564721655,-77.224716953981471],[162.062138246650193,-77.22395901964812],[162.060429836205714,-77.223750640219379],[162.05541229484669,-77.223505936397018],[162.052512156340896,-77.22379523178229],[162.05011041509141,-77.224148899640696],[162.047510665516626,-77.224278050656693],[162.045454360384667,-77.224350536232137],[162.043672344121262,-77.224327951767236],[162.041647893814599,-77.224297532905481],[162.040181754699063,-77.224106369357898],[162.040115744549411,-77.223537591772455],[162.041602242804657,-77.222888941415121],[162.043824709468765,-77.222359982487902],[162.047261805150271,-77.221965892202604],[162.05141505195931,-77.221747372281001],[162.055012383515873,-77.221641910068811],[162.059568533386141,-77.221719797528479],[162.064390013198533,-77.221787926080907],[162.067615377877758,-77.222066675484697],[162.069197132163339,-77.222657844883599],[162.070440504572645,-77.22352108480797],[162.071713242406247,-77.224281267540462],[162.073268724550076,-77.22497564223012],[162.074606175787579,-77.225558814081538],[162.076000366448397,-77.225973982864048],[162.075385808749104,-77.226302785918804],[162.074071702622263,-77.227183713684695],[162.073375787362295,-77.227736100340735],[162.073118296861225,-77.228520581517287],[162.073948569886454,-77.229096127404091],[162.076430900447974,-77.229302355790381],[162.079957587214921,-77.22942074701966],[162.084295420525962,-77.229425032458721],[162.086538742535907,-77.229575831207185],[162.089242672377566,-77.229855099402997],[162.091145418051781,-77.230277790686941],[162.093738803627815,-77.230931388030228],[162.096653491929118,-77.231368960515326],[162.099566745359567,-77.231815940742635],[162.10272813668675,-77.232261475582689],[162.106200870516318,-77.232547602119325],[162.110928603916676,-77.232904111340289],[162.114665955586247,-77.233180311010557],[162.118378663827343,-77.233521579928208],[162.120891405794481,-77.23362432465143],[162.124202548932914,-77.233621516758092],[162.128252495215406,-77.233738215539361],[162.131076578571225,-77.233671936267825],[162.134919830132134,-77.233620913428041],[162.137454983365643,-77.233658198342511],[162.140975431101737,-77.233822962744156],[162.143702089132177,-77.234045805408499],[162.146186527745982,-77.234251367568675],[162.149158249195523,-77.234520250086305],[162.151855411603123,-77.23484598357426],[162.154049772183441,-77.235164563775669],[162.15494933119561,-77.235515195691605],[162.155056820313035,-77.235971886212766],[162.154616239418687,-77.236571111051319],[162.153462108199165,-77.236957149426928],[162.151812597924646,-77.237327047943452],[162.150724155122333,-77.237536226807364],[162.149659100208225,-77.237680187154353],[162.148189787097607,-77.237489630830552],[162.146791962448361,-77.237074841935922],[162.14587312364074,-77.236780127710446],[162.145222957251747,-77.236428096797027],[162.146557802609976,-77.236226927327223],[162.145131169069799,-77.235924721463604],[162.143684352774187,-77.23566883958128],[162.141450961367099,-77.235471592224272]]]]}},
{"type":"Feature","properties":{"SURFACE":"moraine","SUBSURFACE":null,"SOURCE":null},"bbox":[162.094421223155791,-77.230738393363652,162.134894869106489,-77.224950130489802],"geometry":{"type":"MultiPolygon","coordinates":[[[[162.094889757552096,-77.228194227164749],[162.094421223155791,-77.22729104427043],[162.094825649637386,-77.226058395723996],[162.09582835526399,-77.225336807938916],[162.097980030058636,-77.22498403666134],[162.099779369710205,-77.224950130489802],[162.102044099638675,-77.225045026099949],[162.103016098144792,-77.225171799171363],[162.103302173414448,-77.225851645369914],[162.102301073474564,-77.226573349975894],[162.101797970154934,-77.227349742851331],[162.102622131540727,-77.227924671473431],[162.105240893395404,-77.228474832032035],[162.108251933994666,-77.228632468922811],[162.111587422521666,-77.228574315275353],[162.114750610317088,-77.228236253593877],[162.118431330170381,-77.227896868197874],[162.121782398746205,-77.227782377716238],[162.125112712964778,-77.227723701336302],[162.127983345208975,-77.227536650636353],[162.130838441273454,-77.227367577000862],[162.132377967950646,-77.227334012071296],[162.134894869106489,-77.227427440718984],[162.133169533289134,-77.228021082378078],[162.130758238248859,-77.228374715927799],[162.129154209597147,-77.228633010106705],[162.126522750761751,-77.228875368291099],[162.124399988744017,-77.229125319744654],[162.12208079028656,-77.229198801159839],[162.118063733594596,-77.229800943596231],[162.115423307901182,-77.23009991905765],[162.112503499226506,-77.230445833689558],[162.109124351445672,-77.230625152141698],[162.106292685116756,-77.230738393363652],[162.104057074126644,-77.230540563612479],[162.102470262974407,-77.229949423810325],[162.10089951492111,-77.229302070192603],[162.099173027240681,-77.229111864150155],[162.096518863448097,-77.228673788472065],[162.094889757552096,-77.228194227164749]]]]}},
{"type":"Feature","properties":{"SURFACE":"moraine","SUBSURFACE":"rock","SOURCE":null},"bbox":[163.510739860531856,-77.326747321031874,163.534527439963711,-77.315802235909317],"geometry":{"type":"MultiPolygon","coordinates":[[[[163.534454841970501,-77.315802235909317],[163.534527439963711,-77.315802912184935],[163.533611982694111,-77.31639248395237],[163.533076804343381,-77.317685619725538],[163.533074467882784,-77.3188615931453],[163.532937091362214,-77.319495305700841],[163.532818980909468,-77.320040108486964],[163.532404006031982,-77.320762485339898],[163.531144908691516,-77.321818966105624],[163.530534700087969,-77.322263099680313],[163.528815469384455,-77.323090541174523],[163.52770642278324,-77.323473845714801],[163.526219517892486,-77.324411227025422],[163.5247470223444,-77.325292638751691],[163.524648465225681,-77.325320328948052],[163.523375700602003,-77.325677893583574],[163.52244780847937,-77.326395470976607],[163.522395009576769,-77.326667260032053],[163.522315315125098,-77.326747321031874],[163.521342057341286,-77.326513399419269],[163.519131201259967,-77.326047346088757],[163.51696012719276,-77.325403617227551],[163.515377246172079,-77.324485029196666],[163.514326525286151,-77.323411272081543],[163.513475648262158,-77.32261609148658],[163.510739860531856,-77.32224860337115],[163.512374758780282,-77.321814142350291],[163.513484130157792,-77.321430904412651],[163.515317701488613,-77.32122752173197],[163.517158666017735,-77.321024610396506],[163.518779770893786,-77.320646152597021],[163.519957534683272,-77.319935355821102],[163.520933897852046,-77.319031256457265],[163.521878859924897,-77.318210493100977],[163.522821386466234,-77.317427518839608],[163.523995737947502,-77.316763947312594],[163.525365225871553,-77.316331214719327],[163.527216196424007,-77.316072030504429],[163.529771331048721,-77.316095691682705],[163.532609388577725,-77.316014392988777],[163.534454841970501,-77.315802235909317]]]]}},
{"type":"Feature","properties":{"SURFACE":"moraine","SUBSURFACE":null,"SOURCE":null},"bbox":[162.102593548849228,-77.220393762990597,162.135867614930447,-77.214517735809267],"geometry":{"type":"MultiPolygon","coordinates":[[[[162.129926651173577,-77.214517735809267],[162.132717768853183,-77.21455449825244],[162.134668965215099,-77.214817943666077],[162.135867614930447,-77.215056342961418],[162.135166121422344,-77.21561780000151],[162.133543543512076,-77.215922444715545],[162.130069459817918,-77.216429388219538],[162.126807104927536,-77.217056525530282],[162.124345448642231,-77.217578359051416],[162.121657023849195,-77.218036217392807],[162.118395063603714,-77.218663337966078],[162.114356374340446,-77.219330532535025],[162.110078093820675,-77.219942356758622],[162.106408418755763,-77.220272702055695],[162.103822668206703,-77.220393762990597],[162.102593548849228,-77.220267708211296],[162.102699912489129,-77.219931270203602],[162.10359169002345,-77.21954583635673],[162.105269204578406,-77.219073201716697],[162.107228461055627,-77.218544244946813],[162.110177389009351,-77.21808598892936],[162.113172856049232,-77.217506810915921],[162.115927695649077,-77.216872209288596],[162.118734201796258,-77.216078841622306],[162.121753909370028,-77.215396248697033],[162.124973512684392,-77.214880801500797],[162.128117152825752,-77.214598789986368],[162.129926651173577,-77.214517735809267]]]]}},
{"type":"Feature","properties":{"SURFACE":"moraine","SUBSURFACE":null,"SOURCE":null},"bbox":[162.088747986028864,-77.213572150442246,162.115605506256713,-77.20775220744008],"geometry":{"type":"MultiPolygon","coordinates":[[[[162.112930712074018,-77.208105574450656],[162.115339871647961,-77.20775220744008],[162.115605506256713,-77.208487872131684],[162.114555733380598,-77.209368422754409],[162.111793121232182,-77.210050113537179],[162.108510764293499,-77.210732867286083],[162.105056637702916,-77.211183528568441],[162.100888216239269,-77.211458845072087],[162.097927033553646,-77.211973367310392],[162.095713528900745,-77.212503129446802],[162.093511245172124,-77.213024132124943],[162.091095173906837,-77.213386477068482],[162.088747986028864,-77.213572150442246],[162.089830561072063,-77.212579205512057],[162.091811912662251,-77.211985079174738],[162.093749830115968,-77.211512084507802],[162.095490680784366,-77.21086252142284],[162.095349641649989,-77.210527498132976],[162.097232572429874,-77.210213034639708],[162.10013674311304,-77.2098760465379],[162.102981720530778,-77.209745045162762],[162.105336538337895,-77.209559855153074],[162.10828588897246,-77.209101803047417],[162.110492167884729,-77.208571500148096],[162.112930712074018,-77.208105574450656]]]]}},
{"type":"Feature","properties":{"SURFACE":"moraine","SUBSURFACE":null,"SOURCE":null},"bbox":[161.532385270616572,-77.130779102500114,161.558468997790328,-77.125677072912481],"geometry":{"type":"MultiPolygon","coordinates":[[[[161.556384938158715,-77.125767046335454],[161.558398251427917,-77.125677072912481],[161.558468997790328,-77.126075306471819],[161.556536442335812,-77.126487588960785],[161.554404355465266,-77.127182169823755],[161.551997565928957,-77.127770063496413],[161.548839357845395,-77.128359596395057],[161.545867561204034,-77.128675408864154],[161.543691756839223,-77.129146253316236],[161.541236535352766,-77.129510037657894],[161.540030339178173,-77.129746240129194],[161.538077396083395,-77.130099440008095],[161.537337114573177,-77.130226505508858],[161.536373282881726,-77.130404042022946],[161.532652848958122,-77.130779102500114],[161.53261026278355,-77.13055544898873],[161.532767235912928,-77.130039883641402],[161.532683512480133,-77.129659788917238],[161.532385270616572,-77.129436283529316],[161.536704169463746,-77.128319727859719],[161.540333509847272,-77.127496948969252],[161.542517523064674,-77.127084270780387],[161.545218174986417,-77.126719596430803],[161.546940853466936,-77.126473883402809],[161.549660533899157,-77.126168108531857],[161.551159922582769,-77.126097478860132],[161.554134565332248,-77.125839382718056],[161.556384938158715,-77.125767046335454]]]]}},
{"type":"Feature","properties":{"SURFACE":"moraine","SUBSURFACE":"rock","SOURCE":null},"bbox":[163.450531186912769,-77.2492199175378,163.525829633701761,-77.234657207111056],"geometry":{"type":"MultiPolygon","coordinates":[[[[163.479990573736842,-77.247806436988853],[163.479110111546362,-77.247179597580896],[163.477983530892118,-77.246489196858363],[163.476839905293417,-77.245911503648799],[163.475925329975496,-77.245453156836675],[163.474261308135624,-77.244879288805194],[163.472854051388339,-77.24436017481051],[163.471396887728815,-77.243953485653151],[163.469256027542087,-77.243355918931186],[163.466831573692275,-77.242826979533632],[163.464885247396808,-77.242414743228636],[163.463920043869479,-77.242178831714568],[163.462710290851305,-77.241883131399447],[163.462088925438309,-77.241767562940225],[163.461465204976946,-77.241651552225051],[163.460504019940174,-77.241472767518658],[163.458573561517539,-77.240995088598552],[163.456428783736044,-77.240351525258177],[163.454766316409007,-77.239777537700562],[163.453374669495815,-77.239192846228462],[163.452273318555882,-77.238763977766652],[163.452202491115997,-77.23873639760491],[163.45210961000879,-77.238671915898365],[163.451538391803098,-77.238275348386026],[163.451075008548145,-77.237914671658558],[163.450886102358879,-77.237767632728961],[163.450724430368268,-77.237368029762195],[163.450531186912769,-77.237089690440143],[163.451787540484474,-77.2368405719224],[163.451861104324109,-77.236825984485179],[163.45191294961171,-77.236780424262449],[163.452503973312531,-77.236261004016768],[163.453284680001275,-77.236077962649347],[163.454116162644056,-77.235883008288269],[163.454954110295631,-77.235511099180158],[163.45579444587716,-77.235177296423998],[163.456546985792698,-77.234915804492061],[163.45813249851841,-77.234657207111056],[163.461064114458168,-77.235200659513239],[163.460747838027572,-77.235473996729695],[163.460131904803632,-77.235974328915248],[163.458649038696052,-77.236911090386045],[163.458024324686534,-77.237410852640906],[163.458362328443798,-77.238201493728141],[163.459433365420665,-77.239106645643403],[163.461103387147062,-77.23958621994467],[163.463801978464573,-77.240057353633645],[163.46671290459679,-77.240713133645514],[163.469838783608935,-77.241534741407605],[163.472437865834934,-77.24246405319704],[163.474316806154064,-77.243156392656289],[163.476953397659628,-77.243917323029791],[163.479141577838845,-77.244392704332881],[163.482072096640138,-77.244983080739431],[163.483510482605595,-77.245390322365523],[163.484951424877408,-77.245797717649737],[163.485554038824631,-77.246529648542491],[163.486386337363456,-77.247333526548587],[163.487583186360496,-77.247686965501032],[163.489809110098435,-77.247993918274261],[163.491350807615902,-77.24795252852293],[163.493449117831858,-77.247691441265317],[163.495554611040319,-77.24737390002214],[163.497181592072508,-77.246939675792717],[163.497021304313733,-77.246492861971774],[163.496385134793655,-77.245929542555118],[163.496268249394888,-77.245305343948004],[163.497389760020212,-77.244866518541116],[163.50001449932725,-77.2444975883799],[163.502098652343193,-77.244292466342827],[163.504869679897922,-77.244435776007293],[163.50867604646524,-77.244485509697981],[163.511249590996243,-77.244397684410728],[163.514584031895481,-77.244264726477567],[163.517681340239847,-77.244078296399977],[163.520503325634451,-77.243997140255274],[163.522308145899558,-77.243896924597578],[163.523834696926428,-77.24391129627152],[163.525829633701761,-77.244107995586333],[163.524944076569682,-77.244657126274788],[163.524642270885124,-77.244755693413197],[163.523419492569644,-77.244955869215374],[163.52159339856081,-77.245159037889351],[163.519246239602865,-77.245413511317125],[163.516900222240565,-77.245668044397888],[163.514557012384813,-77.245875323518476],[163.511686046364758,-77.246180874981789],[163.509862940963956,-77.246340281588758],[163.508830787925433,-77.246430522044406],[163.506010653075435,-77.246511712954216],[163.503942652000944,-77.246651548023692],[163.501859376297205,-77.246856766620454],[163.500778084281905,-77.247127511259762],[163.499690734865652,-77.247454769902717],[163.498323382567804,-77.247839594789866],[163.497586418632068,-77.248081281352015],[163.497503521925125,-77.248108466549127],[163.496430142048382,-77.248473620706747],[163.496404392122855,-77.248482379673348],[163.496043401900693,-77.248541170070325],[163.495074685128969,-77.248698925419973],[163.492986713102823,-77.248951225862996],[163.490437409287892,-77.249148136944839],[163.490393827874328,-77.249151502905477],[163.490304074671315,-77.249152675491985],[163.489335806514561,-77.249165320609265],[163.488097960841259,-77.249181481738404],[163.485786673220588,-77.2492199175378],[163.484541945128285,-77.249091005792792],[163.483292936540863,-77.248971292293973],[163.482330690190707,-77.248728055110732],[163.481827706343893,-77.24858343424232],[163.481134514510074,-77.248384118360335],[163.479990573736842,-77.247806436988853]]]]}},
{"type":"Feature","properties":{"SURFACE":"moraine","SUBSURFACE":"rock","SOURCE":null},"bbox":[163.471328981016114,-77.240309912979569,163.509900764439436,-77.23541980266269],"geometry":{"type":"MultiPolygon","coordinates":[[[[163.500953904812491,-77.239057688226623],[163.4987451631292,-77.238694964829406],[163.496732553336585,-77.238563215576718],[163.493926298034239,-77.238588160614654],[163.490632139242052,-77.238495752881477],[163.487388287046144,-77.238235852956464],[163.483459697593815,-77.237570573694001],[163.48047932135313,-77.237204509631937],[163.477731623496908,-77.236958001225545],[163.474223986428086,-77.236690087467338],[163.47199735265275,-77.236392292289992],[163.471328981016114,-77.235987973505956],[163.47269217747322,-77.235603057045907],[163.473463825593711,-77.235558798775614],[163.476020400215674,-77.235479800778677],[163.477035075681982,-77.23542974663998],[163.478143666356004,-77.23541980266269],[163.481446725052677,-77.23545609464432],[163.483840966912936,-77.235732563311174],[163.484676355331658,-77.235829019688296],[163.485631788388019,-77.236032325273712],[163.486866495725508,-77.236295043962244],[163.489028050824032,-77.236882479740373],[163.490712943969129,-77.237296382595048],[163.492673995638938,-77.237652469319613],[163.494916641865188,-77.237903663079052],[163.497162928761867,-77.238098158767258],[163.50017312455671,-77.23829520672777],[163.502958679767175,-77.238382663752617],[163.505241634338489,-77.238408748580028],[163.506485522875352,-77.23853755845451],[163.507505840434192,-77.238702817464528],[163.507873720557228,-77.238856010747142],[163.50878852458095,-77.239361633027798],[163.509900764439436,-77.240060368975932],[163.509091325627452,-77.240272997967011],[163.507045619851368,-77.240309912979569],[163.505538426616766,-77.240230285425199],[163.504308244776979,-77.239998043716255],[163.503362138714408,-77.239699016798468],[163.502150378066943,-77.239411054493459],[163.500953904812491,-77.239057688226623]]]]}},
{"type":"Feature","properties":{"SURFACE":"moraine","SUBSURFACE":null,"SOURCE":null},"bbox":[161.4,-77.059324684952685,161.48200882186876,-77.037334410025522],"geometry":{"type":"MultiPolygon","coordinates":[[[[161.4,-77.056921839499381],[161.4,-77.052754351385246],[161.400203961702204,-77.052772516194366],[161.402776655014065,-77.053148801980385],[161.407453470358291,-77.053933081368854],[161.409342546748206,-77.05465099725194],[161.411537292027077,-77.055641305172983],[161.412657177308006,-77.056243647964195],[161.414486845582189,-77.056678849419285],[161.416086985276991,-77.057173469780963],[161.417680407908222,-77.057600425471321],[161.419980653927666,-77.057802448619043],[161.421262835196558,-77.057966146908797],[161.423042766376199,-77.058052222415029],[161.424286663816986,-77.057982833008026],[161.425783257803488,-77.057980418064332],[161.426774094501127,-77.0579111480275],[161.428755150037262,-77.057715007622534],[161.429732433394634,-77.057596755018309],[161.431428508318191,-77.05730242502473],[161.43310223830639,-77.056833778558641],[161.434963861092172,-77.056091558264754],[161.436346681459582,-77.055457164726164],[161.440194956617546,-77.054576736022781],[161.443123789103026,-77.054087433949462],[161.446513647225601,-77.053441000297028],[161.447943465844702,-77.053097835827742],[161.449801485382949,-77.052288220465726],[161.451677485278196,-77.051595035453886],[161.453829601307007,-77.051066456946145],[161.454470128630447,-77.050500915631773],[161.454579502094219,-77.04971323721081],[161.454390949767543,-77.048759315381304],[161.454241289482695,-77.048038458824678],[161.453639112716218,-77.047475345611133],[161.453114848836236,-77.047311247385622],[161.452260953212686,-77.046815491570612],[161.452117124534539,-77.046085475238428],[161.453037778072854,-77.045627335829579],[161.452957847151339,-77.045237753727463],[161.453591415054518,-77.044614181274582],[161.453689982082551,-77.043825698641086],[161.452629755388102,-77.043496599972343],[161.451346534119835,-77.043342495875109],[161.446751503981346,-77.042939094670629],[161.444230359371318,-77.04291231046605],[161.441723324031045,-77.0428769732641],[161.439449192275788,-77.042782431821891],[161.437193161063107,-77.042804311547741],[161.434924799930315,-77.042777292223846],[161.433660792409114,-77.042730018196195],[161.432104112189904,-77.042401746948897],[161.429117720489529,-77.041198480058824],[161.428272945958014,-77.04076078003132],[161.426898010944711,-77.040100888322911],[161.425555230401045,-77.039663988323056],[161.425239103048881,-77.039275709841135],[161.425858742919957,-77.038593540315659],[161.426720773674504,-77.037852926329606],[161.427383408,-77.037404179732533],[161.428620483790809,-77.037334410025522],[161.430816456553202,-77.038257590969693],[161.431897308788308,-77.038703489264222],[161.435025147935619,-77.039351583574444],[161.438892662653785,-77.039863540648227],[161.443266292989904,-77.040499839628055],[161.445643559225317,-77.04109120710919],[161.447982103335505,-77.041516601497236],[161.451584793488564,-77.041989166333508],[161.454916790603221,-77.042345401554996],[161.456990727061168,-77.0427219968782],[161.459310795915343,-77.043040371434216],[161.460323060168747,-77.043078161785616],[161.463615557466085,-77.043277856626077],[161.465642884677948,-77.043363192980792],[161.468168862627209,-77.043457237488582],[161.470670498924477,-77.043434366300929],[161.473172999347838,-77.043401948200724],[161.475945451555333,-77.043485672605328],[161.478450684616149,-77.043462996147184],[161.481242030604676,-77.043605604657643],[161.48200882186876,-77.043711147321659],[161.481870576185088,-77.044276015401721],[161.480196700139203,-77.044677588523754],[161.476787947269145,-77.045217270634794],[161.474372481679893,-77.0456973388319],[161.470280003237377,-77.046578713960528],[161.466426904132959,-77.04746847275284],[161.464092990691199,-77.048328593385577],[161.461266844743193,-77.049314721016813],[161.458622314974406,-77.049902181186823],[161.456745737515945,-77.050595324725066],[161.454925226367209,-77.051503649177292],[161.454063906002915,-77.052244377538457],[161.451236128124918,-77.053230401585225],[161.449114804771511,-77.053981871864352],[161.447731570358087,-77.054616242121767],[161.443737973401767,-77.055994080369629],[161.441339466392094,-77.056580857747321],[161.43942241083343,-77.057117538714749],[161.437025597653275,-77.057694844613167],[161.43342801820819,-77.058575001195024],[161.430281396450539,-77.05916299926966],[161.428045286461781,-77.059301606338238],[161.425039157299125,-77.059324684952685],[161.42377625808632,-77.059287154999822],[161.41994598819096,-77.058989158921221],[161.417144892029199,-77.058730245135123],[161.415340473519876,-77.058469639907614],[161.413792340279173,-77.05831464915039],[161.407880558221052,-77.057523884455506],[161.405332332405152,-77.057322226425384],[161.402520911130324,-77.057139063386458],[161.4,-77.056921839499381]]]]}},
{"type":"Feature","properties":{"SURFACE":"moraine","SUBSURFACE":null,"SOURCE":null},"bbox":[161.893819069948279,-76.062259151231132,161.905432102364045,-76.059496591685658],"geometry":{"type":"MultiPolygon","coordinates":[[[[161.902421607765973,-76.059697236088269],[161.904479711676515,-76.059496591685658],[161.905432102364045,-76.059600229472537],[161.905027821314007,-76.05989294202611],[161.904266957069609,-76.06063485575136],[161.902574438620007,-76.061322498927069],[161.899925633130351,-76.061973012502293],[161.89742349580942,-76.062234136588458],[161.895559767624889,-76.062259151231132],[161.893819069948279,-76.061778349102724],[161.897092340402764,-76.060842968346165],[161.898645170579329,-76.060478451260337],[161.900402534283302,-76.060005945919855],[161.902421607765973,-76.059697236088269]]]]}},
{"type":"Feature","properties":{"SURFACE":"moraine","SUBSURFACE":null,"SOURCE":null},"bbox":[161.90028648851424,-77.097496751419854,162.000100552631096,-77.072050610687342],"geometry":{"type":"MultiPolygon","coordinates":[[[[161.967149854727722,-77.08369770259624],[161.966096617278538,-77.083477606562155],[161.963149220603981,-77.083798470249036],[161.961158480876293,-77.083873434368527],[161.960613655644636,-77.083719017442789],[161.959778535821982,-77.083323533648652],[161.959406066928665,-77.08282787337383],[161.960474497549285,-77.082035560121454],[161.962600413497569,-77.08144457206393],[161.966249274629348,-77.080897547614185],[161.969921290913874,-77.080457354360703],[161.972094764024661,-77.080032342160322],[161.973766862675461,-77.079685561206759],[161.975143538333697,-77.079097371511423],[161.976749995655467,-77.078401616855459],[161.978526314440899,-77.077374040359103],[161.981676876005281,-77.076886272199872],[161.983891889302839,-77.076693709235997],[161.986840757920731,-77.076372875036597],[161.988498004330609,-77.07596762236625],[161.990873073649681,-77.075318218496776],[161.991515931223063,-77.074858296997675],[161.991930259755605,-77.074458234611171],[161.991824617930718,-77.074010790825866],[161.99169100790192,-77.073446592503373],[161.991615771201793,-77.073116079936668],[161.99178347044014,-77.072774560788815],[161.993000806273784,-77.07259543993078],[161.994220520634286,-77.072464287966653],[161.99812772996853,-77.072050610687342],[161.997115471485955,-77.074118359737795],[162.000100552631096,-77.077270196574204],[161.998885721550664,-77.080298347623199],[161.995032700323179,-77.082341354003489],[161.993153186510114,-77.082931304277309],[161.991518348468475,-77.083452998164518],[161.98889551981469,-77.084103634318453],[161.987238638672579,-77.084575920955828],[161.985097484014233,-77.085051237435735],[161.983145605414848,-77.085358658780834],[161.980992086647632,-77.085833063168891],[161.979851460122063,-77.086352443927211],[161.978492283407064,-77.086989785388567],[161.977905249517619,-77.087731091607026],[161.977259336920071,-77.088181289488247],[161.976088637906457,-77.088526395174355],[161.973889133338815,-77.088844476373467],[161.971981071328031,-77.089317606311383],[161.969868694217979,-77.089957536877549],[161.967733143311932,-77.090481041078732],[161.966817454125618,-77.090882939104304],[161.965652355351125,-77.091295376812724],[161.96369905809118,-77.091602653670734],[161.960984660296134,-77.091797162216722],[161.959269238178734,-77.091987861566253],[161.957536331143274,-77.092186842692087],[161.954872756046058,-77.092604935434622],[161.952908262173537,-77.092796599850104],[161.949178071093115,-77.093003120010607],[161.946423626437451,-77.093098968369034],[161.94418778999335,-77.093232566674288],[161.941971736361722,-77.09342496836139],[161.939262613195098,-77.093686626418659],[161.937058209894047,-77.093994605633512],[161.935374254236592,-77.094350064320551],[161.932931612213366,-77.094659789669095],[161.929746154802871,-77.095030120056634],[161.927035766095287,-77.09528203656771],[161.922792201644967,-77.095508214274446],[161.92057663969112,-77.095700519906373],[161.918164740361675,-77.096184551335369],[161.916724925735224,-77.09648123888455],[161.915013418417317,-77.096729410628257],[161.913052883970693,-77.096978537777247],[161.911103704174394,-77.097218919282327],[161.909624901935359,-77.097407529740323],[161.908130877866284,-77.097480244583963],[161.906128901351622,-77.097496751419854],[161.905093802587544,-77.097402075695399],[161.903540814587757,-77.097193070945195],[161.901399989974664,-77.096654179516889],[161.90028648851424,-77.096218965038148],[161.900427673868592,-77.095712744248772],[161.90077456339472,-77.095030238286526],[161.900897940854463,-77.094474893878939],[161.900790734113627,-77.093960104419594],[161.90096299235293,-77.093628333016298],[161.900860371928644,-77.093180835982068],[161.900740540748188,-77.09267469016585],[161.901407148227207,-77.092273806197099],[161.902380253280796,-77.092153566994725],[161.90489297376331,-77.092126618293079],[161.907153197285481,-77.09210034165875],[161.9111834821868,-77.092107601226175],[161.915457439831698,-77.092056062561966],[161.9189295305641,-77.091783362242168],[161.922391265804862,-77.091519434537616],[161.926116621678972,-77.091312952064385],[161.929103005297605,-77.091167305608991],[161.931012926768318,-77.090694493294038],[161.93272331730617,-77.090446217644541],[161.936353807680916,-77.089840610638888],[161.939062857477012,-77.089588597981205],[161.940966864069452,-77.089057947663093],[161.942808982821987,-77.088369778737132],[161.945901386920355,-77.087533647943886],[161.948038545051162,-77.087010416468104],[161.951166903112437,-77.086415953175788],[161.955085591788645,-77.085917287245891],[161.958735352487764,-77.085360752552091],[161.962163874358509,-77.084988878889405],[161.96412644748068,-77.084739733723836],[161.966085321304206,-77.084490309913335],[161.967278162325101,-77.084252048075953],[161.967471417176142,-77.083969709012521],[161.967149854727722,-77.08369770259624]]]]}},
{"type":"Feature","properties":{"SURFACE":"moraine","SUBSURFACE":null,"SOURCE":null},"bbox":[161.808758326202877,-77.087091265478691,161.886681452575885,-77.07916050251329],"geometry":{"type":"MultiPolygon","coordinates":[[[[161.829446699260927,-77.083494399778957],[161.831625341094082,-77.083070578236274],[161.834811865788026,-77.082701564246278],[161.836029317175417,-77.082513397025949],[161.838239015872176,-77.08226405996605],[161.840673100440313,-77.081897212008997],[161.842360458665524,-77.081542561130973],[161.844544424225603,-77.081176486322065],[161.846015733629315,-77.081054751107629],[161.847508194260712,-77.080982400354358],[161.850754371665346,-77.08082812681765],[161.855230330547982,-77.080610876878623],[161.859724944798359,-77.080442763448573],[161.86322564523968,-77.080345271616736],[161.867407523797311,-77.079972355807243],[161.869393795291501,-77.079830830543372],[161.872596072300581,-77.079510474258313],[161.874809554603161,-77.079318589083627],[161.879053066264333,-77.07916050251329],[161.880588565918799,-77.079253763873282],[161.883624814443948,-77.079332485402347],[161.885389437761631,-77.079365953873804],[161.886681452575885,-77.079517883924154],[161.886239706027595,-77.079810801230991],[161.8855411874803,-77.080037102880638],[161.882851434167065,-77.080347282717497],[161.881890335309265,-77.080583064576615],[161.880401739537803,-77.080655880786495],[161.878410435531805,-77.080739726041571],[161.875676335987208,-77.080874412679563],[161.873196470077318,-77.081075521188936],[161.871231314877775,-77.081266466932888],[161.869048096628745,-77.081632769264857],[161.866567979938225,-77.081833813900133],[161.864126643804184,-77.082133351807286],[161.859142118036203,-77.082370928384236],[161.855738164214131,-77.082915605104375],[161.853078115817738,-77.083390399005978],[161.848719428544854,-77.084104249229455],[161.845300646872147,-77.084599927579333],[161.843611165164049,-77.084964036003015],[161.841418639760462,-77.085262548395093],[161.839659378371607,-77.085286631876244],[161.838092006925422,-77.085018583474877],[161.837785841404582,-77.084737775978027],[161.837942684091388,-77.084347400243018],[161.837364253450573,-77.083960502849237],[161.836319273650702,-77.083797729236437],[161.833792951803161,-77.083775054267221],[161.833115014671364,-77.084117634266917],[161.832173238557658,-77.084412150075153],[161.830482823469197,-77.084709146039515],[161.82926508194015,-77.084897287687539],[161.827551623732205,-77.085135168396079],[161.824595554486734,-77.085454084004596],[161.822161539191029,-77.085820870168348],[161.819726178987253,-77.086187544962939],[161.817265474904218,-77.086437509399488],[161.814827442359501,-77.08680396075296],[161.812111810085128,-77.086996890812216],[161.810356981222128,-77.087078541029328],[161.809357639414543,-77.087091265478691],[161.808758326202877,-77.086645291960394],[161.810178014207509,-77.086232794357258],[161.813585901479343,-77.085746221118299],[161.817486320924473,-77.085142675190752],[161.821388140390155,-77.084587047731134],[161.824569343100279,-77.084160304241294],[161.827254095407284,-77.083792790143193],[161.829446699260927,-77.083494399778957]]]]}},
{"type":"Feature","properties":{"SURFACE":"moraine","SUBSURFACE":null,"SOURCE":null},"bbox":[161.716004123336631,-77.048466715128981,161.847238684643088,-77.011807540890047],"geometry":{"type":"MultiPolygon","coordinates":[[[[161.723322425652071,-77.046132477519805],[161.727303987818857,-77.045910320346962],[161.729982321258404,-77.045543763323934],[161.732369916080927,-77.045012063013417],[161.734731502314702,-77.044315680787008],[161.737312763022686,-77.043501528611898],[161.739672602932927,-77.042805013827987],[161.742325498818616,-77.042321644376401],[161.745740610787379,-77.04182764755457],[161.74916283577241,-77.041401159739934],[161.751071971879185,-77.040929734827358],[161.754449142580768,-77.040327572768774],[161.756337168021957,-77.039806713101896],[161.75822122826591,-77.039218553261293],[161.760622986387119,-77.03874524787453],[161.762707041396368,-77.037932573769993],[161.764340861652698,-77.037354625733286],[161.765465050973319,-77.036786860902993],[161.766309793041387,-77.036045294138518],[161.765986221455108,-77.035705508501195],[161.764923189886588,-77.035435478875499],[161.762347649002947,-77.03507273670202],[161.760046131024865,-77.034873805239641],[161.757702972341832,-77.03450904240637],[161.756618603925574,-77.034132086915704],[161.756041929636467,-77.033735252972392],[161.755724892795115,-77.033462920013491],[161.755678754411235,-77.033239346729886],[161.755563331664717,-77.032742626650574],[161.755260868247831,-77.0324522251384],[161.753161553720332,-77.032028846060427],[161.752166436707427,-77.032041346481051],[161.750137277822063,-77.031948585616817],[161.746601719795621,-77.031820859684146],[161.745072861966491,-77.031726804188239],[161.742018691253634,-77.031471913252616],[161.741478720007507,-77.031317046958932],[161.740168869087853,-77.031047716375625],[161.739847850079144,-77.030717602473061],[161.740278555331912,-77.030433599050369],[161.740493059783404,-77.030200591974037],[161.740923733481253,-77.029916587742377],[161.741390278937956,-77.029740543108403],[161.741861618012308,-77.029564853701331],[161.743079128896881,-77.029444433071433],[161.744342949569216,-77.029490174164735],[161.745356708799193,-77.02953653486145],[161.746351638664748,-77.029524061050793],[161.745947556440967,-77.029982340812452],[161.74628942082731,-77.030361842994594],[161.747131633597036,-77.030807108972184],[161.747675409902001,-77.031029249271057],[161.749204203848336,-77.031123289052459],[161.750734886757812,-77.031207885483056],[161.7522466038983,-77.031252778245957],[161.753733811714199,-77.031180980674705],[161.754723205473141,-77.031110622655717],[161.756183978831103,-77.030931563826471],[161.757123578445032,-77.030637357486654],[161.75824749927159,-77.030069631704976],[161.758689251032706,-77.029776874761438],[161.758368988279841,-77.029446873756385],[161.758078424022244,-77.029281792207229],[161.758026586791431,-77.029000369644152],[161.758746189844686,-77.028881328643223],[161.759959659773813,-77.028693542260314],[161.761400304388815,-77.028398129625884],[161.762364195599417,-77.028220585659753],[161.763285094325852,-77.027877141377189],[161.764195208134936,-77.027408469212233],[161.764546828148042,-77.02673576132139],[161.766115131949675,-77.025875505993383],[161.767550514147132,-77.02557970466215],[161.770201769512084,-77.025105851646941],[161.772870666043957,-77.024671574971478],[161.775787501171607,-77.024246049571687],[161.777693117076467,-77.02377444112939],[161.779828919487272,-77.023252855416914],[161.783168918373093,-77.022485330225635],[161.78453214584971,-77.021849195023535],[161.788089584737037,-77.020906328160876],[161.790666381338724,-77.020091940049468],[161.792798077196238,-77.019560460029425],[161.794885797159168,-77.018815191774124],[161.795794119991626,-77.018346415066361],[161.798142580532641,-77.017649127497279],[161.799760228141452,-77.017070087903519],[161.801838883383112,-77.016266740231373],[161.803293272634107,-77.016020133522176],[161.80502583425104,-77.015947178856251],[161.805758100996087,-77.015819460729148],[161.808213825775567,-77.015627666384532],[161.808680136082813,-77.015451592483629],[161.808880527026787,-77.015227171040436],[161.809063408023462,-77.015049301143762],[161.80905231694129,-77.014885810946637],[161.812641689000856,-77.014296530746478],[161.813577963639943,-77.013987198625017],[161.814072373255215,-77.013821256105302],[161.814218676193633,-77.013775506902022],[161.814741524056302,-77.013602750386951],[161.815149954293901,-77.013488036466754],[161.816662959783969,-77.013056311492107],[161.816671669059303,-77.013052888001255],[161.817344014195442,-77.012771097150562],[161.817462971730123,-77.012741830183998],[161.817483939957356,-77.01273358711596],[161.817802002053554,-77.01265841739081],[161.818301230559683,-77.012535587727399],[161.819267888228467,-77.012415593761318],[161.82101248977844,-77.012333894180273],[161.822524043134848,-77.012368934373626],[161.82298535072411,-77.012441802520584],[161.823567265950885,-77.012522484951973],[161.823897727871952,-77.012920030058908],[161.823187370501159,-77.01310679973065],[161.822775632772363,-77.013385141305989],[161.823382409244346,-77.013480979816791],[161.823837198982432,-77.013547053042117],[161.826116227255312,-77.013734333516851],[161.826421366188839,-77.013698133728653],[161.829289221313928,-77.013346605741333],[161.8334467306112,-77.012974026082247],[161.836150168534402,-77.012636865145325],[161.83681815988021,-77.012552987977429],[161.838994190646048,-77.012187274308062],[161.839000350627032,-77.012186820665804],[161.839073423867887,-77.012173983186557],[161.841578982799831,-77.011976064743919],[161.842343316560459,-77.011940725679437],[161.842694891410702,-77.011914841446767],[161.844426677295957,-77.011841619586647],[161.845216029800838,-77.011830787194754],[161.84617048607393,-77.011807540890047],[161.846822715365931,-77.011905280404974],[161.846947373442788,-77.011922210975811],[161.846951574758634,-77.011924590918369],[161.847050040883232,-77.011939345779524],[161.847183790712677,-77.012056099873035],[161.847238684643088,-77.01208718567257],[161.846645038073461,-77.012392767859865],[161.846563087948198,-77.012439189336945],[161.845344106868367,-77.012741571407048],[161.844532390050432,-77.012859261625451],[161.841737637088499,-77.013279314851786],[161.839738155329258,-77.013554273893277],[161.839132235348785,-77.013642101209939],[161.833713847908399,-77.014266208616107],[161.831911645933218,-77.014506332807912],[161.829569677276083,-77.014821595103385],[161.829138667771957,-77.014876153306631],[161.827719631947247,-77.015077384038634],[161.826115222377325,-77.015258828840672],[161.824698557100703,-77.015438115559348],[161.820794804821219,-77.016068536457041],[161.819079516875092,-77.016439517571897],[161.817767042649251,-77.016734944913139],[161.817090464854573,-77.016871308425209],[161.816519411154957,-77.016996882656713],[161.813746913762344,-77.017788859943153],[161.81079020071931,-77.018746008866529],[161.810456169612081,-77.018844748016178],[161.810429635074456,-77.018853350977963],[161.810330719296502,-77.018881830393013],[161.809261976412074,-77.019197736680752],[161.808912106071887,-77.019290256552793],[161.807361058674701,-77.019736771694994],[161.806195933470065,-77.020008460658644],[161.806093623110939,-77.020035511201556],[161.803455182389314,-77.020663612932168],[161.800016453039916,-77.021691930002447],[161.79846838933625,-77.022017014724454],[161.796014885875252,-77.022561362943833],[161.795597265369651,-77.022659169907925],[161.792991091206574,-77.023351197749747],[161.792925862334954,-77.023369148965685],[161.792851198892436,-77.023388341010829],[161.790417223924919,-77.024034549602263],[161.789683201248891,-77.024239671100318],[161.787455123743172,-77.024754503657235],[161.78575489848086,-77.025155216748644],[161.785049465914426,-77.025228652587373],[161.783062196401715,-77.025463427754715],[161.782891272873684,-77.02547849738626],[161.78288606487763,-77.025479120201155],[161.78283894157596,-77.025483111549249],[161.779107265565926,-77.025812074248705],[161.778601618697053,-77.025861047234997],[161.778578038240511,-77.025866002417601],[161.776480010814936,-77.026326285218502],[161.776140367495941,-77.026420152273118],[161.773584868008328,-77.027155441628892],[161.772204834860986,-77.027582629646901],[161.772026336037811,-77.027722926558539],[161.771289918819122,-77.028340020226651],[161.771218472576265,-77.028405114691907],[161.770722112596985,-77.029633242726007],[161.77079945272348,-77.029778044501157],[161.771227542932621,-77.030577209338091],[161.771592834432454,-77.031181167373546],[161.771626553207966,-77.031252789542052],[161.771853195295478,-77.031544980889194],[161.771992723217977,-77.032158283544248],[161.771954714819628,-77.032597585445089],[161.771958326876586,-77.032682158840686],[161.772056817944531,-77.033455139288819],[161.772237258678985,-77.034320318541916],[161.772384792424276,-77.035029924976939],[161.772299721192553,-77.035588342484559],[161.772252074304305,-77.035689615110257],[161.772251074647926,-77.035699602561365],[161.772242523663323,-77.035709923010998],[161.772138702965918,-77.035930579850529],[161.771812417281041,-77.036228777444052],[161.771458582837113,-77.036655592572004],[161.770853397085574,-77.037105158880053],[161.769938933347731,-77.037940708665289],[161.769788968817892,-77.038021893621888],[161.769543962585857,-77.038256091670846],[161.768371254627681,-77.038789333005298],[161.768212027700457,-77.038875519599486],[161.767127198364619,-77.039377651664992],[161.766162731490653,-77.039977945470113],[161.76502111234899,-77.040496588092225],[161.763189173812293,-77.041366227530489],[161.763011902781244,-77.041419835083872],[161.762650012528496,-77.041594389148486],[161.760332284725081,-77.042224909201423],[161.758719370673418,-77.042701353247935],[161.756337762272011,-77.043291061418728],[161.753484054842005,-77.043989443880051],[161.753349678262879,-77.044019422249221],[161.751535809078234,-77.044496314939991],[161.749837490888808,-77.044954656738298],[161.747550127279283,-77.045629499940702],[161.746388785545719,-77.046039795546648],[161.746383878996738,-77.046041236190476],[161.745726275253872,-77.046277983073168],[161.744374573428729,-77.046599216995389],[161.743560657327549,-77.046874070630835],[161.742614880878278,-77.047148743789904],[161.739797203832467,-77.046902007164547],[161.737038201829819,-77.04687018869447],[161.735051880396782,-77.046943390459802],[161.733077193982695,-77.047141897024289],[161.731630644340044,-77.047379484553247],[161.729652226518169,-77.047577697502945],[161.728455466650246,-77.047805043994657],[161.726990505595182,-77.047993384458579],[161.725015529381722,-77.048191828833779],[161.722312230856517,-77.048441647127632],[161.719806479793817,-77.048466715128981],[161.718537790061589,-77.048363175181521],[161.716703317778553,-77.047987927153727],[161.716365469656893,-77.047608640173692],[161.716004123336631,-77.047103140984362],[161.716463738453683,-77.046869103827717],[161.719888277784321,-77.046443004225893],[161.723322425652071,-77.046132477519805]]]]}},
{"type":"Feature","properties":{"SURFACE":"moraine","SUBSURFACE":null,"SOURCE":null},"bbox":[161.4,-76.95544719239291,161.420964984076676,-76.947004760917949],"geometry":{"type":"MultiPolygon","coordinates":[[[[161.4,-76.955412346328657],[161.4,-76.947650507518247],[161.405322906639867,-76.947004760917949],[161.406500612532454,-76.947516236401142],[161.408653535668265,-76.94827442691232],[161.411571692421717,-76.94920579533111],[161.41450309861176,-76.950128516636823],[161.416652816240259,-76.950828793891191],[161.418715741669416,-76.951205995999842],[161.420843853981751,-76.951847032167635],[161.420964984076676,-76.952469942607593],[161.420702146358934,-76.95353358411883],[161.419434583757777,-76.954616863375691],[161.417787891107992,-76.955086415161787],[161.414366810367937,-76.955344539452867],[161.410161724989109,-76.95544719239291],[161.405438037055433,-76.955433665860511],[161.400950443162429,-76.955437989515815],[161.4,-76.955412346328657]]]]}},
{"type":"Feature","properties":{"SURFACE":"moraine","SUBSURFACE":null,"SOURCE":null},"bbox":[161.421339719446706,-76.951621544296572,161.443652416607648,-76.946493944661427],"geometry":{"type":"MultiPolygon","coordinates":[[[[161.433558234526799,-76.948516174672321],[161.430019747469089,-76.94821888550382],[161.426510271906864,-76.94808674855382],[161.423223220283234,-76.947837198320357],[161.421680251497776,-76.947576201851106],[161.421339719446706,-76.947128418962151],[161.422013571204531,-76.94684396980351],[161.424935919483119,-76.94652888421497],[161.428896358014896,-76.946493944661427],[161.432667318465292,-76.946674689624501],[161.437278496901854,-76.947293063325517],[161.440413458074062,-76.947991114366403],[161.442281100362692,-76.948650521616514],[161.443652416607648,-76.949253090140274],[161.443072908634946,-76.949985774078741],[161.441472846248928,-76.950679428009877],[161.439128659492127,-76.951316654640436],[161.438442136133688,-76.951609768138212],[161.43720672225075,-76.951621544296572],[161.436671052679287,-76.951456267013398],[161.436064327552941,-76.950959591447472],[161.436195228626104,-76.950394215900104],[161.436022639906213,-76.94955652085811],[161.435640671373704,-76.94894265052865],[161.433558234526799,-76.948516174672321]]]]}},
{"type":"Feature","properties":{"SURFACE":"moraine","SUBSURFACE":null,"SOURCE":null},"bbox":[161.45754461846488,-76.94543196766368,161.471968877223503,-76.943171443654023],"geometry":{"type":"MultiPolygon","coordinates":[[[[161.469694016678858,-76.943192714268505],[161.471185020212488,-76.943171443654023],[161.471968877223503,-76.94332667676629],[161.471646314569568,-76.944184185040115],[161.470575302141782,-76.944917909950007],[161.46768618120899,-76.945398896805955],[161.464958923765295,-76.94543196766368],[161.462453606216343,-76.945347610628701],[161.460654688127335,-76.945019561542026],[161.459111300880437,-76.944758794267699],[161.45754461846488,-76.944438724754619],[161.457902284081996,-76.943823500157805],[161.461607882971606,-76.943730455947417],[161.463817716375274,-76.94359113458286],[161.466293033645002,-76.943500671404351],[161.468241908821852,-76.943379893180861],[161.469694016678858,-76.943192714268505]]]]}},
{"type":"Feature","properties":{"SURFACE":"moraine","SUBSURFACE":null,"SOURCE":null},"bbox":[161.567171231119914,-76.885416820717282,161.685245275687095,-76.840422912082488],"geometry":{"type":"MultiPolygon","coordinates":[[[[161.648039887199786,-76.842915007192204],[161.650020061218413,-76.842959248928395],[161.651044151892819,-76.843113186419998],[161.652530903935968,-76.843148865313566],[161.653984988915482,-76.843019305603576],[161.654909810530171,-76.84272531399877],[161.655026594150058,-76.842159679509152],[161.655151325537219,-76.841661665753151],[161.654801601345753,-76.84115654805575],[161.654923505891361,-76.840648747804565],[161.655609652073906,-76.840422912082488],[161.657650081647915,-76.840672724771679],[161.659735286680416,-76.841213112906317],[161.661333213235366,-76.841697543328408],[161.663386655934062,-76.842063153803252],[161.665114628119454,-76.842040380483809],[161.666532523609703,-76.84180272719901],[161.667214976300301,-76.84157659120018],[161.667914223444171,-76.841332575526451],[161.669079152964571,-76.841037536301968],[161.670400171012091,-76.841424405253264],[161.672012010843019,-76.842015091633556],[161.673382713207246,-76.842616289476382],[161.674733410050749,-76.843168096686952],[161.676091540168727,-76.843653437713982],[161.677907267545351,-76.844087108708166],[161.679246165965054,-76.844513530124374],[161.680617464276907,-76.845114691456487],[161.681691030867768,-76.845492368171833],[161.682993406009416,-76.845820270737491],[161.68433194288761,-76.846256185990342],[161.685245275687095,-76.847033381388329],[161.685228487073914,-76.848037242089774],[161.684719614544548,-76.848994460213248],[161.68316498689029,-76.849738881246935],[161.679872803689221,-76.850457689238652],[161.676244165760664,-76.85077777222493],[161.671102292397023,-76.85095502356441],[161.665429841106317,-76.851025153114009],[161.661229527722526,-76.85095728230803],[161.657747874296263,-76.850886114130489],[161.653797053429258,-76.85087523434575],[161.649815958988114,-76.850699237993325],[161.646811151412237,-76.85050113074972],[161.643359269242268,-76.850556471189194],[161.63947681081666,-76.850818626601537],[161.635362824469269,-76.851206875468179],[161.631772411496229,-76.851692089975245],[161.627730670217062,-76.852353836611471],[161.62488234680643,-76.852895077045744],[161.623034602984404,-76.853483205897319],[161.620712977935,-76.85406424243881],[161.618644261047478,-76.854760157701776],[161.615890509252296,-76.85569158096817],[161.61364269779915,-76.856670836135677],[161.61068250081837,-76.857835655864037],[161.60804152271561,-76.859206588101003],[161.605877062021364,-76.86057526403043],[161.603974583911537,-76.862002080446032],[161.602979236550283,-76.863085682397099],[161.601711606661382,-76.864052930200828],[161.599790226733319,-76.865420902150021],[161.597516711462333,-76.866283372639771],[161.596711457448208,-76.867084483886813],[161.595640025533243,-76.867827160130474],[161.594105716890311,-76.868745554191975],[161.593791316080939,-76.869535915329976],[161.595186054595132,-76.870244800726283],[161.596377027173929,-76.871129822350113],[161.597306739039766,-76.871956766399308],[161.598019591535262,-76.872958866636395],[161.598680038269805,-76.87367923845342],[161.598896791171683,-76.874634254786287],[161.598361399696415,-76.875532433104311],[161.595728722633226,-76.875956045550026],[161.592113688307478,-76.876391592900163],[161.587617014234894,-76.877287271281318],[161.585349016104487,-76.878207759019759],[161.584620372952315,-76.879397906494887],[161.583705607903909,-76.880803885992378],[161.583690927899255,-76.88187561116267],[161.583422968160789,-76.882889877110856],[161.582908881769214,-76.883904701449424],[161.581589579173055,-76.88465750796837],[161.580704622806053,-76.885107883721787],[161.580989890147009,-76.885416820717282],[161.580461532901381,-76.885319407135412],[161.578943914736783,-76.885166364848928],[161.577108299966284,-76.884682729639607],[161.575199362214363,-76.883858247190915],[161.574293624612636,-76.883138347806138],[161.574105911612406,-76.882300318574934],[161.57465951268901,-76.881451306670925],[161.575157892347477,-76.880387377788125],[161.574961815300753,-76.879491246102759],[161.573807991144122,-76.878714240669552],[161.572419069620622,-76.878053543457213],[161.570564907326172,-76.877520471759524],[161.569219831970742,-76.877025908159439],[161.56812238887963,-76.876540495396299],[161.567557272642631,-76.876200747106211],[161.567291515459601,-76.8759507161691],[161.567171231119914,-76.875443465835659],[161.567995425890132,-76.87464369329183],[161.569785326699872,-76.87384040054468],[161.572346682694359,-76.873085932023585],[161.575127075986927,-76.872261827154773],[161.578894085739961,-76.871435754540911],[161.582242509846878,-76.870951562156478],[161.585805416407226,-76.870291999581994],[161.588583480271126,-76.869419792208888],[161.590371392801671,-76.868616361513261],[161.591172690047699,-76.867767041092449],[161.591736534088369,-76.866976390364329],[161.592562364252359,-76.866234297729392],[161.593834567294664,-76.865324838508172],[161.59512646303213,-76.864464767251548],[161.595948246707223,-76.863664920408027],[161.596756127020029,-76.862873605816631],[161.597850663429938,-76.862238070511424],[161.599192361243496,-76.861611658017111],[161.600776795468533,-76.860974877012765],[161.602559078659908,-76.860113627050509],[161.604383879206324,-76.859418414055497],[161.605967793051093,-76.858781603108042],[161.607020360472831,-76.85798968422894],[161.607869582805989,-76.85735478052149],[161.60869269804104,-76.856612559107717],[161.609725015954723,-76.85577124164044],[161.610770558903795,-76.854911777826715],[161.612079465059679,-76.85411054696884],[161.613373992848324,-76.853308235307196],[161.614959527408303,-76.852681163901366],[161.616803966765389,-76.852092826384123],[161.619369468735869,-76.85145367081347],[161.622919737115296,-76.850726165084765],[161.627217596685767,-76.85012217995785],[161.630302080827022,-76.849522211350319],[161.634834398519416,-76.848849693860345],[161.638420364303272,-76.848364170123588],[161.640566594251538,-76.848057116997808],[161.642946780884984,-76.847633674492855],[161.644317379904948,-76.847172272695573],[161.644213659732429,-76.846723994308803],[161.643377822964311,-76.846287440310931],[161.642307219045392,-76.845900169622766],[161.64196103463604,-76.845462293250677],[161.642331198330254,-76.844954059837079],[161.644148208631094,-76.844258311179189],[161.645507775360016,-76.843671630660154],[161.64687431430491,-76.843209950050564],[161.648039887199786,-76.842915007192204]]]]}},
{"type":"Feature","properties":{"SURFACE":"moraine","SUBSURFACE":null,"SOURCE":null},"bbox":[161.442821594317934,-76.844058572897183,161.517377793349851,-76.827888490847656],"geometry":{"type":"MultiPolygon","coordinates":[[[[161.47856334175637,-76.829114544269686],[161.480614892310996,-76.828370327868029],[161.483467023461657,-76.827888490847656],[161.484727647526796,-76.827888896872935],[161.486528076827483,-76.828265918359151],[161.488300090841363,-76.828468252419867],[161.491788358087916,-76.82865778905186],[161.493552549492847,-76.828801981406059],[161.496328838061487,-76.829109611908848],[161.498857825308534,-76.829417505820288],[161.501149852402989,-76.82978395573943],[161.503720465202747,-76.830257857438752],[161.5060094929662,-76.830566519647576],[161.507793783937984,-76.830894174633173],[161.51009541958507,-76.831251655451766],[161.512115670441318,-76.831453517528331],[161.514112926128917,-76.831605697474359],[161.516375679531507,-76.831797246935494],[161.517377793349851,-76.831902329109411],[161.516764894917117,-76.832468870823135],[161.516052735995004,-76.832587093845774],[161.514104050176627,-76.83266860720272],[161.510897200419151,-76.83270215190295],[161.506996992513109,-76.83285529459323],[161.503785971802699,-76.832840523369725],[161.500567802668428,-76.832758087195685],[161.497348840424621,-76.832685129068125],[161.49316532038614,-76.83273021640376],[161.48973539727092,-76.832823146771716],[161.486104993828775,-76.833149905718528],[161.482249838893125,-76.833526559046447],[161.478642774802665,-76.833960443771744],[161.475526647406753,-76.834383855905585],[161.472452820415697,-76.83498299138094],[161.469844770274079,-76.835454745237726],[161.466545645951356,-76.836170829049266],[161.464958540056358,-76.83679721484458],[161.46271048803186,-76.837833190365501],[161.461244131540667,-76.839091827934411],[161.459768643039098,-76.840225178469709],[161.458228021485667,-76.841142694083686],[161.455714556573298,-76.842072174226203],[161.453631164687835,-76.842708607831142],[161.450801751545697,-76.843297629155273],[161.448654886547104,-76.843660806265021],[161.446729452129915,-76.84390669367076],[161.444304861336718,-76.844037735650915],[161.442821594317934,-76.844058572897183],[161.443709400808615,-76.843599198550592],[161.445592982794608,-76.843187174601596],[161.44819687598104,-76.842657647978598],[161.449782150766111,-76.841964005495484],[161.451350022001947,-76.84121152375215],[161.452868299301684,-76.84024437803501],[161.453219093874566,-76.839571447413022],[161.453768104702164,-76.838721959523824],[161.454357440186641,-76.837990582557353],[161.454944030717485,-76.837249415260928],[161.455314633422233,-76.836683451293609],[161.455179068456516,-76.836069221463177],[161.455301386209896,-76.835445945239073],[161.454902558897828,-76.834782838336807],[161.454557222238662,-76.834277180995585],[161.453941957794882,-76.833963799134153],[161.454424361611416,-76.833816519364333],[161.454839201767129,-76.833416895635793],[161.456942551314143,-76.832897127634411],[161.459083873223989,-76.832533616634521],[161.464302298380005,-76.831571363378686],[161.467622295592946,-76.830981587104787],[161.472861108184816,-76.830135821713981],[161.47668867693173,-76.82959433756352],[161.47856334175637,-76.829114544269686]]]]}},
{"type":"Feature","properties":{"SURFACE":"moraine","SUBSURFACE":null,"SOURCE":null},"bbox":[161.717844568121393,-76.860857017774919,161.928873432466077,-76.833186477952566],"geometry":{"type":"MultiPolygon","coordinates":[[[[161.741653495042215,-76.857276036730582],[161.73957572117078,-76.856852154266306],[161.735613973703636,-76.856784458651546],[161.732318222421441,-76.856431748073618],[161.729659701499713,-76.855629181225581],[161.72735739388898,-76.855255279438495],[161.724062252718767,-76.854902461878581],[161.721539117914034,-76.854655455093067],[161.718057336436488,-76.854585209650622],[161.717844568121393,-76.85442373371356],[161.718448160089423,-76.853982903066978],[161.720049038833679,-76.853404551523568],[161.722624136867552,-76.85281327918689],[161.725516921708106,-76.852494702716882],[161.728962884513464,-76.852456919546142],[161.732211993170154,-76.852643558253405],[161.736598034204405,-76.852417886624096],[161.74076292047755,-76.852252104575641],[161.744926513648693,-76.852086164590958],[161.748852977931222,-76.851988492707903],[161.752730024168613,-76.851724383934453],[161.755869131501981,-76.851395306303971],[161.759767512486633,-76.851180556606607],[161.763448132427811,-76.851083385855077],[161.767100839230238,-76.850869254885268],[161.770736469360202,-76.850605960279097],[161.77343742026892,-76.85051177683826],[161.775584668488875,-76.850270834496669],[161.777674057099063,-76.849681112346133],[161.779737977272021,-76.849041642404586],[161.78149130004067,-76.848053614004257],[161.78296768550635,-76.847035281050566],[161.784516917416795,-76.846280728440021],[161.785578189895801,-76.845537461976534],[161.786391631027442,-76.844794769318483],[161.786967112608181,-76.844120357911549],[161.787107391007169,-76.843671653572329],[161.78889304362346,-76.84392979031513],[161.79227742805449,-76.843666679012642],[161.794389537796945,-76.843193461496298],[161.796182948688028,-76.842438080166758],[161.797430503438363,-76.841469634244902],[161.797991988457142,-76.840669845801301],[161.798107289344756,-76.840104503749188],[161.797465643223745,-76.839501605683282],[161.796858533456543,-76.839063916411078],[161.79581978728001,-76.83878521825487],[161.795263009445819,-76.838580882848603],[161.794381965201552,-76.837108617217737],[161.794538937612373,-76.836709022354427],[161.794653167019959,-76.836143597352191],[161.793979250764721,-76.835366055131431],[161.793100984614767,-76.834821919617184],[161.791743783051572,-76.834270580377748],[161.789022560458619,-76.833186477952566],[161.793535978269574,-76.833371724290515],[161.794545167644344,-76.833476055733129],[161.796616269055079,-76.833899110594317],[161.798692240761227,-76.834322503559477],[161.800748364323965,-76.834686986746661],[161.802318410626299,-76.835062868716989],[161.802930115308811,-76.835558281287376],[161.802844396224003,-76.836240608527504],[161.802754681796074,-76.836855676441573],[161.802700552677322,-76.837693427716502],[161.8025902096621,-76.838259123981558],[161.802967943073497,-76.838823102383074],[161.803289393764686,-76.839153281295239],[161.804117351315284,-76.839473549484637],[161.804877117530907,-76.839578257738594],[161.806528079621756,-76.839280949674261],[161.809103576750204,-76.838689341818366],[161.811647055378671,-76.837980543644235],[161.814479630065108,-76.837436855011916],[161.817574778004797,-76.837008450146982],[161.821222656266798,-76.836793539909621],[161.825190619629041,-76.836860772261971],[161.82945467193278,-76.837141366979594],[161.834189168185958,-76.8373613969665],[161.838436382929586,-76.837592734488467],[161.843672855084861,-76.837802251767656],[161.847916829150677,-76.838033164063077],[161.85189849346483,-76.83821571941607],[161.857354377820627,-76.838307416376736],[161.863523956803249,-76.838347049765645],[161.868725744072663,-76.838390845172626],[161.876355779424529,-76.83834784101677],[161.882953798567257,-76.838103399838459],[161.889787599350029,-76.837790318451994],[161.896874843254324,-76.837534192854903],[161.902979853586203,-76.837281254310412],[161.908090624967258,-76.836992435502026],[161.913910292358878,-76.836641552485375],[161.920488739555992,-76.836270514537262],[161.925624420159949,-76.836097961445304],[161.928091122535477,-76.836118839957877],[161.928873432466077,-76.836282143650322],[161.92844612633067,-76.836565829277475],[161.926089100592918,-76.836992838088804],[161.920764454008207,-76.837390362059722],[161.915203585074153,-76.837856264649247],[161.909821332141291,-76.838039000735122],[161.903931071095769,-76.838174260442941],[161.899550902957742,-76.838393142911855],[161.895679070189601,-76.838668936727814],[161.89178667374162,-76.838885784937418],[161.887661242639069,-76.83921908061906],[161.884082138013099,-76.83965040284852],[161.88197566970814,-76.840134066150696],[161.879412872204824,-76.840784513590918],[161.876593508137631,-76.841320211691496],[161.872731330682768,-76.841711220910213],[161.867157281744795,-76.84211797232129],[161.862292442632196,-76.842405398722505],[161.856955249628783,-76.842743570885588],[161.851845832321089,-76.843031707231432],[161.846980315362913,-76.843318838084471],[161.842303466961624,-76.84338088204953],[161.83737413473952,-76.843385726106206],[161.833193169665662,-76.843494211647183],[161.828314082664519,-76.843665235326242],[161.824689804951333,-76.843987363997286],[161.821344873552391,-76.844483380008853],[161.818792425040726,-76.845134278520618],[161.817226421396953,-76.845830235834043],[161.816161686969906,-76.846506286338652],[161.815130359549073,-76.847366583316258],[161.814146077915808,-76.848383454036721],[161.81295031753163,-76.849575834531763],[161.812210538526955,-76.85060144156013],[161.810423364006539,-76.85140525884502],[161.808676063667292,-76.852326853688211],[161.806110773228681,-76.85297683535407],[161.80301962106941,-76.853463120400576],[161.799172261976679,-76.853902383828128],[161.795844431126653,-76.854447445795714],[161.793593316094274,-76.855379190144859],[161.792120753144189,-76.856464864732047],[161.791087675232944,-76.85731555943768],[161.790507269573339,-76.857932254585933],[161.790147070839737,-76.858498459940222],[161.792472357728286,-76.858921165987184],[161.795395664468685,-76.859991274925719],[161.795222792423885,-76.86026534982085],[161.793837927431127,-76.860678384983842],[161.791380657779683,-76.860772029729844],[161.78893584272322,-76.860857017774919],[161.785421838857644,-76.860613230953462],[161.783142700853205,-76.860356564673666],[161.780604896422545,-76.860118779630952],[161.778600178828583,-76.859968710062532],[161.77708319891056,-76.859816867639651],[161.775361112953931,-76.859898420352849],[161.772209770734918,-76.860102561841188],[161.768970702294069,-76.860032189673646],[161.765685731279746,-76.859671281805319],[161.762345396720036,-76.859162640067723],[161.759496963115254,-76.858575980849935],[161.757148583158454,-76.858036328496951],[161.754143361347957,-76.857849286536009],[161.750242892750663,-76.858063951903404],[161.746911949987009,-76.858608371185383],[161.74462074626058,-76.858369508269334],[161.742999514102308,-76.857769393113003],[161.741653495042215,-76.857276036730582]],[[161.822622106133366,-76.841546765922445],[161.825600330668607,-76.841625961507788],[161.827864621610843,-76.841814354117673],[161.830360055135685,-76.841962609040721],[161.833093135425543,-76.842042513355111],[161.83458025572989,-76.84207711636931],[161.835823283544613,-76.842112602190554],[161.838331303935036,-76.842252143375489],[161.840307859415503,-76.842285013200595],[161.843041068115326,-76.842364809506122],[161.846229184786381,-76.842268138235355],[161.850359657954641,-76.841983562808949],[161.854962066092838,-76.841648085082767],[161.858610624838605,-76.841432630699813],[161.862259063076067,-76.841217123498978],[161.864940107518663,-76.841072856665136],[161.867372276293054,-76.840929129978122],[161.86883360218107,-76.84085642297039],[161.870247649677822,-76.840617623725734],[161.87094738321619,-76.840440305301939],[161.870866445056066,-76.840099590058628],[161.869838822117657,-76.839946460996828],[161.867305161181406,-76.839700126975217],[161.86481272785494,-76.83956202456163],[161.860403378609334,-76.839672941305082],[161.856704702125199,-76.839722069790653],[161.852051173321911,-76.839833751785093],[161.848373808434928,-76.839941735590131],[161.844725497607243,-76.840157040902895],[161.840561616819883,-76.8402572783354],[161.837093708828462,-76.840189477318248],[161.832630030368762,-76.840075900779638],[161.827663490665515,-76.839972469584296],[161.823664488033245,-76.839740423883669],[161.820143738848401,-76.839438859803849],[161.816878365724932,-76.839204165650827],[161.814618154547134,-76.839073326683646],[161.812389331084177,-76.838973509245974],[161.809447000887246,-76.839068974153932],[161.807993110805199,-76.839208862186069],[161.806582696882515,-76.83950505125658],[161.806882560231884,-76.83972837845721],[161.80820458290512,-76.840104735666714],[161.810227232792187,-76.840303936808994],[161.812026523535252,-76.840553363019552],[161.814057506335843,-76.840810539893795],[161.816333838001697,-76.841066916817127],[161.819091994906529,-76.84125408580347],[161.822622106133366,-76.841546765922445]]]]}},
{"type":"Feature","properties":{"SURFACE":null,"SUBSURFACE":null,"SOURCE":null},"bbox":[161.806582696882515,-76.842364809506122,161.87094738321619,-76.838973509245974],"geometry":{"type":"MultiPolygon","coordinates":[[[[161.822622106133366,-76.841546765922445],[161.819091994906529,-76.84125408580347],[161.816333838001697,-76.841066916817127],[161.814057506335843,-76.840810539893795],[161.812026523535252,-76.840553363019552],[161.810227232792187,-76.840303936808994],[161.80820458290512,-76.840104735666714],[161.806882560231884,-76.83972837845721],[161.806582696882515,-76.83950505125658],[161.807993110805199,-76.839208862186069],[161.809447000887246,-76.839068974153932],[161.812389331084177,-76.838973509245974],[161.814618154547134,-76.839073326683646],[161.816878365724932,-76.839204165650827],[161.820143738848401,-76.839438859803849],[161.823664488033245,-76.839740423883669],[161.827663490665515,-76.839972469584296],[161.832630030368762,-76.840075900779638],[161.837093708828462,-76.840189477318248],[161.840561616819883,-76.8402572783354],[161.844725497607243,-76.840157040902895],[161.848373808434928,-76.839941735590131],[161.852051173321911,-76.839833751785093],[161.856704702125199,-76.839722069790653],[161.860403378609334,-76.839672941305082],[161.86481272785494,-76.83956202456163],[161.867305161181406,-76.839700126975217],[161.869838822117657,-76.839946460996828],[161.870866445056066,-76.840099590058628],[161.87094738321619,-76.840440305301939],[161.870247649677822,-76.840617623725734],[161.86883360218107,-76.84085642297039],[161.867372276293054,-76.840929129978122],[161.864940107518663,-76.841072856665136],[161.862259063076067,-76.841217123498978],[161.858610624838605,-76.841432630699813],[161.854962066092838,-76.841648085082767],[161.850359657954641,-76.841983562808949],[161.846229184786381,-76.842268138235355],[161.843041068115326,-76.842364809506122],[161.840307859415503,-76.842285013200595],[161.838331303935036,-76.842252143375489],[161.835823283544613,-76.842112602190554],[161.83458025572989,-76.84207711636931],[161.833093135425543,-76.842042513355111],[161.830360055135685,-76.841962609040721],[161.827864621610843,-76.841814354117673],[161.825600330668607,-76.841625961507788],[161.822622106133366,-76.841546765922445]]]]}},
{"type":"Feature","properties":{"SURFACE":"moraine","SUBSURFACE":null,"SOURCE":null},"bbox":[161.958115352232852,-76.158002650370406,161.988598334487619,-76.144878527219348],"geometry":{"type":"MultiPolygon","coordinates":[[[[161.959427505650041,-76.144878527219348],[161.961545232816519,-76.144967399149792],[161.964727110054326,-76.145473295893765],[161.96647931203384,-76.145963080216859],[161.96892607184995,-76.146373387066532],[161.970911867413349,-76.146852701208658],[161.97247883583745,-76.147509300136605],[161.97317859402861,-76.148451398872936],[161.974088243855903,-76.149333498891934],[161.975045953387479,-76.150391116439607],[161.976926883370737,-76.151367953991766],[161.97871010080749,-76.151964955248701],[161.979973973628205,-76.15234015894616],[161.980832508275853,-76.153008253189199],[161.981509976382767,-76.153891276212931],[161.982443676142026,-76.154832416432441],[161.983572586109375,-76.155597879309724],[161.984896873047973,-76.156254476847508],[161.985543107710129,-76.156972797678492],[161.986114326650721,-76.157418068022892],[161.988598334487619,-76.158002650370406],[161.985738779274044,-76.157818276865086],[161.984089007969146,-76.157785296238202],[161.982641131290023,-76.157577155397476],[161.980951396511642,-76.157436062374586],[161.978758936635899,-76.15707448358711],[161.977271243346905,-76.156758219000395],[161.975748707784277,-76.156276984956875],[161.973909303237463,-76.155456108181923],[161.972767858295128,-76.154565511866608],[161.971869234001758,-76.153798802162314],[161.970752853140908,-76.1530246570304],[161.969121887810871,-76.15209586536912],[161.967520881370774,-76.151274366032624],[161.966211400057887,-76.15073325920747],[161.964670228251236,-76.150193160722353],[161.963203291779735,-76.14993561311779],[161.962751025746911,-76.148984103723294],[161.96240930244042,-76.148537509240484],[161.961328127982455,-76.147937795454567],[161.960510126384662,-76.147501763484584],[161.959222066543333,-76.147019509936982],[161.958115352232852,-76.146303238267564],[161.958226591371272,-76.145729711691914],[161.958769374582374,-76.145113504414084],[161.959427505650041,-76.144878527219348]]]]}},
{"type":"Feature","properties":{"SURFACE":"moraine","SUBSURFACE":null,"SOURCE":null},"bbox":[161.856380370916042,-76.075489071069782,161.88473543674894,-76.068687934527702],"geometry":{"type":"MultiPolygon","coordinates":[[[[161.881235244964955,-76.068901386029879],[161.884220625212492,-76.068687934527702],[161.88473543674894,-76.068909889158462],[161.883694397820875,-76.069486597227325],[161.881216130976526,-76.069854584829173],[161.877374971593071,-76.070353820641159],[161.874742437345105,-76.07106286299242],[161.87309162407459,-76.072040241395356],[161.871051384433287,-76.073302002673813],[161.868958168037722,-76.074340002903398],[161.866806332016608,-76.075096499584404],[161.864326603203438,-76.075464315182572],[161.86246102764926,-76.075489071069782],[161.860797674970996,-76.075338796033648],[161.856380370916042,-76.074961715839351],[161.85784130359977,-76.07459954298804],[161.860527849176947,-76.074114431293268],[161.863189919485109,-76.073522345088762],[161.864691422542478,-76.072934204505785],[161.865925153596635,-76.072248565095393],[161.866947446297559,-76.071622638845653],[161.867933953658195,-76.07081248601078],[161.868794920567069,-76.070173846509718],[161.873444673715369,-76.069509340959669],[161.876201572274596,-76.069306597934869],[161.878960227202725,-76.069151703714581],[161.881235244964955,-76.068901386029879]]]]}},
{"type":"Feature","properties":{"SURFACE":"moraine","SUBSURFACE":null,"SOURCE":null},"bbox":[161.718463400961326,-76.012261115553301,161.754486689084104,-76.007236078169143],"geometry":{"type":"MultiPolygon","coordinates":[[[[161.7379309380363,-76.010300295152106],[161.734343463959078,-76.009784672180032],[161.731046114320321,-76.009607423887658],[161.727757272607306,-76.009421248161033],[161.725872119993568,-76.009280251209702],[161.724701308716504,-76.00923451145492],[161.722544102353993,-76.00892843496851],[161.721967271827879,-76.008433288997509],[161.721227880139622,-76.008211789460958],[161.720513170143619,-76.008106913734764],[161.71935027163147,-76.008128653575923],[161.719504002351187,-76.007787412862399],[161.718790442007901,-76.00768262110239],[161.718485818370993,-76.007352526630939],[161.718463400961326,-76.007236078169143],[161.721740935868439,-76.00736420267026],[161.723882120610369,-76.007621254159801],[161.726491778125705,-76.007867926484153],[161.729344508656908,-76.008162636403569],[161.732903065827514,-76.008513655362918],[161.735950479908325,-76.00864228448367],[161.739204803520835,-76.008653631846485],[161.741956737902967,-76.008510204865033],[161.744504664937779,-76.008474667459708],[161.746135462848486,-76.008518792405866],[161.747583388560059,-76.008777594150303],[161.747293883999646,-76.009566523168445],[161.747375487861291,-76.0099647139007],[161.748358333576931,-76.010167296207783],[161.74979062140946,-76.010377055650835],[161.751481142217642,-76.010626500508891],[161.753162706852919,-76.010894320335723],[161.754388998433029,-76.011211803849591],[161.754486689084104,-76.011659023169571],[161.753887821051364,-76.01206026699758],[161.751374480843879,-76.012261115553301],[161.747260413285744,-76.011531819340831],[161.743413483193791,-76.010900157096003],[161.7379309380363,-76.010300295152106]]]]}},
{"type":"Feature","properties":{"SURFACE":"moraine","SUBSURFACE":null,"SOURCE":null},"bbox":[163.895381106091321,-74.575422557426151,163.968091826143905,-74.559454194234419],"geometry":{"type":"MultiPolygon","coordinates":[[[[163.950556097281151,-74.572961887309745],[163.948657414138836,-74.572788275997695],[163.94633188370554,-74.572685479915748],[163.944219349332059,-74.572523679387757],[163.941473008619823,-74.572407415055054],[163.938517138902199,-74.572246822004217],[163.936408172857455,-74.571849911840047],[163.934085193280083,-74.571342449169535],[163.932388734082878,-74.570845334762083],[163.929438519427947,-74.570506190288441],[163.92668455460236,-74.570172635014913],[163.92436592062495,-74.570060676895068],[163.921620619460015,-74.570010081416754],[163.91951094695915,-74.570008224278112],[163.919447745427192,-74.568450301093407],[163.917758013385367,-74.568170019937298],[163.917125483376168,-74.567999107268761],[163.915018960056756,-74.567715044016907],[163.913532236787887,-74.567497366307705],[163.911430315358189,-74.567157133699936],[163.909317266320784,-74.56681601902865],[163.907205098400482,-74.566484357384581],[163.904454396518673,-74.565868282020318],[163.901066244766241,-74.564694848218366],[163.898952030006825,-74.564024030011765],[163.898108874194008,-74.563516785841557],[163.897895929553613,-74.563057983526448],[163.897672449540465,-74.562334793829905],[163.896667888912901,-74.562266973816662],[163.896020632900786,-74.561539434613849],[163.895602673315153,-74.560914244142523],[163.895381106091321,-74.559965267634297],[163.897272432982732,-74.559508248450172],[163.899586228660638,-74.559460236181991],[163.902323858019969,-74.559454194234419],[163.903807993135018,-74.559897733512457],[163.904872440148495,-74.560742003515429],[163.906358650051743,-74.561637495570452],[163.908266931611564,-74.562819542039747],[163.909744130185373,-74.563723704748114],[163.912501790990575,-74.564669705018247],[163.915668031133947,-74.565345808906159],[163.919257195506276,-74.565913119465222],[163.924533754523083,-74.566525111619242],[163.928973396287859,-74.56719511038888],[163.934254990708894,-74.567976601321803],[163.939962421683077,-74.568752911071499],[163.944390930156601,-74.569431051774956],[163.94946370476012,-74.570158412235827],[163.953267913468522,-74.570769679096728],[163.956859959982353,-74.571326974411491],[163.9598203285328,-74.571892318948102],[163.962573376924979,-74.572789938100485],[163.965121199517341,-74.573737675870902],[163.966818974294029,-74.574526253463674],[163.968091826143905,-74.575254084064866],[163.967464525270742,-74.575422557426151],[163.964301201172646,-74.575312393360107],[163.960069351374614,-74.574640486695813],[163.956476038445913,-74.573913816014866],[163.953301900446405,-74.573294435977715],[163.950556097281151,-74.572961887309745]]]]}},
{"type":"Feature","properties":{"SURFACE":"moraine","SUBSURFACE":null,"SOURCE":null},"bbox":[161.401546372524734,-75.717791774675774,161.419143948276798,-75.712109746999374],"geometry":{"type":"MultiPolygon","coordinates":[[[[161.417941816877715,-75.712109746999374],[161.419085946754763,-75.712156882624953],[161.419143948276798,-75.712726063125388],[161.418537485734419,-75.713287926351427],[161.417076554306988,-75.71447717021853],[161.414738195091331,-75.71578492159982],[161.41214788600081,-75.716985682315595],[161.410838431091094,-75.717383991505159],[161.408836453267156,-75.717791774675774],[161.406524070984148,-75.717475436235418],[161.40581789415927,-75.717254174244218],[161.405337109953877,-75.71697509294394],[161.40415328367169,-75.71658979495659],[161.402966913363599,-75.716146875495212],[161.401546372524734,-75.715713193509714],[161.4021499033704,-75.714969299348269],[161.40368580358188,-75.71451331604581],[161.405882344296799,-75.713882607074439],[161.408742617419847,-75.713077425228491],[161.411855756558992,-75.712484551418029],[161.415688968315493,-75.712238408196981],[161.417941816877715,-75.712109746999374]]]]}},
{"type":"Feature","properties":{"SURFACE":"moraine","SUBSURFACE":null,"SOURCE":null},"bbox":[162.228608866335321,-75.398160939606257,162.253765724710007,-75.395106992546488],"geometry":{"type":"MultiPolygon","coordinates":[[[[162.228608866335321,-75.396900730157242],[162.229168766616368,-75.396175290969566],[162.2312254945289,-75.395856303675629],[162.234602313704187,-75.3956059427599],[162.237073843424952,-75.395463159780078],[162.23932111168628,-75.395368833698313],[162.242007427344902,-75.395281415095013],[162.244691575931313,-75.395193792318636],[162.247150673801855,-75.395106992546488],[162.249800459405151,-75.395254382306845],[162.251521843128387,-75.395659756703822],[162.25258048022053,-75.396011607140991],[162.253385750344449,-75.396580834518289],[162.253765724710007,-75.39703010332093],[162.253479598523711,-75.397425603791902],[162.252290421516165,-75.397967023862051],[162.250706576446504,-75.398124577196668],[162.248723119690112,-75.398160939606257],[162.248044804153835,-75.398042869593056],[162.245384132882975,-75.397961217299439],[162.244006753518079,-75.398002994657432],[162.242256556900969,-75.397984531900477],[162.239823122733441,-75.397902136786385],[162.236471293167455,-75.397935798506268],[162.234701833455802,-75.397906993826624],[162.232681629355113,-75.397953057102995],[162.231323314130918,-75.398088372676568],[162.231059588713862,-75.398096953636724],[162.229200224371255,-75.397462338786312],[162.228608866335321,-75.396900730157242]]]]}},
{"type":"Feature","properties":{"SURFACE":"moraine","SUBSURFACE":null,"SOURCE":null},"bbox":[162.000050957560859,-75.266130561797468,162.072907103789163,-75.256633064583312],"geometry":{"type":"MultiPolygon","coordinates":[[[[162.018024537967563,-75.261196646324706],[162.014179065048012,-75.26042179550673],[162.010746637623384,-75.259823843524885],[162.007073880911292,-75.259339282396752],[162.004040415325818,-75.259021796424051],[162.00141998338654,-75.258824137849388],[162.000451395413961,-75.258477347764],[162.000050957560859,-75.257501322275075],[162.001413856529439,-75.256633064583312],[162.005927957315492,-75.256958787386552],[162.008707403304243,-75.257445752749632],[162.013437763994034,-75.258227253848332],[162.0168766812032,-75.258816197514989],[162.019671984110147,-75.259247140673864],[162.022717787864593,-75.259508264709055],[162.025106271192016,-75.259753147091217],[162.027462860313079,-75.260176298146206],[162.03112881339635,-75.260717028445868],[162.034580815783215,-75.261201930110616],[162.038025382308149,-75.261743280727941],[162.041676671438694,-75.262349221290648],[162.04555231000009,-75.262954535976178],[162.050537778388673,-75.263508428839856],[162.053595992400972,-75.263760520044897],[162.057738360339016,-75.264092377774148],[162.061019782954816,-75.264238965228628],[162.063856379189332,-75.264491674681224],[162.066033031983494,-75.264680470075831],[162.067996391062081,-75.264813593050349],[162.069527887716674,-75.264939699760589],[162.070821449599379,-75.265122369539696],[162.07272160778092,-75.265650101486855],[162.072907103789163,-75.265874822503875],[162.072221887995028,-75.265989786793185],[162.069768584522592,-75.266130561797468],[162.065801754307358,-75.266089556221317],[162.061420456653025,-75.265871521840623],[162.056345309713123,-75.265824733975819],[162.05108116169589,-75.265647990636111],[162.045597355643423,-75.265367304712896],[162.0412717760654,-75.264867764027514],[162.037182448069956,-75.264159069396186],[162.033345099061961,-75.263375837203952],[162.029904441461582,-75.262787139351147],[162.026449047160668,-75.262301902399258],[162.022126409433696,-75.261744971894132],[162.018024537967563,-75.261196646324706]]]]}},
{"type":"Feature","properties":{"SURFACE":"moraine","SUBSURFACE":null,"SOURCE":null},"bbox":[162.281193708050949,-75.27471304541227,162.367098629283959,-75.264159341012558],"geometry":{"type":"MultiPolygon","coordinates":[[[[162.359100698053737,-75.26420546139731],[162.360880043643505,-75.264159341012558],[162.362129173070628,-75.26467863422495],[162.363782697107837,-75.265430233302297],[162.364767631736385,-75.266279809395357],[162.365560536666322,-75.266904733779498],[162.366352417299254,-75.267586597460763],[162.366922412622898,-75.268212491405919],[162.367098629283959,-75.268549907712654],[162.366356443255938,-75.268652381255677],[162.365969838710697,-75.268705758258989],[162.3632820133206,-75.268963641577216],[162.361720000281309,-75.269102758847495],[162.358787560037683,-75.269484085682521],[162.354759241286104,-75.269890094337612],[162.351825383966002,-75.270318082710915],[162.346230952166337,-75.270825373573416],[162.342188864582766,-75.27129664627715],[162.337051688676894,-75.271698191877363],[162.331209260107073,-75.272375247700921],[162.326497098359084,-75.272839562819357],[162.320265149373853,-75.27321863837507],[162.314690201072466,-75.273565275381685],[162.309127128163396,-75.273846202903002],[162.30444881976257,-75.274084699876795],[162.303151035186943,-75.274125635397652],[162.302221740163503,-75.274179731697473],[162.296209465673314,-75.274519014125474],[162.291331788019562,-75.274636490104172],[162.28712230761414,-75.27471304541227],[162.285207228510586,-75.27466471382121],[162.283385613505203,-75.274618725658954],[162.281193708050949,-75.274488195126125],[162.285896893258837,-75.274080992362656],[162.287735297786213,-75.273593196562516],[162.289574968558696,-75.273048444502209],[162.291646106541634,-75.272503468572168],[162.293721415668728,-75.271911281235859],[162.296642983509599,-75.271549447032385],[162.30175909991209,-75.271365721457101],[162.305091583056054,-75.271179778731849],[162.309135860843469,-75.270756795069957],[162.312739086944816,-75.270240934814581],[162.316368372880021,-75.269641583198307],[162.320185437104072,-75.26918102090923],[162.323978354692741,-75.268937121797777],[162.32798253985888,-75.268691278957974],[162.331338838814787,-75.268440408451397],[162.335145621860619,-75.268026357440888],[162.338972471432868,-75.267556847193276],[162.343035000207635,-75.266925762539103],[162.346870092555292,-75.266390289225086],[162.349155659847753,-75.26585290002204],[162.349905077088664,-75.2652386651895],[162.350847374322058,-75.264849174933062],[162.35375648613504,-75.264542859920198],[162.355745780289425,-75.264513770041773],[162.357521872585096,-75.264419882292685],[162.359100698053737,-75.26420546139731]]]]}},
{"type":"Feature","properties":{"SURFACE":"moraine","SUBSURFACE":null,"SOURCE":null},"bbox":[161.830838833709123,-75.214700307497566,161.9418016228461,-75.19932370671097],"geometry":{"type":"MultiPolygon","coordinates":[[[[161.842063692104091,-75.208848557135212],[161.839670335474835,-75.207399373012194],[161.838192387467927,-75.206350930591825],[161.83692515351575,-75.20512948250898],[161.835840199121094,-75.203675458399942],[161.835246460673858,-75.202558092498364],[161.834187122920696,-75.201334957047905],[161.833448363119487,-75.200777341170237],[161.832269269069315,-75.200173259504709],[161.831060835921789,-75.19945231658221],[161.830838833709123,-75.199338373944343],[161.833335800279002,-75.199929074012402],[161.834444924630333,-75.20004114476977],[161.836017094382925,-75.200249224833556],[161.837827704496988,-75.200620258187087],[161.839656891229708,-75.201173931046995],[161.841052088991802,-75.201719800755455],[161.844076532708414,-75.20292641696939],[161.844811551571865,-75.203426454529762],[161.846710677082598,-75.204414798154474],[161.847956875142671,-75.205415140613269],[161.849894681949877,-75.206692602664148],[161.853170096595335,-75.208062944446596],[161.855705598872646,-75.208885178641395],[161.859083480075952,-75.209530047460632],[161.861303341703461,-75.209620480872104],[161.862997340645848,-75.209218954498724],[161.864261612633271,-75.20880053549368],[161.865532294969739,-75.208458896452257],[161.867673097242658,-75.208104263542509],[161.8704786480385,-75.207738502611349],[161.874630706150668,-75.20759013960101],[161.878365731057329,-75.207606971863953],[161.882300788729964,-75.207459396154235],[161.885358774273357,-75.207314706261883],[161.889039650387616,-75.206945671175475],[161.892682902146703,-75.206297106818099],[161.896561804133313,-75.205811123740389],[161.900404968369571,-75.205045782563374],[161.902537003214803,-75.20456632983435],[161.905092044088889,-75.203979257971852],[161.908043082679058,-75.203167969885712],[161.909062497465612,-75.202662319387315],[161.91030801814253,-75.202137431120889],[161.91114270423779,-75.201854563926858],[161.911718737402083,-75.201226160385161],[161.913908614236306,-75.20119931373786],[161.915866897085664,-75.201067372296933],[161.918479230342086,-75.200942349415342],[161.921503468563913,-75.200632531752248],[161.923914229063371,-75.200604967596774],[161.926776791831713,-75.200634110411315],[161.930253665738263,-75.200380995104879],[161.93479630483651,-75.199883245910939],[161.938274371593195,-75.199620606077119],[161.940427272541825,-75.19932370671097],[161.9418016228461,-75.199695438996287],[161.941679860344465,-75.200380708624593],[161.940231744275025,-75.200945939591762],[161.937680289249926,-75.201543071565922],[161.934457896926176,-75.2020175860536],[161.930545964453501,-75.202339320933405],[161.927071325381974,-75.202602193636025],[161.924493880081968,-75.202958898598936],[161.921941901671687,-75.203546365832707],[161.919407706229748,-75.204240108022319],[161.916838381808759,-75.204721303132459],[161.914049360901316,-75.205193681815317],[161.910204465705107,-75.205901887866176],[161.906361585768138,-75.206667398101104],[161.903373427361345,-75.207256483650937],[161.899988610188586,-75.208193581851774],[161.897016173843184,-75.208898290774698],[161.891830199261989,-75.209503891486548],[161.887738929121298,-75.210105562811094],[161.883225433334133,-75.210824384831156],[161.880214442041989,-75.211249401374403],[161.877655352872409,-75.211769340471733],[161.874008866086825,-75.212360386554636],[161.870583953788127,-75.213017574991554],[161.865831476653455,-75.213620911586233],[161.861949483548727,-75.214106371363243],[161.858906995929829,-75.214423737433336],[161.855859449086807,-75.214616744520384],[161.853668588437444,-75.214700307497566],[161.851614860026928,-75.21409000112169],[161.850440391312674,-75.213600915005884],[161.849860521114294,-75.212589697990424],[161.84838131861963,-75.211541310879539],[161.846516623896235,-75.210775163627105],[161.843491970459894,-75.209616353735271],[161.842063692104091,-75.208848557135212]]]]}},
{"type":"Feature","properties":{"SURFACE":"moraine","SUBSURFACE":null,"SOURCE":null},"bbox":[162.136380234947978,-75.156875987827632,162.157033324394632,-75.153003272674354],"geometry":{"type":"MultiPolygon","coordinates":[[[[162.154069189492333,-75.153561675756421],[162.156454514326725,-75.15370143746928],[162.157033324394632,-75.154262937455499],[162.156046707297889,-75.154933114827713],[162.154207423379432,-75.155475854650007],[162.150587270556343,-75.156223638420329],[162.146335603328339,-75.156748007437614],[162.142815024531927,-75.156875987827632],[162.140630531350439,-75.156800269029077],[162.138036881697218,-75.1565480132207],[162.136740616619619,-75.156421917559527],[162.136380234947978,-75.155963982072691],[162.137072430574591,-75.155697655550355],[162.13757727586804,-75.155301676820272],[162.137654909906473,-75.154794293018753],[162.137704234021982,-75.154465351540495],[162.137754344308945,-75.154174534314706],[162.13758069657419,-75.153893777291927],[162.140509520248258,-75.153365021183646],[162.141644146450147,-75.153097183920408],[162.144078365660306,-75.153003272674354],[162.146894417762667,-75.15320726312936],[162.149488501368324,-75.153402401808734],[162.152540871300346,-75.153540191466831],[162.154069189492333,-75.153561675756421]]]]}},
{"type":"Feature","properties":{"SURFACE":"moraine","SUBSURFACE":null,"SOURCE":null},"bbox":[162.034943650864875,-75.14187518814407,162.069067049301708,-75.135066408766008],"geometry":{"type":"MultiPolygon","coordinates":[[[[162.049823787810226,-75.136685476344326],[162.0474548813757,-75.136440921965061],[162.044210965310157,-75.136180681868566],[162.040983144183969,-75.135864606846823],[162.037947682546303,-75.135659675542385],[162.035778685364591,-75.135526798822198],[162.034943650864875,-75.135333553412011],[162.036053894585791,-75.135235546248495],[162.038486736521492,-75.135095266140198],[162.041114917267265,-75.135066408766008],[162.043951973832037,-75.135102491439056],[162.046120982255218,-75.13523528862585],[162.047834242724292,-75.135472952224859],[162.049564375895244,-75.13560729124022],[162.051717190204556,-75.135805310102185],[162.05302722103562,-75.135866616752779],[162.055432166556244,-75.135895175383027],[162.057589677898903,-75.136083999396789],[162.058400974119763,-75.136484569054161],[162.060482395356246,-75.137133439487172],[162.061714684231447,-75.137645109511965],[162.06337574447528,-75.138230454587045],[162.068122902658047,-75.138672289274126],[162.069067049301708,-75.139588276990494],[162.068948806987748,-75.140320873178126],[162.068169847145953,-75.141093800132836],[162.067882897576169,-75.141536368896055],[162.067607385735158,-75.14187518814407],[162.066772163928846,-75.141586925534497],[162.065316358024717,-75.141123389574588],[162.063458213695355,-75.14042653713804],[162.061390838376894,-75.139674202359785],[162.059528869533096,-75.138976971072736],[162.057015332045097,-75.138282683531699],[162.054688970878004,-75.137756206340427],[162.052372799636885,-75.137163905988771],[162.049823787810226,-75.136685476344326]]]]}},
{"type":"Feature","properties":{"SURFACE":"moraine","SUBSURFACE":null,"SOURCE":null},"bbox":[162.139039956809825,-75.148655046934252,162.216468080497464,-75.109541922393575],"geometry":{"type":"MultiPolygon","coordinates":[[[[162.157808606508752,-75.142130560219059],[162.158797432416236,-75.141460653804884],[162.159385356363003,-75.140462736412729],[162.159298548913085,-75.139618399732058],[162.158606292965771,-75.138429150316441],[162.157203144666965,-75.137571218931868],[162.155547871463313,-75.136987353804855],[162.15367325925726,-75.136356803083459],[162.151795111045885,-75.135773499956827],[162.149713555660583,-75.135078220890307],[162.14828342939046,-75.134389188010402],[162.147110193536065,-75.133483528739092],[162.146802400458142,-75.132630381547543],[162.148849954348179,-75.132200298297505],[162.152217627746325,-75.131622463533958],[162.155164493213846,-75.130971769447129],[162.156767320245734,-75.130485871587666],[162.159505168352922,-75.129779830953112],[162.162673853066764,-75.129080837053664],[162.164043703426046,-75.128756420352332],[162.166360553670529,-75.127939470255399],[162.16733409143535,-75.127277907427171],[162.166089060490521,-75.126813574839971],[162.163572069136052,-75.126168028286472],[162.159303526500707,-75.125444257576135],[162.155051467942798,-75.124617089506984],[162.151921935178706,-75.123635293503256],[162.148532252569765,-75.122926818830848],[162.146186987616318,-75.122561550659512],[162.143822224380642,-75.122308799833704],[162.141442686485277,-75.122121391581203],[162.140304703310193,-75.122070767723486],[162.140591695505634,-75.121946306264761],[162.13961796774646,-75.121152164268793],[162.139039956809825,-75.120685702859717],[162.139362599277405,-75.120017894423583],[162.139904972476501,-75.119349251780193],[162.140435908507072,-75.118736749096044],[162.141260383970433,-75.117625292579334],[162.141866539420505,-75.116562367202377],[162.14207785604097,-75.11520988977091],[162.142666339602329,-75.114259681248768],[162.14323466336495,-75.113374405247171],[162.143507901903746,-75.11303551414963],[162.144257223884836,-75.112479179482335],[162.145489387979865,-75.111534722405963],[162.14598080695427,-75.111204389047245],[162.14627618169024,-75.110705610415508],[162.146991204924234,-75.110317687502743],[162.14774532392039,-75.109704684376041],[162.148338209403022,-75.109562116471324],[162.148422184438175,-75.109541922393575],[162.150130320683871,-75.109797500239225],[162.151202982032942,-75.109924351738158],[162.15120665421756,-75.109924817447165],[162.151142764570722,-75.110309403648785],[162.15147471253249,-75.111031336984453],[162.151537897139406,-75.111997390101436],[162.151835015996937,-75.112944752905634],[162.151994152440921,-75.113295165757066],[162.151993330895323,-75.113300327125273],[162.151999606105335,-75.113307180283158],[162.152324338254317,-75.114022177058715],[162.153105910729465,-75.11428779941771],[162.153152014659497,-75.114318981612186],[162.153495517147832,-75.114889649631479],[162.153199447850312,-75.115445450197441],[162.152646479496894,-75.11617025976463],[162.152116147364865,-75.116782788340061],[162.152006223886701,-75.117458643158244],[162.152337551179471,-75.118142465547024],[162.153128262088984,-75.118702564117186],[162.154764466999978,-75.119446747181982],[162.15603569996955,-75.11969458376916],[162.157548662128107,-75.119819705323295],[162.159081455491872,-75.119822786983903],[162.160658278168086,-75.120913957304666],[162.161486311318072,-75.121248770038932],[162.162966296340443,-75.121551853341472],[162.165107824187828,-75.121852522071052],[162.167673246817799,-75.122216728632011],[162.172618469827995,-75.122777494193016],[162.176943184362329,-75.1231537107859],[162.178586500669354,-75.123793542159973],[162.180880612454416,-75.1245441488187],[162.18318558204362,-75.125190981336971],[162.185740080617137,-75.125668134964144],[162.188083247606642,-75.12608025198773],[162.190203871339577,-75.126550065496176],[162.19230118336759,-75.127132060278996],[162.193918681120067,-75.12799783129536],[162.195747822369043,-75.128966628165713],[162.197142954284061,-75.129823522424928],[162.19793570996967,-75.130392963464601],[162.197641038639119,-75.130844222811703],[162.19757779356263,-75.13091166676719],[162.196259458884356,-75.131329524210059],[162.194462036360335,-75.131647382886683],[162.193303779918523,-75.132084514782875],[162.1933508809812,-75.132229090431437],[162.193266744294192,-75.132262175859111],[162.192376680194144,-75.132359991013942],[162.189529336884334,-75.132391512752903],[162.186678082763166,-75.132413164941937],[162.182929040606069,-75.132608022652661],[162.180896372994511,-75.133030057533873],[162.181847179602755,-75.133945555335217],[162.183737081252531,-75.134519981822464],[162.186055698979658,-75.13505364422231],[162.186355211125971,-75.136010495973807],[162.18587630279751,-75.137692636729071],[162.185941429946752,-75.138706259791249],[162.187090093896813,-75.139780679976596],[162.190228983469723,-75.140714753185279],[162.192712090476761,-75.141689828962157],[162.196468397573824,-75.142912411176425],[162.199607503243413,-75.143846272567842],[162.20343328201298,-75.144617842514108],[162.207299474091599,-75.145107316821054],[162.210547882165827,-75.145412715420974],[162.21289523885963,-75.145777065382973],[162.214132227577778,-75.146297303286346],[162.215160539890178,-75.146752808994762],[162.216468080497464,-75.146774775496624],[162.213532880942381,-75.147408277095053],[162.21214991585191,-75.147798559191997],[162.210078115240549,-75.148503080360356],[162.209613261705016,-75.148655046934252],[162.206562425376291,-75.148518124836286],[162.201583544385784,-75.148184397781833],[162.195939024837742,-75.147786213145594],[162.190272409993952,-75.147566764588731],[162.183729323848411,-75.147389069867586],[162.179146329265592,-75.147287157857264],[162.17233165940425,-75.14743868868247],[162.167256587142873,-75.147666950049157],[162.163716228499482,-75.147860023113282],[162.161293805225711,-75.147945526604417],[162.158219515671902,-75.148024770290419],[162.156490611239263,-75.147844005869885],[162.155194955745287,-75.14771801961615],[162.150687831938143,-75.147117543307075],[162.150487574079733,-75.146996352822455],[162.150082226410262,-75.146772599364809],[162.149957951916576,-75.146210529039536],[162.149660601900422,-75.145253607299864],[162.150464859154368,-75.144359135238631],[162.151428831457679,-75.14375376167375],[162.151909831007913,-75.143479535840484],[162.15289767571636,-75.143351822868354],[162.1550942328563,-75.142724571681441],[162.157808606508752,-75.142130560219059]]]]}},
{"type":"Feature","properties":{"SURFACE":"moraine","SUBSURFACE":null,"SOURCE":null},"bbox":[162.050826530604667,-75.138006583012739,162.112457072684862,-75.122980253543773],"geometry":{"type":"MultiPolygon","coordinates":[[[[162.094597277946093,-75.133274392901129],[162.093303436927613,-75.133148051833544],[162.090932587701417,-75.132951396208838],[162.086431474675862,-75.132130657282403],[162.085823122969799,-75.13205162381179],[162.085206638213634,-75.131772054566227],[162.083951364872661,-75.131468017116532],[162.082226367857714,-75.13128677166101],[162.079846525584571,-75.131089215391469],[162.076355696433438,-75.130999246349347],[162.072001641483155,-75.13089462914634],[162.068328227786623,-75.130579965920219],[162.064211150169115,-75.130314024625918],[162.060277811505102,-75.130272672279787],[162.057230289531759,-75.130181152141105],[162.054028394968526,-75.129638890141024],[162.051911479368528,-75.129224876583692],[162.050826530604667,-75.129153678941933],[162.053607736460037,-75.128223696291414],[162.054754585973882,-75.127852656517078],[162.056362679583287,-75.127415267165233],[162.057807617914307,-75.126583570444708],[162.058157494394038,-75.125803598012325],[162.057818284520039,-75.12518524882401],[162.057686187446649,-75.124622195662923],[162.057566008377989,-75.124050615067077],[162.057445639341921,-75.12343142657032],[162.058607246810396,-75.122995009194128],[162.060567318712913,-75.123024759314276],[162.062550324090012,-75.122980253543773],[162.065164465426932,-75.123064345936896],[162.067764635632557,-75.123156761752952],[162.070378029339736,-75.123288314333536],[162.070866052180293,-75.124309193568664],[162.071183148988354,-75.125049370292331],[162.072018692160555,-75.125280597589253],[162.073914584591222,-75.125752195448328],[162.076921296107059,-75.126116169282597],[162.081680850724752,-75.126444818549317],[162.086424394929281,-75.126895739652596],[162.091131997746771,-75.127610020412746],[162.093826948441233,-75.128537856819278],[162.095690303412539,-75.129177777078652],[162.099596129005874,-75.129387532128789],[162.102470015940725,-75.12919761764455],[162.104726754819609,-75.128823283780889],[162.106331361022001,-75.128328263604956],[162.10745595476908,-75.128126502021217],[162.108565532101522,-75.128075744557734],[162.109636019391729,-75.128202540220514],[162.111114961055733,-75.128553494299894],[162.111904286215378,-75.129066142601459],[162.112457072684862,-75.12974949473022],[162.112344559881677,-75.13047287145632],[162.110639851675501,-75.131578165260649],[162.108924049596311,-75.132692066464912],[162.108129793741881,-75.133577835252694],[162.107954880595628,-75.134648154046218],[162.108087944877099,-75.135211102780318],[162.108222070364008,-75.135774139208308],[162.107233782536269,-75.136491596841424],[162.106061015896358,-75.136984420681813],[162.104692270239894,-75.137308748120105],[162.103566586224503,-75.137519987034736],[162.101514859438197,-75.138006583012739],[162.100086352006912,-75.137326724107055],[162.099285789146677,-75.13686067796931],[162.098723865417924,-75.136290693881421],[162.097267576861128,-75.135827371639294],[162.098673175067091,-75.135220650912032],[162.098315214165012,-75.134715152562279],[162.097334505718777,-75.133977204803827],[162.09651841704553,-75.133624040497011],[162.094597277946093,-75.133274392901129]]]]}},
{"type":"Feature","properties":{"SURFACE":"moraine","SUBSURFACE":null,"SOURCE":null},"bbox":[162.203531421499008,-75.142366650351164,162.217750893924716,-75.139310178806184],"geometry":{"type":"MultiPolygon","coordinates":[[[[162.212782555479578,-75.139310178806184],[162.215609385799553,-75.13944775021136],[162.217453436813514,-75.140255712374554],[162.217750893924716,-75.14121218676425],[162.217002280332139,-75.141825814341033],[162.214757534378748,-75.142145146966598],[162.212325219254978,-75.142287349566075],[162.20947563901646,-75.142366650351164],[162.207720667421711,-75.142355329258976],[162.205769254888509,-75.142223200970918],[162.204265027331417,-75.142032766903839],[162.205155227361189,-75.141982426113145],[162.203684233960189,-75.141528415650328],[162.203531421499008,-75.141078328042624],[162.204507305353559,-75.140416843476174],[162.207009981876809,-75.139814513465396],[162.209695010224038,-75.139445929907453],[162.212782555479578,-75.139310178806184]]]]}},
{"type":"Feature","properties":{"SURFACE":"moraine","SUBSURFACE":null,"SOURCE":null},"bbox":[162.181953920346331,-75.110370950869367,162.191851171329603,-75.104714502188287],"geometry":{"type":"MultiPolygon","coordinates":[[[[162.188056404583563,-75.104772878464189],[162.188180818735162,-75.104714502188287],[162.188238194398366,-75.105006652058975],[162.188363908960099,-75.105625743368847],[162.188686377317765,-75.106403754651765],[162.189662194652783,-75.107150136281518],[162.190626505898223,-75.108000176652297],[162.190956267780876,-75.108683667548149],[162.191502105556538,-75.109413533814759],[162.191851171329603,-75.1099844826511],[162.191578684738062,-75.110370950869367],[162.190704684451134,-75.110365352030215],[162.189396974645888,-75.110352463486095],[162.187650323466926,-75.110331845207199],[162.18612300009454,-75.110319819480793],[162.184803772301024,-75.110305951861307],[162.183952212921241,-75.110188043807653],[162.18333673193942,-75.109946965996485],[162.182768093396504,-75.109386368045918],[162.182435553845551,-75.108702604366727],[162.182521272224136,-75.108148516022013],[162.182374388831533,-75.107641786556357],[162.181953920346331,-75.107483824632084],[162.183504732360433,-75.107373763678638],[162.185314828711455,-75.10700021531548],[162.186259415306552,-75.106555148918005],[162.186999457770895,-75.105998072514694],[162.187278564882973,-75.105602646315575],[162.188056404583563,-75.104772878464189]]]]}},
{"type":"Feature","properties":{"SURFACE":"moraine","SUBSURFACE":null,"SOURCE":null},"bbox":[162.432017133918777,-74.955486727249948,162.530412135449467,-74.927129910415744],"geometry":{"type":"MultiPolygon","coordinates":[[[[162.476949547429967,-74.952942629752044],[162.475452739429045,-74.952491542680804],[162.474779695700619,-74.952337502475956],[162.474418333697429,-74.952142666164278],[162.473784589747453,-74.951914141836937],[162.472945952376421,-74.95162701420162],[162.47253759442961,-74.951346702310204],[162.472346128969718,-74.951008240477208],[162.471932425820256,-74.950831907649217],[162.471555774505163,-74.950155494970161],[162.47074915307735,-74.949367855707663],[162.469754055083513,-74.948355897567168],[162.469154969435891,-74.947784622836068],[162.468199399032528,-74.947030107933472],[162.467266814892469,-74.946395561315555],[162.465023566205559,-74.944758963190438],[162.462156314254599,-74.942881194229059],[162.459266827597588,-74.941343266520363],[162.456542859291545,-74.940312514477739],[162.453819148976464,-74.939291214841901],[162.450658689143523,-74.938262426307688],[162.447930217635275,-74.937345034425803],[162.444366945304154,-74.936140555144576],[162.441729124461375,-74.935228930221044],[162.440630395337024,-74.934969186486512],[162.438522069626629,-74.934339970307803],[162.436881145138301,-74.933264985260152],[162.435059415372535,-74.931852278942543],[162.433858249612626,-74.930765969643645],[162.433735670154618,-74.930468055630655],[162.433032276281267,-74.929729528470347],[162.432064387644573,-74.928320601450082],[162.432017133918777,-74.927129910415744],[162.433284327542879,-74.927309685149126],[162.436644583639264,-74.927786343157962],[162.439366053007546,-74.928807914412573],[162.441226081180105,-74.929777508823406],[162.444969000487021,-74.931538096081979],[162.448283779916551,-74.933082958065427],[162.452432453780915,-74.935227924148506],[162.456969201800092,-74.937736885558891],[162.46135188320963,-74.939558974044772],[162.466585086057137,-74.941659585018726],[162.471233803674124,-74.942876629063321],[162.475470873148822,-74.943907856351686],[162.48161518922285,-74.945399159435979],[162.48733215284426,-74.94683617412521],[162.492447036191408,-74.94771106259924],[162.499313224695413,-74.948311639870013],[162.503228429372143,-74.947939484404699],[162.50572470552882,-74.946492495524865],[162.507350302235636,-74.944993199219311],[162.508118688371468,-74.94358505939924],[162.508459455600018,-74.942009038604112],[162.51026099668826,-74.941065173614803],[162.512437960496385,-74.940854355147721],[162.51305714794168,-74.941189775394648],[162.514028766726653,-74.942550542774768],[162.514950078716566,-74.944571505106964],[162.515678128435042,-74.946263450575699],[162.517264744072918,-74.948073099026985],[162.52035046848053,-74.950005355161423],[162.524107828819751,-74.951764674790113],[162.526409553071005,-74.952626680631184],[162.528737894224747,-74.953310510519856],[162.530002628829948,-74.95376501810793],[162.530303343554152,-74.953970783874894],[162.530412135449467,-74.954045224972376],[162.529297328271923,-74.954485534918035],[162.527735889567055,-74.954993725669098],[162.526425847858775,-74.95525674479903],[162.525756497665498,-74.955486727249948],[162.524837640783602,-74.955189016052117],[162.524124913604282,-74.955391297441224],[162.524178997986695,-74.955409945081101],[162.524091587251291,-74.955398062854897],[162.523890873324206,-74.955277260622921],[162.522392929245939,-74.954993446805815],[162.520056536992371,-74.954527164652148],[162.517494741159425,-74.954175275143129],[162.51492155718168,-74.953831905148974],[162.510410940936964,-74.953462820594908],[162.507377011517264,-74.953508725674737],[162.504552044826568,-74.95377101173861],[162.501936996312224,-74.954031474963813],[162.498025914653084,-74.954242728632082],[162.495209086700328,-74.954287279063948],[162.492615868350185,-74.954321638241723],[162.4923872083167,-74.954199244057918],[162.490614976455902,-74.954281104633182],[162.486308333911353,-74.954032614502609],[162.483522659996765,-74.953794801167746],[162.480514186884506,-74.953500709496012],[162.478174011147786,-74.95313796599693],[162.478011998372267,-74.95309888205442],[162.476949547429967,-74.952942629752044]]]]}},
{"type":"Feature","properties":{"SURFACE":"moraine","SUBSURFACE":null,"SOURCE":null},"bbox":[162.151660083791256,-75.110518647825202,162.220248752135973,-75.083036498183162],"geometry":{"type":"MultiPolygon","coordinates":[[[[162.204474013347038,-75.103142496633922],[162.203214909883371,-75.102791284221226],[162.201480278651644,-75.102714633156154],[162.19885753572467,-75.102697770114034],[162.19653992905134,-75.102579098285503],[162.19307166512138,-75.102001112885873],[162.189893279376861,-75.101348553717131],[162.187135010354126,-75.100768695089712],[162.184784250295593,-75.100460250487629],[162.183396766300348,-75.100449301102984],[162.182625842009003,-75.100281811007662],[162.179855929757849,-75.099853042250942],[162.178541073829223,-75.099896489938999],[162.178360509094574,-75.099971438227058],[162.178100348431116,-75.099888575762122],[162.177333232043765,-75.099149817514103],[162.176285863667403,-75.098872956398722],[162.175337661166196,-75.097957504998362],[162.17474474274718,-75.097556525876882],[162.174363177584951,-75.097211075713346],[162.173992298273333,-75.096761880281832],[162.173857064784954,-75.096199018627118],[162.173943339935846,-75.095635462620791],[162.171628694659631,-75.0950539416298],[162.169708479166701,-75.094809407644135],[162.168390904473569,-75.094852535135857],[162.167062050573634,-75.094951793281979],[162.165735824255989,-75.095098822528968],[162.164587181928113,-75.095431766314178],[162.163681817009291,-75.095642169423826],[162.163224118973432,-75.095804028038813],[162.162105048266056,-75.095968197381922],[162.16193193386755,-75.0956780086603],[162.161773766274905,-75.095284422761807],[162.161404367394681,-75.094835295094271],[162.160698782645738,-75.093759051788908],[162.160170310379698,-75.092916252300626],[162.159654553764398,-75.092007915607638],[162.159258218708317,-75.091775326382788],[162.160183997748931,-75.09138591633355],[162.161166172664224,-75.090715813706311],[162.16131381659477,-75.08976731834538],[162.160390539090315,-75.088682542335789],[162.158777962302139,-75.08782600278559],[162.156072966080728,-75.086954997677992],[162.153590180471014,-75.08603576874097],[162.15218672193356,-75.085282079044859],[162.151660083791256,-75.084439361632818],[162.151793274751611,-75.083594279263053],[162.152752685181611,-75.083036498183162],[162.154484749419453,-75.083113525334085],[162.157201086211245,-75.083871401937827],[162.160475744492032,-75.085265241915621],[162.163611077396467,-75.086190871508862],[162.166748344664541,-75.087069027542412],[162.170526580528502,-75.088057255726227],[162.173440694467018,-75.088983357540187],[162.175460666449368,-75.090025614396538],[162.176163545660245,-75.091149060582168],[162.176288635206106,-75.091768139870183],[162.176878224630627,-75.092168850098005],[162.178294368407364,-75.092913775017522],[162.180597422286951,-75.093560849344854],[162.18352938903567,-75.094374032270395],[162.185372326170096,-75.095182698853677],[162.186373498897666,-75.09576005192578],[162.186555446517303,-75.095984335808055],[162.186249803563584,-75.096596296761433],[162.185895900207925,-75.097442044374333],[162.187041962966703,-75.098563973389759],[162.188905278788752,-75.099212558981691],[162.191660182764878,-75.099792133946309],[162.195748408487077,-75.100177474018182],[162.198964759579212,-75.100547772831078],[162.201946457846532,-75.101079328614347],[162.206218306338371,-75.1017363575519],[162.210722898923876,-75.10224130636152],[162.214407561551297,-75.102497809193764],[162.217216259498144,-75.102691490899218],[162.218695200239182,-75.103041711761193],[162.219482434567965,-75.103563091002229],[162.220248752135973,-75.104301451935186],[162.219639772564591,-75.105420876030138],[162.215790788513743,-75.106339665584997],[162.211681783337866,-75.107474724678084],[162.206501588169914,-75.108540397438361],[162.204212667270156,-75.109197924521993],[162.20234190584452,-75.110023101176623],[162.201197406128671,-75.110347103853357],[162.20051032098965,-75.110518647825202],[162.199206022672257,-75.11049658969047],[162.196173309186634,-75.110303308527321],[162.195200095311293,-75.109557209697428],[162.194703303367248,-75.108489031118751],[162.194429594914652,-75.107410738252895],[162.19416721777776,-75.106238272966294],[162.194078213460585,-75.105441533267395],[162.19371945074144,-75.104879301608335],[162.193804316237276,-75.10437273348694],[162.195098232032848,-75.104441563980728],[162.196733258479696,-75.104399951126467],[162.198582152838441,-75.104539070754825],[162.202103648542248,-75.104401864973639],[162.204351658944177,-75.103931245417442],[162.204515290666308,-75.103647881728804],[162.204857397196577,-75.103526019186489],[162.204636564385567,-75.103437856813201],[162.204645196165188,-75.103422911004259],[162.204474013347038,-75.103142496633922]]]]}},
{"type":"Feature","properties":{"SURFACE":"moraine","SUBSURFACE":null,"SOURCE":null},"bbox":[162.016786194622114,-75.092274416890632,162.145723693643475,-75.05451760796845],"geometry":{"type":"MultiPolygon","coordinates":[[[[162.03865042303417,-75.085571316533205],[162.037154134562797,-75.085379781537625],[162.034780990295246,-75.085238768133522],[162.03347970841341,-75.085177710095934],[162.030872464155152,-75.085093253730761],[162.028253457678375,-75.085064896868644],[162.026064003689214,-75.085148546714009],[162.022719271828777,-75.085564029430515],[162.020045664726496,-75.085930843694101],[162.017857412147379,-75.085957409494569],[162.016786194622114,-75.085839322031845],[162.017269258308431,-75.085556023177844],[162.019288234609405,-75.08519165373815],[162.021971131766009,-75.084825635057072],[162.02440895315425,-75.084572390860799],[162.026845747370942,-75.084366637411762],[162.030375678638052,-75.08412841793151],[162.034114008053308,-75.083945629502693],[162.038321786342692,-75.083592568702542],[162.041398164337522,-75.083459117017298],[162.043596922561051,-75.08331901149333],[162.047389502802389,-75.082797907560092],[162.051425471498902,-75.082163817086681],[162.053987141315417,-75.08117828042721],[162.055900903477749,-75.080129182664692],[162.057353760516349,-75.07919392743085],[162.058603509415661,-75.078194151315046],[162.060058301658671,-75.077306660445572],[162.06200729902713,-75.076032124206776],[162.063931469246484,-75.07492683836854],[162.065621121988528,-75.073887655716874],[162.067088117843412,-75.072934597934648],[162.069698749412879,-75.071620121680724],[162.07114141298436,-75.070741185817937],[162.072372805438505,-75.069901737591849],[162.074257093026688,-75.068973993264066],[162.076115229449499,-75.068310528706903],[162.077999078984732,-75.067382755903495],[162.079609489213624,-75.066831864199614],[162.081502603054815,-75.065952450651352],[162.082893766087068,-75.065402313955886],[162.083870050007334,-75.064741467708529],[162.084447662303774,-75.063847562041289],[162.084316141302594,-75.06328468739045],[162.084209838435214,-75.062609726727715],[162.083683992625112,-75.06181414493075],[162.082705722680856,-75.061075989958042],[162.081529989911047,-75.060273777139471],[162.081163134425992,-75.059872066027495],[162.08046583521471,-75.058748137611829],[162.081272661169294,-75.057197756796498],[162.080593860268351,-75.056551156135214],[162.081108893151367,-75.056004145900516],[162.081848279033778,-75.055447307380248],[162.083247829996026,-75.054897964479096],[162.084391739851242,-75.05451760796845],[162.086136183128986,-75.05452989549525],[162.087618444024827,-75.05477721778081],[162.089912983553091,-75.05541577647206],[162.092151054359192,-75.056449223492365],[162.09520652251075,-75.057779111015364],[162.097642210428404,-75.058924064794766],[162.099039673837808,-75.05972556952166],[162.100632830983614,-75.060648018157949],[162.101992302103611,-75.061722242274385],[162.102468977779154,-75.062856133262656],[162.102981595396898,-75.063755145235035],[162.104808643599625,-75.06457330028708],[162.1077692649813,-75.065162292844803],[162.110764478667761,-75.065525762120743],[162.114153379545741,-75.066131247220454],[162.116274824412983,-75.066536082802642],[162.118594902624324,-75.067014494150186],[162.121088489365945,-75.067773685296061],[162.124708109605649,-75.068369578716514],[162.127716409474317,-75.068629172979101],[162.13180918722378,-75.068950301204325],[162.135235817482368,-75.069330153238482],[162.138646504922008,-75.069813255976925],[162.141597275526152,-75.07051494034927],[162.14389241714693,-75.071152616316539],[162.145332132180727,-75.071681188993892],[162.145723693643475,-75.071970534952399],[162.143746654433045,-75.072110807628164],[162.140674146881736,-75.072198154524884],[162.137419517197173,-75.072156179684953],[162.133318415951692,-75.07183454496122],[162.128184101492593,-75.071217660953394],[162.123698286477008,-75.070616480146072],[162.119267147185013,-75.069667709487419],[162.114599892024131,-75.06883236212758],[162.108830558426149,-75.068095452445803],[162.104077711142082,-75.067823556462272],[162.100364201083465,-75.067894989084905],[162.097231886977596,-75.068423913235605],[162.094721449110807,-75.069128304223995],[162.090886797005368,-75.069931727361521],[162.08725078638335,-75.070846826689035],[162.08402677222611,-75.071938973027613],[162.081038243690728,-75.072917513072355],[162.07868511823861,-75.074015615037652],[162.075840655667349,-75.075396331855444],[162.072942941895377,-75.077162802600625],[162.070256252638359,-75.078984956623174],[162.068698223983745,-75.080539573985362],[162.066818362325023,-75.082724063561628],[162.065522420825403,-75.083996028168613],[162.063287499496681,-75.0856656086182],[162.06201432210031,-75.086825296504614],[162.060246966753823,-75.088324507120689],[162.058750488094972,-75.089494164074537],[162.056840082067993,-75.090486565626847],[162.054442890430863,-75.09180959368598],[162.051981158510159,-75.092223040834554],[162.049349791581534,-75.092260637546261],[162.045634273232508,-75.092274416890632],[162.043798008432276,-75.092140299200537],[162.042926327272284,-75.091848663922633],[162.040682988754469,-75.090538321822933],[162.041411553052086,-75.090094623826772],[162.042388194603888,-75.089433662567231],[162.043166973858604,-75.088708605137484],[162.043319433998164,-75.087750446313805],[162.042810666090105,-75.086851337154954],[162.042226214689549,-75.086393273988946],[162.040788371360634,-75.085873503366884],[162.03865042303417,-75.085571316533205]]]]}},
{"type":"Feature","properties":{"SURFACE":"moraine","SUBSURFACE":null,"SOURCE":null},"bbox":[162.154591101455225,-75.095587732469241,162.323754081667772,-75.074587548747701],"geometry":{"type":"MultiPolygon","coordinates":[[[[162.276761721660819,-75.081956118164371],[162.275061851680675,-75.081664098832604],[162.271789712014879,-75.081679887982588],[162.268719118470045,-75.081769264771054],[162.266719934762705,-75.082032404110876],[162.266699520191509,-75.08204219883703],[162.265031697589762,-75.082150027389318],[162.262821383843004,-75.08230068566337],[162.259305533956308,-75.082486362143911],[162.256209053488362,-75.082792112711232],[162.252426184066707,-75.083269427674722],[162.247593644543826,-75.083498535316721],[162.242789690453236,-75.08355877011401],[162.237328562780874,-75.083564690625423],[162.231860603221065,-75.083626963058265],[162.225980682874876,-75.083569519879958],[162.219451347626347,-75.083448776963735],[162.21381564483255,-75.08322098828701],[162.208173839062653,-75.082992538206156],[162.202127168183665,-75.082597321295012],[162.195250656900498,-75.081914542960334],[162.188807926414938,-75.081229354475752],[162.181279913721568,-75.080530168411514],[162.17591826465781,-75.079914991129556],[162.170338948016166,-75.079300637073288],[162.165222781599596,-75.078515235316175],[162.161634960493927,-75.077751753147481],[162.158881689632182,-75.077219091474802],[162.156363018373554,-75.076572667142401],[162.155771470907297,-75.076171656076028],[162.15519021394266,-75.07571442173959],[162.154591101455225,-75.07532228746031],[162.154640610543481,-75.075031516895606],[162.155366030449386,-75.074587548747701],[162.15817940596682,-75.074678223810324],[162.160539407668779,-75.074978572746872],[162.162249064855359,-75.075167896253191],[162.164997583981716,-75.075709653201315],[162.167532230922433,-75.076290702904416],[162.170950244179068,-75.076726146927953],[162.173971546923781,-75.076919410584026],[162.176970009843387,-75.077338999488788],[162.180157750681502,-75.077878828372491],[162.18377252505087,-75.078482479740131],[162.188480987926994,-75.079090974941707],[162.192122859047259,-75.079515986868742],[162.195363886822349,-75.079717560888611],[162.198427932400534,-75.079638164192346],[162.200637842815809,-75.079440542987328],[162.205036608979242,-75.07925271934198],[162.209598657377057,-75.079354085358275],[162.212134987709447,-75.079887027462391],[162.214901752241474,-75.080362893400448],[162.220570141058886,-75.080365231176089],[162.225992226314276,-75.080584799084477],[162.229282031117862,-75.080457058316668],[162.233253667235772,-75.080204895803789],[162.238257947967298,-75.080256561728632],[162.242188363209635,-75.080238546098812],[162.24590088364036,-75.080173969278604],[162.251372166593995,-75.080054693910427],[162.255106490550986,-75.079915712812266],[162.259959549954203,-75.079574161148017],[162.263485833270835,-75.079322847708269],[162.268696916760689,-75.079438413596122],[162.27192127942044,-75.079799017280919],[162.275761679010259,-75.080352865223929],[162.278090371854603,-75.080820223939398],[162.28105673144421,-75.081416067528878],[162.283581569058981,-75.082108602628168],[162.285157172541489,-75.083245801149175],[162.286936683915201,-75.084504300893641],[162.289208267850455,-75.085423018431271],[162.292991223856859,-75.08636138547925],[162.295040979119761,-75.087328292902839],[162.296649366193037,-75.088249386299665],[162.299201132335924,-75.08872520129718],[162.302859312601015,-75.089092263734429],[162.306046598407704,-75.089686703540977],[162.309436194544872,-75.090392730525366],[162.312187682601206,-75.090979772770524],[162.314531796443532,-75.091400274083327],[162.317081540653334,-75.091875629320015],[162.318957483494529,-75.092457225593378],[162.320614220364092,-75.093087338592724],[162.32219259965575,-75.094281221204426],[162.323358392715477,-75.095251167673695],[162.323754081667772,-75.095587732469241],[162.321356261520748,-75.095514633854421],[162.318127245198212,-75.095202253261263],[162.313828542073395,-75.094764025395008],[162.30867770548025,-75.094103677514454],[162.303330735863284,-75.093322516671009],[162.298206823929576,-75.092540496091416],[162.292239979401558,-75.091574980503552],[162.287990241076841,-75.090750409621634],[162.282910643639497,-75.089686374684007],[162.279350410874684,-75.088642592701689],[162.277531487322051,-75.087665942698479],[162.277007781734767,-75.086710286097301],[162.276915608217337,-75.085866182649539],[162.277660747132245,-75.085262088482978],[162.277963270435521,-75.084697621744709],[162.277824046347263,-75.084182356966451],[162.277694964280556,-75.083955393501327],[162.277804032730302,-75.083933559056788],[162.277846857723688,-75.08360438044086],[162.277916015481651,-75.083144288401414],[162.277758541179537,-75.082646533537726],[162.276761721660819,-75.081956118164371]]]]}},
{"type":"Feature","properties":{"SURFACE":"moraine","SUBSURFACE":null,"SOURCE":null},"bbox":[162.145047931615522,-75.050099620438402,162.204148731650633,-75.041342196060441],"geometry":{"type":"MultiPolygon","coordinates":[[[[162.199428210115229,-75.041416710808349],[162.201366655771437,-75.041501352229815],[162.202861955380968,-75.041682365096278],[162.204148731650633,-75.041808045663899],[162.203881325497662,-75.042147217144773],[162.202706077415002,-75.042696406935022],[162.201126038974962,-75.043069408215743],[162.198919848072222,-75.043323930778016],[162.195179287991465,-75.043574830266621],[162.190999125426885,-75.043865292741586],[162.18657265385886,-75.044334962262553],[162.182331187140051,-75.045067180785267],[162.17853036699276,-75.04571229188646],[162.174532513665582,-75.046226884480262],[162.170278860950503,-75.04697698015049],[162.167334541896167,-75.047731140661199],[162.163953556334747,-75.048487067374168],[162.159521195945473,-75.049003455985712],[162.153771278165095,-75.049610047215907],[162.149121088478807,-75.050079650381733],[162.146729364235739,-75.050099620438402],[162.145220497625417,-75.049974184564974],[162.145047931615522,-75.049693497502275],[162.145135029863184,-75.049130010046014],[162.145169867971561,-75.048904615305162],[162.146104329451845,-75.048468654316181],[162.145893807673247,-75.048413102996179],[162.14832158446751,-75.048215434565478],[162.150544119596248,-75.047896055236549],[162.153669328988542,-75.047423403236721],[162.157020118466676,-75.04689337721743],[162.159938323805278,-75.04630835861883],[162.163541308961385,-75.045504384974066],[162.166239836293585,-75.044967656824326],[162.168938958236566,-75.044373897535067],[162.172296591260192,-75.043787252175406],[162.175848844365902,-75.043321350675129],[162.179849293441862,-75.042797511944002],[162.185167646114195,-75.04212622239919],[162.191127379400996,-75.041565109984361],[162.195063559985755,-75.041435142806179],[162.197038746753833,-75.041342196060441],[162.199428210115229,-75.041416710808349]]]]}},
{"type":"Feature","properties":{"SURFACE":"moraine","SUBSURFACE":null,"SOURCE":null},"bbox":[161.980839639471128,-75.040186422759945,162.048609484848811,-75.022687769238473],"geometry":{"type":"MultiPolygon","coordinates":[[[[162.00621695659666,-75.034557702412414],[162.003246981279688,-75.034079992639747],[161.999921534481786,-75.033943651314942],[161.998629065735514,-75.033835147163842],[161.995489105017214,-75.033190712131884],[161.993262227525804,-75.032822820014133],[161.991260357840133,-75.032568997673053],[161.989715692561532,-75.032353560655068],[161.986845718292784,-75.032045797757192],[161.984621274219307,-75.031725593760186],[161.982630538097709,-75.031463084348587],[161.980839639471128,-75.031150705093737],[161.982227030812453,-75.030229585444431],[161.984481879062628,-75.029371864582458],[161.986339883955878,-75.028737838596413],[161.987512461400996,-75.027817723999576],[161.986771413537809,-75.027212791290481],[161.985337104647272,-75.026387732682949],[161.985047472176177,-75.025877852053014],[161.985358052572025,-75.025028099707754],[161.986699337738742,-75.023903237323381],[161.988325579432853,-75.023154582983736],[161.989567333769827,-75.022687769238473],[161.990467429997864,-75.022906228503786],[161.991618493197535,-75.023402811374709],[161.992413589828061,-75.024345458250181],[161.99277891596455,-75.025299581375748],[161.993125979761828,-75.026195048514509],[161.994371850377263,-75.027251704527103],[161.996008915051789,-75.028017530664115],[161.996393103322163,-75.029144567598109],[161.996095564895569,-75.03004299127511],[161.997490812485523,-75.030588555666341],[161.99837629550828,-75.030748591452621],[161.999041253467624,-75.030861546260937],[162.000007894579483,-75.031437728631516],[162.004034606579893,-75.031947119195664],[162.006843112060608,-75.032040049908446],[162.009852779170075,-75.032292607034762],[162.01282811449866,-75.032665980398022],[162.015764470904941,-75.033369188609385],[162.018464570921509,-75.034128673622035],[162.021607819374822,-75.034896699856176],[162.024975335334375,-75.035559714209029],[162.027300794370319,-75.035973523410178],[162.030288122540867,-75.036338053559348],[162.033702633413753,-75.036766867998764],[162.036459624498349,-75.037197655275946],[162.039212747688111,-75.037675659301541],[162.042200712783711,-75.038040030365593],[162.044320173274627,-75.038398276662136],[162.046204053063434,-75.038870019871538],[162.047010591150581,-75.039223033006266],[162.047804609333923,-75.039679681397402],[162.04820860511316,-75.039903829195083],[162.048609484848811,-75.040127714620922],[162.047946213391157,-75.040186422759945],[162.045998018125601,-75.040109054444827],[162.042986296488436,-75.039904583437561],[162.039346755606914,-75.039533293422551],[162.035057674734702,-75.03914560602361],[162.030355171623142,-75.038647040767401],[162.025678253834513,-75.037969645695398],[162.020184734857452,-75.036957143749888],[162.015350606368941,-75.035895035091656],[162.010245505885933,-75.03521935417271],[162.00621695659666,-75.034557702412414]]]]}},
{"type":"Feature","properties":{"SURFACE":"moraine","SUBSURFACE":null,"SOURCE":null},"bbox":[162.635251874062391,-75.04987679886861,162.673499690090551,-75.043790388446851],"geometry":{"type":"MultiPolygon","coordinates":[[[[162.635755220154749,-75.045859665810255],[162.635394730525519,-75.045289847448629],[162.635251874062391,-75.04467119381917],[162.635502057910799,-75.044397318815442],[162.635969762586313,-75.044169464529915],[162.63707124598551,-75.044011748487293],[162.63749602411005,-75.043907352925871],[162.637971924683342,-75.043790388446851],[162.63773333176195,-75.044008280362917],[162.637724609674194,-75.044079485740355],[162.638915829770497,-75.044976452650005],[162.639980672000547,-75.045272482466174],[162.642732547962794,-75.045796718049075],[162.645496248341175,-75.046275821089353],[162.648503855128752,-75.046632264826883],[162.65149594054904,-75.047053802955631],[162.6524956754686,-75.047171265944627],[162.65386977301182,-75.047235732863101],[162.657986617479679,-75.047434833365088],[162.661220588534519,-75.047638578754956],[162.664447512333425,-75.047993459098876],[162.667029261215475,-75.048239406564704],[162.667029945944194,-75.048239454137928],[162.667032289242599,-75.0482396950771],[162.668685907265484,-75.048397204628529],[162.670043534726744,-75.048491685544562],[162.672208470832715,-75.048618620469369],[162.673499690090551,-75.048684662056814],[162.673325075213,-75.048722617270045],[162.671270910478825,-75.049169090789846],[162.669277066444522,-75.049435316421267],[162.667298681823098,-75.04958895893229],[162.664455959446968,-75.049729863745455],[162.660511372393245,-75.04987679886861],[162.65704677601488,-75.049739859452288],[162.654021708114641,-75.049600352743113],[162.650786347158657,-75.0493489883645],[162.647352287402128,-75.04897719990656],[162.644996055278568,-75.048625890396082],[162.642021666763242,-75.048034954174682],[162.639265122336099,-75.047452053780717],[162.637583119554961,-75.046984291591059],[162.636560335802471,-75.046427427411899],[162.635755220154749,-75.045859665810255]]]]}},
{"type":"Feature","properties":{"SURFACE":"moraine","SUBSURFACE":"ice shelf","SOURCE":null},"bbox":[162.48585756876372,-74.971555145402405,162.743708675811121,-74.907177179770557],"geometry":{"type":"MultiPolygon","coordinates":[[[[162.48585756876372,-74.908880670317075],[162.489854274399903,-74.908375125765403],[162.496175477449952,-74.907451922145114],[162.497006077971008,-74.907177179770557],[162.504401120164829,-74.908991114223241],[162.51347441439421,-74.911453497027082],[162.522560322723422,-74.913754988452368],[162.531884335296269,-74.915933060727909],[162.538424726610032,-74.917768739839687],[162.543899183039059,-74.919488390098266],[162.547890699411283,-74.920858758102611],[162.553361845679348,-74.922634659537806],[162.559919176798815,-74.924299878240546],[162.568411552200757,-74.926084930644336],[162.580952135874441,-74.928626855558079],[162.589253991505245,-74.930233900983865],[162.600077652263792,-74.93265313548342],[162.610934448750214,-74.934837132862981],[162.624763504144028,-74.937613104251497],[162.634739379678365,-74.939970297797672],[162.643234018438534,-74.942026281602068],[162.651571755500981,-74.943300872229756],[162.661844561262058,-74.94470358914225],[162.668247283914155,-74.94580136283524],[162.673569117284245,-74.946839708911511],[162.684794000356817,-74.950157612407864],[162.69348371023338,-74.952672092130925],[162.701154292650358,-74.954335623637903],[162.710285919122583,-74.956846857518926],[162.716418837072752,-74.958840330443294],[162.723380416264547,-74.961459733460444],[162.728863896357637,-74.963675072008314],[162.732211737421864,-74.965319741251633],[162.735356052615145,-74.966909974347104],[162.738503099771094,-74.968329706329072],[162.7404790671375,-74.96928526389307],[162.741597761687643,-74.969925231937722],[162.742135553942461,-74.970366703386802],[162.743129238293847,-74.970806995101256],[162.743708675811121,-74.971555145402405],[162.741805390169958,-74.970975200113713],[162.739882949429415,-74.970469517576447],[162.737758343562973,-74.969900112875393],[162.736048752338519,-74.969610605542471],[162.734316969529601,-74.969603677288944],[162.732415800058391,-74.96968443693774],[162.731310013285679,-74.969489506946758],[162.726852274207488,-74.967939829882553],[162.721597164708811,-74.965667116803132],[162.716740064472162,-74.963843438907176],[162.712731150515026,-74.962315621109553],[162.706637589359701,-74.959746958756725],[162.698791523741505,-74.957358594599327],[162.692635576793549,-74.955694384122424],[162.682855064719007,-74.953290773326145],[162.675634725244095,-74.951454272796823],[162.664136551746424,-74.948986056120589],[162.653470580877325,-74.94697330288102],[162.641322878855732,-74.944659258097104],[162.631955335126037,-74.942703049655407],[162.620486950598547,-74.940110586819387],[162.607299264365594,-74.937301320950269],[162.596699194116297,-74.934654376590316],[162.586511738167417,-74.93230590897187],[162.576731809895307,-74.930284081752873],[162.565471973493402,-74.927979427017647],[162.553791279811861,-74.925497191351525],[162.543794274113452,-74.923597777290681],[162.535306333509794,-74.921802302489212],[162.525329014140311,-74.919732473963194],[162.516246784932548,-74.917374762926173],[162.508023800314078,-74.914916137764095],[162.500686369269232,-74.912396839481374],[162.492892995298007,-74.91010539185568],[162.485879242676447,-74.908883635412437],[162.48585756876372,-74.908880670317075]]]]}},
{"type":"Feature","properties":{"SURFACE":"moraine","SUBSURFACE":null,"SOURCE":null},"bbox":[162.07004394145963,-74.913915750576507,162.101647006073875,-74.899833376223128],"geometry":{"type":"MultiPolygon","coordinates":[[[[162.07734856770233,-74.905192760282631],[162.073766246813364,-74.904434241888723],[162.072311409070267,-74.903921579937276],[162.070893576881844,-74.903069550604357],[162.070336884082764,-74.902271083564827],[162.07004394145963,-74.901028711957593],[162.072954515039925,-74.899989880898332],[162.07425746507235,-74.899833376223128],[162.076837105928348,-74.899908156009715],[162.07937301745747,-74.900426306580101],[162.081000047494371,-74.901286372841213],[162.083065557631812,-74.902145306912089],[162.085400162361793,-74.90249418432569],[162.086846627364963,-74.903072611992116],[162.085906797871502,-74.903792477789537],[162.08473670698919,-74.904626125942272],[162.084848774666682,-74.905586799286567],[162.087670828470607,-74.905386903247717],[162.091366522928411,-74.905127366827685],[162.093034572541853,-74.905695835722042],[162.091439783051158,-74.906474726845602],[162.089216040850971,-74.90713408373999],[162.086984806947783,-74.907849878529703],[162.087759614168647,-74.908638047921414],[162.090852001221691,-74.909906664033883],[162.095035663573213,-74.911114831337102],[162.098561883929193,-74.912486333209344],[162.101647006073875,-74.913915750576507],[162.096755126598481,-74.91320943416568],[162.093797866126835,-74.912627714569211],[162.090853637593426,-74.911980448198094],[162.08729789853038,-74.910948713367134],[162.085259109408952,-74.909863877151096],[162.082626482506242,-74.908262874416351],[162.080221876989015,-74.906566856003664],[162.07734856770233,-74.905192760282631]]]]}},
{"type":"Feature","properties":{"SURFACE":"moraine","SUBSURFACE":null,"SOURCE":null},"bbox":[162.109923397902378,-74.914563049877856,162.222358486647806,-74.881887784904762],"geometry":{"type":"MultiPolygon","coordinates":[[[[162.144742046138674,-74.904079155982259],[162.14283644289506,-74.903681474308542],[162.138749677143437,-74.903595123320116],[162.134469791745744,-74.903340318679142],[162.131736170918629,-74.902597179231108],[162.128796316402315,-74.901893715080021],[162.126249647484201,-74.901480004518902],[162.123952961930939,-74.90073538929974],[162.121661532026252,-74.899877050843969],[162.1198398841656,-74.898687267148219],[162.117164185076632,-74.897435127895406],[162.114490302921126,-74.896173564115301],[162.111193833566944,-74.894583732648911],[162.110238378445871,-74.8933905696084],[162.109923397902378,-74.892213260684088],[162.111287301048094,-74.891538674359509],[162.114514510130221,-74.891505940433433],[162.118132299639143,-74.891933984123298],[162.12249806137973,-74.893537540191673],[162.127493762382642,-74.895308012880193],[162.131265842563437,-74.896404871812578],[162.134656393501615,-74.896984582226125],[162.137040845836196,-74.897127855648677],[162.139587353611915,-74.89722765590254],[162.140611862101508,-74.897313707033774],[162.143647320354432,-74.897597156394326],[162.147434430856521,-74.898048255873718],[162.151733562181477,-74.898589787672179],[162.154072310784642,-74.898938192866751],[162.156849180698458,-74.899133154855363],[162.158566447760279,-74.899201156561034],[162.160507048007815,-74.899154762403299],[162.161815733054311,-74.899045843963336],[162.162131961900968,-74.898045496288788],[162.158607756448475,-74.896665922488936],[162.151803179085249,-74.895828631929774],[162.1437513503584,-74.894534487652422],[162.135911983074266,-74.89330533607729],[162.132146538604559,-74.892209085143705],[162.131864849883613,-74.890797014637002],[162.131599088396229,-74.889224621381615],[162.130395632559839,-74.888372177410631],[162.129592484854783,-74.887800631431219],[162.129083202945168,-74.886454988279027],[162.128166527464572,-74.88492291776258],[162.128745644989749,-74.883469124094361],[162.130105007779434,-74.882908304033535],[162.13119876954184,-74.882696008728516],[162.134591263252929,-74.881887784904762],[162.136367835212383,-74.882674302401028],[162.138164026134461,-74.883985437321641],[162.140578333428664,-74.885633759849583],[162.143490259826194,-74.886658215586621],[162.145596000878214,-74.887072873230196],[162.147303905753631,-74.887254398587956],[162.148143971547,-74.889502439611732],[162.148459355630138,-74.89063192902583],[162.15011422391575,-74.891208301486145],[162.153451837524472,-74.892249218682295],[162.157054803306551,-74.892884449653508],[162.160962092202794,-74.892575315261723],[162.165329487450009,-74.891990969442773],[162.168974207619385,-74.892078031383306],[162.172986347327196,-74.892889876642315],[162.176417543124842,-74.893025439499482],[162.180584276517465,-74.89231943067827],[162.184282473543391,-74.891954382910228],[162.188115978030453,-74.892370654265633],[162.190984445863563,-74.891707839661706],[162.192773135677243,-74.891002099651004],[162.195400678977762,-74.890623283413319],[162.198458820771009,-74.890137915750131],[162.202785657849233,-74.889939348969705],[162.207479626900465,-74.890313245629727],[162.212158205713393,-74.890904355329511],[162.216434217253692,-74.891214534186844],[162.22001219315095,-74.892084058996943],[162.221247154330598,-74.892710084745858],[162.222358486647806,-74.893354274540371],[162.2198894138414,-74.89337595812745],[162.216838106611618,-74.893805166012157],[162.215500059148809,-74.894244562352682],[162.214121494518224,-74.895079787862585],[162.212149225136812,-74.895456634151927],[162.209531183493539,-74.895779452296495],[162.205221879428194,-74.895856181360855],[162.20025692561623,-74.895934989996462],[162.195301900149161,-74.895957484659874],[162.189904247804577,-74.896094903937708],[162.185769111569385,-74.896461550111738],[162.181828578322722,-74.897158171073556],[162.179570630645685,-74.898157366754347],[162.178175049132932,-74.899162276631913],[162.176125373745492,-74.900274011109587],[162.173669888532686,-74.901104552537049],[162.170129357815483,-74.902034303072767],[162.167914191034697,-74.902685312535269],[162.165475510743875,-74.903289055336245],[162.165567874007991,-74.904475789325943],[162.167439472953845,-74.905212650385423],[162.16907908097869,-74.906015611159503],[162.170663842500147,-74.90737491038621],[162.171621448925151,-74.908615086518765],[162.171034889426721,-74.910077690407078],[162.169403322133377,-74.911310152200343],[162.167804445177296,-74.912193568430922],[162.164913637116086,-74.91307334404236],[162.161378585164385,-74.913889619954418],[162.156594323814232,-74.914306404435877],[162.149560855587595,-74.914563049877856],[162.149048212869872,-74.914482027099254],[162.146224474094737,-74.913313318179334],[162.146029691632179,-74.913030722282315],[162.146094637297153,-74.912361015234424],[162.147038457013593,-74.911574847903836],[162.14774483248479,-74.910911405730118],[162.149534539358001,-74.910243744474144],[162.150491487375945,-74.909239988657404],[162.149069547039659,-74.908331472393684],[162.147198949919243,-74.907642035949266],[162.145127077256149,-74.906840588791141],[162.145190291100278,-74.906161235622548],[162.145042611861982,-74.905435657871223],[162.144742046138674,-74.904079155982259]]]]}},
{"type":"Feature","properties":{"SURFACE":"moraine","SUBSURFACE":"ice","SOURCE":null},"bbox":[162.115656327077346,-74.908880670317075,162.497006077971008,-74.818282265491035],"geometry":{"type":"MultiPolygon","coordinates":[[[[162.497006077971008,-74.907177179770557],[162.496175477449952,-74.907451922145114],[162.489854274399903,-74.908375125765403],[162.48585756876372,-74.908880670317075],[162.476492965942896,-74.907599317346481],[162.470530957871887,-74.906776619370703],[162.464333912109083,-74.906076742405389],[162.458160537009036,-74.90518874247995],[162.452144763432671,-74.90498748789058],[162.447387610411766,-74.905136605266961],[162.436379957512912,-74.905349388080296],[162.429942550523464,-74.905084253406685],[162.420487960092203,-74.90475027052149],[162.411702615950333,-74.904186273222592],[162.402052447295148,-74.903578885423812],[162.392184152389461,-74.903171378734825],[162.384441055630845,-74.90295822219926],[162.376927137507408,-74.902687771200803],[162.3693802930093,-74.90269922889081],[162.361776994659351,-74.903389575948239],[162.35786369051354,-74.903815649770678],[162.354392858573988,-74.904069390013305],[162.350280441773947,-74.904222407660768],[162.34683776241107,-74.904145937982292],[162.345697288300386,-74.904101806438959],[162.345602648490512,-74.904043519828178],[162.344769282441575,-74.903698954825302],[162.343276656835741,-74.903575163185238],[162.34177036096483,-74.903564209042841],[162.34004336147737,-74.90355393329331],[162.338753581452721,-74.903494427875856],[162.338510110910704,-74.903492146342998],[162.338069235991128,-74.903418653836511],[162.337222257783083,-74.903291387874745],[162.336388927193923,-74.902956274004026],[162.33556972588508,-74.902441846807676],[162.334353415329559,-74.901647481870583],[162.332914496369028,-74.900853621208753],[162.331719955985051,-74.899776056645663],[162.330086041199138,-74.898813978580833],[162.328247954576028,-74.897673430679617],[162.32537029497604,-74.896247008867945],[162.322476244279585,-74.894885642562897],[162.318728799390385,-74.893510266697973],[162.314802368810206,-74.891739899893821],[162.311056659612063,-74.890307422961115],[162.306663626268062,-74.888877970276965],[162.302882106568489,-74.887898275491352],[162.29850140123844,-74.886403065472706],[162.295370134059908,-74.885325279953264],[162.292480840295639,-74.884011048525821],[162.290228964129284,-74.882759350701463],[162.28776566826059,-74.881451978878033],[162.284902904771769,-74.879911724788457],[162.281426585157703,-74.877978182501025],[162.278562041449675,-74.876437599284785],[162.274885369940222,-74.874392103203832],[162.271617195187076,-74.872466082502626],[162.268780058412062,-74.870699462747467],[162.265948715514128,-74.868771708734116],[162.264159038001566,-74.867244447610901],[162.261547874865357,-74.865363448035026],[162.259725936154098,-74.86411845895816],[162.257326004131272,-74.862302496349571],[162.255714112147018,-74.861112991017237],[162.253497857289545,-74.859578342804653],[162.251300735375224,-74.857883698100039],[162.249336109691342,-74.856008895454934],[162.246903821784201,-74.854417992692007],[162.243645954938017,-74.852596368438299],[162.241202495644615,-74.851232450550512],[162.239359764521424,-74.850270392616949],[162.236086184645387,-74.848561241122596],[162.233602477057673,-74.84758339592014],[162.228242636835688,-74.845300043652244],[162.225358906997371,-74.844050897990343],[162.221430458224575,-74.842504968252186],[162.218725669591009,-74.841641311028027],[162.215162290201391,-74.840829095500126],[162.2116042421423,-74.839846163287106],[162.206804237495987,-74.838521237444198],[162.202215556732511,-74.837194882405328],[162.198456269142611,-74.83609964589354],[162.194703418168785,-74.835014347374724],[162.190956208581156,-74.833862879736145],[162.187186159309476,-74.832937509565369],[162.183200590718627,-74.832060444399971],[162.179020855650947,-74.830910274324609],[162.175243571139475,-74.830098042129634],[162.170833328182113,-74.829165870150476],[162.16769156137272,-74.828463992529848],[162.164525798041069,-74.827940646789685],[162.16156692729021,-74.827529736821745],[162.158605951060196,-74.827061555693646],[162.154181761250157,-74.826298841733575],[162.147621232972483,-74.825412867242974],[162.140017383178701,-74.824343513906797],[162.134953085502502,-74.823573784556714],[162.13094881105863,-74.822921934544496],[162.126308756361368,-74.822159229283329],[162.12357554380398,-74.821633569475395],[162.121695615712781,-74.821170455162218],[162.119779180695957,-74.821046542611626],[162.117814273474892,-74.821422479723878],[162.115656327077346,-74.819442902737663],[162.115917558447677,-74.818989544201088],[162.118349228303003,-74.818282265491035],[162.122611712602151,-74.8184808866868],[162.128291457139511,-74.81953127980448],[162.136312900597062,-74.820769671878878],[162.147763804886637,-74.821926227065973],[162.156645709744083,-74.823160162926939],[162.164568454352633,-74.825358497297543],[162.174239666906487,-74.827332856388281],[162.182822518714602,-74.829310058176077],[162.1922672921865,-74.831501796419388],[162.19998953595308,-74.833586176159329],[162.208324402717579,-74.836063717763082],[162.215013350426972,-74.837898871367116],[162.221501524196071,-74.839631313964205],[162.226302621507529,-74.841012894301954],[162.231683675656058,-74.843022611418277],[162.235395264686787,-74.844616607577777],[162.239658376455992,-74.847178456524261],[162.243107766897793,-74.849225354346373],[162.247400906804131,-74.85149479427362],[162.251215324147324,-74.854227624486299],[162.255838486292333,-74.857569550278441],[162.258651685158725,-74.85966719348005],[162.262972675487077,-74.861662706171927],[162.266862822578815,-74.863660062056994],[162.26948181599235,-74.865532112539213],[162.272079275153715,-74.867630324258357],[162.276089943909284,-74.870635019707592],[162.280613226165656,-74.872912688438078],[162.28448652641805,-74.87518346674419],[162.288124208678624,-74.877624468266475],[162.29160441103221,-74.87955816118469],[162.296760063655199,-74.881954308222788],[162.300253628517055,-74.883670309100168],[162.306508704683097,-74.885901032706315],[162.312116021100167,-74.888068055113791],[162.317333812460049,-74.889898435934128],[162.321526844241021,-74.891111457535985],[162.326152338175888,-74.892322280832857],[162.328851170131315,-74.893458408377953],[162.331756191867839,-74.894706584511781],[162.333807651029616,-74.895741334186837],[162.335210955113013,-74.896931211274548],[162.336395036491609,-74.898064872684515],[162.337635425221237,-74.89873774978723],[162.339727036335518,-74.899376762290387],[162.342255157226418,-74.90000446323377],[162.3441760894857,-74.900239808592261],[162.348192600834295,-74.901000366685295],[162.353842451895389,-74.900585506281757],[162.362947391136174,-74.89985850168425],[162.370977694015494,-74.899222633840097],[162.379854214458021,-74.898723060032594],[162.389564540956741,-74.898548557396339],[162.401402098344732,-74.898625489839773],[162.413000371042216,-74.89897634427254],[162.421141920898549,-74.899582317977362],[162.428797093936282,-74.900698447694097],[162.43628442185377,-74.901306706752479],[162.445302444821692,-74.901689607134415],[162.454122716058947,-74.901856460128926],[162.462075860572128,-74.902122395112286],[162.470001094672824,-74.902670478037692],[162.478746916592826,-74.903731831449818],[162.487249891195916,-74.90523783231987],[162.495734702102254,-74.906865254120959],[162.497006077971008,-74.907177179770557]]]]}},
{"type":"Feature","properties":{"SURFACE":"moraine","SUBSURFACE":null,"SOURCE":null},"bbox":[163.649344083963229,-74.945103185457697,163.665923907834781,-74.935375887415645],"geometry":{"type":"MultiPolygon","coordinates":[[[[163.649992578732849,-74.935375887415645],[163.652151604209848,-74.935483974553961],[163.653881450747718,-74.93571023630281],[163.656797599935601,-74.936338221446107],[163.657265166664956,-74.936647423964672],[163.658191908017017,-74.936774674756961],[163.659268553595552,-74.937221452861138],[163.66119952409835,-74.938022672211574],[163.661441860778154,-74.938682566190124],[163.662709343304186,-74.939203627591681],[163.662917412737272,-74.940379701243998],[163.663771578509539,-74.941340884500974],[163.664636217658312,-74.942180231625755],[163.665708919462503,-74.943082580388833],[163.665923106188217,-74.943645985247088],[163.665923907834781,-74.943976187631236],[163.665700749381728,-74.944374226809117],[163.665487773971364,-74.945103185457697],[163.66333149572759,-74.944372987881167],[163.661603918752746,-74.943694281119747],[163.660314431692029,-74.942794243224853],[163.659022704950644,-74.941950614444821],[163.657297713795828,-74.940828688779121],[163.655797235794466,-74.939704982108452],[163.654725381038787,-74.938802592144114],[163.65343190089007,-74.93801535239507],[163.651714867725644,-74.937167494297015],[163.65041962483005,-74.936549879990764],[163.649770361626906,-74.936174867877412],[163.649512490609908,-74.935960855412048],[163.649344083963229,-74.935599980640731],[163.649992578732849,-74.935375887415645]]]]}},
{"type":"Feature","properties":{"SURFACE":"moraine","SUBSURFACE":null,"SOURCE":null},"bbox":[163.630880647998822,-74.926884687458852,163.640124027835157,-74.920976217179671],"geometry":{"type":"MultiPolygon","coordinates":[[[[163.631744369472358,-74.921030194666073],[163.633259655169326,-74.920976217179671],[163.634980877814314,-74.921258713163084],[163.636917556095682,-74.921878395989779],[163.637768715589999,-74.922726417438469],[163.638843631641095,-74.923676425685855],[163.639490541045973,-74.924461657075909],[163.640124027835157,-74.925651496730424],[163.639905609966405,-74.926266857736138],[163.638823383283011,-74.926769076328583],[163.637743384206289,-74.926884687458852],[163.637318085873602,-74.926654093830479],[163.635376201809009,-74.926090661177426],[163.634738937579357,-74.925636321291989],[163.633451020158617,-74.924962449827248],[163.632367877615195,-74.924464588035065],[163.632162305539083,-74.923788509215584],[163.63151581461122,-74.923003257730457],[163.630880647998822,-74.922152829228864],[163.631097072786702,-74.921424100685016],[163.631744369472358,-74.921030194666073]]]]}},
{"type":"Feature","properties":{"SURFACE":"moraine","SUBSURFACE":"ice shelf","SOURCE":null},"bbox":[163.679064103753689,-74.888394581779025,163.909068446100378,-74.837320920047745],"geometry":{"type":"MultiPolygon","coordinates":[[[[163.70710343434223,-74.873686627042559],[163.702814565784081,-74.872501239515259],[163.698942551817083,-74.871102383257437],[163.694865972320201,-74.869857515704766],[163.692929960045063,-74.869304142599574],[163.689069234804521,-74.868056729277939],[163.685636839968339,-74.866879667263547],[163.684513335547535,-74.86648675123628],[163.683704436732086,-74.866203845153649],[163.681774944175316,-74.865358472640423],[163.679064103753689,-74.864330709823236],[163.679413128420549,-74.863951904427566],[163.684352197866559,-74.864291915783255],[163.689721120204638,-74.864523209112861],[163.695956880876565,-74.865527804989085],[163.699820227532229,-74.866152958863893],[163.705836902252287,-74.866876427530585],[163.712712378584769,-74.867674652374049],[163.718724886797588,-74.868293644522836],[163.723885986746978,-74.868970086456784],[163.729042556534239,-74.86936318673817],[163.734839529873938,-74.869757799190467],[163.740856935267715,-74.870715816099818],[163.746231846995272,-74.871841530289942],[163.748816409960256,-74.872000546106477],[163.750319530732156,-74.870201253717397],[163.746875196765444,-74.867459736449263],[163.740859304478846,-74.865040694406687],[163.736565960052076,-74.861215961702726],[163.735919992208892,-74.858404472188454],[163.732060689276665,-74.856262391209256],[163.729270006869712,-74.853456913123779],[163.72905452279727,-74.850763020522933],[163.729916010784706,-74.848226755022324],[163.730771188480645,-74.84649137336288],[163.731851480054928,-74.844631782099228],[163.733990759079148,-74.8429473162753],[163.735286481838386,-74.842612558463856],[163.737001962009884,-74.843167694308761],[163.737855275606677,-74.844580876137286],[163.741288834918691,-74.846718775378221],[163.74429641220371,-74.848117064911932],[163.746867336112444,-74.848624157394084],[163.750304169484821,-74.849809929976701],[163.751382246152673,-74.851042125354397],[163.7528829371158,-74.853183168821445],[163.755243603315165,-74.854475310104036],[163.758254320212529,-74.856099685315002],[163.759542606081311,-74.858073602666238],[163.762987807587706,-74.860824343684769],[163.765140669919759,-74.86295820958415],[163.769003957130536,-74.864364323735686],[163.772229593112598,-74.86554275228427],[163.771587689271797,-74.86739798447924],[163.772669359935179,-74.869365388056437],[163.774177017353679,-74.871054088678321],[163.776971702960935,-74.872293837839536],[163.779987862489264,-74.872956524048035],[163.783208625612247,-74.87211718167795],[163.78470282501425,-74.869874297484529],[163.784272893635091,-74.868069680705318],[163.783624960099132,-74.866210800835802],[163.786201511567782,-74.865200085187439],[163.789632580584225,-74.865488942601004],[163.793077454717803,-74.866212328646014],[163.795439750847493,-74.866269132701063],[163.797373484918893,-74.865256671389417],[163.795004979905656,-74.863568924424044],[163.798862273283788,-74.86261769729488],[163.8046626879987,-74.862624384602199],[163.809175665119852,-74.862222269193865],[163.811960714146267,-74.861491128337505],[163.814971954080846,-74.861436788165804],[163.820545192846794,-74.860766220510484],[163.823124182543268,-74.859067627757312],[163.825476824708176,-74.857493245336627],[163.828473983428637,-74.856316381799914],[163.831047542374336,-74.855079145705233],[163.83146519165004,-74.853961215383038],[163.831030057970906,-74.853004802874509],[163.831021850933666,-74.851543651266027],[163.83294079390464,-74.84890000068863],[163.832927161280736,-74.846929646191356],[163.832919155959672,-74.845864290288972],[163.833558207161332,-74.844913956798294],[163.833771876209141,-74.843950220057152],[163.833978347231124,-74.843221502381283],[163.83375955717338,-74.842206133178436],[163.833328459557464,-74.841532714609755],[163.83246018531446,-74.840694220564927],[163.831601636571605,-74.839847032539708],[163.831378611468153,-74.839349567623529],[163.830732184174593,-74.838782290598701],[163.830085870000545,-74.838111369543668],[163.830727126206511,-74.837321421492618],[163.834369834521112,-74.837550658741321],[163.838873968013161,-74.83754364430267],[163.840161409043759,-74.837320920047745],[163.845963518161057,-74.839287111050581],[163.848546996165055,-74.840067034196167],[163.852207707086734,-74.8414184300361],[163.854786703567015,-74.842876234682265],[163.85565509748011,-74.844402313169127],[163.856101200232274,-74.846245004131958],[163.856757857047484,-74.848047102033277],[163.85849141151445,-74.849450197905455],[163.860648764899878,-74.851299863270626],[163.862162669198625,-74.852761638082484],[163.864967176941661,-74.854339828105097],[163.868410219949368,-74.855570530023172],[163.871643813333691,-74.856860676728004],[163.873795180793508,-74.858050126992197],[163.87575101729459,-74.860515412271965],[163.87491544377545,-74.862534306922853],[163.87321307209703,-74.865128386623795],[163.873016967620401,-74.867035471870437],[163.873890992597325,-74.868439265214093],[163.875623324365733,-74.869728845084822],[163.878424092730853,-74.871080191156025],[163.882090495769006,-74.872713456984556],[163.884250515950299,-74.872932934503282],[163.886611787071161,-74.873271191149712],[163.886828664110993,-74.873320717037743],[163.888336535433893,-74.873665039950524],[163.888766920318972,-74.873716336152611],[163.888984652662913,-74.873996527980722],[163.889205604917407,-74.874390007535638],[163.889848883530931,-74.874787067998724],[163.89049916471842,-74.87511870934604],[163.891581389873835,-74.875680737868507],[163.89223602606333,-74.876125741499067],[163.893523603104995,-74.876580765886615],[163.895675181153933,-74.876752340776093],[163.896754906982409,-74.876748924085121],[163.898475360934441,-74.876577117586606],[163.898675366570814,-74.876621560898315],[163.899758229909537,-74.876862173548275],[163.901052054927902,-74.876969064589943],[163.90217906177682,-74.87715264965118],[163.902729885897799,-74.877151970991548],[163.904879778839302,-74.877436352238092],[163.90634148938355,-74.877913798625116],[163.906392021845505,-74.877936443235612],[163.907907316699436,-74.878606300523643],[163.9082655873693,-74.879293614216564],[163.908817669639632,-74.879437829462049],[163.908610113432417,-74.879883767314723],[163.909050272426668,-74.880500920384023],[163.909057956928734,-74.88117971437093],[163.909068446100378,-74.882075373150769],[163.908866214928565,-74.883086899476169],[163.908657872819845,-74.883928414622275],[163.908228353480354,-74.884725028160503],[163.907164454924299,-74.885511582437204],[163.906309452413268,-74.886247923808199],[163.905250379200027,-74.887081950237231],[163.904832741604878,-74.888256277901476],[163.904194292624879,-74.88798705961932],[163.90391676252176,-74.888394581779025],[163.902624300042874,-74.887995859786358],[163.901104486082858,-74.887391606889082],[163.900027116315158,-74.886877168114339],[163.898949572196557,-74.886372126187624],[163.89807964619996,-74.885873288232403],[163.896778681142735,-74.885257197880094],[163.89548244381325,-74.884584926391824],[163.89332671670337,-74.884017458766678],[163.890959797034867,-74.883509409628914],[163.88901823249887,-74.88306164148031],[163.886435665206932,-74.882782209845914],[163.883201002872283,-74.88238763169808],[163.879750179037075,-74.88200495537258],[163.876953462844085,-74.88167155106909],[163.873718251532836,-74.881276755798751],[163.871141797945683,-74.880875082828439],[163.867908312268099,-74.880320141000922],[163.864244762732341,-74.879817460554875],[163.861230490188575,-74.879420264914543],[163.857578535259421,-74.879144445900081],[163.85369445596595,-74.878926395722075],[163.848691477771666,-74.878648898231447],[163.847523539782202,-74.878676761281397],[163.844729504145221,-74.878682266383606],[163.841410430164387,-74.878576708181555],[163.840994213698622,-74.878585201932964],[163.838488413957435,-74.878690896716023],[163.83483397335084,-74.878857354331785],[163.831402432933885,-74.878965236875914],[163.82730885737675,-74.879022963840072],[163.823226385430189,-74.879024915251009],[163.819997372038188,-74.879025451246264],[163.816343559903373,-74.879031461941153],[163.813116345734414,-74.878975488007768],[163.812872035597707,-74.878963002785085],[163.810681909991246,-74.878988958378926],[163.805304297109103,-74.879099779045021],[163.79948936331661,-74.879054792756818],[163.793684774808213,-74.878887908025689],[163.788528622774948,-74.878770063820241],[163.784010288372656,-74.878766483824322],[163.778839641276591,-74.878496489825082],[163.773898094726889,-74.878092944501276],[163.770236054169118,-74.878040989522574],[163.766796522129852,-74.878100143910927],[163.76336076944375,-74.878376344420658],[163.760343829814843,-74.878665485607584],[163.756900546435929,-74.878941031819764],[163.756859723860515,-74.878947877024046],[163.756338849743543,-74.879039726285953],[163.753975561164822,-74.879538760447204],[163.752691281356931,-74.879682205764155],[163.751528421184531,-74.879899424218237],[163.748297363175396,-74.880294711607036],[163.74507680155844,-74.880455076491359],[163.741842978178482,-74.880520113908744],[163.738188068116131,-74.880628476130227],[163.735603469135839,-74.880629709085781],[163.733882784268815,-74.880743831661519],[163.733457220448372,-74.880739713195581],[163.733832104992899,-74.880202442304281],[163.733352032935784,-74.880039080045464],[163.732807269130575,-74.879954835228972],[163.731309211744644,-74.879614479697281],[163.729365581701956,-74.879277883547374],[163.728082372979088,-74.878887862694839],[163.726362342658945,-74.878436264703709],[163.724535282892958,-74.877917293064911],[163.723869315605327,-74.877793744884784],[163.720859118106659,-74.877177762531687],[163.717210400580115,-74.876381037391241],[163.712048980341336,-74.875035119129208],[163.70710343434223,-74.873686627042559]]]]}},
{"type":"Feature","properties":{"SURFACE":"moraine","SUBSURFACE":null,"SOURCE":null},"bbox":[162.428722514278007,-74.726727438291064,162.628687583598406,-74.670876494799188],"geometry":{"type":"MultiPolygon","coordinates":[[[[162.471400517953725,-74.712145398755183],[162.46855449837156,-74.71049455667476],[162.466600693088878,-74.708348732556402],[162.46506015571768,-74.706322706100707],[162.463907005005524,-74.704850790351102],[162.463148748690088,-74.703715407925486],[162.461960057501983,-74.70259155137424],[162.459934841343653,-74.701340955435782],[162.457492248142131,-74.699979579509275],[162.455061022330909,-74.69856216251938],[162.452636202805166,-74.697078800754241],[162.449981368148116,-74.695718495459076],[162.445635254317722,-74.69417887840045],[162.442337088512943,-74.693030328296956],[162.439629811491727,-74.692339107310076],[162.437112402095039,-74.691825021126448],[162.435026883277629,-74.691413428859917],[162.432708208276495,-74.691172096059972],[162.430604820491311,-74.690882312646664],[162.428722514278007,-74.690639464318679],[162.431929435200061,-74.690328840797179],[162.433657587887637,-74.690055838053453],[162.434519637660202,-74.689843250379823],[162.435614226897087,-74.689507769159761],[162.436283580928944,-74.68911775138865],[162.436344832500566,-74.68838272405857],[162.43557574232031,-74.687426432637025],[162.434597938964714,-74.686357784112843],[162.433199994967026,-74.685329889241999],[162.432238512685814,-74.684139215495222],[162.431260350737858,-74.683127427794275],[162.430706056875891,-74.682113141680063],[162.429937776365506,-74.681147365842833],[162.429369986227186,-74.680302744669774],[162.429002978338985,-74.679626753824778],[162.429725516274942,-74.67856750407131],[162.431095218137784,-74.677496012219692],[162.433503038874107,-74.676615803049074],[162.43671944033747,-74.67613537026017],[162.439720515747894,-74.675864617667656],[162.443140829088719,-74.675600439547125],[162.446560625899195,-74.675288733034861],[162.448922488547964,-74.675021345881319],[162.453447971370167,-74.674327622510447],[162.452096685902575,-74.674983160652047],[162.451387129586465,-74.675882120172233],[162.450776310403626,-74.676471745528971],[162.449921470606711,-74.676604008253918],[162.446897723981664,-74.677205093625531],[162.445565677034239,-74.677985598186282],[162.445181075546941,-74.678212859253776],[162.444164504696431,-74.678428229953909],[162.442592987104831,-74.679539788346958],[162.442512830831191,-74.680491430880281],[162.443075501910215,-74.681392459469592],[162.443188255587614,-74.682578473402231],[162.442252286487388,-74.683695777687205],[162.441313886350628,-74.684755956549282],[162.441204148323806,-74.685999297454288],[162.440699999475925,-74.686953470041587],[162.440461630017381,-74.687284627380137],[162.439347104998973,-74.687903109477958],[162.438838049420013,-74.688904331510059],[162.439025451522042,-74.689242624103827],[162.440700748050176,-74.689534500344436],[162.443420316896436,-74.690112903741507],[162.446763841886963,-74.690800324937115],[162.449473542020456,-74.691387279624422],[162.451625230141843,-74.691529065128691],[162.452931014735867,-74.691514782550357],[162.454646861970787,-74.691468320930269],[162.457205164234637,-74.691122159567769],[162.456976244581512,-74.691292805417163],[162.456702568144948,-74.692019511434793],[162.4566422906708,-74.692754550495678],[162.456992107313852,-74.693704104757416],[162.458392872786931,-74.694779341902304],[162.458802750582805,-74.694851508794969],[162.460053787557428,-74.695240573175639],[162.462533586920017,-74.696102197303091],[162.46432836299681,-74.697523324918677],[162.465707894245071,-74.698824385993106],[162.466476076865831,-74.699894165063597],[162.467239820422833,-74.700916126049421],[162.467634874923817,-74.70130960602377],[162.46782374473338,-74.701591012707169],[162.468830324372107,-74.702320112833803],[162.470473297087409,-74.703016870733279],[162.473390814758716,-74.703762920650831],[162.477159268441312,-74.704513407415178],[162.481165749561114,-74.70503696345115],[162.484983958209511,-74.705117832483225],[162.490367688110496,-74.704304426811774],[162.493198603427857,-74.703420717353666],[162.495885155692946,-74.701804026814713],[162.498967533608749,-74.700523860495011],[162.500137616483215,-74.699075038234199],[162.498743790803445,-74.697991432341937],[162.497564790279711,-74.696698025943363],[162.498342628217983,-74.694903537275053],[162.500558439715547,-74.69378847991122],[162.50406680017835,-74.692515448821538],[162.506482063286512,-74.691511862626612],[162.5099439679,-74.690747165833969],[162.512964353787595,-74.690201797142379],[162.515591049494418,-74.689206306731833],[162.519076259634915,-74.68810203858844],[162.521702189074318,-74.687106478882583],[162.523690748158998,-74.686209646929711],[162.523960543489011,-74.685425913135717],[162.524446341657438,-74.684698090901719],[162.527215801905271,-74.684549105568948],[162.52847059807641,-74.684833677358654],[162.532727380675937,-74.683635991816743],[162.534433303978233,-74.684106102045419],[162.535252357195787,-74.684506136682799],[162.535844194582324,-74.685124370506699],[162.534742799828962,-74.68562080277772],[162.531724112591974,-74.686166469074749],[162.528472405365875,-74.687100555497594],[162.526263592504108,-74.688102398084624],[162.52405050721103,-74.689217703586124],[162.522061274233323,-74.690275758869845],[162.520713267788665,-74.691216433856312],[162.519353377711241,-74.692336339602036],[162.518436458462986,-74.693123191851186],[162.517270497559707,-74.694467917278828],[162.515910141892761,-74.695578331346738],[162.514710696141776,-74.697318677046653],[162.513730708988959,-74.698944505414985],[162.512987090400458,-74.700286480850579],[162.512878647860845,-74.701690778857568],[162.512783947347998,-74.702925488487523],[162.513323518791424,-74.704118088413168],[162.514132002722903,-74.704735461732938],[162.51536521336331,-74.705198429792503],[162.51704729861919,-74.7054331101657],[162.518108184127755,-74.705492835209355],[162.520037494848935,-74.705273780573705],[162.522447621943769,-74.704392783671707],[162.524225555730084,-74.703392859257477],[162.525836630459054,-74.701876388010476],[162.526807461215697,-74.700363641039147],[162.527770949455856,-74.698850300831396],[162.529347403069778,-74.697738841403833],[162.532230581366917,-74.696233310551946],[162.536145383711641,-74.69512647916514],[162.541356459055436,-74.693691049085984],[162.546149424448629,-74.692144991535585],[162.550289297412746,-74.690819699813801],[162.555086227076941,-74.689160140467408],[162.559672128953025,-74.68760632709801],[162.563171334404188,-74.686275235792905],[162.565810811239885,-74.685005552303508],[162.568671224805996,-74.6837731738256],[162.572168753408363,-74.682441948847398],[162.575001766092356,-74.681396937547277],[162.576540019960447,-74.680784973406745],[162.57700195667897,-74.680225952098596],[162.576855756281901,-74.679379446348136],[162.576263273431209,-74.678808807214793],[162.576101519261101,-74.678027379611109],[162.575548443368035,-74.676900589974878],[162.575428432215858,-74.675714917342702],[162.575511472858068,-74.674536616156701],[162.576233763579523,-74.673468262048985],[162.578016504985555,-74.67229829777358],[162.579782433033216,-74.67141138648941],[162.582248552527631,-74.670876494799188],[162.581321739960089,-74.671226241403176],[162.580196883787835,-74.672062058726226],[162.579935791086285,-74.672742005645802],[162.579898921980401,-74.673241453354137],[162.580076544359514,-74.673692329673472],[162.580272503025043,-74.67391717634446],[162.580891670676635,-74.674205578162599],[162.581696654482329,-74.674717978196455],[162.582939726289453,-74.675171899148836],[162.584602279178199,-74.67563215552758],[162.586274340797559,-74.676036293790389],[162.588792571666545,-74.676434725079957],[162.593004018605086,-74.676859704843466],[162.598296084237631,-74.677108675397378],[162.601256345432716,-74.677297060492847],[162.603795199732957,-74.677469454097618],[162.606576265976599,-74.677149953850019],[162.612197858835401,-74.675776385869341],[162.617283246971056,-74.678425036720341],[162.617749629555931,-74.67956324694957],[162.615979779203172,-74.680497451660997],[162.613073333241488,-74.681479792206886],[162.610408480121691,-74.682027090070449],[162.608549627534529,-74.682318774948214],[162.606503227440868,-74.68246220169452],[162.603990114910061,-74.683003057866699],[162.604169434594496,-74.683510877362053],[162.607089772992083,-74.684255095642101],[162.612136657885543,-74.684900317302464],[162.616773575400003,-74.685483034626259],[162.620367641833838,-74.685780312321128],[162.623538119619155,-74.686023535990316],[162.627319048199354,-74.686554146633867],[162.628560243929087,-74.687121217897641],[162.628687583598406,-74.688297666292797],[162.628192172957228,-74.689204630586502],[162.626733318731539,-74.68939686947833],[162.624972346283101,-74.689393501724766],[162.623618978978641,-74.689357460487415],[162.620906139170302,-74.689284846295308],[162.618531595079617,-74.689116936686034],[162.615498396932452,-74.688894519513596],[162.613201466938108,-74.688315847150633],[162.612163256970121,-74.688078278078407],[162.61069315828513,-74.687795486709902],[162.598647403763522,-74.686836320942135],[162.597163334165202,-74.686884073998812],[162.595233594596436,-74.687046597902196],[162.593097534052049,-74.687201498686136],[162.589694411579529,-74.686692026737489],[162.585651269993264,-74.686679353551099],[162.582050626737896,-74.686598988972079],[162.576939837614731,-74.68668727893548],[162.574999694537723,-74.687066857768841],[162.573443315270794,-74.687904940581319],[162.571456922045058,-74.688915969955858],[162.568802072021384,-74.690355155354723],[162.566786216196618,-74.691799944192852],[162.566295450471046,-74.692650581806092],[162.566476554992562,-74.692988003844476],[162.566075917522397,-74.693400448645619],[162.564342526847099,-74.69369287150532],[162.562404231822683,-74.69407259763544],[162.560661778874135,-74.694677181968103],[162.558679133847789,-74.695622185296742],[162.558401431570474,-74.696462087364438],[162.560238159385875,-74.697486872295272],[162.562479348329617,-74.698791716179812],[162.560921068967389,-74.69962973125827],[162.55853731430085,-74.700181180505339],[162.556159857065978,-74.700676242497764],[162.5535546454322,-74.701446377820034],[162.551784341419847,-74.702390090909574],[162.550667851915478,-74.703056133658293],[162.549123877713242,-74.703724646183545],[162.545882531924008,-74.70438508685524],[162.542016332648245,-74.704870351781125],[162.539641348500169,-74.705412969633414],[162.539127656990019,-74.706479966538012],[162.540986313470597,-74.707279148435859],[162.545418822023237,-74.707694374910375],[162.550683573496343,-74.708349221128614],[162.556576875837834,-74.70933102720295],[162.560966638494051,-74.710254393419191],[162.561782066796866,-74.710767671494438],[162.561095312542619,-74.711384057138758],[162.559803894242492,-74.711646877122178],[162.558077876141994,-74.711873673803893],[162.555271671165912,-74.712418708440396],[162.551599093002153,-74.713072085038661],[162.548362353151873,-74.71367621311208],[162.545544103593386,-74.714390893161109],[162.543349951063675,-74.7152237107952],[162.542863693993723,-74.716008497876729],[162.54407735571624,-74.716905810775373],[162.546565500287386,-74.717766515613476],[162.547151879985108,-74.718393649960106],[162.546464894525741,-74.719057478890164],[162.546016780236556,-74.719342785403796],[162.544510499429236,-74.719606752947698],[162.543409625887762,-74.719999170013509],[162.542107603855811,-74.720014507104779],[162.540262835316753,-74.719045880896999],[162.538629345016204,-74.718189590143623],[162.537615270672575,-74.71746053352642],[162.536607087243937,-74.716779376241973],[162.534926919485741,-74.716488223334323],[162.53149239246639,-74.716810237607987],[162.526738368622489,-74.717686628972857],[162.524331104717589,-74.718615518494033],[162.521073842101799,-74.719445380396081],[162.517421356553001,-74.719768128987084],[162.512504831214301,-74.720071204009514],[162.510105262613706,-74.720687649002301],[162.510063919462965,-74.721300799465126],[162.509975006359781,-74.722422240921702],[162.510526812747969,-74.723445129780515],[162.510643401749832,-74.725057941616129],[162.505930750062703,-74.725368471513931],[162.501638150633568,-74.725846629952812],[162.499894791928938,-74.726337361776956],[162.499223385211849,-74.726727438291064],[162.49780084505494,-74.725394925994536],[162.497491168474056,-74.723984134931328],[162.49677586318839,-74.722292968981236],[162.495378581635322,-74.721057368460109],[162.493377680678293,-74.719515400878606],[162.490291083526586,-74.718101266839739],[162.486343245238089,-74.716899988262085],[162.483658395902722,-74.715917566576024],[162.481161553172768,-74.715178432563249],[162.478648754700231,-74.714608695820516],[162.475933757894751,-74.714022074953235],[162.473441320050597,-74.713226238665584],[162.471400517953725,-74.712145398755183]]]]}},
{"type":"Feature","properties":{"SURFACE":"moraine","SUBSURFACE":null,"SOURCE":null},"bbox":[163.863270780203464,-74.833982845429588,163.88964184908005,-74.824938245985436],"geometry":{"type":"MultiPolygon","coordinates":[[[[163.87502524536302,-74.825953348954641],[163.878663688159918,-74.824938245985436],[163.88146498586903,-74.826506726293786],[163.884261272755566,-74.827745062449196],[163.8861973251108,-74.828588577744625],[163.888342682061591,-74.829429050979641],[163.888992226214413,-74.829713661014068],[163.88964184908005,-74.830384473609854],[163.888147515311971,-74.831119236907838],[163.885151830432989,-74.83191001529292],[163.883233052188245,-74.832405438484102],[163.878095870976892,-74.833476924336907],[163.872955009258391,-74.833982845429588],[163.868657714450592,-74.833148863495524],[163.864354614634493,-74.83118383268642],[163.863270780203464,-74.829660364927463],[163.86390072862892,-74.828426864610663],[163.867969032413981,-74.82781179475532],[163.871177965924971,-74.827131603494124],[163.87310402270063,-74.826514400904955],[163.87502524536302,-74.825953348954641]]]]}},
{"type":"Feature","properties":{"SURFACE":"moraine","SUBSURFACE":null,"SOURCE":null},"bbox":[162.307250724589636,-74.705266328032295,162.359554597836251,-74.665463103613575],"geometry":{"type":"MultiPolygon","coordinates":[[[[162.34482000651488,-74.704251137475026],[162.343559803284649,-74.704021847812712],[162.342086892215804,-74.703898103337622],[162.34105201106928,-74.703602274850851],[162.33875284359496,-74.703086259827046],[162.334569542156743,-74.702326377725512],[162.329518341032497,-74.701683297344843],[162.324485496609498,-74.700918170330965],[162.320299432036933,-74.700110196518992],[162.315319797323383,-74.698779513355234],[162.311479617217998,-74.696614007381328],[162.309333243127384,-74.694467588466011],[162.308405667738725,-74.692946070643842],[162.307250724589636,-74.691595299062797],[162.307816890534752,-74.690123659152292],[162.310257521058929,-74.688961916184127],[162.313963547932957,-74.687925780744351],[162.318297848797187,-74.686999518981963],[162.320503533889791,-74.686159813085084],[162.320851505513531,-74.684698389436605],[162.31904235078801,-74.683454054290038],[162.317017387626066,-74.682428879108485],[162.316707673962497,-74.68113042044277],[162.319160855227466,-74.679855897339777],[162.322221941304008,-74.678917450924601],[162.326336756028212,-74.677991803271183],[162.330004435841659,-74.677389251849519],[162.334148619611284,-74.676133710690834],[162.333873119373351,-74.674496498654321],[162.331862234816811,-74.673244790138426],[162.330215098473445,-74.672669298239626],[162.328769775330613,-74.672158260060925],[162.326538886125348,-74.671020831446953],[162.325586692982966,-74.669829725264151],[162.327179373191541,-74.668606254557048],[162.330473956266985,-74.667440779863725],[162.334986344164747,-74.666795644826024],[162.339677009952851,-74.666545213720894],[162.342461487465442,-74.666286064960062],[162.343951570451821,-74.66618370669805],[162.345465486632463,-74.665855505587672],[162.34678071281246,-74.665463103613575],[162.347092786988128,-74.666704522154703],[162.346600982146157,-74.667489036604138],[162.345642315350005,-74.668718415392945],[162.344247748650275,-74.670006044301374],[162.343287525498283,-74.671244811721721],[162.343380006402839,-74.672591197621642],[162.343083381909338,-74.673648505043047],[162.34166307770451,-74.675218835164713],[162.339886726962078,-74.676161100940874],[162.337033351104651,-74.677155114809963],[162.335901815518838,-74.677885840414703],[162.335183089042999,-74.678888679576076],[162.334487543714289,-74.679504213702785],[162.334006340406006,-74.680118807395459],[162.332647524399221,-74.681010811749019],[162.330896201376163,-74.681622920375716],[162.327777138170973,-74.683230735941436],[162.326186187594942,-74.684350079800126],[162.324588714349289,-74.685573329295735],[162.323001369685386,-74.686740474950213],[162.321976023143975,-74.688648099028455],[162.321621553192642,-74.690222930769934],[162.321900496036022,-74.691794127476484],[162.322392666612132,-74.693478224750109],[162.324338932076898,-74.695408128359546],[162.327184265989928,-74.696938869516003],[162.330463836081663,-74.698259185848428],[162.334394263702421,-74.699520197143926],[162.337507565711064,-74.700380092734179],[162.340437718524953,-74.700911208612254],[162.342313655701361,-74.701363179789851],[162.34376843540926,-74.70166580960715],[162.345027426520147,-74.701895011234868],[162.346081147422126,-74.702012017246545],[162.349261069963745,-74.702193680929867],[162.352010615759355,-74.70227269434055],[162.354979926036549,-74.702408096809933],[162.356880227563721,-74.702634091471566],[162.359165294460922,-74.703167671190485],[162.359554597836251,-74.703665525510331],[162.358898717524085,-74.704123124299713],[162.356478816973038,-74.704537088462942],[162.353029642233651,-74.70471272438084],[162.349449628686727,-74.704934289182503],[162.346460380619448,-74.705214916454096],[162.344246597589404,-74.705266328032295],[162.345170246020615,-74.705097061337028],[162.345635133300078,-74.704651904696973],[162.34482000651488,-74.704251137475026]]]]}},
{"type":"Feature","properties":{"SURFACE":"moraine","SUBSURFACE":null,"SOURCE":null},"bbox":[163.816861907561389,-74.818091471251321,163.848101731817053,-74.805297802965654],"geometry":{"type":"MultiPolygon","coordinates":[[[[163.828403278134658,-74.806682931131164],[163.832262192449321,-74.806524058284893],[163.835266857036174,-74.806799545586131],[163.837838586233772,-74.807249359741519],[163.84040339727494,-74.807415965321553],[163.841685127537204,-74.807193011114109],[163.843147932491831,-74.806606957466286],[163.844441920571683,-74.806177661363606],[163.844961090232601,-74.805651827587823],[163.846501875233315,-74.805297802965654],[163.847024464972606,-74.805846229172886],[163.848101731817053,-74.807020875773716],[163.847255783163689,-74.808030636837955],[163.844905918462445,-74.808766041175858],[163.841484198665768,-74.809325814102507],[163.837851991964413,-74.809831876293259],[163.836148414624404,-74.811012052407179],[163.837433941168456,-74.811740963512193],[163.840649074189116,-74.812135917277644],[163.841933362317747,-74.81253493616174],[163.842575852140754,-74.812932316422462],[163.84322267535012,-74.813603241415507],[163.844086592236039,-74.814102215964411],[163.84430888355115,-74.814835114358658],[163.843456667908441,-74.815787926947408],[163.840888050363304,-74.815837871451293],[163.837029050668093,-74.816232611406008],[163.83488936361141,-74.816625988408887],[163.832111386554089,-74.817196993637012],[163.828259686212192,-74.817639289445779],[163.825051376631563,-74.817866605452579],[163.821191557407928,-74.818091471251321],[163.819322310994352,-74.81809071112292],[163.81786636244189,-74.818064822788187],[163.817332092065925,-74.817939396496584],[163.820762457864163,-74.817427543164925],[163.822681350377735,-74.816301379994641],[163.822669948872374,-74.814736395531867],[163.820734374485085,-74.812987419265795],[163.818808443096373,-74.811804481636827],[163.817730452140381,-74.810846193155427],[163.817080934357477,-74.809675501406744],[163.816861907561389,-74.808094698029876],[163.817497442435894,-74.806578921401652],[163.822205104810024,-74.806673242117228],[163.825818432194296,-74.806769037318304],[163.828403278134658,-74.806682931131164]]]]}},
{"type":"Feature","properties":{"SURFACE":"moraine","SUBSURFACE":null,"SOURCE":null},"bbox":[163.629702445742453,-74.800427672073113,163.649111356089179,-74.790919573245532],"geometry":{"type":"MultiPolygon","coordinates":[[[[163.642060012153678,-74.792053875859864],[163.643005143830948,-74.790919573245532],[163.645695096800125,-74.791730314294469],[163.647195607076327,-74.792175932698086],[163.648043455996458,-74.792458117062182],[163.649111356089179,-74.793077867060944],[163.648677977185912,-74.793751770818602],[163.647396287549782,-74.794586693242678],[163.646319591465044,-74.795597721610321],[163.645887025997325,-74.79605480058251],[163.644595272755538,-74.796898393678106],[163.643520396111342,-74.797570078431903],[163.641587083152984,-74.798581186216865],[163.640086243556766,-74.799257800071572],[163.638585104364807,-74.79965146486893],[163.636659730246208,-74.799870986741368],[163.635155483848365,-74.800094641430888],[163.633230622301767,-74.800323612180534],[163.631520839663835,-74.800427672073113],[163.629702445742453,-74.800279548643005],[163.631307070288557,-74.799694426634147],[163.632818069087961,-74.799009190183682],[163.63410182098454,-74.79834417211373],[163.63517901199765,-74.797606657012068],[163.636467329245221,-74.796545896585116],[163.637764144233387,-74.795476368870254],[163.63904503325341,-74.794697977248703],[163.640764663098707,-74.793462991327175],[163.642060012153678,-74.792053875859864]]]]}},
{"type":"Feature","properties":{"SURFACE":"moraine","SUBSURFACE":null,"SOURCE":null},"bbox":[162.083077792477212,-74.643783731274624,162.165223241594447,-74.629394874759996],"geometry":{"type":"MultiPolygon","coordinates":[[[[162.08479974691889,-74.631853440451621],[162.083618208456727,-74.63105817888092],[162.083231891998594,-74.63066381059356],[162.083077792477212,-74.630099218066462],[162.087392494836763,-74.629394874759996],[162.087792980355061,-74.629571797447284],[162.089010404152361,-74.630084912665836],[162.090834972423721,-74.630887697806259],[162.092661091514117,-74.631681079260034],[162.094312127160009,-74.632088697411803],[162.095551089046353,-74.632327915076104],[162.098475214152813,-74.632797004619306],[162.102241664794235,-74.633167060704054],[162.10707198712737,-74.633590078380678],[162.112748791806752,-74.633971333790441],[162.119901373989194,-74.634478636075002],[162.127920406527124,-74.634812616303464],[162.134720380354395,-74.634633443021556],[162.139616118862619,-74.63438644854584],[162.14471803624491,-74.634147461084879],[162.148554613213804,-74.633942882550983],[162.152803422679028,-74.633858959492002],[162.15703970063953,-74.633783390205338],[162.163583044370228,-74.633999581056074],[162.165223241594447,-74.634624103132978],[162.164944523782481,-74.635293997920357],[162.162936854627418,-74.636301053532478],[162.160725666023183,-74.637233740020619],[162.158104748998625,-74.637950924332515],[162.156155731031674,-74.638440338662406],[162.154211808203399,-74.638768631305723],[162.152704222950547,-74.638982098969151],[162.147369733044656,-74.639344103589792],[162.145829904096672,-74.639944424478202],[162.141687116122142,-74.641044799900158],[162.140163292059242,-74.641427896657774],[162.136716174278234,-74.642074430368666],[162.133907821372645,-74.642613921365822],[162.131320646104285,-74.642991705333415],[162.128528914773653,-74.643361498688989],[162.125733595782918,-74.643683438517627],[162.124460188690989,-74.643783731274624],[162.117006890883857,-74.642044111410144],[162.114553169494769,-74.64113092870528],[162.112729163444897,-74.640328585909771],[162.110295550488047,-74.63929346368991],[162.106820544102646,-74.638036102099051],[162.103945221016858,-74.637219697820044],[162.100197422075411,-74.636528157537271],[162.096874801037501,-74.635882440172708],[162.092738508213472,-74.634948310650074],[162.089464670644986,-74.633850301072187],[162.086624589299475,-74.632703820878632],[162.08479974691889,-74.631853440451621]]]]}},
{"type":"Feature","properties":{"SURFACE":"moraine","SUBSURFACE":null,"SOURCE":null},"bbox":[162.56622249350761,-74.475344256903085,162.590545422419751,-74.4685174495159],"geometry":{"type":"MultiPolygon","coordinates":[[[[162.579150410734428,-74.468904490866279],[162.58085955050754,-74.4685174495159],[162.581052905056083,-74.468742190930854],[162.581653748287437,-74.469029610224908],[162.583116144437611,-74.469143035233401],[162.586261302167173,-74.46916092800376],[162.587895393490214,-74.469677277246021],[162.588478841883074,-74.470351737270676],[162.588410216124316,-74.471198854459715],[162.588596825180787,-74.47165044706243],[162.589198753372671,-74.471985299026883],[162.589802897829856,-74.472272951346241],[162.590420390672108,-74.472495386464388],[162.590304663646862,-74.47275100686528],[162.590545422419751,-74.473008135990383],[162.590075560975151,-74.473442498655004],[162.588822818831972,-74.474237558934973],[162.584163230747606,-74.474888625252433],[162.579731095683087,-74.475255470646488],[162.574697725554472,-74.475344256903085],[162.570933980667888,-74.475103702811751],[162.567831503542948,-74.47457748245958],[162.56622249350761,-74.473721873860654],[162.566302129762391,-74.472543863059386],[162.568072406163537,-74.471365887671979],[162.571072327487514,-74.470490357039097],[162.574251340743473,-74.469999483097581],[162.577012562026084,-74.469454503508572],[162.579150410734428,-74.468904490866279]]]]}},
{"type":"Feature","properties":{"SURFACE":"moraine","SUBSURFACE":null,"SOURCE":null},"bbox":[163.642495514940862,-74.559921022390128,163.657981653547324,-74.545541849132647],"geometry":{"type":"MultiPolygon","coordinates":[[[[163.656876267379033,-74.545597266072335],[163.657981653547324,-74.545541849132647],[163.657492425943303,-74.546267457199718],[163.657274958855339,-74.54683478348089],[163.656845874707756,-74.547508090410844],[163.656427637481414,-74.54823879646581],[163.655996131427827,-74.548968468897996],[163.655572412567068,-74.549755302141378],[163.655364373808283,-74.550313952585711],[163.655361719688472,-74.551039454145013],[163.655141756800475,-74.551663149810139],[163.655139876496207,-74.552002296655047],[163.657245433209454,-74.554871749043357],[163.654714071711481,-74.555211178624944],[163.649224506953544,-74.557458898903391],[163.647109771640828,-74.558415221609408],[163.646476551797633,-74.559308265866534],[163.645844274954811,-74.559814946051645],[163.644789666719333,-74.559921022390128],[163.64394111364075,-74.559816989333626],[163.643524570417753,-74.559643043523479],[163.64331415989821,-74.559089337673669],[163.642902085164081,-74.557680990201987],[163.642495514940862,-74.555207986970316],[163.643349039386294,-74.553408493074741],[163.644840395011983,-74.551658903310084],[163.646527075516985,-74.550207369084617],[163.648014360869155,-74.548853358968174],[163.64927674046848,-74.54779280021566],[163.649920571483733,-74.546947775980513],[163.651398552749612,-74.546215115315135],[163.653502733723428,-74.54588013974768],[163.655610265095788,-74.545658509054448],[163.656661863337945,-74.545599353756629],[163.656876267379033,-74.545597266072335]]]]}},
{"type":"Feature","properties":{"SURFACE":"moraine","SUBSURFACE":null,"SOURCE":null},"bbox":[162.016471124593352,-74.632968136327293,162.09426517874661,-74.579955735197899],"geometry":{"type":"MultiPolygon","coordinates":[[[[162.084925317722593,-74.580237391439169],[162.08474502302883,-74.579955735197899],[162.086821372237011,-74.580305385160599],[162.088641222059351,-74.581098709563477],[162.09089384951443,-74.581739102846115],[162.092718879479492,-74.582428252435918],[162.093930643453376,-74.58299813788237],[162.09426517874661,-74.583844313094744],[162.091596603198667,-74.58511679112155],[162.088153809116221,-74.585714394999798],[162.0817349094512,-74.58655990131227],[162.076177284116483,-74.587146643264859],[162.071234153638272,-74.58794775062627],[162.065836094518431,-74.58908990910038],[162.061897201885074,-74.590348081134977],[162.058146332762448,-74.591898129945051],[162.055011650022863,-74.593558270105802],[162.053332067254757,-74.595400731562663],[162.052456784681084,-74.597645214344311],[162.052402861199823,-74.600122041487879],[162.052694105791318,-74.603332146437396],[162.052213650541233,-74.605857880860157],[162.052088838284021,-74.60900371426122],[162.051793221516959,-74.611811619308043],[162.05301903299457,-74.614179889055279],[162.053751093988751,-74.617228286794315],[162.0547475072552,-74.61981449347131],[162.05570732255768,-74.622644741867418],[162.056526320413838,-74.624892404532758],[162.057826435559377,-74.626648934256792],[162.059381580175113,-74.627894899221246],[162.062017344031631,-74.628986407414473],[162.065116248584701,-74.629737303332675],[162.067733064752531,-74.630998190763663],[162.069307984968844,-74.632131597176368],[162.069658846383533,-74.632808198010906],[162.067312054626541,-74.632968136327293],[162.061627687191958,-74.632689494584881],[162.055559556169868,-74.632025935216916],[162.04971930466084,-74.63114402616803],[162.045817628098717,-74.629991089988096],[162.042961988593021,-74.629004012106833],[162.036417700554722,-74.626824898251471],[162.032687339536267,-74.626066654580697],[162.028344132153222,-74.625179511016341],[162.024595351094661,-74.624543100663374],[162.021285970845412,-74.623839818360992],[162.018406068890783,-74.623087851519017],[162.016951743847329,-74.622791441855711],[162.016471124593352,-74.622559853482471],[162.017201362342433,-74.622461069227654],[162.018921791351318,-74.62224784032702],[162.019797627420871,-74.62197139107947],[162.020910558251046,-74.621468102228746],[162.021597978960386,-74.621023275282369],[162.022487394554503,-74.620586331816085],[162.023799540121843,-74.620204803216325],[162.025108578395589,-74.619823005141086],[162.026417550923156,-74.619441199460539],[162.029210511798311,-74.619120561504459],[162.030286709130536,-74.618908894536077],[162.031787781995035,-74.61880035377493],[162.033701237532483,-74.618651218803578],[162.035200110979559,-74.618494924958767],[162.036716048915423,-74.61821647715324],[162.036741245652308,-74.617942889892376],[162.036982126843384,-74.617716386660931],[162.037436777768391,-74.617432206343111],[162.038336920306591,-74.616939129222899],[162.038823246088555,-74.616267821216212],[162.038946270065253,-74.615146879139843],[162.038685695785801,-74.613679149065504],[162.037782785201387,-74.612213189167051],[162.037316530117721,-74.610632663418542],[162.036648099752966,-74.609053746405039],[162.037001822588962,-74.607705454044819],[162.037364596366388,-74.606357949902304],[162.03793357363304,-74.605009192861417],[162.038070341173437,-74.603670771930567],[162.038184096820288,-74.602653660386409],[162.038041552982122,-74.601975798003167],[162.03813836566087,-74.601128382493968],[162.038629012581396,-74.600514563804708],[162.038892694192214,-74.600014316699173],[162.037277089130356,-74.599276136496812],[162.039944846152622,-74.592156116196506],[162.041779236711307,-74.590868955130389],[162.042894765351889,-74.590147389804144],[162.044342826948821,-74.588788935429108],[162.046452631250588,-74.58865695012436],[162.049212247265274,-74.588514367986576],[162.051328582425356,-74.588420933969459],[162.053472120951483,-74.588149186213073],[162.056905156972135,-74.587617678050123],[162.060348433885423,-74.58707751120474],[162.063780190891322,-74.58659335946507],[162.066999652741941,-74.586109915784135],[162.071070762965263,-74.585528606726172],[162.07538347710468,-74.584663839308874],[162.080188249907053,-74.583128419565526],[162.082827984723508,-74.582186250382733],[162.083978639298067,-74.581239598288732],[162.084925317722593,-74.580237391439169]]]]}},
{"type":"Feature","properties":{"SURFACE":"moraine","SUBSURFACE":null,"SOURCE":null},"bbox":[162.351722206930248,-74.655629827275007,162.368154753545753,-74.637309158733743],"geometry":{"type":"MultiPolygon","coordinates":[[[[162.359792366979633,-74.638052740077441],[162.359416503365054,-74.637309158733743],[162.361863317521681,-74.638198793650062],[162.362643656660993,-74.6392611993477],[162.363422248232013,-74.640313956464453],[162.363281127686577,-74.641659409569698],[162.364945673409153,-74.642720338336176],[162.365297188504115,-74.643480818055963],[162.365263533774709,-74.643924100958728],[162.365369079024646,-74.644549961402532],[162.367186483904163,-74.645576254240666],[162.368154753545753,-74.646540516252898],[162.368028185371173,-74.648001087719422],[162.367059148666328,-74.649457189659742],[162.365653829650199,-74.65091454901922],[162.364883083356716,-74.652425344826824],[162.363929903984229,-74.653655019711053],[162.362767796234607,-74.654876612528255],[162.361659706898593,-74.655381349774402],[162.359634909689902,-74.65541972724472],[162.357838447980384,-74.655562744555155],[162.355704012393602,-74.655629827275007],[162.355940725195296,-74.655402952340225],[162.355151667384263,-74.654776440596478],[162.353573802058293,-74.653362040107467],[162.352452001557765,-74.65161581323575],[162.351722206930248,-74.65036773873716],[162.35205497858226,-74.648914917685644],[162.353869549218473,-74.647634431134975],[162.356094219978161,-74.646464451488612],[162.356186868208482,-74.645399617840212],[162.355896189947288,-74.643875330127784],[162.356028933520918,-74.642310788898556],[162.357199114829115,-74.641070998314817],[162.358124236532944,-74.640180761682231],[162.359470785407296,-74.639288080240178],[162.359758384961509,-74.638505493662322],[162.359792366979633,-74.638052740077441]]]]}},
{"type":"Feature","properties":{"SURFACE":"moraine","SUBSURFACE":null,"SOURCE":null},"bbox":[163.957560352482773,-74.709730929050409,163.9993172352589,-74.694340005307197],"geometry":{"type":"MultiPolygon","coordinates":[[[[163.961107012897372,-74.698525773534712],[163.96427917860504,-74.697796957939872],[163.970436581684254,-74.697285192734654],[163.976385319853335,-74.697171615626104],[163.980847580901553,-74.696709888468106],[163.985503738053353,-74.695820415290854],[163.988256724779603,-74.695247853727821],[163.991020820710247,-74.694676115511356],[163.994410765463414,-74.694340005307197],[163.996323238363516,-74.694456640331651],[163.997816492571843,-74.694616798618355],[163.998250974686869,-74.695063811338883],[163.9993172352589,-74.695351611392169],[163.998679187640363,-74.695463289370593],[163.997619296471044,-74.695750073577344],[163.996562635655437,-74.696027688863779],[163.995720256348193,-74.696255650011167],[163.995087397158898,-74.69641477403438],[163.994238878928968,-74.696585797491522],[163.993388961159809,-74.696879066433198],[163.99170090984677,-74.697438259440858],[163.99085183992392,-74.697891593445661],[163.98980920853495,-74.698847924474578],[163.987923110520143,-74.700474507579443],[163.986006442407017,-74.700479890615384],[163.98390727536065,-74.702109173634469],[163.982209984614542,-74.702620607923237],[163.98137353866025,-74.703234922683095],[163.980848852038378,-74.703025737405412],[163.979912848836051,-74.702361813308457],[163.979054440330714,-74.701289608377351],[163.978180931915773,-74.700056234877167],[163.975832689942081,-74.699501696354218],[163.972860289341668,-74.699615158265473],[163.971179657541626,-74.700796090946966],[163.972046783407222,-74.701916095848944],[163.972702279912994,-74.70315182506792],[163.973559780589909,-74.704054585037397],[163.974423341150271,-74.704722473640743],[163.974640028432702,-74.705011871966235],[163.975069425245152,-74.705289154305831],[163.975929099759213,-74.705853192946591],[163.977216682209473,-74.70652495444611],[163.978496411481757,-74.707083153045531],[163.982433619141716,-74.707522632960647],[163.981015666597528,-74.707961147286241],[163.979541461113769,-74.708922508208516],[163.97940305525799,-74.709730929050409],[163.971663970916325,-74.708758554575155],[163.967617772315378,-74.708254135533139],[163.965055185710895,-74.707410297210018],[163.961214236925542,-74.706460020335172],[163.958006585156909,-74.705341184256767],[163.957560352482773,-74.704158856699081],[163.958392371313579,-74.70252755309329],[163.959430906984096,-74.700497747232447],[163.959837687964978,-74.699154259276682],[163.961107012897372,-74.698525773534712]]]]}},
{"type":"Feature","properties":{"SURFACE":"moraine","SUBSURFACE":"ice","SOURCE":null},"bbox":[162.508189813417829,-74.58268368152703,162.596439741680427,-74.573652144053142],"geometry":{"type":"MultiPolygon","coordinates":[[[[162.5174188332401,-74.581651893569102],[162.511975148072423,-74.581110405418642],[162.508189813417829,-74.580925884497574],[162.508652829876809,-74.580414684607774],[162.512517761491011,-74.579486910838085],[162.518076181182977,-74.578615672674317],[162.522748195411623,-74.578191613169608],[162.528247365851058,-74.578159129805258],[162.534790846725627,-74.578138075020107],[162.542417828751923,-74.577733422587869],[162.547735466750709,-74.577201745201592],[162.552415689688729,-74.576720951691613],[162.555606313079011,-74.5763999523476],[162.559207056018522,-74.576141641984307],[162.565348603438679,-74.575839658043876],[162.569597227497326,-74.575512101201639],[162.574048575553917,-74.575154010939499],[162.578102123254041,-74.574610960671961],[162.582771238206618,-74.574185603102549],[162.586589778038245,-74.573973537017707],[162.588912542192332,-74.573883032892212],[162.591257071902817,-74.573652144053142],[162.591631927180714,-74.574280570280251],[162.592561858387427,-74.575922113313183],[162.596439741680427,-74.57781898901726],[162.592847190304099,-74.577832144196478],[162.589042422442134,-74.577922321757754],[162.585026695014136,-74.578013788840082],[162.579515309607928,-74.578331065129817],[162.573794096565052,-74.578583300171672],[162.568718655004488,-74.578832463201294],[162.561301307297725,-74.579132311390339],[162.557053243456352,-74.579507255510379],[162.551732457702741,-74.580143230712849],[162.548533148496574,-74.580577292288581],[162.545529301678073,-74.581179367405483],[162.540836175971435,-74.5818297334325],[162.535719333465067,-74.582529909984501],[162.532118477357983,-74.58268368152703],[162.528954006778235,-74.582665326999674],[162.525811416290793,-74.58231688266109],[162.522033877220935,-74.582114331762369],[162.5174188332401,-74.581651893569102]]]]}},
{"type":"Feature","properties":{"SURFACE":"moraine","SUBSURFACE":null,"SOURCE":null},"bbox":[163.998999636242388,-74.681507941016591,164.040149269213828,-74.670803189666557],"geometry":{"type":"MultiPolygon","coordinates":[[[[163.999720595892086,-74.680841683314412],[164.00098215533211,-74.680344398813332],[164.002244886036038,-74.679781325474423],[164.003722952741185,-74.67893342153306],[164.006257141398976,-74.678080854343634],[164.007311432845285,-74.677633738728417],[164.006873166394058,-74.677017064053416],[164.005164939681293,-74.676172391207231],[164.003460312619325,-74.676014958348631],[164.001127148947063,-74.675894559245748],[163.998999636242388,-74.675733258720783],[164.000694157838467,-74.675447649408611],[164.002385583328135,-74.675105331716139],[164.004283463014247,-74.674835121176102],[164.005342829366128,-74.674491934099279],[164.006402182150538,-74.674092280534452],[164.006816033548347,-74.673756630887198],[164.007022927592004,-74.673480581444466],[164.014666480361711,-74.673241056671557],[164.018045892120085,-74.672508973519086],[164.021431189499879,-74.671890228610366],[164.025239328510452,-74.671435204028953],[164.028840415660227,-74.671039733974894],[164.033298791530456,-74.670803189666557],[164.036912029619003,-74.671133040551211],[164.038829800058238,-74.671701529973376],[164.039478341348342,-74.672428041403421],[164.039489435178439,-74.672936972487136],[164.039925919672584,-74.673609803848748],[164.040149269213828,-74.674228878018326],[164.039948384771492,-74.674674733445244],[164.039747793180311,-74.67541229593887],[164.039337490279053,-74.676256322449461],[164.038727713132715,-74.67720758979236],[164.037464913818781,-74.678053027811316],[164.035356954108892,-74.679069792781036],[164.031768149627993,-74.679908691181382],[164.029434312299657,-74.680315552671459],[164.024774910860572,-74.680988706155063],[164.02117133112489,-74.681327654988579],[164.018203706470615,-74.681507670993923],[164.014804834926139,-74.681335044985559],[164.011620002985524,-74.681507941016591],[164.010089735841234,-74.68118501080356],[164.008807883310567,-74.681182025625233],[164.007703053884228,-74.681183032041332],[164.006087607185606,-74.681070061962771],[164.004394952109152,-74.681120624879824],[164.003119228066936,-74.680958082938204],[163.999720595892086,-74.680841683314412]]]]}},
{"type":"Feature","properties":{"SURFACE":"moraine","SUBSURFACE":null,"SOURCE":null},"bbox":[161.727785204162331,-74.419744026009241,161.770595387590873,-74.405888409639815],"geometry":{"type":"MultiPolygon","coordinates":[[[[161.75881802477781,-74.407119885914483],[161.761065376759205,-74.406719355629093],[161.76333657636934,-74.406425635072338],[161.765615908546295,-74.406303959182253],[161.767495443574944,-74.406299143709902],[161.768950246930217,-74.406180537011565],[161.770595387590873,-74.405888409639815],[161.770014159591682,-74.406446118507631],[161.768618077438987,-74.407188655525943],[161.766584721536901,-74.407988968634982],[161.764989183013626,-74.408951817552875],[161.762987038354595,-74.410145186503996],[161.760593890828119,-74.411503829588639],[161.757749560094283,-74.412641639268472],[161.755532991470233,-74.41367324718523],[161.753085788395282,-74.414351229339573],[161.752068983850734,-74.4147561446119],[161.750656479857781,-74.415373507007146],[161.749037926445368,-74.416115408207034],[161.747007013040246,-74.416801720003235],[161.745582910629281,-74.417370456950053],[161.743331700917082,-74.418008674897962],[161.740446566024644,-74.418466912703323],[161.73673935945223,-74.419280659405658],[161.734051415601414,-74.419689690874463],[161.731765802146043,-74.419744026009241],[161.7294192840763,-74.419202621266919],[161.728304813117546,-74.418199224981038],[161.727785204162331,-74.416848709691124],[161.7285640885448,-74.41600379545126],[161.730408424535,-74.415767572141561],[161.731921004872561,-74.415473339547987],[161.733828546602098,-74.415252226111647],[161.738078421597152,-74.41488661161037],[161.738504430506936,-74.414876794740564],[161.739959012460815,-74.414882038992843],[161.741621473765122,-74.414696259079889],[161.743682834856259,-74.414345915275831],[161.745321445539901,-74.413948556638985],[161.746327166782123,-74.413495079979654],[161.747314795848126,-74.412697278051581],[161.748301090404993,-74.411851763835543],[161.749703876856046,-74.411052702814871],[161.750893306180473,-74.410263290618076],[161.752706594686543,-74.409472073778161],[161.754741415062654,-74.408662419419372],[161.756556313170307,-74.407871349641155],[161.758795528486189,-74.407127411276591],[161.75881802477781,-74.407119885914483]]]]}},
{"type":"Feature","properties":{"SURFACE":"moraine","SUBSURFACE":"rock","SOURCE":null},"bbox":[161.756141483570332,-74.407119885914483,161.793669342577545,-74.4],"geometry":{"type":"MultiPolygon","coordinates":[[[[161.756141483570332,-74.4],[161.792536190253145,-74.4],[161.792917302708645,-74.400307468113922],[161.793603700320404,-74.401091521166094],[161.793669342577545,-74.401934849883915],[161.792707508258559,-74.40301085904423],[161.791310204477611,-74.403800893744602],[161.789060875697999,-74.40443939787778],[161.786180462191595,-74.404955419273008],[161.78326718455483,-74.405087793337927],[161.781564692917073,-74.404584917083298],[161.780017426560505,-74.40353419553351],[161.778458553358178,-74.402301574324341],[161.777183188800251,-74.401912597495013],[161.775089552257953,-74.401812821380972],[161.77342864732276,-74.401932207069819],[161.771616080918534,-74.402780588684479],[161.771275640510282,-74.403797467386937],[161.771168065696344,-74.405091981609232],[161.770583884713034,-74.405773167129269],[161.770595387590873,-74.405888409639815],[161.768950246930217,-74.406180537011565],[161.767495443574944,-74.406299143709902],[161.765615908546295,-74.406303959182253],[161.76333657636934,-74.406425635072338],[161.761065376759205,-74.406719355629093],[161.75881802477781,-74.407119885914483],[161.759197927267167,-74.406896537277149],[161.758918287203215,-74.406005496714329],[161.758823012535714,-74.404769066202377],[161.758521169918936,-74.403533362960786],[161.758231500190078,-74.402470084002118],[161.757743275395285,-74.401512947721528],[161.756620261231859,-74.400509032809225],[161.756141483570332,-74.4]]]]}},
{"type":"Feature","properties":{"SURFACE":"moraine","SUBSURFACE":null,"SOURCE":null},"bbox":[162.532320776099453,-74.460975764259686,162.650790345439447,-74.444333727550045],"geometry":{"type":"MultiPolygon","coordinates":[[[[162.550843903783345,-74.457840780387045],[162.549079898039906,-74.456308312730258],[162.548977447055762,-74.454849515828712],[162.54522553069728,-74.454552190479404],[162.538516306192633,-74.454735232931327],[162.53429563607358,-74.45516595164213],[162.532320776099453,-74.453577483759943],[162.53558019391761,-74.452079945751777],[162.539252289401134,-74.450579316702061],[162.542446193920057,-74.449806103822667],[162.547480735362001,-74.449671479267494],[162.553143998300186,-74.449476008510814],[162.557131030056212,-74.449442424610908],[162.560007634048105,-74.450187134223881],[162.560550406001539,-74.45131329795997],[162.560454305584784,-74.45249936779922],[162.561843334554908,-74.453573600323494],[162.564940515695383,-74.454260925230784],[162.57054604613333,-74.454856077183408],[162.575979037272248,-74.455000596252304],[162.580385382557978,-74.454850120364696],[162.583983506337859,-74.454309387998606],[162.587327157082825,-74.454495833555612],[162.590015280653887,-74.454901910542816],[162.592344818787467,-74.454623960256171],[162.594898640436639,-74.454023716343315],[162.598739670431996,-74.453086289470804],[162.602550402974174,-74.452383172448862],[162.60743741701296,-74.451448280933732],[162.61063005462313,-74.450683689327946],[162.613432861205638,-74.44962104722488],[162.616830946070252,-74.448854728856588],[162.620481894482452,-74.447579054675899],[162.623491623292921,-74.446467447809653],[162.627087402200203,-74.445821882278466],[162.640161409604019,-74.444474667419328],[162.642258222730334,-74.444432642329772],[162.644982252798911,-74.444386352852831],[162.647292135881941,-74.444333727550045],[162.648960731665795,-74.444407302809864],[162.650184135762146,-74.444803509659806],[162.650790345439447,-74.445034302632934],[162.649730928554703,-74.445362303087308],[162.644249310398919,-74.445897415331132],[162.640432017422597,-74.446666733150337],[162.637245806688412,-74.447271059372568],[162.633406475785677,-74.448322673072809],[162.630005313630733,-74.449088916741289],[162.625315122880721,-74.450305933952123],[162.620624201615129,-74.451513378228071],[162.616130436515448,-74.452841557978402],[162.611228683297213,-74.454107028561666],[162.605858911765154,-74.455939563318978],[162.602410970587499,-74.457222858338568],[162.600476987193218,-74.458045848787819],[162.59894318780249,-74.458883509305863],[162.5982774080762,-74.459443496473298],[162.597818860902208,-74.460001944587816],[162.596973490280135,-74.460054108225322],[162.593802486681767,-74.460488891886172],[162.589785857768589,-74.460975764259686],[162.584762745072652,-74.460942054407383],[162.579567969034656,-74.460353615814128],[162.575633541135716,-74.459719418906829],[162.569560439120266,-74.459682272948854],[162.562848512978775,-74.459818630564314],[162.556777744378593,-74.459724451340406],[162.553281396969368,-74.458870742076982],[162.550843903783345,-74.457840780387045]]]]}},
{"type":"Feature","properties":{"SURFACE":"moraine","SUBSURFACE":null,"SOURCE":null},"bbox":[163.613016883583441,-74.533953615231056,163.670719451849124,-74.466403542062821],"geometry":{"type":"MultiPolygon","coordinates":[[[[163.629621543005499,-74.499608127265475],[163.629491465572983,-74.499589663832353],[163.627470747474206,-74.499439186538879],[163.62494967111212,-74.499269404311789],[163.621592574969014,-74.498930212374944],[163.619290346079993,-74.49864559487726],[163.616766730925093,-74.4981456061426],[163.61530579344614,-74.497521767469394],[163.61426133098459,-74.496845829041789],[163.613635870114763,-74.496174553195985],[163.613016883583441,-74.495381247965184],[163.613017945551377,-74.494599003260831],[163.613238147470014,-74.49364548421093],[163.613873034858358,-74.492743438272313],[163.614300733246267,-74.491787399115665],[163.614941101214782,-74.49094234869375],[163.615786609945445,-74.490217119325166],[163.616843943368707,-74.489367175667297],[163.617898718743987,-74.488526461721037],[163.617908264397585,-74.488516363124944],[163.618376911088973,-74.487847756072327],[163.618775963214205,-74.487500724856034],[163.619857751764727,-74.486559882668047],[163.621750997429331,-74.485436409837945],[163.62490696595259,-74.484534774353676],[163.628064780397409,-74.483746364578721],[163.630999213908268,-74.482968647172953],[163.633529401685962,-74.482177986307903],[163.636472783932533,-74.480939159220569],[163.639410773628526,-74.479935509704902],[163.641935492091136,-74.47853184528627],[163.644253432448437,-74.477177909793781],[163.646358839284972,-74.475722473305595],[163.648460807636184,-74.474266782163838],[163.650359155111062,-74.472691451337383],[163.652250437870805,-74.471398281944161],[163.654358416056539,-74.469990225440398],[163.656878910561289,-74.468812471706372],[163.658770946939683,-74.468141303904517],[163.661496258788162,-74.467573270697216],[163.664011345071714,-74.467299655787954],[163.666949440321758,-74.466908472017153],[163.66883732836348,-74.466623260943393],[163.670719451849124,-74.466403542062821],[163.669243484097052,-74.467248752545004],[163.667988933643272,-74.467913478795609],[163.666516988994346,-74.468702477442648],[163.664419052904663,-74.469772122243938],[163.66168215596781,-74.471234471130487],[163.659787600817367,-74.472923164374606],[163.657260961120386,-74.475221861280744],[163.655785706230915,-74.477188535120177],[163.654933590552616,-74.479213587218652],[163.654500469767271,-74.481177323909179],[163.654072684809194,-74.483254576955957],[163.653642937647817,-74.485840561811685],[163.652780399589659,-74.48831721885395],[163.652149566658835,-74.489888572898948],[163.651300576016979,-74.491518211332206],[163.650441938730751,-74.49349579017489],[163.649388805069151,-74.495448707442648],[163.647696510887187,-74.497813277862107],[163.646420803777602,-74.499720517088534],[163.645363244340729,-74.501635472041201],[163.645132518785175,-74.503775525387113],[163.644705602656529,-74.505570354032614],[163.644265926822072,-74.507929660506107],[163.643415953439131,-74.510068324528845],[163.642771977484216,-74.511978128402689],[163.642343116293517,-74.513999064210779],[163.642326005803625,-74.516419860209808],[163.64272470841388,-74.519005208194514],[163.643132099937873,-74.521148277620924],[163.64311550605612,-74.523559719671638],[163.643529361989692,-74.525241486961832],[163.644360730079569,-74.526597815125541],[163.645402612392644,-74.528620931402926],[163.645382635638015,-74.530758801761678],[163.644535109887869,-74.53216271617967],[163.643054923154153,-74.533620778816001],[163.640952729596194,-74.533559828924282],[163.639262234332932,-74.533625356123721],[163.637580281089754,-74.533729241431033],[163.636113543871119,-74.533783997986944],[163.635060663965874,-74.533890020338802],[163.634428724113491,-74.533953615231056],[163.634850566255551,-74.532893317332125],[163.635493324929598,-74.531982290219801],[163.636128222094214,-74.530919848326292],[163.636975944992685,-74.529742136917832],[163.637407037088536,-74.528673166765074],[163.637628759211168,-74.527540670533512],[163.637634515887356,-74.526476080832055],[163.637641951514638,-74.525515301532835],[163.637018856952722,-74.524618204983355],[163.636596459389239,-74.523557757728639],[163.635552603397571,-74.522542838312503],[163.63451333703577,-74.521471714142038],[163.633261903215669,-74.52000692970725],[163.632236437038927,-74.518349758989729],[163.632219828470852,-74.518322914885871],[163.632201641435273,-74.518277057894792],[163.631961255475602,-74.517774820779906],[163.631335925800073,-74.516425086749564],[163.630928341446378,-74.515130131422282],[163.630722204765874,-74.513841555467664],[163.630526449575115,-74.512431267824113],[163.630538358431522,-74.510905327566633],[163.630758487480705,-74.509508836841519],[163.631187178760683,-74.508043898688086],[163.631617236103693,-74.506805278099748],[163.632252371221142,-74.505742988177147],[163.632255502032052,-74.50500808903206],[163.632898476795049,-74.504163198477897],[163.633319438345751,-74.50327260963526],[163.633750356333337,-74.50264670170192],[163.634385424623247,-74.501744656233683],[163.634393509188897,-74.500963037103574],[163.634210569246704,-74.500693066674344],[163.634022830443001,-74.500566369030807],[163.632347017514036,-74.50011434085215],[163.629621543005499,-74.499608127265475]]]]}},
{"type":"Feature","properties":{"SURFACE":"moraine","SUBSURFACE":null,"SOURCE":null},"bbox":[162.500688539807413,-74.441201699357791,162.603801829801256,-74.410374498860691],"geometry":{"type":"MultiPolygon","coordinates":[[[[162.530299609911424,-74.427870950265316],[162.528913305063611,-74.426900688841428],[162.524746438810666,-74.426662120705473],[162.519182312843242,-74.425670168328125],[162.515085460752061,-74.424574679393885],[162.509935640662462,-74.423541600491731],[162.505791193843294,-74.423067466762646],[162.501260257115149,-74.422304535463169],[162.500688539807413,-74.421516668859582],[162.504921973852646,-74.420870396276314],[162.511695055580475,-74.419775547151971],[162.51676192258526,-74.419076456663589],[162.521215156032298,-74.418259006559865],[162.526112892844623,-74.416995706674413],[162.530181548602258,-74.415671711985169],[162.534659684719514,-74.414505550126108],[162.541209328734283,-74.413533462145381],[162.547941567995991,-74.412898906003406],[162.55279559296963,-74.412247651052525],[162.5595294357868,-74.411499233914654],[162.568562867091856,-74.410868996441948],[162.57568770332287,-74.410513275237165],[162.581118332708485,-74.410374498860691],[162.584458879841918,-74.410447811565135],[162.587159946172193,-74.410685075421938],[162.589647630166098,-74.410875882444074],[162.59151978136228,-74.41099581631174],[162.593733209571496,-74.411049748565674],[162.592525460341619,-74.41166804106787],[162.590770135108556,-74.412789731400821],[162.589031475670168,-74.413675956695755],[162.587273264136968,-74.414901649262205],[162.586335007981916,-74.416253331145711],[162.586044467414268,-74.417432216390978],[162.58661115404405,-74.418275919097553],[162.588191761635017,-74.419574606826785],[162.590203993472073,-74.420653798728566],[162.592432698142517,-74.421618533581196],[162.595098221458244,-74.422307336388272],[162.597353965108624,-74.422828931166677],[162.599004101302853,-74.42317632663665],[162.600045856725444,-74.423235613128313],[162.603801829801256,-74.423314932822947],[162.600444846291794,-74.423411326849404],[162.597312883862571,-74.423441344864358],[162.592291736311523,-74.42347327682198],[162.585186715657329,-74.423490584613489],[162.579556412666477,-74.423243464152335],[162.573305755948297,-74.423038627561738],[162.567857494944292,-74.42318558077001],[162.564853920106998,-74.424183097655956],[162.560154233045807,-74.425558715020173],[162.556573966089246,-74.425938909486661],[162.549652748601432,-74.426236017058002],[162.544164001134476,-74.42698564172953],[162.542851516359235,-74.427765705284145],[162.542740245920584,-74.429234862679195],[162.542202490332755,-74.430800702051513],[162.541928904395149,-74.431753833793721],[162.540607479654597,-74.43259004979781],[162.538884281630828,-74.433259645321556],[162.536936797338598,-74.434090385802264],[162.534134552165767,-74.435152240055388],[162.534502007076497,-74.435875208925978],[162.536648853942836,-74.43785742594936],[162.536331388083909,-74.43926186772751],[162.533955917830468,-74.440369326750229],[162.530118920109828,-74.441201699357791],[162.525943402881609,-74.44105753574155],[162.52097551291871,-74.440362879752996],[162.518343216447477,-74.439325175772495],[162.518243797288392,-74.437866421382054],[162.520646423652011,-74.436476998697685],[162.524099542635099,-74.435195339474987],[162.526699172494375,-74.433926856694598],[162.526446191470257,-74.431839083700638],[162.526350950633173,-74.430267026436425],[162.528744979371538,-74.429094981344065],[162.530299609911424,-74.427870950265316]]]]}},
{"type":"Feature","properties":{"SURFACE":"moraine","SUBSURFACE":null,"SOURCE":null},"bbox":[162.868925932661625,-74.454956977561366,162.892243886776384,-74.440615943143158],"geometry":{"type":"MultiPolygon","coordinates":[[[[162.870328471268493,-74.448720608200915],[162.868925932661625,-74.447478728427384],[162.868989965549048,-74.446348639056254],[162.86945104723938,-74.445563615709119],[162.872198042275528,-74.445128454170003],[162.874286620073036,-74.445244357545363],[162.877450685942222,-74.44474901273523],[162.877900477231918,-74.444246910998331],[162.877978960700574,-74.442786942842673],[162.879531287778633,-74.441164990154363],[162.882484335521696,-74.440671136496078],[162.884792827620686,-74.440615943143158],[162.885824687175869,-74.44079581689401],[162.886195401614572,-74.441753581907307],[162.88527839073231,-74.443210429483926],[162.885831053097945,-74.444618418967792],[162.887428707871209,-74.445923507400266],[162.888844964143203,-74.446929769176919],[162.889621967279481,-74.448062972325232],[162.890419788362323,-74.448791084011589],[162.891001566244483,-74.449586495396957],[162.891195086281414,-74.449867365322703],[162.892243886776384,-74.449868805077401],[162.890557984154128,-74.450145884077685],[162.888611647055313,-74.451319131667461],[162.887511441086446,-74.452212203762528],[162.887036292329014,-74.453336643877236],[162.886360764920568,-74.454066116373056],[162.884855302490365,-74.454793297861912],[162.883170999665225,-74.454956977561366],[162.880680174682681,-74.454609370326835],[162.878858629700005,-74.453418195171139],[162.877464182756995,-74.452120351655125],[162.87501676066077,-74.450934160278351],[162.872759407083947,-74.450132617479156],[162.870328471268493,-74.448720608200915]]]]}},
{"type":"Feature","properties":{"SURFACE":"moraine","SUBSURFACE":null,"SOURCE":null},"bbox":[163.844500513963283,-74.530186158411425,163.868150792478588,-74.506355770173144],"geometry":{"type":"MultiPolygon","coordinates":[[[[163.844502013998465,-74.512941880870898],[163.846392262077984,-74.512655073534177],[163.849116999509022,-74.512771748909074],[163.851648943220141,-74.513042935791304],[163.854800011619687,-74.513390210320111],[163.857741021251456,-74.513212814302676],[163.858994759333399,-74.51219887147758],[163.859612255631703,-74.510740347890717],[163.85981459418943,-74.509955791838053],[163.852863889696039,-74.506358505268082],[163.854319245409329,-74.506367555842047],[163.856843999379805,-74.506355770173144],[163.858524042104449,-74.506410415603568],[163.860838079821406,-74.506579977833439],[163.861887317980035,-74.506915297160674],[163.8625274861636,-74.507755571653306],[163.863159895465941,-74.508548170841991],[163.86359212260956,-74.509730087831528],[163.863183650475349,-74.511411853264264],[163.862350144536123,-74.512994878939523],[163.86173226290768,-74.514001496914148],[163.861110893710958,-74.51534676248599],[163.86069375408681,-74.516199455522568],[163.859869980594993,-74.517707966744794],[163.859246170314378,-74.519344918820352],[163.858842650972974,-74.521366071239001],[163.85906681458539,-74.522880286712407],[163.85992008764461,-74.524565494323738],[163.861607526767784,-74.525806744306053],[163.863293414057068,-74.526821899734145],[163.865410073020087,-74.527823216409743],[163.866461621955096,-74.528168001928947],[163.867518021249595,-74.528560224133429],[163.868150792478588,-74.529343373605045],[163.86731600512141,-74.529853200434815],[163.864799833078678,-74.530186158411425],[163.861214346918331,-74.52996580234884],[163.857849654072083,-74.529009261718571],[163.858686617722128,-74.528396059620846],[163.85931420552987,-74.528228000156986],[163.859739104114965,-74.528053699229858],[163.859520989597684,-74.527330763254099],[163.858254509861013,-74.526592741885281],[163.856778436050718,-74.525810267034075],[163.854671384368743,-74.525073158494607],[163.853190377438665,-74.524403231936404],[163.851924363811492,-74.523561609090905],[163.851710573687967,-74.522490626355307],[163.854018337391238,-74.521821695988024],[163.856745537846166,-74.520799180016184],[163.857993891367528,-74.519963630245712],[163.8586289499668,-74.519231316296782],[163.859038498146958,-74.518726350221456],[163.85798255371563,-74.517882170337657],[163.855664643300173,-74.516931001227903],[163.853771464962875,-74.516417456242706],[163.851035546323573,-74.515462121518311],[163.846610110352202,-74.514234792355097],[163.84534853501529,-74.513666432423221],[163.844500513963283,-74.513167722892462],[163.844502013998465,-74.512941880870898]]]]}},
{"type":"Feature","properties":{"SURFACE":"moraine","SUBSURFACE":null,"SOURCE":null},"bbox":[163.771557247610644,-74.520157368922128,163.797264492354827,-74.499802136181614],"geometry":{"type":"MultiPolygon","coordinates":[[[[163.771767922847857,-74.50070594844982],[163.771772124368709,-74.499802136181614],[163.776460130846175,-74.500939170032837],[163.777153217025159,-74.501784187406102],[163.779119665023984,-74.502502203880724],[163.779758577667906,-74.503116958876717],[163.781017107941523,-74.504410877895097],[163.782284757021245,-74.505988017727219],[163.784178111628535,-74.507952803058501],[163.785439949457299,-74.509416425355369],[163.787119887691205,-74.511053772862013],[163.788384351870064,-74.511895990253038],[163.790703643466315,-74.513121473093662],[163.79259370022416,-74.514247656170568],[163.79406953420721,-74.515153299867066],[163.795549419075087,-74.516379425147164],[163.796807160435378,-74.517173924722258],[163.797264492354827,-74.517774453529526],[163.79716557612818,-74.51812463395494],[163.796811372254268,-74.518304327078866],[163.794711486090506,-74.518470965153696],[163.793455084135559,-74.518637136166348],[163.792195607994813,-74.518803063369774],[163.790927403953958,-74.519203747955245],[163.789882611633828,-74.519593521692855],[163.788411266348049,-74.520157368922128],[163.786095314075737,-74.519544329087992],[163.784836626477841,-74.518420034865898],[163.784412624558968,-74.517012093235792],[163.78335321971494,-74.515724310919651],[163.781664712517482,-74.514830277135985],[163.780197366362472,-74.514028746997312],[163.780621866751716,-74.513515490812722],[163.780411356862999,-74.512896381311094],[163.77977882590892,-74.512169128389147],[163.778722608336011,-74.511051053086192],[163.777667735932141,-74.50986714172079],[163.777042142126533,-74.509244003852018],[163.776192737481153,-74.508405678933826],[163.775142089533375,-74.506835919261519],[163.774091466350228,-74.505030692459897],[163.773032867321575,-74.503799333897632],[163.772193437666317,-74.502952320886081],[163.77156787279344,-74.501773468080756],[163.771557247610644,-74.501216970234339],[163.771767922847857,-74.50070594844982]]]]}},
{"type":"Feature","properties":{"SURFACE":"moraine","SUBSURFACE":null,"SOURCE":null},"bbox":[162.847341366043366,-74.426060230418585,162.981859229236676,-74.409339641514379],"geometry":{"type":"MultiPolygon","coordinates":[[[[162.855809902115368,-74.420099122597804],[162.854175060169837,-74.419358048601055],[162.852098427879497,-74.41918587147957],[162.84958230308257,-74.419393547551479],[162.847894159542733,-74.419915883962545],[162.847341366043366,-74.41831826390613],[162.84783255470677,-74.416977557201079],[162.848306279659027,-74.416070659811723],[162.850876318694503,-74.414902415107321],[162.855914774786072,-74.414468729001754],[162.863035687180684,-74.414112957457206],[162.869277914866672,-74.414478879469314],[162.875314046928054,-74.414997814800032],[162.881572805548444,-74.415024125321125],[162.887224905651806,-74.414877066171798],[162.894544710609495,-74.414631341174669],[162.90122868341615,-74.414654420685793],[162.908123331892682,-74.414675784373458],[162.913122900873901,-74.414814645625938],[162.916677610412535,-74.414767821616707],[162.919391527193369,-74.414831203657798],[162.919842814058626,-74.414821185629208],[162.920878510147361,-74.414783766471913],[162.923973825262806,-74.415077205064449],[162.928346436650031,-74.415315245166184],[162.931266310610994,-74.415386006994524],[162.931298033794803,-74.414877910517745],[162.931334584142064,-74.414143229445159],[162.930754154732142,-74.413244131139052],[162.929565705114612,-74.411897609831783],[162.929435348120904,-74.410373618184053],[162.935312563847162,-74.409723895708865],[162.937417453574454,-74.409339641514379],[162.941384299522781,-74.409411642536398],[162.946562969001093,-74.41021712947483],[162.951733508234781,-74.411191995063248],[162.956078933165202,-74.412155417347492],[162.960002525337757,-74.413017758683864],[162.964325742773752,-74.414215501743641],[162.968453661747162,-74.415349745303047],[162.971953399511108,-74.416214673423752],[162.975266147352556,-74.416950659067552],[162.979188485165707,-74.417973104827681],[162.981859229236676,-74.4187790326868],[162.979531057163911,-74.419334487646708],[162.972815184997501,-74.420086779889957],[162.966891034484291,-74.421584924275962],[162.960135276548243,-74.422919965056849],[162.954664087332759,-74.423793298151708],[162.946896942124255,-74.424439535360804],[162.939556634338658,-74.424865380656058],[162.93371826285923,-74.424724455211418],[162.929970321652547,-74.424377492502003],[162.928304684263992,-74.42420225291616],[162.926858913361201,-74.42402622205671],[162.926018773124184,-74.423975817587248],[162.926005606953623,-74.42426376727353],[162.921861370012806,-74.423670562464252],[162.919790408765067,-74.423215868346034],[162.919387944958146,-74.422936725090196],[162.919815488551677,-74.42270718343083],[162.920669728132964,-74.422427740182883],[162.921730672451218,-74.422146442084653],[162.922783721801579,-74.421930698229616],[162.924482120159325,-74.421437179378273],[162.925972366123688,-74.420983226469303],[162.927448801763774,-74.420547047174367],[162.928939880825737,-74.420093157534765],[162.929813745391527,-74.419370805462265],[162.929404206090453,-74.419147853576661],[162.927325689046853,-74.418862825249349],[162.925048429895241,-74.418570823279723],[162.922132109859859,-74.41828277776753],[162.91816491064867,-74.418314611480568],[162.913558676076548,-74.418473299701631],[162.908325847547161,-74.418731463470237],[162.902454397334509,-74.419097532841135],[162.898269277519432,-74.41919613840443],[162.893664339694737,-74.419401841468613],[162.88946659820607,-74.419726279497368],[162.884400975806983,-74.42065996922733],[162.880802395810406,-74.421544718505203],[162.878850747612461,-74.42277388601056],[162.878194414118099,-74.423448027791295],[162.882340030021794,-74.424027585602573],[162.878543692564904,-74.424574357953759],[162.877277736570107,-74.424904779836893],[162.875585642871016,-74.425341840799533],[162.873260320469285,-74.425735943284081],[162.87032042633308,-74.426060230418585],[162.868447673128884,-74.425829489932951],[162.867228635221039,-74.425255492784913],[162.86621439651995,-74.42474574869938],[162.864977987573411,-74.424350051099822],[162.863105522541957,-74.424119264616323],[162.86123692511481,-74.42394554614836],[162.857505194506672,-74.423475501698178],[162.858808602456435,-74.422637353629369],[162.858027022146075,-74.42156966175574],[162.856607268515916,-74.420723451175547],[162.855809902115368,-74.420099122597804]]]]}},
{"type":"Feature","properties":{"SURFACE":"moraine","SUBSURFACE":null,"SOURCE":null},"bbox":[163.509438558765197,-74.477190699166883,163.629715602406748,-74.448281183491432],"geometry":{"type":"MultiPolygon","coordinates":[[[[163.619103050533397,-74.448499908833284],[163.621827374145596,-74.448281183491432],[163.622246124036337,-74.448841950338789],[163.622444749898989,-74.44984714922208],[163.623483734274657,-74.451540578987448],[163.623045531209073,-74.454012892606784],[163.623660808786639,-74.455635227791575],[163.625534665706994,-74.456433129007721],[163.626999180688358,-74.457104516943986],[163.628043145994695,-74.457554282726505],[163.629715602406748,-74.458279709051453],[163.624890368630673,-74.458794983219789],[163.6202871032323,-74.459007229737836],[163.616512026893531,-74.459237533752415],[163.611896574182168,-74.45962773257915],[163.607287926906707,-74.459905285237824],[163.602884837006371,-74.460302644097197],[163.599115556042818,-74.460683953491156],[163.596391741237909,-74.460902634595158],[163.579189540428274,-74.463088911727397],[163.575201035306577,-74.463593990054093],[163.5716386533567,-74.463925291239505],[163.566814038354067,-74.464712993117857],[163.56260996393641,-74.465549682204127],[163.558207945315502,-74.466163266289371],[163.554217921607687,-74.466837656243555],[163.55127318690171,-74.467453263823202],[163.549179243531455,-74.467730745012418],[163.545184994737212,-74.468621550494362],[163.541405935225896,-74.469463349958659],[163.537621880212413,-74.470191576481909],[163.534256174628496,-74.471037746757418],[163.529832458485288,-74.472545023416146],[163.528595375245459,-74.472820088363875],[163.526048556888099,-74.473386318854736],[163.522476651446567,-74.474225515421054],[163.519946104724369,-74.47501516843046],[163.517849167078964,-74.475622281412797],[163.515745782619405,-74.476011988020744],[163.514268191487957,-74.47630039283213],[163.512797743843095,-74.476627078591548],[163.51153451168193,-74.47691360114716],[163.510691759398242,-74.477082563011294],[163.509438558765197,-74.477190699166883],[163.509502247207195,-74.476818637049931],[163.509659915341814,-74.475897438113648],[163.511788996954863,-74.474265041030037],[163.514336257715144,-74.472128303775875],[163.517288106390282,-74.470674323890805],[163.520864716653392,-74.469609326948216],[163.525488311804111,-74.468268948072222],[163.52843890883787,-74.467314615070663],[163.529496338499825,-74.466917493734712],[163.530122040300768,-74.466646468329756],[163.533693532807149,-74.465750725592983],[163.538948714374214,-74.464629984525487],[163.546086158049633,-74.463677014936536],[163.554069255631902,-74.461942277904143],[163.560580545398011,-74.460600076563495],[163.567707763748103,-74.459429016986391],[163.573164996357235,-74.458531181771917],[163.579462531557937,-74.457463987597649],[163.585113805723552,-74.456684979336799],[163.591628122342797,-74.45538960713651],[163.596446133614648,-74.45449749132716],[163.600016982165414,-74.453714248446914],[163.602535436562192,-74.45304586345776],[163.605054627916189,-74.452537752108583],[163.60672380655862,-74.452207616163619],[163.609242572087652,-74.451360148655283],[163.613657316407625,-74.449785720110512],[163.619103050533397,-74.448499908833284]]]]}},
{"type":"Feature","properties":{"SURFACE":"moraine","SUBSURFACE":null,"SOURCE":null},"bbox":[163.644362637922882,-74.449538199931766,163.67846011353106,-74.418114184265079],"geometry":{"type":"MultiPolygon","coordinates":[[[[163.677209953148889,-74.418119426461374],[163.67846011353106,-74.418114184265079],[163.678044646240579,-74.418279325729443],[163.676366641494866,-74.419240091481683],[163.675318084601486,-74.42025040249311],[163.674690745622343,-74.421482293388934],[163.674684241198094,-74.422781892299938],[163.674884331195983,-74.423852802014693],[163.675298976881606,-74.425534124329815],[163.675284333228461,-74.427341834360561],[163.674868421014054,-74.4289013002562],[163.674647834654053,-74.43058919631315],[163.674434747409379,-74.432164636393324],[163.674425956847131,-74.433520617522035],[163.674416044291036,-74.435536011939888],[163.674202716035666,-74.437620216007204],[163.67377480415638,-74.43992310318724],[163.673556482470332,-74.441724299485941],[163.673127613753053,-74.443188623189968],[163.672282416855779,-74.444818091233486],[163.671023129519568,-74.446000472499961],[163.669971144269454,-74.446841127469128],[163.668710279001004,-74.447853808681202],[163.667457288669652,-74.448518502290682],[163.666410059151616,-74.449133417390584],[163.665351491673448,-74.44942709095757],[163.664727302411791,-74.449538199931766],[163.663895514590735,-74.448747301021186],[163.659508854313714,-74.448119699718234],[163.658043775597861,-74.447448548478079],[163.658671719092411,-74.446555698477368],[163.660564508001983,-74.445649272743324],[163.662448061077612,-74.44459136859885],[163.662662562278655,-74.443684867953834],[163.66182734560806,-74.442790024880651],[163.660374551818279,-74.441384900116972],[163.659549537862034,-74.440198746594717],[163.658085104230423,-74.439357998533637],[163.657460166336335,-74.438291211166316],[163.657896322201651,-74.43609246983408],[163.65770158924434,-74.433957149141079],[163.656450900551164,-74.432888197544855],[163.654359106550999,-74.432271216578926],[163.652272162066566,-74.431541516198266],[163.651231169905913,-74.430583236344191],[163.650608128598776,-74.429855741289444],[163.649782499040583,-74.429008632657428],[163.647700596788269,-74.428053097778331],[163.645408638312631,-74.426920783317016],[163.644362637922882,-74.425858378011185],[163.645003030865752,-74.424787571681719],[163.646265629646763,-74.423436036911269],[163.648566037099584,-74.422100371976555],[163.652120342440412,-74.421372347213705],[163.655464294445352,-74.421145924511436],[163.659026391261733,-74.420239428924305],[163.661948300909017,-74.420300018084248],[163.664668875742194,-74.420184543149901],[163.667176164796672,-74.419910920692843],[163.669472878855942,-74.419460534584545],[163.671565901328449,-74.419012941164866],[163.673867638121891,-74.418506398406961],[163.675952636164794,-74.418227728511198],[163.677209953148889,-74.418119426461374]]]]}},
{"type":"Feature","properties":{"SURFACE":"moraine","SUBSURFACE":null,"SOURCE":null},"bbox":[164.031310789209215,-74.431555144184188,164.054200999734036,-74.423602136188507],"geometry":{"type":"MultiPolygon","coordinates":[[[[164.047906993756982,-74.424397119994637],[164.051024655520365,-74.423602136188507],[164.052496053420271,-74.424166451198303],[164.053772803776184,-74.424885064454159],[164.054200999734036,-74.425679583731693],[164.052970494878281,-74.426741731823228],[164.050482444145445,-74.428102305315377],[164.048411355401612,-74.429005913755489],[164.047166491163154,-74.429399333295365],[164.045920550060515,-74.429792668140038],[164.045296994629638,-74.429961078967821],[164.04425007805645,-74.430191021117381],[164.042594138797284,-74.430750348267168],[164.039252948922581,-74.431039194546813],[164.035283712472989,-74.431383198956496],[164.031523845918031,-74.431555144184188],[164.031310789209215,-74.431275452189254],[164.032762507866636,-74.430540612796364],[164.036511215220031,-74.429803565565663],[164.040880738007388,-74.428672181866048],[164.043572216989645,-74.427440112970203],[164.045642262860497,-74.425972256245018],[164.046255298395181,-74.425182419737524],[164.047906993756982,-74.424397119994637]]]]}},
{"type":"Feature","properties":{"SURFACE":"moraine","SUBSURFACE":null,"SOURCE":null},"bbox":[165.139635434053304,-74.458625444524429,165.186965537130931,-74.444805388772124],"geometry":{"type":"MultiPolygon","coordinates":[[[[165.18505597173484,-74.444981725076886],[165.186920474318953,-74.444805388772124],[165.186965537130931,-74.445248155932177],[165.185996869872383,-74.446095981444088],[165.184187518909511,-74.447015099270004],[165.181359513283553,-74.448105105428979],[165.177291273210386,-74.449415726531313],[165.17320981830602,-74.450631852508565],[165.16809799446338,-74.451952496873645],[165.162157919650184,-74.453513570572056],[165.156615664935231,-74.454719322349149],[165.153139725176203,-74.455641567788334],[165.148441734800826,-74.457019471809204],[165.146204312800677,-74.457767792169449],[165.144147214305576,-74.458295060780969],[165.14378683332103,-74.458493947835549],[165.143136520469994,-74.458625444524429],[165.140944987618923,-74.457515399992204],[165.139635434053304,-74.456973218788079],[165.141284304691567,-74.456678893858296],[165.142716014242836,-74.456275568958844],[165.144130043266102,-74.455646471626679],[165.145895925061097,-74.454340805554651],[165.149102894123303,-74.452632488754745],[165.151746044188542,-74.451772743291627],[165.15688730426902,-74.450735106474866],[165.161432025079847,-74.450029159702396],[165.165135719148623,-74.449272754474237],[165.169449052004154,-74.44840060433819],[165.172940039174847,-74.447591601799147],[165.176004152988725,-74.446789675141275],[165.178058816506649,-74.446318245730708],[165.181766849273174,-74.445683574424521],[165.18505597173484,-74.444981725076886]]]]}}
]
}
