{
"type": "FeatureCollection",
"name": "multipolygons",
"crs": { "type": "name", "properties": { "name": "urn:ogc:def:crs:OGC:1.3:CRS84" } },
"features": [
{"type":"Feature","properties":{"osm_id":"9881125","type":"multipolygon","leisure":"park"},"geometry":{"type":"MultiPolygon","coordinates":[[[[-111.1418394,45.7365838],[-111.141842,45.736545],[-111.1425474,45.7365319],[-111.1434808,45.7353638],[-111.1434299,45.7353188],[-111.1437678,45.7351288],[-111.143855,45.7350642],[-111.1440012,45.7348695],[-111.1441246,45.7346561],[-111.1444759,45.7338866],[-111.1445135,45.7335983],[-111.1445001,45.7335047],[-111.1444277,45.7333699],[-111.1445805,45.7332969],[-111.1445805,45.7313367],[-111.144668,45.7313386],[-111.1446315,45.7365694],[-111.1418394,45.7365838]]]]}},
{"type":"Feature","properties":{"osm_id":"9881126","type":"multipolygon","leisure":"park"},"geometry":{"type":"MultiPolygon","coordinates":[[[[-111.135622,45.736616],[-111.1358459,45.7364196],[-111.1358245,45.7359872],[-111.1364374,45.736004],[-111.1363918,45.736612],[-111.135622,45.736616]]]]}},
{"type":"Feature","properties":{"osm_id":"13983283","type":"multipolygon","landuse":"grass","other_tags":"\"golf\"=>\"fairway\""},"geometry":{"type":"MultiPolygon","coordinates":[[[[-111.0317877,45.6507515],[-111.0317273,45.6506568],[-111.0316884,45.6506324],[-111.0316321,45.6506202],[-111.031553,45.6506165],[-111.0314725,45.6506268],[-111.0314269,45.6506549],[-111.0314041,45.6507815],[-111.0314122,45.6510693],[-111.0314417,45.6513721],[-111.0314698,45.6515474],[-111.0314739,45.6516871],[-111.0314739,45.6518811],[-111.0315195,45.6520696],[-111.0315409,45.652347],[-111.0315436,45.6523902],[-111.0315154,45.6524989],[-111.0315356,45.6526076],[-111.0315879,45.6527267],[-111.0316361,45.652797],[-111.0316844,45.6528579],[-111.0317032,45.6529226],[-111.031726,45.6530051],[-111.0317273,45.6530623],[-111.0317238,45.6530913],[-111.0317488,45.6530754],[-111.031777,45.6530782],[-111.0318011,45.653082],[-111.0318226,45.6530932],[-111.0318387,45.6530932],[-111.0318293,45.6530642],[-111.031836,45.6530286],[-111.0318467,45.6529854],[-111.0318494,45.6529423],[-111.0318413,45.6528795],[-111.03184,45.6528186],[-111.0318507,45.6527698],[-111.0318695,45.652707],[-111.0318816,45.6526911],[-111.0318279,45.6525655],[-111.0318038,45.6524427],[-111.0318319,45.6523883],[-111.0318668,45.6522308],[-111.0318789,45.6521127],[-111.0318534,45.6518183],[-111.0318668,45.6517677],[-111.0318816,45.6517246],[-111.0318883,45.6516814],[-111.0318735,45.6515436],[-111.0318816,45.651313],[-111.0318843,45.6511049],[-111.0318843,45.6509905],[-111.0318695,45.6509352],[-111.0318306,45.6508471],[-111.0317877,45.6507515]],[[-111.031663,45.6527867],[-111.0316268,45.6527426],[-111.0316294,45.6527173],[-111.0316576,45.6526967],[-111.0317005,45.6526705],[-111.0317528,45.6526508],[-111.0317783,45.6526611],[-111.0317877,45.6526883],[-111.0317877,45.6526986],[-111.0317783,45.6527239],[-111.0317528,45.652752],[-111.0317448,45.6527689],[-111.0317327,45.6527923],[-111.03173,45.6528129],[-111.031718,45.6528251],[-111.0317005,45.6528233],[-111.0316804,45.6528083],[-111.0316697,45.6527942],[-111.031663,45.6527867]]]]}},
{"type":"Feature","properties":{"osm_way_id":"146918112","name":"Bogert Park","leisure":"park"},"geometry":{"type":"MultiPolygon","coordinates":[[[[-111.0303571,45.6747567],[-111.032087,45.6747606],[-111.0320513,45.6751445],[-111.0319589,45.6761392],[-111.0319459,45.6768369],[-111.030346,45.6768472],[-111.0303571,45.6747567]]]]}},
{"type":"Feature","properties":{"osm_way_id":"146918114","name":"Cooper Park","leisure":"park"},"geometry":{"type":"MultiPolygon","coordinates":[[[[-111.0478789,45.6752681],[-111.046738,45.6752711],[-111.0465425,45.6752716],[-111.0454233,45.6752745],[-111.0454141,45.6743758],[-111.0465537,45.6743773],[-111.0467493,45.6743776],[-111.0477513,45.6743789],[-111.0478938,45.6743791],[-111.0478789,45.6752681]]]]}},
{"type":"Feature","properties":{"osm_way_id":"160443561","name":"MT University","boundary":"protected_area","leisure":"nature_reserve","other_tags":"\"operator\"=>\"Montana University System\",\"owner\"=>\"United States Department of Interior, Bureau of Land Management\",\"protect_class\"=>\"5\",\"protection_title\"=>\"Public Access Land\""},"geometry":{"type":"MultiPolygon","coordinates":[[[[-111.0452742,45.8058977],[-111.0452472,45.8022498],[-111.0556724,45.8021776],[-111.0557938,45.8167777],[-111.0558207,45.8277486],[-111.0453588,45.8277816],[-111.0453554,45.8168367],[-111.0452742,45.8058977]]]]}},
{"type":"Feature","properties":{"osm_way_id":"160443562","name":"Public Land","boundary":"protected_area","leisure":"nature_reserve","other_tags":"\"operator\"=>\"Public Land\",\"owner\"=>\"United States Department of Interior, Bureau of Land Management\",\"protect_class\"=>\"5\",\"protection_title\"=>\"Public Access Land\""},"geometry":{"type":"MultiPolygon","coordinates":[[[[-110.9799332,45.7323792],[-110.9799702,45.7295018],[-110.9802779,45.7295037],[-110.9802824,45.7251572],[-110.9853268,45.7252103],[-110.9853055,45.7269401],[-110.9904901,45.7243611],[-110.9913615,45.7234947],[-110.9930494,45.7210313],[-110.9958217,45.7200899],[-110.9956521,45.7216984],[-110.9955921,45.725255],[-111.0008207,45.7253357],[-111.0005977,45.7289163],[-110.9902864,45.7288931],[-110.9898869,45.7360869],[-110.9798859,45.736022],[-110.9799332,45.7323792]]]]}},
{"type":"Feature","properties":{"osm_way_id":"160443563","name":"Public Land","boundary":"protected_area","leisure":"nature_reserve","other_tags":"\"operator\"=>\"Public Land\",\"owner\"=>\"United States Department of Interior, Bureau of Land Management\",\"protect_class\"=>\"5\",\"protection_title\"=>\"Public Access Land\""},"geometry":{"type":"MultiPolygon","coordinates":[[[[-111.0021105,45.7148371],[-111.0021179,45.714472],[-111.0009013,45.7144273],[-111.0008859,45.7133769],[-111.004004,45.7133611],[-111.0040018,45.7144842],[-111.0033253,45.7144718],[-111.0033187,45.7148586],[-111.0028643,45.7148505],[-111.0021105,45.7148371]]]]}},
{"type":"Feature","properties":{"osm_way_id":"160443576","name":"State Trust","boundary":"protected_area","leisure":"nature_reserve","other_tags":"\"operator\"=>\"Montana State Trust Lands\",\"owner\"=>\"United States Department of Interior, Bureau of Land Management\",\"protect_class\"=>\"5\",\"protection_title\"=>\"Public Access Land\""},"geometry":{"type":"MultiPolygon","coordinates":[[[[-111.0552277,45.7948262],[-111.0511741,45.7948418],[-111.0453163,45.7948656],[-111.034799,45.7949084],[-111.0348017,45.78754],[-111.0555632,45.7874583],[-111.0555643,45.787634],[-111.0556173,45.7948256],[-111.0552277,45.7948262]]]]}},
{"type":"Feature","properties":{"osm_way_id":"160443579","name":"State Trust","boundary":"protected_area","leisure":"nature_reserve","other_tags":"\"operator\"=>\"Montana State Trust Lands\",\"owner\"=>\"United States Department of Interior, Bureau of Land Management\",\"protect_class\"=>\"5\",\"protection_title\"=>\"Public Access Land\""},"geometry":{"type":"MultiPolygon","coordinates":[[[[-110.9798989,45.7476394],[-110.9798892,45.7440351],[-110.9998211,45.7441759],[-110.9998352,45.7452166],[-110.9998332,45.7453463],[-110.9996294,45.7585927],[-110.9799275,45.7584523],[-110.9798989,45.7476394]]]]}},
{"type":"Feature","properties":{"osm_way_id":"160443608","name":"USFWS","boundary":"protected_area","leisure":"nature_reserve","other_tags":"\"operator\"=>\"United States Fish and Wildlife Service\",\"operator:short\"=>\"FWS\",\"operator:type\"=>\"public\",\"operator:wikidata\"=>\"Q674113\",\"owner\"=>\"United States Department of Interior, Bureau of Land Management\",\"ownership\"=>\"national\",\"protect_class\"=>\"5\",\"protected\"=>\"perpetuity\",\"protection_title\"=>\"Public Access Land\""},"geometry":{"type":"MultiPolygon","coordinates":[[[[-110.9698532,45.7105805],[-110.9698581,45.7088746],[-110.9698791,45.7069722],[-110.9697847,45.7033964],[-110.975011,45.7034675],[-110.9751312,45.7070454],[-110.9771942,45.707073],[-110.9772345,45.7069789],[-110.9773699,45.7068398],[-110.977482,45.7066892],[-110.9775087,45.7065048],[-110.9773882,45.7062221],[-110.9773753,45.7060873],[-110.977384,45.7057756],[-110.9774075,45.7056544],[-110.9774576,45.7055549],[-110.9775396,45.7054633],[-110.9776416,45.705395],[-110.9778865,45.7053144],[-110.9785274,45.7051382],[-110.9799947,45.7043882],[-110.980272,45.7043224],[-110.9803854,45.7083595],[-110.9803603,45.7142518],[-110.9750938,45.7142202],[-110.9751238,45.7106234],[-110.9698532,45.7105805]]]]}},
{"type":"Feature","properties":{"osm_way_id":"235862533","name":"Kirk Park","leisure":"park","other_tags":"\"gnis:feature_id\"=>\"1743579\""},"geometry":{"type":"MultiPolygon","coordinates":[[[[-111.0674095,45.6821338],[-111.0674995,45.6804643],[-111.065399,45.6802759],[-111.0653779,45.6805678],[-111.065224,45.680784],[-111.0646647,45.6810782],[-111.0643247,45.6807553],[-111.0639311,45.6809451],[-111.0636452,45.6812959],[-111.0635368,45.6821171],[-111.0674095,45.6821338]]]]}},
{"type":"Feature","properties":{"osm_way_id":"238271716","name":"Dobbie Lambert Intramural Fields","leisure":"park"},"geometry":{"type":"MultiPolygon","coordinates":[[[[-111.0607539,45.6666251],[-111.0608032,45.6646746],[-111.0608183,45.6640984],[-111.0575475,45.6640878],[-111.0575393,45.6649631],[-111.0576326,45.6653427],[-111.0576514,45.6666308],[-111.0607539,45.6666251]]]]}},
{"type":"Feature","properties":{"osm_way_id":"245204221","name":"Sunnyside Park","leisure":"park","other_tags":"\"addr:city\"=>\"Belgrade\",\"addr:housenumber\"=>\"308\",\"addr:postcode\"=>\"59714\",\"addr:state\"=>\"MT\",\"addr:street\"=>\"Stiles Avenue\""},"geometry":{"type":"MultiPolygon","coordinates":[[[[-111.1748845,45.7661412],[-111.1748687,45.7653239],[-111.1748631,45.7650372],[-111.1767084,45.7656921],[-111.1764831,45.7659391],[-111.1761237,45.7657707],[-111.1759842,45.7657857],[-111.1759091,45.7658755],[-111.1756463,45.7658979],[-111.1753995,45.7661337],[-111.1748845,45.7661412]]]]}},
{"type":"Feature","properties":{"osm_way_id":"270460296","name":"Emerson Field","leisure":"park"},"geometry":{"type":"MultiPolygon","coordinates":[[[[-111.0422065,45.6782404],[-111.0422328,45.6773524],[-111.0415431,45.6773425],[-111.0415171,45.6782305],[-111.0422065,45.6782404]]]]}},
{"type":"Feature","properties":{"osm_way_id":"270663098","name":"Depot Park","leisure":"park"},"geometry":{"type":"MultiPolygon","coordinates":[[[[-111.0264748,45.6879961],[-111.0264735,45.6877212],[-111.0260928,45.6877209],[-111.0263973,45.6880086],[-111.0264748,45.6879961]]]]}},
{"type":"Feature","properties":{"osm_way_id":"270673042","name":"Beall Park","leisure":"park"},"geometry":{"type":"MultiPolygon","coordinates":[[[[-111.035839,45.68393],[-111.034372,45.68391],[-111.03437,45.682912],[-111.035806,45.682945],[-111.035839,45.68393]]]]}},
{"type":"Feature","properties":{"osm_way_id":"270673332","name":"Creekside","leisure":"park"},"geometry":{"type":"MultiPolygon","coordinates":[[[[-111.0325489,45.6815388],[-111.0325436,45.681655],[-111.0320715,45.6816962],[-111.0320876,45.6815313],[-111.0325489,45.6815388]]]]}},
{"type":"Feature","properties":{"osm_way_id":"276161296","name":"Lindley park","leisure":"park"},"geometry":{"type":"MultiPolygon","coordinates":[[[[-111.0238253,45.6792169],[-111.0238269,45.6786839],[-111.0238354,45.6763573],[-111.023835,45.6763195],[-111.0247799,45.6765792],[-111.0252734,45.6765852],[-111.0269646,45.6766058],[-111.0270668,45.6766031],[-111.0272828,45.6766096],[-111.0270358,45.6770831],[-111.0270609,45.6777713],[-111.0270657,45.677927],[-111.0270736,45.6781801],[-111.0268536,45.6784218],[-111.0266659,45.6785848],[-111.0266639,45.6788247],[-111.0258398,45.6789222],[-111.0256627,45.679282],[-111.0248324,45.6792526],[-111.0238253,45.6792169]]]]}},
{"type":"Feature","properties":{"osm_way_id":"276161297","name":"Burke Park","leisure":"park"},"geometry":{"type":"MultiPolygon","coordinates":[[[[-111.0269646,45.6766058],[-111.0281418,45.6746036],[-111.028142,45.6745881],[-111.0281523,45.6738558],[-111.0281901,45.6711666],[-111.026983,45.6711371],[-111.0269302,45.669967],[-111.0268745,45.6678438],[-111.0268382,45.6664472],[-111.0266571,45.6656164],[-111.0266355,45.6633187],[-111.026633,45.6630519],[-111.026739,45.6629134],[-111.0272595,45.6622337],[-111.0269388,45.6613208],[-111.0269297,45.6611055],[-111.0266305,45.6608155],[-111.0254607,45.6602308],[-111.026945,45.6595934],[-111.026899,45.660306],[-111.0286213,45.6603312],[-111.0290115,45.6603369],[-111.0294026,45.6608507],[-111.0293087,45.6618893],[-111.0291366,45.6629334],[-111.0290785,45.6632376],[-111.0290741,45.6632613],[-111.0288003,45.6632613],[-111.0286674,45.6636986],[-111.0289333,45.6637478],[-111.0284718,45.6643217],[-111.0283232,45.6654368],[-111.028245,45.6660326],[-111.028112,45.6667486],[-111.028597,45.6667978],[-111.028769,45.6683501],[-111.0284405,45.6685086],[-111.0283547,45.6688572],[-111.028521,45.6694045],[-111.0288912,45.6698993],[-111.0289609,45.6702517],[-111.0295472,45.6709281],[-111.0302086,45.6719049],[-111.0302358,45.6723146],[-111.0302086,45.6725814],[-111.0296222,45.6725814],[-111.0295608,45.6730197],[-111.0297654,45.6730912],[-111.0302222,45.6730769],[-111.0302716,45.6731158],[-111.030251,45.6734605],[-111.0302426,45.6736153],[-111.0302308,45.6746066],[-111.0297162,45.6746414],[-111.0295037,45.6745897],[-111.029314,45.6745565],[-111.028354,45.6753637],[-111.0278562,45.6759354],[-111.0274403,45.6762832],[-111.0272828,45.6766096],[-111.0270668,45.6766031],[-111.0269646,45.6766058]]]]}},
{"type":"Feature","properties":{"osm_way_id":"276311131","name":"Miller Park","leisure":"park","other_tags":"\"addr:city\"=>\"Belgrade\",\"addr:housenumber\"=>\"1301\",\"addr:postcode\"=>\"59714\",\"addr:state\"=>\"MT\",\"addr:street\"=>\"Wyoming Street\""},"geometry":{"type":"MultiPolygon","coordinates":[[[[-111.1677361,45.7643992],[-111.1677411,45.7642119],[-111.1677374,45.764095],[-111.167739,45.7637922],[-111.1680946,45.7639152],[-111.1681675,45.763961],[-111.1682302,45.764025],[-111.168271,45.7640942],[-111.1682987,45.7641623],[-111.1682987,45.7643636],[-111.168252,45.7643971],[-111.1677361,45.7643992]]]]}},
{"type":"Feature","properties":{"osm_way_id":"276311672","name":"McMilin Park","leisure":"park","other_tags":"\"addr:city\"=>\"Belgrade\",\"addr:housenumber\"=>\"902\",\"addr:postcode\"=>\"59714\",\"addr:state\"=>\"MT\",\"addr:street\"=>\"Las Campanas\""},"geometry":{"type":"MultiPolygon","coordinates":[[[[-111.1720652,45.7661213],[-111.1723786,45.7658265],[-111.1728581,45.7660308],[-111.1728455,45.7661185],[-111.172791,45.7664985],[-111.1720652,45.7661213]]]]}},
{"type":"Feature","properties":{"osm_way_id":"276312347","name":"Prairie View Park","leisure":"park","other_tags":"\"addr:city\"=>\"Belgrade\",\"addr:postcode\"=>\"59714\",\"addr:state\"=>\"MT\""},"geometry":{"type":"MultiPolygon","coordinates":[[[[-111.1678139,45.7660947],[-111.1657445,45.766093],[-111.1657384,45.7667828],[-111.1657185,45.7671897],[-111.1657157,45.7674579],[-111.1660998,45.7676672],[-111.1678139,45.7660947]]]]}},
{"type":"Feature","properties":{"osm_way_id":"276314061","name":"Lewis and Clark Park","leisure":"park","other_tags":"\"addr:city\"=>\"Belgrade\",\"addr:housenumber\"=>\"205\",\"addr:postcode\"=>\"59714\",\"addr:state\"=>\"MT\",\"addr:street\"=>\"East Main Street\""},"geometry":{"type":"MultiPolygon","coordinates":[[[[-111.1711195,45.7752253],[-111.1718843,45.7744713],[-111.1719602,45.7743902],[-111.1726285,45.7747239],[-111.1730358,45.7743378],[-111.1741153,45.774757],[-111.1736695,45.7751963],[-111.1741945,45.7754877],[-111.1739539,45.7757354],[-111.1737278,45.7759757],[-111.1729575,45.7755535],[-111.1729386,45.7755456],[-111.1725234,45.7759693],[-111.1711195,45.7752253]]]]}},
{"type":"Feature","properties":{"osm_way_id":"276346227","name":"Bozeman Pond Park","leisure":"park"},"geometry":{"type":"MultiPolygon","coordinates":[[[[-111.0833511,45.6721387],[-111.0804612,45.6721218],[-111.0803021,45.674715],[-111.080662,45.674739],[-111.0806472,45.6753134],[-111.0817141,45.6753243],[-111.0817088,45.6760305],[-111.0812397,45.6765855],[-111.0812343,45.6768018],[-111.0812337,45.6771193],[-111.0819003,45.6771337],[-111.083166,45.6771595],[-111.0831921,45.6764696],[-111.0833321,45.6731132],[-111.0833511,45.6721387]]]]}},
{"type":"Feature","properties":{"osm_way_id":"338052593","name":"Bozeman Softball Complex","leisure":"park"},"geometry":{"type":"MultiPolygon","coordinates":[[[[-111.0169985,45.6717881],[-111.0170449,45.6720955],[-111.0171943,45.6724442],[-111.0173285,45.6727328],[-111.0175189,45.6731976],[-111.0176324,45.6734842],[-111.0177951,45.6737711],[-111.0180151,45.674039],[-111.0182592,45.6743858],[-111.0184952,45.6746987],[-111.0186079,45.6749555],[-111.0187124,45.6751598],[-111.0187715,45.6753659],[-111.0187929,45.6756283],[-111.0187768,45.6761887],[-111.017881,45.6760406],[-111.017366,45.6759788],[-111.0171219,45.6759038],[-111.0167687,45.6758831],[-111.0164889,45.6758195],[-111.0160498,45.675677],[-111.0158961,45.6756377],[-111.0154571,45.675557],[-111.015121,45.6754597],[-111.0149045,45.6753752],[-111.0146945,45.6752085],[-111.0145041,45.6749649],[-111.0143378,45.6749274],[-111.0142841,45.6749049],[-111.0140776,45.67477],[-111.0138523,45.6745994],[-111.0134199,45.6743289],[-111.0133856,45.6743071],[-111.0138335,45.6737804],[-111.0141018,45.6735406],[-111.0142661,45.6733661],[-111.0144666,45.6731038],[-111.0148845,45.672765],[-111.0150914,45.6725978],[-111.0157594,45.6720206],[-111.0160517,45.6718453],[-111.0165426,45.6717938],[-111.0169985,45.6717881]]]]}},
{"type":"Feature","properties":{"osm_way_id":"338070768","name":"Southside Park","leisure":"park"},"geometry":{"type":"MultiPolygon","coordinates":[[[[-111.0431784,45.6713239],[-111.0438556,45.6713195],[-111.0438479,45.6722676],[-111.0424655,45.6722651],[-111.0424676,45.6716955],[-111.0431748,45.6716968],[-111.0431784,45.6713239]]]]}},
{"type":"Feature","properties":{"osm_way_id":"349945947","landuse":"grass"},"geometry":{"type":"MultiPolygon","coordinates":[[[[-110.9790897,45.7073726],[-110.9788995,45.707415],[-110.9789029,45.7076151],[-110.979085,45.7076127],[-110.979085,45.7076669],[-110.9790842,45.7076928],[-110.9791116,45.7076885],[-110.9791116,45.707671],[-110.9793001,45.70766],[-110.9792938,45.7075021],[-110.9790897,45.7073726]]]]}},
{"type":"Feature","properties":{"osm_way_id":"349945948","landuse":"grass"},"geometry":{"type":"MultiPolygon","coordinates":[[[[-110.9794258,45.7073814],[-110.9796204,45.7075227],[-110.9796922,45.707836],[-110.9790965,45.7078485],[-110.9790926,45.7078058],[-110.9796143,45.707796],[-110.9796048,45.70766],[-110.9795137,45.7076578],[-110.9795137,45.7075152],[-110.9794666,45.7075152],[-110.9794635,45.7074428],[-110.9793975,45.7074034],[-110.9794258,45.7073814]]]]}},
{"type":"Feature","properties":{"osm_way_id":"349945949","landuse":"grass"},"geometry":{"type":"MultiPolygon","coordinates":[[[[-110.9784362,45.7078084],[-110.9783752,45.7078861],[-110.9782926,45.707866],[-110.978228,45.7078385],[-110.9779625,45.7075403],[-110.9778656,45.7073473],[-110.9778477,45.707242],[-110.9781563,45.7072521],[-110.9784075,45.707237],[-110.9784039,45.7075327],[-110.9784362,45.7078084]]]]}},
{"type":"Feature","properties":{"osm_way_id":"358980851","name":"Kathy Hollensteiner Memorial Park","leisure":"park","other_tags":"\"addr:city\"=>\"Belgrade\",\"addr:postcode\"=>\"59714\",\"addr:state\"=>\"MT\",\"addr:street\"=>\"South Circle Drive\""},"geometry":{"type":"MultiPolygon","coordinates":[[[[-111.1832272,45.7877595],[-111.183238,45.787449],[-111.1831955,45.787449],[-111.1818558,45.787448],[-111.1818451,45.7881256],[-111.1823701,45.788133],[-111.1824236,45.7880284],[-111.1825629,45.7879313],[-111.182745,45.7878491],[-111.1830022,45.7877894],[-111.1832272,45.7877595]]]]}},
{"type":"Feature","properties":{"osm_way_id":"382415577","name":"River Rock Lake Park","leisure":"park"},"geometry":{"type":"MultiPolygon","coordinates":[[[[-111.2173386,45.7748749],[-111.2173433,45.7765513],[-111.2205276,45.7765469],[-111.2205236,45.7751055],[-111.2209938,45.7751049],[-111.2209932,45.7748706],[-111.220512,45.7748712],[-111.2205086,45.7734453],[-111.2203246,45.7734455],[-111.2203263,45.7742693],[-111.2199158,45.7742697],[-111.2198813,45.7742941],[-111.218015,45.7743336],[-111.2180219,45.774472],[-111.2177883,45.7746452],[-111.2174917,45.7748747],[-111.2173386,45.7748749]]]]}},
{"type":"Feature","properties":{"osm_way_id":"382415579","leisure":"park"},"geometry":{"type":"MultiPolygon","coordinates":[[[[-111.2115911,45.7792155],[-111.211588,45.7784994],[-111.2121595,45.7784981],[-111.2121583,45.7782205],[-111.2125463,45.7782196],[-111.2125477,45.7785137],[-111.2135576,45.7785114],[-111.2135562,45.77821],[-111.213734,45.7782096],[-111.2137354,45.7785015],[-111.2146418,45.7784993],[-111.2146403,45.7782029],[-111.2150811,45.7782019],[-111.2150828,45.7785234],[-111.2155713,45.7785222],[-111.2155727,45.778806],[-111.2161052,45.7788047],[-111.2161057,45.7788917],[-111.2155855,45.778893],[-111.2155871,45.779205],[-111.213951,45.779209],[-111.2139525,45.7795128],[-111.2135917,45.7795136],[-111.2132807,45.7795144],[-111.2132793,45.7792119],[-111.2115911,45.7792155]]]]}},
{"type":"Feature","properties":{"osm_way_id":"392017299","name":"Soroptomist Park","leisure":"park"},"geometry":{"type":"MultiPolygon","coordinates":[[[[-111.0324228,45.6788433],[-111.032434,45.6792032],[-111.0322053,45.6792067],[-111.0321941,45.6788468],[-111.0324228,45.6788433]]]]}},
{"type":"Feature","properties":{"osm_way_id":"400493624","name":"Sacajawea Park","leisure":"park"},"geometry":{"type":"MultiPolygon","coordinates":[[[[-111.0466494,45.6908321],[-111.0466463,45.6908539],[-111.0466311,45.6908731],[-111.0466064,45.6908866],[-111.0465639,45.6908912],[-111.0465571,45.6909039],[-111.0465143,45.6908924],[-111.0464855,45.6908669],[-111.0464791,45.6908398],[-111.0464796,45.6908191],[-111.0464913,45.6907995],[-111.0465218,45.690778],[-111.0465616,45.6907698],[-111.0465658,45.6907833],[-111.0465993,45.6907868],[-111.0466238,45.6907971],[-111.0466412,45.6908129],[-111.0466494,45.6908321]]]]}},
{"type":"Feature","properties":{"osm_way_id":"400680008","name":"Diteman Park","leisure":"park"},"geometry":{"type":"MultiPolygon","coordinates":[[[[-111.0722555,45.6716585],[-111.0728398,45.671661],[-111.0728357,45.6721249],[-111.0722513,45.6721223],[-111.0722555,45.6716585]]]]}},
{"type":"Feature","properties":{"osm_way_id":"401325049","landuse":"grass"},"geometry":{"type":"MultiPolygon","coordinates":[[[[-111.1578613,45.7697249],[-111.1582517,45.7694614],[-111.1583499,45.7693951],[-111.1583963,45.7694301],[-111.1584419,45.7695154],[-111.1585159,45.7695824],[-111.1586152,45.7695115],[-111.158694,45.7695705],[-111.1582298,45.7699802],[-111.1578613,45.7697249]]]]}},
{"type":"Feature","properties":{"osm_way_id":"403386061","name":"Maxi Park","leisure":"park"},"geometry":{"type":"MultiPolygon","coordinates":[[[[-111.1497966,45.749254],[-111.1497755,45.7513417],[-111.1460332,45.7532329],[-111.1459654,45.7527935],[-111.1461206,45.7527179],[-111.1463152,45.7521381],[-111.1464159,45.7515626],[-111.1469673,45.7510422],[-111.1476844,45.7495347],[-111.1478999,45.7493349],[-111.1481831,45.7492246],[-111.1489062,45.7491594],[-111.1492678,45.749069],[-111.1495315,45.7491289],[-111.1495834,45.7491534],[-111.1497966,45.749254]]]]}},
{"type":"Feature","properties":{"osm_way_id":"408332552","name":"Centennial Park","leisure":"park"},"geometry":{"type":"MultiPolygon","coordinates":[[[[-111.0387145,45.6875375],[-111.0373333,45.687556],[-111.0373597,45.6866472],[-111.0387249,45.6866343],[-111.0387145,45.6875375]]]]}},
{"type":"Feature","properties":{"osm_way_id":"408332553","name":"North Grand Fields","leisure":"park"},"geometry":{"type":"MultiPolygon","coordinates":[[[[-111.0387145,45.6875375],[-111.0387249,45.6866343],[-111.0399499,45.6866227],[-111.0399406,45.6875361],[-111.0387145,45.6875375]]]]}},
{"type":"Feature","properties":{"osm_way_id":"428588700","name":"Highlight View Subdivision Park","leisure":"park"},"geometry":{"type":"MultiPolygon","coordinates":[[[[-111.0184655,45.6592749],[-111.0186147,45.6593805],[-111.018471,45.6595216],[-111.0183164,45.6596208],[-111.018207,45.6595626],[-111.0181053,45.6595025],[-111.0181472,45.6594326],[-111.0184146,45.6593002],[-111.0184655,45.6592749]]]]}},
{"type":"Feature","properties":{"osm_way_id":"447895781","name":"Off-Leash Dog Area","barrier":"fence","landuse":"recreation_ground"},"geometry":{"type":"MultiPolygon","coordinates":[[[[-111.0928843,45.6989623],[-111.092999,45.6957209],[-111.0912856,45.695563],[-111.0907479,45.6955134],[-111.0907874,45.6956761],[-111.0908122,45.6957782],[-111.0912468,45.6975704],[-111.0922453,45.6989862],[-111.0926921,45.6989695],[-111.0928843,45.6989623]]]]}},
{"type":"Feature","properties":{"osm_way_id":"473848453","name":"Grafs Park","leisure":"park","other_tags":"\"addr:city\"=>\"Bozeman\",\"addr:state\"=>\"MT\",\"gnis:feature_id\"=>\"1743564\""},"geometry":{"type":"MultiPolygon","coordinates":[[[[-111.0372411,45.655107],[-111.0366737,45.6550491],[-111.0361022,45.6549912],[-111.0361728,45.6548526],[-111.0367396,45.6548732],[-111.0370138,45.6543846],[-111.0370009,45.6532928],[-111.0368171,45.6531479],[-111.0367628,45.6530243],[-111.0365035,45.653018],[-111.0365161,45.6525642],[-111.0364228,45.6512838],[-111.0364813,45.6503447],[-111.0365048,45.6500028],[-111.0361037,45.6498576],[-111.0362629,45.6497365],[-111.0366197,45.6498631],[-111.0369372,45.649921],[-111.0383547,45.6499577],[-111.0387786,45.649961],[-111.0387252,45.6507136],[-111.0386541,45.6516411],[-111.0386292,45.6520858],[-111.0380069,45.6524282],[-111.0379169,45.6530397],[-111.0376994,45.6531092],[-111.0375258,45.6532025],[-111.0375573,45.653284],[-111.0379008,45.6533937],[-111.037575,45.6541017],[-111.0373214,45.6543901],[-111.0373357,45.6545733],[-111.0372303,45.6548255],[-111.0372411,45.655107]]]]}},
{"type":"Feature","properties":{"osm_way_id":"479621400","name":"Loyal Gardens Park","leisure":"park"},"geometry":{"type":"MultiPolygon","coordinates":[[[[-111.1094617,45.6646157],[-111.109462,45.6638326],[-111.1088696,45.6638533],[-111.1087577,45.6640074],[-111.1084402,45.6641818],[-111.1073888,45.6644592],[-111.1070133,45.6645717],[-111.1065198,45.6647067],[-111.1059726,45.6648529],[-111.105552,45.6648834],[-111.10504,45.6647455],[-111.1043919,45.6645312],[-111.1044024,45.6650376],[-111.1047091,45.6650494],[-111.1048994,45.6651008],[-111.1050708,45.6650975],[-111.1054666,45.6650898],[-111.107176,45.6647059],[-111.1080908,45.6646236],[-111.1094617,45.6646157]]]]}},
{"type":"Feature","properties":{"osm_way_id":"494827633","leisure":"park"},"geometry":{"type":"MultiPolygon","coordinates":[[[[-111.066343,45.7452263],[-111.0663178,45.7439348],[-111.065221,45.7439375],[-111.0652162,45.7445027],[-111.0650209,45.7451932],[-111.066343,45.7452263]]]]}},
{"type":"Feature","properties":{"osm_way_id":"503503085","name":"Triangle Park","leisure":"park","other_tags":"\"gnis:feature_id\"=>\"1743543\""},"geometry":{"type":"MultiPolygon","coordinates":[[[[-111.1767222,45.7731869],[-111.1767072,45.7731926],[-111.1766762,45.7731926],[-111.1761312,45.7729147],[-111.1761192,45.7729034],[-111.1761152,45.7728906],[-111.1761222,45.7728821],[-111.1761322,45.7728778],[-111.1769072,45.7728835],[-111.1769392,45.7728991],[-111.1769522,45.7729104],[-111.1769602,45.7729303],[-111.1769592,45.7729509],[-111.1767222,45.7731869]]]]}},
{"type":"Feature","properties":{"osm_way_id":"537244338","name":"Jarrett Park","leisure":"park","other_tags":"\"addr:city\"=>\"Bozeman\",\"addr:housenumber\"=>\"2700\",\"addr:postcode\"=>\"59715\",\"addr:state\"=>\"MT\",\"addr:street\"=>\"Westridge Drive\""},"geometry":{"type":"MultiPolygon","coordinates":[[[[-111.0463162,45.6535979],[-111.044908,45.6536047],[-111.0449018,45.6529804],[-111.04631,45.6529735],[-111.0463162,45.6535979]]]]}},
{"type":"Feature","properties":{"osm_way_id":"543594032","name":"North Medows Park","leisure":"park"},"geometry":{"type":"MultiPolygon","coordinates":[[[[-111.077692,45.6842058],[-111.076611,45.6841934],[-111.0766212,45.6837639],[-111.0777021,45.6837764],[-111.077692,45.6842058]]]]}},
{"type":"Feature","properties":{"osm_way_id":"546446780","name":"Langhor Park","leisure":"park"},"geometry":{"type":"MultiPolygon","coordinates":[[[[-111.0381114,45.663234],[-111.0369756,45.663283],[-111.0366433,45.6636072],[-111.0364807,45.665846],[-111.0365217,45.6661866],[-111.036581,45.666454],[-111.037001,45.666687],[-111.0380548,45.6652648],[-111.0381114,45.663234]]]]}},
{"type":"Feature","properties":{"osm_way_id":"546447363","name":"Christie Fields","leisure":"park"},"geometry":{"type":"MultiPolygon","coordinates":[[[[-111.0355306,45.6638923],[-111.0326388,45.6638819],[-111.0326319,45.662708],[-111.0350647,45.6627127],[-111.0354751,45.6636192],[-111.0355166,45.6637558],[-111.0355306,45.6638923]]]]}},
{"type":"Feature","properties":{"osm_way_id":"546447364","name":"Gardner and Tuckerman Park","leisure":"park"},"geometry":{"type":"MultiPolygon","coordinates":[[[[-111.03392,45.6349799],[-111.0313344,45.6349344],[-111.0315458,45.6380613],[-111.0309603,45.6393916],[-111.0300659,45.6406195],[-111.0292385,45.6411997],[-111.0297512,45.6427398],[-111.0299297,45.6432762],[-111.032302,45.6433938],[-111.0323394,45.6424926],[-111.0335536,45.6421531],[-111.034356,45.6421662],[-111.034366,45.6418839],[-111.0342684,45.6413334],[-111.0341223,45.6410485],[-111.0335526,45.6399328],[-111.0335224,45.6398275],[-111.0332977,45.6388855],[-111.0333466,45.6386759],[-111.0326383,45.6383787],[-111.03392,45.6349799]]]]}},
{"type":"Feature","properties":{"osm_way_id":"546448817","name":"Westridge South Park","leisure":"park"},"geometry":{"type":"MultiPolygon","coordinates":[[[[-111.0403283,45.6539914],[-111.0393383,45.6540044],[-111.0393103,45.6542852],[-111.0396185,45.6544223],[-111.0401415,45.6544157],[-111.0403937,45.6542591],[-111.0403283,45.6539914]]]]}},
{"type":"Feature","properties":{"osm_way_id":"546448818","name":"Gallatin County Regional Park","leisure":"park"},"geometry":{"type":"MultiPolygon","coordinates":[[[[-111.0930366,45.6999328],[-111.0932017,45.6931043],[-111.0833321,45.6931338],[-111.0831883,45.6933048],[-111.0831747,45.6940955],[-111.0832954,45.6945687],[-111.083278,45.6950902],[-111.0842852,45.6951075],[-111.084501,45.6952296],[-111.0845249,45.6958309],[-111.0851782,45.6959003],[-111.0855835,45.6959703],[-111.0860381,45.6960775],[-111.0866596,45.6962971],[-111.0871809,45.6965556],[-111.0877036,45.6968779],[-111.0880753,45.6971906],[-111.0883301,45.6974654],[-111.0885868,45.6977789],[-111.0887559,45.698059],[-111.0888601,45.6982914],[-111.0889648,45.6985713],[-111.0890913,45.699199],[-111.0891061,45.6995312],[-111.0891321,45.7000784],[-111.0899899,45.7000726],[-111.0899987,45.6993411],[-111.0921274,45.6992897],[-111.0923371,45.6996822],[-111.0923793,45.7000661],[-111.0928602,45.700062],[-111.0930366,45.6999328]]]]}},
{"type":"Feature","properties":{"osm_way_id":"546448819","name":"Rose Park","leisure":"park"},"geometry":{"type":"MultiPolygon","coordinates":[[[[-111.0706031,45.6930991],[-111.0705995,45.6933681],[-111.0706335,45.6937281],[-111.0706969,45.6938742],[-111.0710825,45.6943668],[-111.0711985,45.694609],[-111.0712588,45.6948545],[-111.0712752,45.6953488],[-111.071222,45.6966406],[-111.069915,45.6966431],[-111.0699062,45.6964285],[-111.0698963,45.6962696],[-111.069879,45.6961653],[-111.0698378,45.6960579],[-111.0697794,45.6959597],[-111.0697324,45.6958877],[-111.0696755,45.6958115],[-111.0695998,45.6957276],[-111.0695327,45.6956657],[-111.0694613,45.6956113],[-111.0693953,45.6955674],[-111.0693271,45.6955274],[-111.0692675,45.6954966],[-111.0691542,45.6954504],[-111.0687415,45.6952386],[-111.0671573,45.6946098],[-111.0674162,45.6944013],[-111.0679069,45.6937904],[-111.068003,45.6933927],[-111.0679954,45.6933673],[-111.0679125,45.6930885],[-111.0706031,45.6930991]]]]}},
{"type":"Feature","properties":{"osm_way_id":"546448820","name":"Baxter Meadows Park","leisure":"park"},"geometry":{"type":"MultiPolygon","coordinates":[[[[-111.09879,45.7002762],[-111.0953069,45.7002846],[-111.0953263,45.7005911],[-111.0953793,45.7007428],[-111.095543,45.7008772],[-111.0962902,45.7011056],[-111.096606,45.7012941],[-111.096702,45.7014587],[-111.0967139,45.7016553],[-111.0965798,45.7018753],[-111.0963836,45.7021166],[-111.0972709,45.7022536],[-111.0976866,45.7022954],[-111.0988961,45.7022993],[-111.0987973,45.7014396],[-111.09879,45.7002762]]]]}},
{"type":"Feature","properties":{"osm_way_id":"546449139","name":"Valley West Park","leisure":"park"},"geometry":{"type":"MultiPolygon","coordinates":[[[[-111.0987184,45.6784942],[-111.0979666,45.6784985],[-111.0979605,45.6807803],[-111.0979605,45.6807329],[-111.0979481,45.6820718],[-111.0981421,45.6829116],[-111.098777,45.6832744],[-111.099008,45.6834064],[-111.0989331,45.6856906],[-111.0992545,45.6857052],[-111.0994517,45.6836518],[-111.0999631,45.6836259],[-111.1003144,45.6826831],[-111.1003267,45.6822354],[-111.1001973,45.6819255],[-111.0998707,45.6815552],[-111.0994773,45.6811816],[-111.0991559,45.680875],[-111.0988232,45.6804445],[-111.0986999,45.6800958],[-111.0987184,45.6784942]]]]}},
{"type":"Feature","properties":{"osm_way_id":"550727392","landuse":"recreation_ground"},"geometry":{"type":"MultiPolygon","coordinates":[[[[-111.0468991,45.6628448],[-111.0478486,45.6628523],[-111.0478539,45.6629798],[-111.0497046,45.6629798],[-111.0496939,45.6604416],[-111.0468991,45.6604603],[-111.0468991,45.6628448]]]]}},
{"type":"Feature","properties":{"osm_way_id":"550770276","name":"Glen Lake Rotary Park","leisure":"park","other_tags":"\"operator\"=>\"Rotary club\""},"geometry":{"type":"MultiPolygon","coordinates":[[[[-111.0388075,45.7060544],[-111.0389447,45.7060551],[-111.0410766,45.7060656],[-111.0410337,45.7043424],[-111.041031,45.7041816],[-111.0410165,45.7039654],[-111.0405972,45.703729],[-111.0405107,45.7036841],[-111.0404996,45.7036819],[-111.0404878,45.7036866],[-111.0404063,45.7036443],[-111.0404089,45.7036344],[-111.0404071,45.7036258],[-111.0403064,45.7035713],[-111.0402952,45.7035703],[-111.0402749,45.7035817],[-111.0401956,45.7035371],[-111.0401972,45.7035258],[-111.0401912,45.7035174],[-111.0401475,45.7034938],[-111.0401417,45.7034913],[-111.0398851,45.7033456],[-111.0397331,45.7032625],[-111.0396866,45.7032351],[-111.0394624,45.7031131],[-111.039085,45.7028984],[-111.0390153,45.7028175],[-111.0390305,45.7027306],[-111.0392539,45.7026044],[-111.0382683,45.7022995],[-111.0378033,45.7020631],[-111.0374887,45.7020758],[-111.0374597,45.702132],[-111.0372775,45.7022187],[-111.0369287,45.7022594],[-111.0362461,45.7023206],[-111.0359907,45.7024611],[-111.0358881,45.7026943],[-111.0358887,45.7034208],[-111.0356383,45.7034284],[-111.0356416,45.7038866],[-111.0355636,45.7040518],[-111.0353286,45.7041713],[-111.034082,45.704418],[-111.0329669,45.7034623],[-111.0328284,45.7034596],[-111.0318879,45.7028911],[-111.0315522,45.7037426],[-111.0295075,45.7037442],[-111.0279557,45.7037516],[-111.0301568,45.7061915],[-111.0308773,45.7063937],[-111.0314026,45.7067135],[-111.0316114,45.7070427],[-111.0320828,45.7073202],[-111.0332478,45.7074801],[-111.0338068,45.7076635],[-111.0341771,45.7079926],[-111.0344533,45.708952],[-111.0353952,45.7089715],[-111.035326,45.7074367],[-111.0383086,45.7073918],[-111.038303,45.706933],[-111.0382602,45.7064584],[-111.0380327,45.7062299],[-111.0380287,45.7060556],[-111.0388075,45.7060544]]]]}},
{"type":"Feature","properties":{"osm_way_id":"550770277","name":"Oak Meadows","leisure":"park"},"geometry":{"type":"MultiPolygon","coordinates":[[[[-111.0549412,45.6903468],[-111.0538461,45.6903447],[-111.0538498,45.6894043],[-111.0549449,45.6894064],[-111.0549412,45.6903468]]]]}},
{"type":"Feature","properties":{"osm_way_id":"550770278","name":"Walton Homestead Park","leisure":"park"},"geometry":{"type":"MultiPolygon","coordinates":[[[[-111.0563739,45.690439],[-111.0563864,45.6897585],[-111.0563583,45.6897033],[-111.0563485,45.6896654],[-111.0563638,45.6896276],[-111.0564209,45.6896051],[-111.0564847,45.689607],[-111.0565495,45.6896344],[-111.0569223,45.6896745],[-111.0574079,45.6896755],[-111.0573953,45.6902359],[-111.0569911,45.6902299],[-111.0569913,45.6904448],[-111.0563739,45.690439]]]]}},
{"type":"Feature","properties":{"osm_way_id":"550770279","name":"Monkey Park","leisure":"park"},"geometry":{"type":"MultiPolygon","coordinates":[[[[-111.0791372,45.6906854],[-111.0781447,45.6907454],[-111.0776512,45.6896961],[-111.0791908,45.6893476],[-111.0791372,45.6906854]]]]}},
{"type":"Feature","properties":{"osm_way_id":"550770280","name":"Harvest Creek #3","leisure":"park"},"geometry":{"type":"MultiPolygon","coordinates":[[[[-111.0766856,45.692855],[-111.0761706,45.69284],[-111.0761545,45.6915548],[-111.0761599,45.6914611],[-111.0758434,45.69127],[-111.0753499,45.6912887],[-111.075366,45.6896699],[-111.0753606,45.6895013],[-111.0753016,45.6894638],[-111.0749529,45.6894488],[-111.0748993,45.6891528],[-111.075661,45.6891415],[-111.0760955,45.6902995],[-111.0765783,45.6913824],[-111.0766749,45.6921693],[-111.0766856,45.692855]]]]}},
{"type":"Feature","properties":{"osm_way_id":"550770281","name":"Harvest Creek #2","leisure":"park"},"geometry":{"type":"MultiPolygon","coordinates":[[[[-111.0754894,45.6889917],[-111.0748993,45.6877588],[-111.0741482,45.6877513],[-111.0742931,45.6890066],[-111.0748609,45.6889995],[-111.0754894,45.6889917]]]]}},
{"type":"Feature","properties":{"osm_way_id":"550770282","name":"Harvest creek #1","leisure":"park"},"geometry":{"type":"MultiPolygon","coordinates":[[[[-111.074792,45.6875789],[-111.0742609,45.6875864],[-111.0742073,45.6863122],[-111.0734992,45.6858738],[-111.0751353,45.685855],[-111.0751568,45.6860424],[-111.0747437,45.6860499],[-111.074792,45.6875789]]]]}},
{"type":"Feature","properties":{"osm_way_id":"550770283","name":"Greenway Park 1","leisure":"park"},"geometry":{"type":"MultiPolygon","coordinates":[[[[-111.0743414,45.6856264],[-111.0741053,45.6854016],[-111.0740839,45.6850606],[-111.0742985,45.6849032],[-111.075205,45.6849032],[-111.075205,45.684742],[-111.0744433,45.6847495],[-111.0741322,45.6845846],[-111.0741536,45.6842473],[-111.0742877,45.6840037],[-111.0743092,45.6837676],[-111.0741214,45.6837676],[-111.0741,45.6839663],[-111.0740731,45.6840262],[-111.0736815,45.684045],[-111.0737406,45.6850456],[-111.0737513,45.6853529],[-111.0739229,45.6853529],[-111.0739444,45.685619],[-111.0743414,45.6856264]]]]}},
{"type":"Feature","properties":{"osm_way_id":"550770284","name":"Asheim Fields","landuse":"recreation_ground"},"geometry":{"type":"MultiPolygon","coordinates":[[[[-111.0833382,45.6778007],[-111.0833614,45.6764868],[-111.0849571,45.6764927],[-111.0849452,45.678059],[-111.0846299,45.6780578],[-111.0846318,45.6778148],[-111.0844251,45.6778111],[-111.0833382,45.6778007]]]]}},
{"type":"Feature","properties":{"osm_way_id":"550770285","name":"Gallagator Linear Park","leisure":"park"},"geometry":{"type":"MultiPolygon","coordinates":[[[[-111.0303746,45.6737005],[-111.0303961,45.6734456],[-111.0317693,45.6721973],[-111.0318284,45.672146],[-111.0323648,45.6716838],[-111.0317962,45.6716613],[-111.0317801,45.6712265],[-111.0328691,45.6712115],[-111.0338025,45.6702444],[-111.0345396,45.6693533],[-111.0350685,45.6687149],[-111.0359321,45.6677103],[-111.0362969,45.6672417],[-111.0366402,45.6672379],[-111.0360502,45.6680514],[-111.0358892,45.6680439],[-111.0347037,45.6693559],[-111.0344998,45.671114],[-111.034532,45.6713052],[-111.0330407,45.6713277],[-111.0325365,45.67174],[-111.0325418,45.6724522],[-111.0320698,45.6724597],[-111.0321234,45.6730482],[-111.0313026,45.6730108],[-111.0303746,45.6737005]]]]}},
{"type":"Feature","properties":{"osm_way_id":"551483177","name":"Bronken Park","leisure":"park"},"geometry":{"type":"MultiPolygon","coordinates":[[[[-111.1043104,45.6856099],[-111.1043372,45.684317],[-111.1082747,45.6843132],[-111.1082103,45.6839292],[-111.1076642,45.6839368],[-111.10766,45.6827512],[-111.1077064,45.6822908],[-111.1077979,45.6813816],[-111.1078183,45.6811824],[-111.1090674,45.681192],[-111.1090916,45.6821035],[-111.110746,45.6820748],[-111.1125159,45.6820711],[-111.1125228,45.682158],[-111.112365,45.6821591],[-111.1124536,45.6825935],[-111.1125611,45.682755],[-111.1126666,45.6828768],[-111.1130468,45.6830588],[-111.1133841,45.6831067],[-111.1141131,45.6830916],[-111.1144098,45.6830864],[-111.1156175,45.6830652],[-111.1163746,45.6830519],[-111.1174678,45.6830482],[-111.1174478,45.6838192],[-111.117509,45.6840499],[-111.1176267,45.684177],[-111.1177555,45.6842641],[-111.1180381,45.6841478],[-111.1181013,45.6842075],[-111.117343,45.6845722],[-111.1167001,45.6845826],[-111.1159866,45.6843632],[-111.1153102,45.6842528],[-111.1147304,45.6842373],[-111.1147286,45.6845202],[-111.1141288,45.6845863],[-111.1123157,45.6845932],[-111.1121373,45.684619],[-111.1119182,45.6846755],[-111.1117818,45.6847523],[-111.1116878,45.684837],[-111.1116083,45.6849364],[-111.1115725,45.6850444],[-111.111553,45.685185],[-111.1115545,45.6857073],[-111.1090217,45.6856732],[-111.1043104,45.6856099]]]]}},
{"type":"Feature","properties":{"osm_way_id":"551483178","name":"Flanders Creek/Traditions Park","leisure":"park"},"geometry":{"type":"MultiPolygon","coordinates":[[[[-111.1079045,45.6890988],[-111.1062901,45.6891019],[-111.1057159,45.6891597],[-111.1052893,45.6891647],[-111.1052867,45.6889714],[-111.1052331,45.688739],[-111.1052545,45.6870077],[-111.10563,45.6870002],[-111.1056172,45.6859195],[-111.1062909,45.6859195],[-111.1062845,45.686558],[-111.1061933,45.6868316],[-111.1062094,45.6869965],[-111.1064669,45.6870377],[-111.106896,45.6871277],[-111.1079153,45.6871314],[-111.1079045,45.6890988]]]]}},
{"type":"Feature","properties":{"osm_way_id":"551483179","name":"Traditions Park","leisure":"park"},"geometry":{"type":"MultiPolygon","coordinates":[[[[-111.1081008,45.6909102],[-111.108111,45.6900792],[-111.1077056,45.6900768],[-111.1077149,45.6893147],[-111.1089688,45.6893222],[-111.1089493,45.6909153],[-111.1081008,45.6909102]]]]}},
{"type":"Feature","properties":{"osm_way_id":"551483183","name":"Laural Glen park","leisure":"park"},"geometry":{"type":"MultiPolygon","coordinates":[[[[-111.1192181,45.688503],[-111.1192074,45.6892224],[-111.1188748,45.6892449],[-111.117877,45.6874462],[-111.1178341,45.6871764],[-111.1191001,45.6872138],[-111.1189284,45.6874912],[-111.1188572,45.6875907],[-111.1187568,45.687731],[-111.1187353,45.6879783],[-111.1188748,45.6882856],[-111.1190679,45.6884955],[-111.1192181,45.688503]]]]}},
{"type":"Feature","properties":{"osm_way_id":"551483185","name":"Westlake Park","leisure":"park"},"geometry":{"type":"MultiPolygon","coordinates":[[[[-111.0438296,45.68847],[-111.0423051,45.6884686],[-111.0423063,45.6878931],[-111.0423078,45.6871708],[-111.0423089,45.6866539],[-111.0431348,45.6866547],[-111.0438329,45.6866554],[-111.0438319,45.6871689],[-111.0438311,45.6876364],[-111.0438296,45.68847]]]]}},
{"type":"Feature","properties":{"osm_way_id":"551487045","name":"Josephine Park","leisure":"park"},"geometry":{"type":"MultiPolygon","coordinates":[[[[-111.026739,45.6629134],[-111.0253109,45.6629358],[-111.0257431,45.6617479],[-111.0252372,45.6614174],[-111.0245844,45.6609906],[-111.02452,45.6629851],[-111.0218432,45.6629963],[-111.0218593,45.6637274],[-111.0221651,45.6636412],[-111.0223314,45.6636262],[-111.022326,45.6634425],[-111.0225567,45.6633675],[-111.0225245,45.6631276],[-111.0253086,45.6631332],[-111.0261052,45.6631257],[-111.0260516,45.6633675],[-111.0266355,45.6633187],[-111.026633,45.6630519],[-111.026739,45.6629134]]]]}},
{"type":"Feature","properties":{"osm_way_id":"551487051","name":"Alison Park","leisure":"park"},"geometry":{"type":"MultiPolygon","coordinates":[[[[-111.0487457,45.652643],[-111.0491087,45.6526522],[-111.049081,45.6527454],[-111.0488396,45.6530979],[-111.0485285,45.6534091],[-111.0482281,45.6536229],[-111.0479599,45.6539229],[-111.0477077,45.6542191],[-111.0474288,45.6544703],[-111.0472142,45.6546765],[-111.0469513,45.6546503],[-111.0471016,45.6540728],[-111.0472518,45.6535516],[-111.0473108,45.6532892],[-111.0473054,45.6531017],[-111.0484158,45.6530792],[-111.0487457,45.652643]]]]}},
{"type":"Feature","properties":{"osm_way_id":"551487052","name":"Westridge North Park","leisure":"park"},"geometry":{"type":"MultiPolygon","coordinates":[[[[-111.0404575,45.6576216],[-111.0405688,45.6567682],[-111.0406289,45.6563164],[-111.0400225,45.6562775],[-111.0397062,45.657564],[-111.0404575,45.6576216]]]]}},
{"type":"Feature","properties":{"osm_way_id":"552173284","name":"Oak Springs Park","leisure":"park","other_tags":"\"addr:city\"=>\"Bozeman\",\"addr:housenumber\"=>\"4001\",\"addr:postcode\"=>\"59718\",\"addr:state\"=>\"MT\",\"addr:street\"=>\"Renova Lane\",\"description\"=>\"Oak Springs Community Park\",\"opening_hours\"=>\"24/7\",\"operator\"=>\"Oak Springs Homeowners Association\",\"website\"=>\"https://www.oakspringshoa.com/\""},"geometry":{"type":"MultiPolygon","coordinates":[[[[-111.088614,45.6905232],[-111.088614,45.6900811],[-111.0885603,45.68986],[-111.088496,45.6896839],[-111.0897137,45.6895415],[-111.0898196,45.6894318],[-111.0899685,45.6889325],[-111.090804,45.6891302],[-111.0913934,45.6893864],[-111.0918491,45.689567],[-111.0922056,45.6896947],[-111.0926736,45.6897361],[-111.0932616,45.6897418],[-111.0932231,45.6905166],[-111.0899985,45.6905262],[-111.0897298,45.690527],[-111.088614,45.6905232]]]]}},
{"type":"Feature","properties":{"osm_way_id":"552200310","name":"Clarkin Park","leisure":"park"},"geometry":{"type":"MultiPolygon","coordinates":[[[[-111.1848745,45.773808],[-111.1848754,45.7731372],[-111.1848674,45.7731112],[-111.1848513,45.7730868],[-111.1848292,45.7730673],[-111.1847989,45.7730486],[-111.184766,45.7730397],[-111.184733,45.7730366],[-111.1831085,45.7730366],[-111.1830912,45.7730376],[-111.1830846,45.7730387],[-111.1830779,45.7730413],[-111.1830717,45.7730448],[-111.183066,45.7730492],[-111.1830588,45.7730583],[-111.1830548,45.7730677],[-111.1830518,45.7730817],[-111.1830528,45.7730911],[-111.1830554,45.7731004],[-111.1830596,45.7731068],[-111.1830661,45.7731126],[-111.1830827,45.7731201],[-111.1831014,45.773123],[-111.1835863,45.7731267],[-111.184209,45.7734598],[-111.1846471,45.7736939],[-111.1846403,45.7738045],[-111.1846616,45.7738289],[-111.1848175,45.7738361],[-111.1848745,45.773808]]]]}},
{"type":"Feature","properties":{"osm_way_id":"552205401","name":"Lions Park","leisure":"park","other_tags":"\"addr:city\"=>\"Belgrade\",\"addr:postcode\"=>\"59714\",\"addr:state\"=>\"MT\",\"elevation\"=>\"1353\",\"gnis:feature_id\"=>\"1743540\",\"lit\"=>\"no\""},"geometry":{"type":"MultiPolygon","coordinates":[[[[-111.1723015,45.7834187],[-111.1718887,45.7838312],[-111.171864,45.7852837],[-111.1719341,45.7857189],[-111.1719335,45.7857975],[-111.1718923,45.7859304],[-111.1718086,45.7860743],[-111.1717044,45.7862081],[-111.1715436,45.7863321],[-111.171303,45.7864163],[-111.1709952,45.7864782],[-111.1708787,45.786485],[-111.1707621,45.7864672],[-111.1702626,45.7857367],[-111.1701236,45.7854116],[-111.1700009,45.785038],[-111.1699723,45.7845446],[-111.1700173,45.7842366],[-111.1700663,45.7839914],[-111.1701514,45.7837133],[-111.170754,45.7828607],[-111.1707799,45.7828313],[-111.170818,45.7828075],[-111.1708969,45.7828183],[-111.1709537,45.7828011],[-111.1710131,45.7828154],[-111.1710955,45.7828493],[-111.1723015,45.7834187]]]]}},
{"type":"Feature","properties":{"osm_way_id":"552205405","barrier":"fence","landuse":"recreation_ground"},"geometry":{"type":"MultiPolygon","coordinates":[[[[-111.1800259,45.789953],[-111.1800212,45.7896112],[-111.1794071,45.7896153],[-111.1794118,45.7899571],[-111.1800259,45.789953]]]]}},
{"type":"Feature","properties":{"osm_way_id":"552205406","barrier":"fence","landuse":"recreation_ground"},"geometry":{"type":"MultiPolygon","coordinates":[[[[-111.1800333,45.7895304],[-111.1800254,45.7892034],[-111.1795963,45.7892085],[-111.1796042,45.7895354],[-111.1800333,45.7895304]]]]}},
{"type":"Feature","properties":{"osm_way_id":"552242323","name":"Childrens Park","leisure":"park","other_tags":"\"addr:city\"=>\"Belgrade\",\"addr:housenumber\"=>\"405\",\"addr:postcode\"=>\"59714\",\"addr:state\"=>\"MT\",\"addr:street\"=>\"Bridger View Drive\""},"geometry":{"type":"MultiPolygon","coordinates":[[[[-111.170071,45.780269],[-111.1700911,45.7797277],[-111.1706441,45.7797408],[-111.1703979,45.7800112],[-111.1701856,45.7802004],[-111.170071,45.780269]]]]}},
{"type":"Feature","properties":{"osm_way_id":"552447452","leisure":"park"},"geometry":{"type":"MultiPolygon","coordinates":[[[[-111.2212991,45.7780449],[-111.2214289,45.7780435],[-111.2214591,45.7780193],[-111.2215525,45.7779487],[-111.2215426,45.7779415],[-111.2216166,45.7779006],[-111.2216253,45.7779085],[-111.2216581,45.7778935],[-111.221666,45.7778852],[-111.221671,45.7778726],[-111.2216471,45.777827],[-111.2216335,45.7778205],[-111.2215826,45.777821],[-111.2215819,45.7777814],[-111.2214048,45.7777791],[-111.2213827,45.7773082],[-111.2212482,45.7773057],[-111.2212439,45.7771659],[-111.2213171,45.7770401],[-111.2213172,45.776912],[-111.2212482,45.7768713],[-111.2211737,45.7768312],[-111.2210897,45.7767579],[-111.2210465,45.7766985],[-111.2210336,45.7766643],[-111.220639,45.7766594],[-111.2206577,45.7768247],[-111.2206343,45.7769045],[-111.2205224,45.7769481],[-111.2205129,45.7770047],[-111.2204467,45.7770065],[-111.2204458,45.7771789],[-111.2204492,45.7777574],[-111.2212199,45.7777568],[-111.2212235,45.7779899],[-111.2212987,45.7779907],[-111.2212991,45.7780449]]]]}},
{"type":"Feature","properties":{"osm_way_id":"552447455","landuse":"grass"},"geometry":{"type":"MultiPolygon","coordinates":[[[[-111.2136285,45.7777693],[-111.2143637,45.7777672],[-111.2139588,45.7775818],[-111.2136328,45.7773388],[-111.2136107,45.7767675],[-111.2136056,45.7762488],[-111.2136138,45.775532],[-111.2140847,45.775532],[-111.2140842,45.7754261],[-111.2140715,45.7754086],[-111.2139894,45.7753668],[-111.2121919,45.7753639],[-111.2119996,45.7753626],[-111.2091207,45.7753899],[-111.2089596,45.7753915],[-111.2077127,45.7754013],[-111.2075189,45.7753964],[-111.2059288,45.7753997],[-111.2059148,45.7759648],[-111.2060642,45.7759583],[-111.2064495,45.7756635],[-111.206725,45.7755755],[-111.2075539,45.7755821],[-111.2077291,45.7755821],[-111.208969,45.7755446],[-111.2091441,45.7755462],[-111.210001,45.7755446],[-111.2101832,45.775543],[-111.2120301,45.775543],[-111.2122169,45.775543],[-111.2127446,45.7755462],[-111.2129174,45.7756],[-111.2133751,45.7759224],[-111.2133801,45.7773408],[-111.2128294,45.7777279],[-111.2128306,45.7777809],[-111.2134502,45.7777707],[-111.2134532,45.7780742],[-111.213631,45.7780729],[-111.2136285,45.7777693]]]]}},
{"type":"Feature","properties":{"osm_way_id":"552447456","landuse":"grass"},"geometry":{"type":"MultiPolygon","coordinates":[[[[-111.217186,45.7766723],[-111.2171861,45.7770344],[-111.2171733,45.7771122],[-111.2171075,45.7772923],[-111.2169907,45.7775207],[-111.2169592,45.7776262],[-111.2169488,45.7776968],[-111.216945,45.7780514],[-111.2169352,45.7780622],[-111.216686,45.7780617],[-111.2166783,45.7777649],[-111.216205,45.7777643],[-111.2162059,45.7777318],[-111.216552,45.7774877],[-111.2167446,45.7773813],[-111.2167329,45.7766571],[-111.2171769,45.7766576],[-111.217186,45.7766723]]]]}},
{"type":"Feature","properties":{"osm_way_id":"552447457","landuse":"grass"},"geometry":{"type":"MultiPolygon","coordinates":[[[[-111.2167817,45.7787942],[-111.216781,45.7781809],[-111.2170774,45.7781807],[-111.2170781,45.778794],[-111.2167817,45.7787942]]]]}},
{"type":"Feature","properties":{"osm_way_id":"552447460","landuse":"grass"},"geometry":{"type":"MultiPolygon","coordinates":[[[[-111.2163824,45.7799439],[-111.2163752,45.7796081],[-111.2166068,45.7796056],[-111.216614,45.7799414],[-111.2163824,45.7799439]]]]}},
{"type":"Feature","properties":{"osm_way_id":"552459743","landuse":"recreation_ground"},"geometry":{"type":"MultiPolygon","coordinates":[[[[-111.1800423,45.7900256],[-111.1800411,45.7875358],[-111.1758779,45.7875368],[-111.1758788,45.7892674],[-111.1770708,45.7892671],[-111.179206,45.7892666],[-111.1790344,45.7896108],[-111.1785999,45.790026],[-111.1800423,45.7900256]]]]}},
{"type":"Feature","properties":{"osm_way_id":"552459748","name":"Quinella Park","leisure":"park","other_tags":"\"gnis:feature_id\"=>\"1743544\""},"geometry":{"type":"MultiPolygon","coordinates":[[[[-111.1774751,45.7758855],[-111.1771735,45.7761695],[-111.1770012,45.7760863],[-111.1770384,45.7760504],[-111.1769218,45.7759916],[-111.1769734,45.7759418],[-111.1770605,45.7758582],[-111.1771841,45.7757389],[-111.1774751,45.7758855]]]]}},
{"type":"Feature","properties":{"osm_way_id":"553594078","name":"Memorial Park","leisure":"park","other_tags":"\"addr:city\"=>\"Belgrade\",\"addr:postcode\"=>\"59714\",\"addr:state\"=>\"MT\",\"gnis:feature_id\"=>\"1743541\""},"geometry":{"type":"MultiPolygon","coordinates":[[[[-111.1730127,45.7707271],[-111.1726303,45.7705304],[-111.1730248,45.7701571],[-111.1734073,45.7703539],[-111.1730127,45.7707271]]]]}},
{"type":"Feature","properties":{"osm_way_id":"553845591","name":"Kiwanis Park","leisure":"park","other_tags":"\"addr:city\"=>\"Belgrade\",\"addr:housenumber\"=>\"702\",\"addr:postcode\"=>\"59714\",\"addr:state\"=>\"MT\",\"addr:street\"=>\"Homerun Drive\""},"geometry":{"type":"MultiPolygon","coordinates":[[[[-111.1821905,45.7890613],[-111.1821792,45.7905282],[-111.181807,45.7905268],[-111.181803,45.7910222],[-111.1807601,45.7910181],[-111.1807654,45.7903519],[-111.1803356,45.7903502],[-111.1803456,45.7890544],[-111.1821905,45.7890613]]]]}},
{"type":"Feature","properties":{"osm_way_id":"553866688","barrier":"fence","landuse":"recreation_ground"},"geometry":{"type":"MultiPolygon","coordinates":[[[[-111.1722263,45.7749792],[-111.1722399,45.7746472],[-111.1718214,45.7746388],[-111.1718078,45.7749709],[-111.1722263,45.7749792]]]]}},
{"type":"Feature","properties":{"osm_way_id":"554110345","name":"Gallatin Speedway","landuse":"recreation_ground","sport":"motor"},"geometry":{"type":"MultiPolygon","coordinates":[[[[-111.1441892,45.7856323],[-111.1442207,45.7811531],[-111.1425829,45.7811476],[-111.141989,45.7811456],[-111.1395469,45.7811374],[-111.1395161,45.7856164],[-111.1441892,45.7856323]]]]}},
{"type":"Feature","properties":{"osm_way_id":"557144208","name":"Duck Park","leisure":"park"},"geometry":{"type":"MultiPolygon","coordinates":[[[[-111.0519774,45.6665535],[-111.0515542,45.6666529],[-111.0513289,45.666666],[-111.0511981,45.6666619],[-111.051037,45.666656],[-111.0508246,45.6666453],[-111.0506742,45.6666861],[-111.0506305,45.6666982],[-111.05063,45.6660326],[-111.05198,45.6660158],[-111.0519774,45.6665535]]]]}},
{"type":"Feature","properties":{"osm_way_id":"557496321","landuse":"grass"},"geometry":{"type":"MultiPolygon","coordinates":[[[[-111.1778584,45.7780772],[-111.1779693,45.7779656],[-111.1777867,45.7778772],[-111.1777668,45.7778619],[-111.177756,45.7778468],[-111.1777417,45.777749],[-111.1775759,45.7776635],[-111.1773972,45.7778476],[-111.1778584,45.7780772]]]]}},
{"type":"Feature","properties":{"osm_way_id":"558862896","name":"Elk Grove Park","leisure":"park"},"geometry":{"type":"MultiPolygon","coordinates":[[[[-111.1893601,45.6384965],[-111.1857123,45.6384365],[-111.1855828,45.6390377],[-111.185302,45.6390431],[-111.1851115,45.6390854],[-111.1848003,45.6391379],[-111.1846608,45.6392879],[-111.1853582,45.639903],[-111.1857123,45.6401431],[-111.1864096,45.6402256],[-111.1872465,45.6403531],[-111.1880404,45.6404731],[-111.188534,45.6406231],[-111.1890275,45.6411407],[-111.1891884,45.6417183],[-111.1892742,45.6418983],[-111.1896927,45.6412382],[-111.1897785,45.6396705],[-111.1893923,45.6392954],[-111.1893601,45.6384965]]]]}},
{"type":"Feature","properties":{"osm_way_id":"559212364","landuse":"recreation_ground"},"geometry":{"type":"MultiPolygon","coordinates":[[[[-111.16985,45.7837101],[-111.1699289,45.783481],[-111.1700854,45.7830678],[-111.17034,45.7826803],[-111.1704697,45.7824942],[-111.1704058,45.7824584],[-111.1699091,45.78218],[-111.1699189,45.7825334],[-111.1694258,45.7825401],[-111.1694027,45.7837054],[-111.16985,45.7837101]]]]}},
{"type":"Feature","properties":{"osm_way_id":"559212366","landuse":"grass"},"geometry":{"type":"MultiPolygon","coordinates":[[[[-111.1743375,45.7843602],[-111.1730207,45.7837141],[-111.172974,45.7837564],[-111.1729728,45.7845142],[-111.1730684,45.7845217],[-111.1730826,45.7845223],[-111.1731233,45.784534],[-111.1731667,45.7845587],[-111.1732233,45.784589],[-111.1732728,45.7846056],[-111.1734843,45.7846611],[-111.1735081,45.7846686],[-111.1736873,45.7844879],[-111.1739204,45.7846003],[-111.1740023,45.7845178],[-111.1741462,45.7845872],[-111.1739077,45.7848276],[-111.1739072,45.7848432],[-111.1740227,45.7849106],[-111.1740462,45.7849206],[-111.1740728,45.7849296],[-111.1741078,45.7849358],[-111.1741444,45.7849389],[-111.1742522,45.7849382],[-111.1743568,45.7849375],[-111.1743375,45.7843602]]]]}},
{"type":"Feature","properties":{"osm_way_id":"564430785","landuse":"grass"},"geometry":{"type":"MultiPolygon","coordinates":[[[[-111.0450503,45.6583318],[-111.0447982,45.6580843],[-111.0447338,45.6581452],[-111.044534,45.6580356],[-111.0443797,45.6582062],[-111.0443288,45.6581837],[-111.0442295,45.6582802],[-111.044027,45.6581912],[-111.0438513,45.6583918],[-111.0439358,45.658433],[-111.044821,45.6584283],[-111.0448531,45.6583927],[-111.0449001,45.6583608],[-111.0449671,45.6583383],[-111.0450503,45.6583318]]]]}},
{"type":"Feature","properties":{"osm_way_id":"565108377","landuse":"grass"},"geometry":{"type":"MultiPolygon","coordinates":[[[[-111.0491022,45.6674573],[-111.0490988,45.6673729],[-111.0490579,45.6672417],[-111.0491089,45.6672065],[-111.0491652,45.6671808],[-111.0491875,45.6671932],[-111.0492379,45.6671769],[-111.0492948,45.6671657],[-111.0492913,45.6671433],[-111.0493535,45.6671394],[-111.0494162,45.6671439],[-111.0494118,45.6671585],[-111.0494163,45.6671652],[-111.0494791,45.6671773],[-111.0495311,45.6671972],[-111.0495484,45.6671793],[-111.0496387,45.6672276],[-111.0496829,45.6672811],[-111.0497178,45.6673466],[-111.0497231,45.6674281],[-111.0497043,45.6674347],[-111.049589,45.6674357],[-111.0495836,45.6673804],[-111.0491364,45.6673804],[-111.0491354,45.6674563],[-111.0491022,45.6674573]]]]}},
{"type":"Feature","properties":{"osm_way_id":"565116673","name":"Pelouse du pacmac géant","landuse":"grass"},"geometry":{"type":"MultiPolygon","coordinates":[[[[-111.055308,45.6664319],[-111.055418,45.6664413],[-111.0555226,45.6664694],[-111.0555763,45.66652],[-111.0556058,45.66658],[-111.0556165,45.6666437],[-111.0555977,45.6667093],[-111.0555414,45.6667768],[-111.0554556,45.6668331],[-111.0553965,45.6668649],[-111.0553134,45.6668874],[-111.0552168,45.6668968],[-111.0551766,45.6668874],[-111.0551095,45.6668874],[-111.0550398,45.6668687],[-111.0549593,45.6668199],[-111.0549245,45.6667749],[-111.054903,45.6666981],[-111.0549164,45.666625],[-111.0549647,45.6665519],[-111.0550532,45.6664919],[-111.0551283,45.6664563],[-111.0552142,45.6664319],[-111.055308,45.6664319]]]]}},
{"type":"Feature","properties":{"osm_way_id":"567070867","name":"Cherry River Recreation Area","leisure":"park"},"geometry":{"type":"MultiPolygon","coordinates":[[[[-111.0514122,45.7109884],[-111.0514766,45.7128688],[-111.0510903,45.7131384],[-111.0506843,45.7132411],[-111.0504833,45.7132919],[-111.0502982,45.7133172],[-111.0501328,45.7134044],[-111.0500456,45.7135711],[-111.0501359,45.7136234],[-111.0503112,45.7136479],[-111.0503948,45.7137095],[-111.050511,45.7138202],[-111.0506147,45.7139052],[-111.0506357,45.7140037],[-111.0505638,45.7141216],[-111.0504251,45.7141797],[-111.050346,45.7141816],[-111.0501891,45.7140299],[-111.0500509,45.7138669],[-111.0497036,45.7137817],[-111.0494118,45.7137738],[-111.0491609,45.7138571],[-111.0489397,45.7139783],[-111.0487412,45.7141212],[-111.0488002,45.7142635],[-111.048988,45.7143422],[-111.049106,45.7142673],[-111.0492454,45.7142373],[-111.0493259,45.7142972],[-111.0493903,45.7146119],[-111.049342,45.7146418],[-111.0492079,45.7146418],[-111.0490738,45.7145632],[-111.0485481,45.7142448],[-111.0482369,45.7141474],[-111.0479955,45.7140912],[-111.0478722,45.7140313],[-111.0475288,45.71408],[-111.0472821,45.7141287],[-111.0471211,45.7142598],[-111.0470246,45.7144808],[-111.0470219,45.7147055],[-111.046865,45.7148872],[-111.0467222,45.714993],[-111.0465005,45.7150384],[-111.0463897,45.714945],[-111.0463665,45.7148009],[-111.0464488,45.714667],[-111.046354,45.7144845],[-111.0463594,45.714095],[-111.0462706,45.7113919],[-111.0461663,45.7081915],[-111.0461716,45.7080754],[-111.0463594,45.7080754],[-111.0466652,45.7081765],[-111.047148,45.7085699],[-111.0475932,45.7089182],[-111.0478346,45.7090718],[-111.0514019,45.7109448],[-111.0514122,45.7109884]]]]}},
{"type":"Feature","properties":{"osm_way_id":"567984411","name":"Sculpture Park","leisure":"park","other_tags":"\"check_date\"=>\"2024-06-08\""},"geometry":{"type":"MultiPolygon","coordinates":[[[[-111.0295037,45.6745897],[-111.0292789,45.674774],[-111.029315,45.675475],[-111.0286766,45.6754938],[-111.0286552,45.6757074],[-111.0284782,45.6756999],[-111.0284567,45.6758649],[-111.028446,45.6762659],[-111.0284283,45.6762676],[-111.028049,45.6763034],[-111.0280061,45.6764196],[-111.0280061,45.6770193],[-111.0274804,45.6770155],[-111.0274806,45.6770987],[-111.0273787,45.6771081],[-111.0273626,45.6779139],[-111.0270657,45.677927],[-111.0270358,45.6770831],[-111.0272062,45.6767449],[-111.0274403,45.6762832],[-111.0278562,45.6759354],[-111.028354,45.6753637],[-111.029314,45.6745565],[-111.0295037,45.6745897]]]]}},
{"type":"Feature","properties":{"osm_way_id":"572763671","landuse":"grass"},"geometry":{"type":"MultiPolygon","coordinates":[[[[-111.0525077,45.668644],[-111.0521985,45.6686446],[-111.052198,45.6685044],[-111.0524901,45.6683052],[-111.0525064,45.6683169],[-111.0525077,45.668644]]]]}},
{"type":"Feature","properties":{"osm_way_id":"572763672","landuse":"grass"},"geometry":{"type":"MultiPolygon","coordinates":[[[[-111.0521953,45.6684406],[-111.052198,45.6681595],[-111.0522248,45.6681351],[-111.0526003,45.668137],[-111.0526191,45.6681445],[-111.0526191,45.6681651],[-111.0521953,45.6684406]]]]}},
{"type":"Feature","properties":{"osm_way_id":"572763673","landuse":"grass"},"geometry":{"type":"MultiPolygon","coordinates":[[[[-111.0526245,45.6680548],[-111.0526272,45.6680867],[-111.0526058,45.6681045],[-111.0522799,45.6681045],[-111.0522531,45.6680961],[-111.0522356,45.6680839],[-111.0522356,45.6680642],[-111.0522222,45.6680483],[-111.0522048,45.6680342],[-111.0521981,45.6680117],[-111.0521994,45.6678262],[-111.0522128,45.6678121],[-111.0522343,45.6678102],[-111.0522785,45.6678084],[-111.0526245,45.6680548]]]]}},
{"type":"Feature","properties":{"osm_way_id":"572763674","landuse":"grass"},"geometry":{"type":"MultiPolygon","coordinates":[[[[-111.0523121,45.6677877],[-111.0523872,45.6677362],[-111.0527157,45.6677371],[-111.0528002,45.6677109],[-111.0530698,45.6677109],[-111.0530872,45.6677203],[-111.052654,45.6680352],[-111.0523121,45.6677877]]]]}},
{"type":"Feature","properties":{"osm_way_id":"572763675","landuse":"grass"},"geometry":{"type":"MultiPolygon","coordinates":[[[[-111.0528458,45.6676884],[-111.0527332,45.6676884],[-111.0527278,45.6677034],[-111.0527104,45.6677231],[-111.0522222,45.6677221],[-111.0522075,45.6677128],[-111.0522034,45.6676931],[-111.0522034,45.6673313],[-111.0522101,45.6673182],[-111.052249,45.6672892],[-111.0522678,45.6672648],[-111.0522772,45.6672451],[-111.0522933,45.6672395],[-111.0528364,45.6672451],[-111.0528458,45.6676884]]]]}},
{"type":"Feature","properties":{"osm_way_id":"572763676","landuse":"grass"},"geometry":{"type":"MultiPolygon","coordinates":[[[[-111.0522503,45.6670705],[-111.0522449,45.6670461],[-111.0522798,45.667033],[-111.0529369,45.6670423],[-111.0529369,45.6671192],[-111.0528323,45.6671173],[-111.0528296,45.6672054],[-111.0523066,45.6672092],[-111.0522878,45.6671904],[-111.0522932,45.6671698],[-111.0522851,45.6671229],[-111.0522663,45.6670911],[-111.0522503,45.6670705]]]]}},
{"type":"Feature","properties":{"osm_way_id":"572763677","landuse":"grass"},"geometry":{"type":"MultiPolygon","coordinates":[[[[-111.0536557,45.6675578],[-111.0536598,45.6672354],[-111.0540393,45.6672391],[-111.0542217,45.667346],[-111.054219,45.6675316],[-111.0537362,45.6675391],[-111.0536557,45.6675578]]]]}},
{"type":"Feature","properties":{"osm_way_id":"572763678","landuse":"grass"},"geometry":{"type":"MultiPolygon","coordinates":[[[[-111.0536559,45.6672067],[-111.0536559,45.6670446],[-111.053798,45.6670455],[-111.0538074,45.6669527],[-111.0538999,45.6669546],[-111.0538986,45.6668599],[-111.0538034,45.666859],[-111.0538101,45.6667287],[-111.0540273,45.6668131],[-111.0541266,45.6668824],[-111.0542218,45.6670099],[-111.0542245,45.6671355],[-111.0541695,45.6671326],[-111.0541695,45.6671439],[-111.0540743,45.6672076],[-111.0536559,45.6672067]]]]}},
{"type":"Feature","properties":{"osm_way_id":"572763679","landuse":"grass"},"geometry":{"type":"MultiPolygon","coordinates":[[[[-111.0528819,45.6679139],[-111.0531609,45.6677115],[-111.0534452,45.667719],[-111.0536168,45.6676515],[-111.053759,45.6676178],[-111.0538582,45.667614],[-111.0538475,45.6678952],[-111.0529731,45.6678952],[-111.0528819,45.6679139]]]]}},
{"type":"Feature","properties":{"osm_way_id":"572763680","landuse":"grass"},"geometry":{"type":"MultiPolygon","coordinates":[[[[-111.0533192,45.6667484],[-111.0530497,45.6666256],[-111.0530081,45.6666416],[-111.0530053,45.6667559],[-111.053319,45.6667597],[-111.0533192,45.6667484]]]]}},
{"type":"Feature","properties":{"osm_way_id":"572763681","landuse":"grass"},"geometry":{"type":"MultiPolygon","coordinates":[[[[-111.0530872,45.6666069],[-111.0535298,45.6666069],[-111.0535928,45.666635],[-111.0533353,45.6667203],[-111.0530872,45.6666069]]]]}},
{"type":"Feature","properties":{"osm_way_id":"572763682","landuse":"grass"},"geometry":{"type":"MultiPolygon","coordinates":[[[[-111.0531677,45.6665778],[-111.0533809,45.6664888],[-111.0534896,45.6665769],[-111.0531677,45.6665778]]]]}},
{"type":"Feature","properties":{"osm_way_id":"572763683","landuse":"grass"},"geometry":{"type":"MultiPolygon","coordinates":[[[[-111.0533528,45.6667456],[-111.053629,45.66665],[-111.0537189,45.6666903],[-111.0537189,45.6668281],[-111.0537135,45.6668365],[-111.0536988,45.6668412],[-111.0536296,45.6668418],[-111.0536281,45.6667574],[-111.053353,45.6667597],[-111.0533528,45.6667456]]]]}},
{"type":"Feature","properties":{"osm_way_id":"572763684","landuse":"grass"},"geometry":{"type":"MultiPolygon","coordinates":[[[[-111.0522423,45.6666078],[-111.0523107,45.6666078],[-111.0523107,45.6668759],[-111.0522209,45.6668768],[-111.0522101,45.666874],[-111.0522075,45.6666369],[-111.0522289,45.6666247],[-111.0522423,45.6666078]]]]}},
{"type":"Feature","properties":{"osm_way_id":"572763685","landuse":"grass"},"geometry":{"type":"MultiPolygon","coordinates":[[[[-111.0522075,45.6669199],[-111.0522115,45.6669133],[-111.0523845,45.6669133],[-111.0523845,45.6670052],[-111.0522236,45.6670024],[-111.0522101,45.6669986],[-111.0522048,45.6669911],[-111.0522075,45.6669199]]]]}},
{"type":"Feature","properties":{"osm_way_id":"572763686","landuse":"grass"},"geometry":{"type":"MultiPolygon","coordinates":[[[[-111.0525159,45.6666228],[-111.0525307,45.666605],[-111.0529744,45.6666051],[-111.0529744,45.6666199],[-111.0529423,45.6666199],[-111.0529423,45.6666443],[-111.0525162,45.6666451],[-111.0525159,45.6666228]]]]}},
{"type":"Feature","properties":{"osm_way_id":"572765900","landuse":"grass"},"geometry":{"type":"MultiPolygon","coordinates":[[[[-111.0515424,45.6669334],[-111.0513291,45.6670909],[-111.0513197,45.6671096],[-111.0513278,45.667134],[-111.0513533,45.667149],[-111.0513707,45.6671518],[-111.0516416,45.6671509],[-111.0516443,45.6671246],[-111.0517972,45.6671246],[-111.0518495,45.6671124],[-111.0519031,45.6670787],[-111.0519299,45.6670375],[-111.0519621,45.6669751],[-111.0519648,45.6666335],[-111.0519554,45.666627],[-111.0517569,45.6667713],[-111.051765,45.6668022],[-111.0517864,45.6668069],[-111.0518079,45.6668191],[-111.0518226,45.6668397],[-111.0518267,45.6668688],[-111.0518294,45.6669006],[-111.0518173,45.6669269],[-111.0517918,45.6669466],[-111.0517569,45.6669587],[-111.0517341,45.6669634],[-111.051714,45.6669531],[-111.0517046,45.6669362],[-111.0517046,45.6669278],[-111.0515424,45.6669334]]]]}},
{"type":"Feature","properties":{"osm_way_id":"572765901","landuse":"grass"},"geometry":{"type":"MultiPolygon","coordinates":[[[[-111.0509442,45.6670946],[-111.0509415,45.6671134],[-111.0509509,45.6671349],[-111.0509737,45.667149],[-111.0511213,45.6671527],[-111.0511467,45.6671443],[-111.051419,45.6669419],[-111.0514123,45.6669213],[-111.0514485,45.6668969],[-111.0514753,45.6668978],[-111.0518817,45.6665932],[-111.0518736,45.6665895],[-111.0517006,45.6666354],[-111.0515665,45.6666654],[-111.051419,45.666686],[-111.0513211,45.6666879],[-111.0512245,45.6666832],[-111.0511119,45.6667572],[-111.0511105,45.6667872],[-111.0514391,45.6667929],[-111.0514391,45.6668922],[-111.051368,45.666895],[-111.051368,45.6669109],[-111.051309,45.6669119],[-111.0513063,45.6668959],[-111.0511025,45.6668988],[-111.0511052,45.6669756],[-111.0509442,45.6670946]]]]}},
{"type":"Feature","properties":{"osm_way_id":"572765903","landuse":"grass"},"geometry":{"type":"MultiPolygon","coordinates":[[[[-111.0506103,45.6672137],[-111.0512004,45.6672165],[-111.0512366,45.6672277],[-111.0512527,45.6672493],[-111.0512446,45.6672746],[-111.0512178,45.6672924],[-111.0508959,45.6673824],[-111.050845,45.6673899],[-111.0505929,45.667388],[-111.0505432,45.6673795],[-111.0505245,45.6673617],[-111.0505043,45.6673336],[-111.0504909,45.6673027],[-111.0504963,45.6672652],[-111.0505164,45.667238],[-111.0505553,45.6672202],[-111.0506103,45.6672137]]]]}},
{"type":"Feature","properties":{"osm_way_id":"572765906","landuse":"grass"},"geometry":{"type":"MultiPolygon","coordinates":[[[[-111.0508491,45.6674714],[-111.05085,45.6674117],[-111.0507821,45.6674112],[-111.0507099,45.6674097],[-111.0506438,45.6674077],[-111.0505875,45.6674142],[-111.0505446,45.6674283],[-111.0504655,45.6675042],[-111.0504655,45.6675651],[-111.050562,45.6675651],[-111.0505808,45.6675529],[-111.0506092,45.6675531],[-111.0506105,45.6674697],[-111.0508491,45.6674714]]]]}},
{"type":"Feature","properties":{"osm_way_id":"572765909","landuse":"grass"},"geometry":{"type":"MultiPolygon","coordinates":[[[[-111.0498552,45.6674986],[-111.0498164,45.6674761],[-111.0498029,45.6674508],[-111.0497936,45.6673421],[-111.0498003,45.6673027],[-111.0498271,45.6672699],[-111.0498593,45.6672474],[-111.0499183,45.6672315],[-111.0499344,45.6672127],[-111.0502831,45.6672137],[-111.0503233,45.6672221],[-111.0503649,45.6672427],[-111.0504051,45.6672811],[-111.0504118,45.6673046],[-111.0503823,45.6673524],[-111.0503246,45.6674114],[-111.0502536,45.6674545],[-111.050165,45.6674854],[-111.0500712,45.6674976],[-111.0498552,45.6674986]]]]}},
{"type":"Feature","properties":{"osm_way_id":"572765912","landuse":"grass"},"geometry":{"type":"MultiPolygon","coordinates":[[[[-111.050098,45.6675595],[-111.0501007,45.6675436],[-111.0501168,45.6675304],[-111.050165,45.6675182],[-111.0502187,45.6675051],[-111.0502764,45.6674826],[-111.0503126,45.6674695],[-111.0503582,45.6674639],[-111.0503877,45.6674742],[-111.0504078,45.6674892],[-111.0504158,45.667507],[-111.0504158,45.6675614],[-111.0503795,45.6675612],[-111.050098,45.6675595]]]]}},
{"type":"Feature","properties":{"osm_way_id":"572765913","landuse":"grass"},"geometry":{"type":"MultiPolygon","coordinates":[[[[-111.0500055,45.667567],[-111.0500028,45.6675314],[-111.0498539,45.6675342],[-111.0498378,45.6675492],[-111.0498385,45.6675662],[-111.0500055,45.667567]]]]}},
{"type":"Feature","properties":{"osm_way_id":"572765915","landuse":"grass"},"geometry":{"type":"MultiPolygon","coordinates":[[[[-111.0510113,45.6669466],[-111.0510086,45.6669925],[-111.0508624,45.6671209],[-111.0508383,45.6671359],[-111.0508061,45.6671387],[-111.0507793,45.6671284],[-111.0506787,45.667059],[-111.0506545,45.6670337],[-111.0506519,45.6669063],[-111.0507484,45.6668988],[-111.0507498,45.6666738],[-111.050849,45.6666541],[-111.0508517,45.6669428],[-111.0510113,45.6669466]]]]}},
{"type":"Feature","properties":{"osm_way_id":"572765917","landuse":"grass"},"geometry":{"type":"MultiPolygon","coordinates":[[[[-111.0505687,45.6669325],[-111.0505647,45.6670496],[-111.0505499,45.6670646],[-111.0504292,45.6671415],[-111.0504024,45.6671481],[-111.0503568,45.6671537],[-111.0501074,45.6671546],[-111.0500537,45.6671462],[-111.0500041,45.6671199],[-111.0499585,45.667089],[-111.049929,45.6670496],[-111.0499169,45.6670225],[-111.0499102,45.666955],[-111.0499625,45.666955],[-111.0499612,45.6669288],[-111.0505687,45.6669325]]]]}},
{"type":"Feature","properties":{"osm_way_id":"572765920","landuse":"grass"},"geometry":{"type":"MultiPolygon","coordinates":[[[[-111.0496313,45.6670037],[-111.0497949,45.6670019],[-111.0498231,45.6670122],[-111.0498392,45.66703],[-111.0498392,45.6671237],[-111.0498217,45.6671424],[-111.0497909,45.6671527],[-111.0497533,45.6671518],[-111.0497077,45.6671274],[-111.049701,45.6671068],[-111.0496849,45.6670937],[-111.0496594,45.6670862],[-111.049642,45.6670871],[-111.0496018,45.6670628],[-111.0495897,45.667045],[-111.0495897,45.6670253],[-111.0495991,45.6670093],[-111.0496313,45.6670037]]]]}},
{"type":"Feature","properties":{"osm_way_id":"572765922","landuse":"grass"},"geometry":{"type":"MultiPolygon","coordinates":[[[[-111.049819,45.6669306],[-111.0498204,45.6669662],[-111.0494784,45.6669709],[-111.0494476,45.6669578],[-111.0494315,45.6669409],[-111.0494328,45.6667666],[-111.0494449,45.6667488],[-111.0494677,45.6667394],[-111.0496568,45.6667376],[-111.0496608,45.6667516],[-111.0496769,45.6667526],[-111.0496782,45.6669297],[-111.049819,45.6669306]]]]}},
{"type":"Feature","properties":{"osm_way_id":"572765923","landuse":"grass"},"geometry":{"type":"MultiPolygon","coordinates":[[[[-111.0491686,45.6667432],[-111.0493389,45.6667432],[-111.0493765,45.6667497],[-111.0493859,45.6667666],[-111.0493832,45.6669456],[-111.0493657,45.6669597],[-111.0493362,45.6669709],[-111.0489446,45.6669728],[-111.0489299,45.6669606],[-111.0489326,45.6669353],[-111.0491659,45.6669316],[-111.0491686,45.6667432]]]]}},
{"type":"Feature","properties":{"osm_way_id":"572765925","landuse":"grass"},"geometry":{"type":"MultiPolygon","coordinates":[[[[-111.0488776,45.6670393],[-111.0489701,45.6671359],[-111.0490036,45.6671481],[-111.0490586,45.6671546],[-111.0491015,45.6671396],[-111.049115,45.6671312],[-111.0491136,45.6671124],[-111.0491203,45.6670974],[-111.0491404,45.667089],[-111.0491592,45.6670899],[-111.0492129,45.6670525],[-111.0492169,45.6670328],[-111.0492048,45.6670178],[-111.0491847,45.6670075],[-111.0489178,45.6670065],[-111.0488883,45.6670103],[-111.0488736,45.6670243],[-111.0488776,45.6670393]]]]}},
{"type":"Feature","properties":{"osm_way_id":"572765927","landuse":"grass"},"geometry":{"type":"MultiPolygon","coordinates":[[[[-111.0487046,45.6670384],[-111.0487354,45.6670262],[-111.048773,45.6670234],[-111.0488092,45.6670365],[-111.0488347,45.6670496],[-111.0489138,45.6671312],[-111.0489138,45.6671452],[-111.048899,45.6671518],[-111.0488776,45.6671565],[-111.0486228,45.6671546],[-111.0486,45.6671499],[-111.048596,45.6671387],[-111.0485946,45.6671265],[-111.0487046,45.6670384]]]]}},
{"type":"Feature","properties":{"osm_way_id":"572765929","landuse":"grass"},"geometry":{"type":"MultiPolygon","coordinates":[[[[-111.0486161,45.6670112],[-111.0482701,45.6670131],[-111.0482406,45.6670187],[-111.0482298,45.6670337],[-111.0482271,45.667059],[-111.048321,45.6671284],[-111.0483747,45.6671481],[-111.048435,45.6671574],[-111.0484806,45.6671537],[-111.0485034,45.6671462],[-111.0486523,45.66703],[-111.0486442,45.6670168],[-111.0486161,45.6670112]]]]}},
{"type":"Feature","properties":{"osm_way_id":"572765930","landuse":"grass"},"geometry":{"type":"MultiPolygon","coordinates":[[[[-111.0489138,45.6672914],[-111.0489125,45.6672643],[-111.0488977,45.6672343],[-111.0488695,45.6672193],[-111.0485396,45.6672193],[-111.0485168,45.6672362],[-111.0484954,45.6672661],[-111.0484967,45.6676373],[-111.0485155,45.667686],[-111.0485504,45.6677263],[-111.0486027,45.6677638],[-111.0486563,45.6677863],[-111.0486898,45.6677957],[-111.0488897,45.6677994],[-111.0489138,45.6677825],[-111.0489138,45.6672914]]]]}},
{"type":"Feature","properties":{"osm_way_id":"572765933","landuse":"grass"},"geometry":{"type":"MultiPolygon","coordinates":[[[[-111.0489527,45.6674911],[-111.0489473,45.6672708],[-111.048954,45.6672511],[-111.0489902,45.6672212],[-111.0490104,45.667223],[-111.0490573,45.6673692],[-111.0490559,45.667462],[-111.0490264,45.6674639],[-111.0489916,45.6674705],[-111.0489527,45.6674911]]]]}},
{"type":"Feature","properties":{"osm_way_id":"572765935","landuse":"grass"},"geometry":{"type":"MultiPolygon","coordinates":[[[[-111.0493197,45.6676872],[-111.0493169,45.6677205],[-111.0492804,45.6677316],[-111.0492554,45.6677494],[-111.0492343,45.6677678],[-111.0492266,45.6677851],[-111.0491531,45.6677641],[-111.0490787,45.6677243],[-111.0490131,45.6676705],[-111.0489687,45.6676116],[-111.0489476,45.667574],[-111.0489487,45.6675173],[-111.0489808,45.6674986],[-111.049013,45.6674845],[-111.0490989,45.6674817],[-111.0491056,45.6675857],[-111.0491096,45.6676251],[-111.0491337,45.6676485],[-111.0491552,45.6676551],[-111.0491592,45.6676729],[-111.0493201,45.6676729],[-111.0493197,45.6676872]]]]}},
{"type":"Feature","properties":{"osm_way_id":"572765937","landuse":"grass"},"geometry":{"type":"MultiPolygon","coordinates":[[[[-111.049756,45.667666],[-111.0497573,45.6677863],[-111.0497278,45.6678003],[-111.0495568,45.6677993],[-111.0496297,45.6677655],[-111.0496894,45.6677271],[-111.049729,45.6676938],[-111.049756,45.667666]]]]}},
{"type":"Feature","properties":{"osm_way_id":"572765939","landuse":"grass"},"geometry":{"type":"MultiPolygon","coordinates":[[[[-111.0489487,45.6679522],[-111.0489487,45.667836],[-111.0489661,45.6678219],[-111.0492293,45.6678229],[-111.0492331,45.667845],[-111.0492424,45.6678589],[-111.048991,45.6679664],[-111.0489688,45.6679697],[-111.0489514,45.6679641],[-111.0489487,45.6679522]]]]}},
{"type":"Feature","properties":{"osm_way_id":"572765941","landuse":"grass"},"geometry":{"type":"MultiPolygon","coordinates":[[[[-111.0492447,45.6678821],[-111.0489916,45.6679864],[-111.0489795,45.6679986],[-111.0489835,45.6680154],[-111.049296,45.6683153],[-111.0493094,45.6683228],[-111.0493242,45.6683181],[-111.0493269,45.6683078],[-111.0493269,45.6680301],[-111.0492452,45.6680197],[-111.0492447,45.6678821]]]]}},
{"type":"Feature","properties":{"osm_way_id":"572765942","landuse":"grass"},"geometry":{"type":"MultiPolygon","coordinates":[[[[-111.0493833,45.6680303],[-111.0494636,45.6680185],[-111.0494617,45.6678224],[-111.0496554,45.6678214],[-111.0496903,45.6678327],[-111.0497091,45.6678495],[-111.0497225,45.6678711],[-111.0497225,45.6678964],[-111.0497158,45.6679114],[-111.0496246,45.6680529],[-111.0496018,45.6681185],[-111.0495897,45.6681832],[-111.049587,45.6682394],[-111.049575,45.6682582],[-111.0494073,45.6683519],[-111.0493872,45.6683481],[-111.0493818,45.6683359],[-111.0493833,45.6680303]]]]}},
{"type":"Feature","properties":{"osm_way_id":"572765945","landuse":"grass"},"geometry":{"type":"MultiPolygon","coordinates":[[[[-111.0496474,45.6681504],[-111.0496662,45.6680717],[-111.0497828,45.6678945],[-111.0497962,45.6678955],[-111.0498378,45.6679545],[-111.0498982,45.6679817],[-111.0499008,45.6680154],[-111.0498512,45.6680154],[-111.0498472,45.6681251],[-111.049815,45.6681251],[-111.0497989,45.6681316],[-111.0497681,45.6681363],[-111.0497359,45.6681513],[-111.0496997,45.6681626],[-111.0496662,45.6681672],[-111.0496474,45.6681654],[-111.0496474,45.6681504]]]]}},
{"type":"Feature","properties":{"osm_way_id":"572765947","landuse":"grass"},"geometry":{"type":"MultiPolygon","coordinates":[[[[-111.0496742,45.6667015],[-111.0494744,45.6667034],[-111.0494462,45.6666968],[-111.0494328,45.666679],[-111.0494341,45.6664812],[-111.0494556,45.6664559],[-111.0494905,45.6664437],[-111.0496729,45.6664437],[-111.0496742,45.6667015]]]]}},
{"type":"Feature","properties":{"osm_way_id":"572765950","landuse":"grass"},"geometry":{"type":"MultiPolygon","coordinates":[[[[-111.0493859,45.666678],[-111.0493845,45.6664747],[-111.0493751,45.6664522],[-111.0493523,45.6664391],[-111.049245,45.6664231],[-111.0491083,45.6663922],[-111.0490157,45.6663735],[-111.0489406,45.6663772],[-111.0491512,45.6664203],[-111.0491592,45.6667043],[-111.0493577,45.6667043],[-111.0493792,45.666694],[-111.0493859,45.666678]]]]}},
{"type":"Feature","properties":{"osm_way_id":"572765952","landuse":"grass"},"geometry":{"type":"MultiPolygon","coordinates":[[[[-111.0501208,45.6663622],[-111.0500752,45.6663922],[-111.0500283,45.6664156],[-111.0494449,45.6664166],[-111.0494221,45.6663969],[-111.0494194,45.6662779],[-111.0494382,45.6662638],[-111.0494408,45.6662507],[-111.0494207,45.6662376],[-111.0494234,45.666126],[-111.0494408,45.666066],[-111.0494221,45.6660014],[-111.0494261,45.6656565],[-111.049473,45.6656227],[-111.0495951,45.6656227],[-111.0496407,45.6656321],[-111.0496983,45.665648],[-111.0498499,45.6657146],[-111.0499411,45.6657811],[-111.050035,45.6658674],[-111.0500779,45.6659367],[-111.050106,45.6660033],[-111.0501248,45.6660914],[-111.0501208,45.6663622]]]]}},
{"type":"Feature","properties":{"osm_way_id":"572765954","landuse":"grass"},"geometry":{"type":"MultiPolygon","coordinates":[[[[-111.0493872,45.6663885],[-111.0493671,45.6664128],[-111.0493376,45.6664109],[-111.0492062,45.6663903],[-111.048999,45.6663383],[-111.0488132,45.6662732],[-111.0487596,45.6662469],[-111.0487207,45.6662216],[-111.0486885,45.6661879],[-111.0486912,45.6660642],[-111.0486979,45.6660314],[-111.0487529,45.6659133],[-111.0488119,45.6658402],[-111.0488803,45.6657793],[-111.0489634,45.6657193],[-111.049233,45.6656246],[-111.0493389,45.6656218],[-111.0493899,45.6656546],[-111.0493899,45.6660051],[-111.0493684,45.666067],[-111.0493926,45.666126],[-111.0493872,45.6663885]]]]}},
{"type":"Feature","properties":{"osm_way_id":"572765958","landuse":"grass"},"geometry":{"type":"MultiPolygon","coordinates":[[[[-111.048596,45.666381],[-111.048596,45.6662919],[-111.0487877,45.666291],[-111.0489487,45.6663491],[-111.0489353,45.6663566],[-111.048596,45.666381]]]]}},
{"type":"Feature","properties":{"osm_way_id":"572765963","landuse":"grass"},"geometry":{"type":"MultiPolygon","coordinates":[[[[-111.0501141,45.6664784],[-111.0501503,45.6664803],[-111.0501717,45.6665787],[-111.0502026,45.6666621],[-111.0502254,45.6666987],[-111.0502334,45.6667118],[-111.0502469,45.6667127],[-111.0502482,45.6667221],[-111.0501221,45.6667202],[-111.0501141,45.6664784]]]]}},
{"type":"Feature","properties":{"osm_way_id":"572765964","landuse":"grass"},"geometry":{"type":"MultiPolygon","coordinates":[[[[-111.0501597,45.6660989],[-111.0501597,45.6660707],[-111.0501543,45.6660464],[-111.0501422,45.6660229],[-111.0502455,45.6660314],[-111.0502482,45.6660389],[-111.0501597,45.6660989]]]]}},
{"type":"Feature","properties":{"osm_way_id":"572765965","landuse":"grass"},"geometry":{"type":"MultiPolygon","coordinates":[[[[-111.0501583,45.6661317],[-111.0503193,45.6660183],[-111.0503407,45.6660117],[-111.0505727,45.6660398],[-111.0501744,45.6663219],[-111.0501583,45.6663238],[-111.0501583,45.6661317]]]]}},
{"type":"Feature","properties":{"osm_way_id":"572765966","landuse":"grass"},"geometry":{"type":"MultiPolygon","coordinates":[[[[-111.0508691,45.6658664],[-111.0505875,45.6658749],[-111.0505821,45.6658046],[-111.0503112,45.6657521],[-111.0503193,45.6659751],[-111.0503246,45.6659826],[-111.0503367,45.6659901],[-111.0505647,45.6660201],[-111.0505727,45.6659976],[-111.0506049,45.665977],[-111.0506317,45.6659723],[-111.0506425,45.6659573],[-111.050672,45.6659358],[-111.0507109,45.6659161],[-111.0508705,45.6658842],[-111.0508691,45.6658664]]]]}},
{"type":"Feature","properties":{"osm_way_id":"572765967","landuse":"grass"},"geometry":{"type":"MultiPolygon","coordinates":[[[[-111.0498673,45.6656912],[-111.0499545,45.6656734],[-111.0500229,45.6656668],[-111.0501262,45.6656677],[-111.0501288,45.6657549],[-111.050271,45.6657558],[-111.0502804,45.6660004],[-111.0502777,45.6660089],[-111.050267,45.6660145],[-111.0501382,45.6660033],[-111.0501221,45.6659695],[-111.0500966,45.665918],[-111.0500698,45.665872],[-111.0499934,45.6657933],[-111.0499236,45.6657343],[-111.0498673,45.6656912]]]]}},
{"type":"Feature","properties":{"osm_way_id":"572765968","landuse":"grass"},"geometry":{"type":"MultiPolygon","coordinates":[[[[-111.0498083,45.6656696],[-111.0496633,45.6656079],[-111.0497453,45.665559],[-111.0498083,45.6656696]]]]}},
{"type":"Feature","properties":{"osm_way_id":"572765969","landuse":"grass"},"geometry":{"type":"MultiPolygon","coordinates":[[[[-111.0498459,45.6656668],[-111.0497909,45.6655703],[-111.049807,45.6655431],[-111.0498593,45.6655018],[-111.0499143,45.6654597],[-111.0499666,45.6654297],[-111.0499974,45.6656387],[-111.0498459,45.6656668]]]]}},
{"type":"Feature","properties":{"osm_way_id":"572766924","landuse":"grass"},"geometry":{"type":"MultiPolygon","coordinates":[[[[-111.0489055,45.6680283],[-111.0489511,45.6680349],[-111.048982,45.6680536],[-111.0493052,45.6683685],[-111.0493092,45.6684041],[-111.0491523,45.6684941],[-111.0491335,45.6684932],[-111.0491161,45.668481],[-111.0491174,45.6684285],[-111.0489082,45.6684229],[-111.0489055,45.6680283]]]]}},
{"type":"Feature","properties":{"osm_way_id":"572766925","landuse":"grass"},"geometry":{"type":"MultiPolygon","coordinates":[[[[-111.0493105,45.6684547],[-111.0491764,45.6685297],[-111.0491805,45.6686422],[-111.0489645,45.6686497],[-111.0488948,45.6686872],[-111.0491892,45.668686],[-111.0492589,45.6686858],[-111.0492596,45.6686459],[-111.0493092,45.6686469],[-111.0493086,45.6686072],[-111.0493079,45.6685635],[-111.0493246,45.6685503],[-111.0493246,45.668459],[-111.0493213,45.6684529],[-111.0493105,45.6684547]]]]}},
{"type":"Feature","properties":{"osm_way_id":"572766927","landuse":"grass"},"geometry":{"type":"MultiPolygon","coordinates":[[[[-111.0493816,45.6684697],[-111.049395,45.6684651],[-111.0497611,45.6686028],[-111.0499046,45.6686759],[-111.0498912,45.6686769],[-111.04945,45.6686853],[-111.0494487,45.6686487],[-111.0494031,45.6686478],[-111.0494031,45.6685663],[-111.0493789,45.6685494],[-111.0493816,45.6684697]]]]}},
{"type":"Feature","properties":{"osm_way_id":"572766928","landuse":"grass"},"geometry":{"type":"MultiPolygon","coordinates":[[[[-111.0493803,45.6689365],[-111.0493789,45.6687931],[-111.0493843,45.6687781],[-111.0493977,45.6687659],[-111.0494205,45.6687903],[-111.0494648,45.6687743],[-111.0495037,45.6687481],[-111.0495265,45.6687059],[-111.0496284,45.6687022],[-111.0497665,45.6689102],[-111.0497182,45.668929],[-111.0496673,45.6689618],[-111.0496324,45.6689917],[-111.0496203,45.6690105],[-111.0493883,45.6689486],[-111.0493803,45.6689365]]]]}},
{"type":"Feature","properties":{"osm_way_id":"572766929","landuse":"grass"},"geometry":{"type":"MultiPolygon","coordinates":[[[[-111.049383,45.6684041],[-111.0495238,45.6683217],[-111.0497571,45.6683648],[-111.0498108,45.6683685],[-111.0504304,45.6683713],[-111.0505685,45.6683179],[-111.0506369,45.6683348],[-111.0506463,45.6684651],[-111.0506744,45.6685841],[-111.050708,45.6686703],[-111.0506959,45.6686792],[-111.049965,45.6686806],[-111.0497732,45.668585],[-111.0494876,45.6684763],[-111.0493964,45.6684444],[-111.049383,45.6684294],[-111.049383,45.6684041]]]]}},
{"type":"Feature","properties":{"osm_way_id":"572766930","landuse":"grass"},"geometry":{"type":"MultiPolygon","coordinates":[[[[-111.0507683,45.6690583],[-111.0505122,45.6690592],[-111.0504947,45.6690489],[-111.0504934,45.6687125],[-111.0505122,45.6686994],[-111.050716,45.6687012],[-111.0507925,45.6688512],[-111.0508193,45.6689252],[-111.0508287,45.668988],[-111.0507683,45.6690583]]]]}},
{"type":"Feature","properties":{"osm_way_id":"572766931","landuse":"grass"},"geometry":{"type":"MultiPolygon","coordinates":[[[[-111.0507589,45.6687087],[-111.0507656,45.6687022],[-111.0511157,45.668704],[-111.0511344,45.6687134],[-111.0511318,45.6688999],[-111.0511251,45.6689252],[-111.0511049,45.6689374],[-111.0508971,45.6690171],[-111.0508595,45.6689871],[-111.0508528,45.6689477],[-111.0508407,45.6688924],[-111.050826,45.6688465],[-111.0507589,45.6687087]]]]}},
{"type":"Feature","properties":{"osm_way_id":"572766932","landuse":"grass"},"geometry":{"type":"MultiPolygon","coordinates":[[[[-111.0507402,45.6686731],[-111.0507066,45.6685738],[-111.0506811,45.6684679],[-111.0506691,45.6683376],[-111.0506959,45.6682945],[-111.0507616,45.668272],[-111.0507858,45.6683048],[-111.0508823,45.6682757],[-111.0511023,45.6683451],[-111.0511331,45.6683451],[-111.0511331,45.6686712],[-111.051121,45.6686815],[-111.0507522,45.6686797],[-111.0507402,45.6686731]]]]}},
{"type":"Feature","properties":{"osm_way_id":"572766933","landuse":"grass"},"geometry":{"type":"MultiPolygon","coordinates":[[[[-111.0466993,45.6656203],[-111.0466671,45.6655922],[-111.0466537,45.6655303],[-111.0466751,45.6654479],[-111.0467395,45.6653823],[-111.0468173,45.6653354],[-111.0469595,45.6652754],[-111.0469916,45.665267],[-111.0469943,45.6655505],[-111.046989,45.6655723],[-111.0469675,45.6655866],[-111.0467945,45.6656344],[-111.0467462,45.6656344],[-111.0466993,45.6656203]]]]}},
{"type":"Feature","properties":{"osm_way_id":"572766934","landuse":"grass"},"geometry":{"type":"MultiPolygon","coordinates":[[[[-111.0464687,45.6652926],[-111.0465264,45.6652945],[-111.0465814,45.6653114],[-111.0466216,45.6653432],[-111.0466391,45.6653798],[-111.0466391,45.6654154],[-111.0466176,45.6654641],[-111.0466082,45.6655082],[-111.0466028,45.665556],[-111.0466189,45.6655982],[-111.0466431,45.6656422],[-111.0466619,45.6656666],[-111.0466484,45.665676],[-111.0465988,45.6656891],[-111.04658,45.6656863],[-111.0465546,45.6656535],[-111.0465184,45.6656066],[-111.0464526,45.6655457],[-111.0463842,45.6655054],[-111.0462877,45.6654623],[-111.0461858,45.6654323],[-111.046104,45.6654173],[-111.0460731,45.665407],[-111.0460637,45.6653873],[-111.0460637,45.6653254],[-111.0460771,45.6653057],[-111.046108,45.6652926],[-111.0464687,45.6652926]]]]}},
{"type":"Feature","properties":{"osm_way_id":"572766935","landuse":"grass"},"geometry":{"type":"MultiPolygon","coordinates":[[[[-111.046348,45.6648081],[-111.0465787,45.6648006],[-111.04658,45.6650996],[-111.046108,45.6651164],[-111.0460852,45.6651033],[-111.0460879,45.6649496],[-111.0460972,45.6649065],[-111.0461187,45.6649055],[-111.046121,45.6648786],[-111.046318,45.6648776],[-111.0463199,45.6648203],[-111.046348,45.6648081]]]]}},
{"type":"Feature","properties":{"osm_way_id":"572766936","landuse":"grass"},"geometry":{"type":"MultiPolygon","coordinates":[[[[-111.0467351,45.665335],[-111.0467392,45.6653254],[-111.0467385,45.6653155],[-111.046733,45.6653063],[-111.0467234,45.6652989],[-111.0467109,45.6652942],[-111.0466968,45.6652927],[-111.0466838,45.6652943],[-111.0466723,45.6652986],[-111.0466632,45.6653053],[-111.0466575,45.6653135],[-111.0466558,45.6653226],[-111.0466581,45.6653317],[-111.0466644,45.6653397],[-111.0466739,45.665346],[-111.0466869,45.6653502],[-111.0467011,45.6653511],[-111.0467149,45.6653486],[-111.0467267,45.665343],[-111.0467351,45.665335]]]]}},
{"type":"Feature","properties":{"osm_way_id":"572766937","landuse":"grass"},"geometry":{"type":"MultiPolygon","coordinates":[[[[-111.0479775,45.6652654],[-111.0479788,45.665421],[-111.0479668,45.6654445],[-111.0479413,45.6654585],[-111.0479212,45.665466],[-111.0477186,45.665466],[-111.0471943,45.665467],[-111.0471648,45.6654566],[-111.0471487,45.6654388],[-111.0471447,45.6652673],[-111.0479775,45.6652654]]]]}},
{"type":"Feature","properties":{"osm_way_id":"572766939","landuse":"grass"},"geometry":{"type":"MultiPolygon","coordinates":[[[[-111.0483763,45.6655456],[-111.0485877,45.6654313],[-111.0486638,45.6654298],[-111.0486705,45.6655903],[-111.0485595,45.6655925],[-111.0485381,45.6655691],[-111.0484013,45.6655682],[-111.0483763,45.6655456]]]]}},
{"type":"Feature","properties":{"osm_way_id":"572766940","landuse":"grass"},"geometry":{"type":"MultiPolygon","coordinates":[[[[-111.0486923,45.6656103],[-111.0490101,45.6656103],[-111.0489887,45.6656403],[-111.0489538,45.6656891],[-111.0489109,45.6657256],[-111.0488519,45.6657622],[-111.0488009,45.6658044],[-111.0487513,45.6658578],[-111.0486909,45.6659609],[-111.0486923,45.6656103]]]]}},
{"type":"Feature","properties":{"osm_way_id":"572766941","landuse":"grass"},"geometry":{"type":"MultiPolygon","coordinates":[[[[-111.0486936,45.6655944],[-111.0486923,45.6654641],[-111.0487513,45.6654716],[-111.0488344,45.6654173],[-111.048809,45.6653929],[-111.0488058,45.6653563],[-111.0488023,45.665317],[-111.0489109,45.6652598],[-111.0490383,45.6652608],[-111.0490383,45.6655729],[-111.0490302,45.6655869],[-111.0490101,45.6655944],[-111.0486936,45.6655944]]]]}},
{"type":"Feature","properties":{"osm_way_id":"572766942","landuse":"grass"},"geometry":{"type":"MultiPolygon","coordinates":[[[[-111.0489846,45.6656853],[-111.0490343,45.6656103],[-111.0492006,45.6656122],[-111.0491469,45.6656253],[-111.0490906,45.6656403],[-111.049037,45.6656619],[-111.0489846,45.6656853]]]]}},
{"type":"Feature","properties":{"osm_way_id":"572863579","landuse":"grass"},"geometry":{"type":"MultiPolygon","coordinates":[[[[-111.0466406,45.6667942],[-111.0470349,45.6667858],[-111.0470349,45.6668936],[-111.0476196,45.6668804],[-111.0476223,45.6671579],[-111.046992,45.6671597],[-111.0469223,45.6671485],[-111.0468525,45.667126],[-111.0467694,45.6670848],[-111.0467104,45.6670473],[-111.0466621,45.6669892],[-111.0466433,45.6669367],[-111.0466406,45.6667942]]]]}},
{"type":"Feature","properties":{"osm_way_id":"572863580","landuse":"grass"},"geometry":{"type":"MultiPolygon","coordinates":[[[[-111.0476962,45.6671619],[-111.0476882,45.6670392],[-111.0476976,45.6670214],[-111.0477123,45.667012],[-111.0477378,45.6670101],[-111.0480114,45.6670111],[-111.0480328,45.6670214],[-111.0480436,45.6670317],[-111.0480476,45.6670457],[-111.0480449,45.6670598],[-111.0480167,45.6670851],[-111.047951,45.667132],[-111.0478987,45.6671498],[-111.0478504,45.6671601],[-111.0477914,45.6671619],[-111.0476962,45.6671619]]]]}},
{"type":"Feature","properties":{"osm_way_id":"572863581","landuse":"grass"},"geometry":{"type":"MultiPolygon","coordinates":[[[[-111.0476892,45.6669058],[-111.0476908,45.6669614],[-111.0477351,45.6669773],[-111.0479859,45.6669754],[-111.0480382,45.6669651],[-111.0480784,45.6669314],[-111.0480695,45.6668557],[-111.0480523,45.6668566],[-111.0480522,45.66687],[-111.0477299,45.6668714],[-111.0477298,45.6669056],[-111.0476892,45.6669058]]]]}},
{"type":"Feature","properties":{"osm_way_id":"572863582","landuse":"grass"},"geometry":{"type":"MultiPolygon","coordinates":[[[[-111.0466434,45.6667552],[-111.0466394,45.6666549],[-111.0468942,45.666654],[-111.0469076,45.6666587],[-111.0469894,45.6667336],[-111.0469881,45.666744],[-111.046972,45.6667505],[-111.0466434,45.6667552]]]]}},
{"type":"Feature","properties":{"osm_way_id":"572863583","landuse":"grass"},"geometry":{"type":"MultiPolygon","coordinates":[[[[-111.0465623,45.6668288],[-111.0464597,45.6668301],[-111.0464569,45.6667242],[-111.0465595,45.6667229],[-111.0465623,45.6668288]]]]}},
{"type":"Feature","properties":{"osm_way_id":"572863584","landuse":"grass"},"geometry":{"type":"MultiPolygon","coordinates":[[[[-111.0466408,45.6666305],[-111.0466421,45.6663972],[-111.0466528,45.6663906],[-111.0466689,45.6663934],[-111.046858,45.6666052],[-111.0468553,45.6666202],[-111.0468366,45.6666305],[-111.0466408,45.6666305]]]]}},
{"type":"Feature","properties":{"osm_way_id":"572863585","landuse":"grass"},"geometry":{"type":"MultiPolygon","coordinates":[[[[-111.0466917,45.6663484],[-111.0468969,45.6663466],[-111.0469036,45.6665649],[-111.0468607,45.6665631],[-111.0466864,45.6663691],[-111.046681,45.6663559],[-111.0466917,45.6663484]]]]}},
{"type":"Feature","properties":{"osm_way_id":"572863586","landuse":"grass"},"geometry":{"type":"MultiPolygon","coordinates":[[[[-111.0465616,45.6664806],[-111.0465643,45.6665902],[-111.0464946,45.6665443],[-111.0464879,45.666534],[-111.0464932,45.6665265],[-111.0465616,45.6664806]]]]}},
{"type":"Feature","properties":{"osm_way_id":"572863587","landuse":"grass"},"geometry":{"type":"MultiPolygon","coordinates":[[[[-111.046449,45.6665574],[-111.0463605,45.6666202],[-111.0463806,45.6666193],[-111.0464302,45.6666334],[-111.0465522,45.6666315],[-111.046559,45.6666109],[-111.0464812,45.6665593],[-111.0464637,45.6665518],[-111.046449,45.6665574]]]]}},
{"type":"Feature","properties":{"osm_way_id":"572863588","landuse":"grass"},"geometry":{"type":"MultiPolygon","coordinates":[[[[-111.0465616,45.6664403],[-111.0463484,45.6664412],[-111.046449,45.6665125],[-111.0464624,45.6665171],[-111.0464758,45.6665115],[-111.046559,45.6664525],[-111.0465616,45.6664403]]]]}},
{"type":"Feature","properties":{"osm_way_id":"572863589","landuse":"grass"},"geometry":{"type":"MultiPolygon","coordinates":[[[[-111.0468439,45.6661099],[-111.046748,45.6661085],[-111.0467266,45.6661188],[-111.0467279,45.6661395],[-111.0467427,45.6661516],[-111.0467669,45.666208],[-111.0467535,45.6662535],[-111.0467132,45.6662854],[-111.0466871,45.6662971],[-111.0466851,45.6663107],[-111.0466971,45.6663186],[-111.0468623,45.6662945],[-111.0468439,45.6661099]]]]}},
{"type":"Feature","properties":{"osm_way_id":"572863590","landuse":"grass"},"geometry":{"type":"MultiPolygon","coordinates":[[[[-111.0462988,45.6662933],[-111.0463015,45.6663074],[-111.0463123,45.6663238],[-111.0463431,45.6663378],[-111.0465067,45.6663411],[-111.0465335,45.6663308],[-111.0465543,45.6663111],[-111.0465617,45.6662835],[-111.0465503,45.6662601],[-111.0465282,45.6662441],[-111.0464953,45.6662413],[-111.0464953,45.6662919],[-111.0462988,45.6662933]]]]}},
{"type":"Feature","properties":{"osm_way_id":"572863591","landuse":"grass"},"geometry":{"type":"MultiPolygon","coordinates":[[[[-111.046844,45.6660834],[-111.0467515,45.6660825],[-111.046734,45.6660745],[-111.0467233,45.66606],[-111.04673,45.6660412],[-111.0467381,45.66603],[-111.0467582,45.6660276],[-111.046787,45.6660281],[-111.0467917,45.6660229],[-111.0470579,45.6660239],[-111.0470579,45.6660379],[-111.046846,45.6660398],[-111.046844,45.6660834]]]]}},
{"type":"Feature","properties":{"osm_way_id":"572863592","landuse":"grass"},"geometry":{"type":"MultiPolygon","coordinates":[[[[-111.0465577,45.6661738],[-111.0465557,45.6660679],[-111.0466086,45.6660042],[-111.0466482,45.665917],[-111.046667,45.6659255],[-111.0466784,45.6659381],[-111.0466884,45.6659541],[-111.0466871,45.6659733],[-111.0466415,45.6660562],[-111.0466294,45.6660853],[-111.0466153,45.6661345],[-111.046606,45.6661598],[-111.0465939,45.6661724],[-111.0465771,45.6661752],[-111.0465577,45.6661738]]]]}},
{"type":"Feature","properties":{"osm_way_id":"572863593","landuse":"grass"},"geometry":{"type":"MultiPolygon","coordinates":[[[[-111.0467782,45.6660026],[-111.0467366,45.6660017],[-111.0467299,45.6659932],[-111.0467487,45.6659417],[-111.0467581,45.6658864],[-111.0467568,45.6658302],[-111.0467474,45.665758],[-111.0467353,45.665713],[-111.0467407,45.6656915],[-111.0467594,45.6656718],[-111.0468198,45.6656558],[-111.0468359,45.665698],[-111.0468721,45.6657355],[-111.0468922,45.6657824],[-111.0468801,45.6658386],[-111.0468171,45.6659051],[-111.0467863,45.6659314],[-111.0467782,45.6660026]]]]}},
{"type":"Feature","properties":{"osm_way_id":"572863594","landuse":"grass"},"geometry":{"type":"MultiPolygon","coordinates":[[[[-111.0465718,45.6658566],[-111.0465751,45.6658111],[-111.0466891,45.6658036],[-111.0467018,45.6658074],[-111.0467065,45.6658144],[-111.0467085,45.6658608],[-111.0466985,45.6658749],[-111.0466777,45.6658856],[-111.0466422,45.6658861],[-111.0465718,45.6658566]]]]}},
{"type":"Feature","properties":{"osm_way_id":"572863595","landuse":"grass"},"geometry":{"type":"MultiPolygon","coordinates":[[[[-111.047257,45.6657992],[-111.047253,45.6656184],[-111.0477076,45.6656165],[-111.0478632,45.6657186],[-111.0476526,45.6657205],[-111.0476499,45.6658264],[-111.0474099,45.6658245],[-111.0474018,45.6657871],[-111.0473723,45.6657767],[-111.047257,45.6657992]]]]}},
{"type":"Feature","properties":{"osm_way_id":"572863596","landuse":"grass"},"geometry":{"type":"MultiPolygon","coordinates":[[[[-111.0460621,45.665101],[-111.0460554,45.6649482],[-111.0459628,45.6649473],[-111.0458904,45.6648948],[-111.045885,45.664848],[-111.0457067,45.6648489],[-111.0457067,45.6648864],[-111.0456262,45.6648901],[-111.0456276,45.664683],[-111.0455283,45.664683],[-111.045527,45.6647927],[-111.045527,45.664818],[-111.0454841,45.6649154],[-111.0454854,45.6651357],[-111.0460406,45.6651188],[-111.0460621,45.665101]]]]}},
{"type":"Feature","properties":{"osm_way_id":"572863597","landuse":"grass"},"geometry":{"type":"MultiPolygon","coordinates":[[[[-111.0465905,45.6647589],[-111.0463263,45.6647599],[-111.0463316,45.6642397],[-111.0463772,45.6642387],[-111.0464014,45.6642622],[-111.0464456,45.6642922],[-111.0464859,45.6643053],[-111.0465395,45.6643147],[-111.0465797,45.6643128],[-111.0465905,45.6647589]]]]}},
{"type":"Feature","properties":{"osm_way_id":"572863598","landuse":"grass"},"geometry":{"type":"MultiPolygon","coordinates":[[[[-111.046579,45.6642676],[-111.04652,45.6642676],[-111.0464838,45.6642545],[-111.0464462,45.664233],[-111.0464275,45.6642001],[-111.0464141,45.6637774],[-111.0464315,45.6637475],[-111.0464677,45.6637259],[-111.0465026,45.6637165],[-111.0465535,45.6637165],[-111.0465817,45.6637156],[-111.046579,45.6642676]]]]}},
{"type":"Feature","properties":{"osm_way_id":"572863599","landuse":"grass"},"geometry":{"type":"MultiPolygon","coordinates":[[[[-111.0455423,45.6654064],[-111.045545,45.6653005],[-111.0459822,45.6652958],[-111.0460064,45.665307],[-111.0460225,45.665322],[-111.0460251,45.6653914],[-111.0456268,45.6653904],[-111.0456228,45.6654073],[-111.0455423,45.6654064]]]]}},
{"type":"Feature","properties":{"osm_way_id":"572863600","landuse":"grass"},"geometry":{"type":"MultiPolygon","coordinates":[[[[-111.0455395,45.6656811],[-111.0455405,45.6655063],[-111.0456217,45.6655065],[-111.0456208,45.6656533],[-111.0456059,45.6656533],[-111.0456058,45.6656813],[-111.0455395,45.6656811]]]]}},
{"type":"Feature","properties":{"osm_way_id":"572863601","landuse":"grass"},"geometry":{"type":"MultiPolygon","coordinates":[[[[-111.0455423,45.6657222],[-111.045608,45.6657213],[-111.045608,45.6657747],[-111.0456188,45.6657775],[-111.0456174,45.6658487],[-111.0458535,45.6658516],[-111.0458548,45.6658919],[-111.0455383,45.6658928],[-111.0455423,45.6657222]]]]}},
{"type":"Feature","properties":{"osm_way_id":"572863602","landuse":"grass"},"geometry":{"type":"MultiPolygon","coordinates":[[[[-111.0455423,45.6659753],[-111.0456054,45.6659743],[-111.0456376,45.6659828],[-111.0456469,45.6660062],[-111.0456429,45.6663117],[-111.0456268,45.6663267],[-111.0456027,45.6663305],[-111.045537,45.6663286],[-111.0455423,45.6659753]]]]}},
{"type":"Feature","properties":{"osm_way_id":"572863603","landuse":"grass"},"geometry":{"type":"MultiPolygon","coordinates":[[[[-111.0455398,45.6666962],[-111.0456594,45.6666967],[-111.0456569,45.6669682],[-111.0458419,45.6669691],[-111.045842,45.666956],[-111.0460008,45.6669567],[-111.0460001,45.6670393],[-111.0455368,45.6670373],[-111.0455398,45.6666962]]]]}},
{"type":"Feature","properties":{"osm_way_id":"572863605","landuse":"grass"},"geometry":{"type":"MultiPolygon","coordinates":[[[[-111.0461177,45.6670334],[-111.0461177,45.6669415],[-111.0462786,45.6669406],[-111.0462826,45.6669603],[-111.0464529,45.6669631],[-111.0464583,45.6668553],[-111.0465589,45.6668525],[-111.0465602,45.6668947],[-111.0465508,45.6669434],[-111.0465307,45.6669837],[-111.0464798,45.6670165],[-111.0464248,45.6670324],[-111.0461177,45.6670334]]]]}},
{"type":"Feature","properties":{"osm_way_id":"572863607","landuse":"grass"},"geometry":{"type":"MultiPolygon","coordinates":[[[[-111.0466742,45.6674954],[-111.0466407,45.6674832],[-111.0466487,45.6674476],[-111.0466783,45.6673895],[-111.0467399,45.6673239],[-111.046811,45.6672836],[-111.0468419,45.6672667],[-111.0468673,45.6672714],[-111.0468875,45.6672649],[-111.0468915,45.6672489],[-111.0469223,45.6672414],[-111.046921,45.6673127],[-111.0468955,45.6673595],[-111.0468754,45.667368],[-111.0468043,45.6673698],[-111.0467976,45.6674279],[-111.046756,45.6674382],[-111.0467104,45.6674589],[-111.0466742,45.6674954]]]]}},
{"type":"Feature","properties":{"osm_way_id":"572866056","landuse":"grass"},"geometry":{"type":"MultiPolygon","coordinates":[[[[-111.0469518,45.6672367],[-111.0470162,45.6672274],[-111.0471624,45.6672227],[-111.0473957,45.6672236],[-111.0476103,45.6672227],[-111.0476398,45.6672414],[-111.0476371,45.6673323],[-111.047617,45.6673464],[-111.0469344,45.6673567],[-111.0469331,45.6673483],[-111.0469492,45.6673286],[-111.0469518,45.6672367]]]]}},
{"type":"Feature","properties":{"osm_way_id":"572866058","landuse":"grass"},"geometry":{"type":"MultiPolygon","coordinates":[[[[-111.0481903,45.6674781],[-111.0476673,45.6674809],[-111.0476673,45.6672428],[-111.0476928,45.667226],[-111.0481407,45.6672232],[-111.0481716,45.6672353],[-111.048189,45.6672625],[-111.0481903,45.6674781]]]]}},
{"type":"Feature","properties":{"osm_way_id":"572866059","landuse":"grass"},"geometry":{"type":"MultiPolygon","coordinates":[[[[-111.0482212,45.6675174],[-111.0482158,45.66727],[-111.0482292,45.6672428],[-111.0482614,45.6672232],[-111.0483781,45.6672213],[-111.0483996,45.6672372],[-111.0484076,45.6672653],[-111.0482266,45.6675249],[-111.0482212,45.6675174]]]]}},
{"type":"Feature","properties":{"osm_way_id":"572866060","landuse":"grass"},"geometry":{"type":"MultiPolygon","coordinates":[[[[-111.0484505,45.6672719],[-111.0484331,45.6672719],[-111.0482453,45.6675399],[-111.0482574,45.6675802],[-111.0484465,45.6676711],[-111.0484505,45.6672719]]]]}},
{"type":"Feature","properties":{"osm_way_id":"572866064","landuse":"grass"},"geometry":{"type":"MultiPolygon","coordinates":[[[[-111.0480105,45.6677967],[-111.0483771,45.6677967],[-111.0484448,45.6677053],[-111.0482486,45.6676009],[-111.0481844,45.6676049],[-111.0481798,45.6676645],[-111.0480058,45.6676645],[-111.0480105,45.6677967]]]]}},
{"type":"Feature","properties":{"osm_way_id":"572866065","landuse":"grass"},"geometry":{"type":"MultiPolygon","coordinates":[[[[-111.0484795,45.6678377],[-111.0485157,45.6678218],[-111.0488952,45.6678224],[-111.048914,45.6678359],[-111.0489127,45.6678884],[-111.0486324,45.6678827],[-111.0486297,45.6679043],[-111.0484808,45.6679015],[-111.0484795,45.6678377]]]]}},
{"type":"Feature","properties":{"osm_way_id":"572866066","landuse":"grass"},"geometry":{"type":"MultiPolygon","coordinates":[[[[-111.0483092,45.6678387],[-111.0482743,45.6679033],[-111.0481979,45.6679043],[-111.0481925,45.6678771],[-111.0478438,45.6678705],[-111.0478425,45.667954],[-111.0477566,45.6679549],[-111.0477244,45.6679408],[-111.0477124,45.667923],[-111.0477151,45.6678968],[-111.0477379,45.6678687],[-111.0478264,45.667819],[-111.0482837,45.6678199],[-111.0483092,45.6678387]]]]}},
{"type":"Feature","properties":{"osm_way_id":"572866067","landuse":"forest"},"geometry":{"type":"MultiPolygon","coordinates":[[[[-111.0484835,45.6679511],[-111.0484781,45.6679914],[-111.0484916,45.6680196],[-111.0485358,45.6680392],[-111.048623,45.668042],[-111.0486243,45.6679511],[-111.0484835,45.6679511]]]]}},
{"type":"Feature","properties":{"osm_way_id":"572866068","landuse":"forest"},"geometry":{"type":"MultiPolygon","coordinates":[[[[-111.0483199,45.6681395],[-111.0483092,45.668102],[-111.0482944,45.6680702],[-111.0484527,45.6680242],[-111.0484768,45.6680505],[-111.0484688,45.6680823],[-111.0483642,45.6681292],[-111.0483467,45.6681386],[-111.0483387,45.6681489],[-111.0483253,45.6681498],[-111.0483199,45.6681395]]]]}},
{"type":"Feature","properties":{"osm_way_id":"572866069","landuse":"forest"},"geometry":{"type":"MultiPolygon","coordinates":[[[[-111.0481147,45.668073],[-111.0482354,45.6680739],[-111.0482703,45.6680823],[-111.0482756,45.6681048],[-111.0481965,45.6681433],[-111.0481737,45.6681808],[-111.0481885,45.6682107],[-111.04823,45.6682267],[-111.0482515,45.6682454],[-111.0482528,45.6682651],[-111.0481764,45.668312],[-111.0481134,45.6683026],[-111.0481147,45.668073]]]]}},
{"type":"Feature","properties":{"osm_way_id":"572866070","landuse":"forest"},"geometry":{"type":"MultiPolygon","coordinates":[[[[-111.048281,45.6681208],[-111.0482126,45.6681517],[-111.0481979,45.6681761],[-111.0482126,45.6682032],[-111.0482394,45.6682098],[-111.048273,45.668236],[-111.0483199,45.6681967],[-111.0482944,45.6681779],[-111.0482877,45.6681508],[-111.048281,45.6681208]]]]}},
{"type":"Feature","properties":{"osm_way_id":"572866071","landuse":"forest"},"geometry":{"type":"MultiPolygon","coordinates":[[[[-111.0484902,45.668117],[-111.0484245,45.6681629],[-111.0484299,45.6681751],[-111.0484232,45.668192],[-111.048399,45.6682023],[-111.0483749,45.668207],[-111.0483025,45.6682698],[-111.0483346,45.6682895],[-111.048505,45.6683485],[-111.0485975,45.6682829],[-111.0484902,45.668117]]]]}},
{"type":"Feature","properties":{"osm_way_id":"572866073","landuse":"forest"},"geometry":{"type":"MultiPolygon","coordinates":[[[[-111.0482388,45.6679851],[-111.0482288,45.6679897],[-111.0482281,45.6680492],[-111.0482452,45.6680546],[-111.0482717,45.6680525],[-111.0483381,45.6680385],[-111.048436,45.6680057],[-111.048436,45.6679813],[-111.0484098,45.6679715],[-111.0484065,45.6679476],[-111.0483119,45.667949],[-111.0482931,45.6679747],[-111.0482388,45.6679851]]]]}},
{"type":"Feature","properties":{"osm_way_id":"572866074","landuse":"grass"},"geometry":{"type":"MultiPolygon","coordinates":[[[[-111.0486291,45.6680661],[-111.0485446,45.6680661],[-111.0485144,45.6680755],[-111.0485104,45.6680905],[-111.0485144,45.6681041],[-111.0485453,45.6681514],[-111.0485728,45.6681477],[-111.0485868,45.6681748],[-111.0485667,45.6681861],[-111.0486083,45.6682582],[-111.0486284,45.6682573],[-111.0486291,45.6680661]]]]}},
{"type":"Feature","properties":{"osm_way_id":"572866075","landuse":"grass"},"geometry":{"type":"MultiPolygon","coordinates":[[[[-111.0482382,45.6683566],[-111.0482395,45.6683356],[-111.0482536,45.6683121],[-111.0482737,45.6683014],[-111.0482911,45.6683032],[-111.0483133,45.6683112],[-111.0483253,45.668306],[-111.0484702,45.6683571],[-111.0482382,45.6683566]]]]}},
{"type":"Feature","properties":{"osm_way_id":"573249219","landuse":"grass"},"geometry":{"type":"MultiPolygon","coordinates":[[[[-111.0510996,45.6653159],[-111.0510991,45.6652515],[-111.051315,45.6652506],[-111.0513512,45.66529],[-111.0513904,45.6652898],[-111.0513906,45.6653147],[-111.0510996,45.6653159]]]]}},
{"type":"Feature","properties":{"osm_way_id":"573249220","landuse":"grass"},"geometry":{"type":"MultiPolygon","coordinates":[[[[-111.0518488,45.6652478],[-111.0519293,45.6652488],[-111.0519413,45.6652525],[-111.0519427,45.6652891],[-111.0519346,45.6652994],[-111.0519091,45.6653116],[-111.051881,45.6653228],[-111.0517817,45.6653472],[-111.0518448,45.6652731],[-111.0518501,45.6652647],[-111.0518488,45.6652478]]]]}},
{"type":"Feature","properties":{"osm_way_id":"573249221","landuse":"grass"},"geometry":{"type":"MultiPolygon","coordinates":[[[[-111.0515685,45.6652506],[-111.051826,45.6652478],[-111.051826,45.6652647],[-111.0517455,45.6653603],[-111.0516932,45.6653753],[-111.0515685,45.6653753],[-111.0515685,45.6652506]]]]}},
{"type":"Feature","properties":{"osm_way_id":"573249222","landuse":"grass"},"geometry":{"type":"MultiPolygon","coordinates":[[[[-111.0515377,45.6652713],[-111.0515377,45.6652497],[-111.0513499,45.6652506],[-111.0513834,45.6652731],[-111.0515377,45.6652713]]]]}},
{"type":"Feature","properties":{"osm_way_id":"573249223","landuse":"grass"},"geometry":{"type":"MultiPolygon","coordinates":[[[[-111.0517576,45.6653715],[-111.0518917,45.6653397],[-111.05194,45.6653197],[-111.0519575,45.6653188],[-111.0519749,45.6653248],[-111.0519749,45.6654101],[-111.0519615,45.665419],[-111.0518649,45.6654214],[-111.0517556,45.6654312],[-111.0517429,45.6653998],[-111.0517576,45.6653715]]]]}},
{"type":"Feature","properties":{"osm_way_id":"573249224","landuse":"grass"},"geometry":{"type":"MultiPolygon","coordinates":[[[[-111.0519755,45.6654404],[-111.0519621,45.6654357],[-111.051871,45.6654368],[-111.0517465,45.6654468],[-111.0517477,45.665454],[-111.0518677,45.6654521],[-111.051877,45.6659138],[-111.0517891,45.6659143],[-111.0517905,45.6659331],[-111.0519421,45.6659308],[-111.0519588,45.665927],[-111.0519716,45.6659134],[-111.0519755,45.6654404]]]]}},
{"type":"Feature","properties":{"osm_way_id":"573249225","landuse":"grass"},"geometry":{"type":"MultiPolygon","coordinates":[[[[-111.0517349,45.6659444],[-111.0519427,45.665942],[-111.0519581,45.6659542],[-111.0519628,45.6659734],[-111.0519608,45.665979],[-111.0519421,45.6659898],[-111.05193,45.6660006],[-111.0519045,45.6660081],[-111.0518086,45.6660095],[-111.0517355,45.6659593],[-111.0517349,45.6659444]]]]}},
{"type":"Feature","properties":{"osm_way_id":"573249226","landuse":"grass"},"geometry":{"type":"MultiPolygon","coordinates":[[[[-111.0515014,45.6660112],[-111.0516543,45.6658987],[-111.051653,45.6658284],[-111.0516087,45.6658284],[-111.0516087,45.6657928],[-111.0515846,45.6657928],[-111.0515806,45.6657085],[-111.0511085,45.6657085],[-111.0511085,45.6657422],[-111.0511159,45.6657433],[-111.0511468,45.6657344],[-111.0511662,45.6657602],[-111.0511119,45.6657822],[-111.0511072,45.6657906],[-111.0511099,45.6658],[-111.05112,45.6658042],[-111.0511857,45.6658033],[-111.0511877,45.6659059],[-111.0511086,45.6659064],[-111.0507512,45.6659748],[-111.0507297,45.6659861],[-111.0507176,45.6660001],[-111.0507163,45.6660137],[-111.0515014,45.6660112]]]]}},
{"type":"Feature","properties":{"osm_way_id":"573249227","landuse":"grass"},"geometry":{"type":"MultiPolygon","coordinates":[[[[-111.0506191,45.6660882],[-111.0506036,45.6660831],[-111.0505909,45.6660742],[-111.0505795,45.6660629],[-111.0501591,45.6663586],[-111.0501617,45.6664181],[-111.050271,45.6664172],[-111.0502717,45.6663174],[-111.0502731,45.6663033],[-111.0502824,45.6662897],[-111.0503019,45.6662836],[-111.0505426,45.6662827],[-111.0505433,45.6663033],[-111.0505909,45.6663028],[-111.0505922,45.6664073],[-111.0506217,45.6664073],[-111.0506191,45.6660882]]]]}},
{"type":"Feature","properties":{"osm_way_id":"573293362","landuse":"grass"},"geometry":{"type":"MultiPolygon","coordinates":[[[[-111.0501791,45.6664465],[-111.0502703,45.6664465],[-111.0502649,45.6666583],[-111.0502381,45.6666593],[-111.0502193,45.6666199],[-111.0501965,45.6665637],[-111.0501791,45.6664465]]]]}},
{"type":"Feature","properties":{"osm_way_id":"573293365","landuse":"grass"},"geometry":{"type":"MultiPolygon","coordinates":[[[[-111.0524644,45.6660613],[-111.0525073,45.6660351],[-111.0527165,45.6660379],[-111.0527514,45.6660623],[-111.052752,45.6660918],[-111.0526561,45.6660913],[-111.0526357,45.6660766],[-111.0526141,45.6660598],[-111.0525999,45.6660594],[-111.0525566,45.6660897],[-111.052465,45.6660899],[-111.0524644,45.6660613]]]]}},
{"type":"Feature","properties":{"osm_way_id":"573293367","landuse":"grass"},"geometry":{"type":"MultiPolygon","coordinates":[[[[-111.0522109,45.6658645],[-111.0522095,45.6659835],[-111.0522565,45.6660098],[-111.0524818,45.6660098],[-111.0529109,45.6658083],[-111.0531845,45.6656218],[-111.0531778,45.6652741],[-111.0531282,45.6652431],[-111.0528506,45.6652441],[-111.0528533,45.6654081],[-111.0526253,45.6654128],[-111.0526226,45.6658102],[-111.0526561,45.6658092],[-111.0526709,45.6658298],[-111.0526789,45.6658355],[-111.0527178,45.6658345],[-111.0527165,45.6658683],[-111.0524939,45.6658673],[-111.0524778,45.6658711],[-111.0524657,45.6658823],[-111.0524644,45.6659536],[-111.0523477,45.6659545],[-111.0523437,45.6658926],[-111.0523396,45.6658767],[-111.0523235,45.6658683],[-111.0523007,45.6658636],[-111.0522109,45.6658645]]]]}},
{"type":"Feature","properties":{"osm_way_id":"573293369","landuse":"grass"},"geometry":{"type":"MultiPolygon","coordinates":[[[[-111.0522122,45.6658318],[-111.0522136,45.6654906],[-111.0522243,45.6654821],[-111.0522417,45.6654784],[-111.0524276,45.6654788],[-111.052427,45.6656219],[-111.0523383,45.6656218],[-111.0523374,45.665832],[-111.0522122,45.6658318]]]]}},
{"type":"Feature","properties":{"osm_way_id":"573293370","landuse":"grass"},"geometry":{"type":"MultiPolygon","coordinates":[[[[-111.0522806,45.6653418],[-111.0522358,45.6653417],[-111.0522264,45.6653445],[-111.0522156,45.6653502],[-111.052213,45.6654476],[-111.0522223,45.6654523],[-111.0522391,45.6654551],[-111.0522801,45.6654552],[-111.0522806,45.6653418]]]]}},
{"type":"Feature","properties":{"osm_way_id":"573293371","landuse":"grass"},"geometry":{"type":"MultiPolygon","coordinates":[[[[-111.0522156,45.6652756],[-111.0522156,45.665323],[-111.052225,45.6653281],[-111.0522337,45.6653295],[-111.0522974,45.6653295],[-111.0522974,45.6653099],[-111.0523015,45.6652916],[-111.0523102,45.66527],[-111.0523223,45.6652489],[-111.052329,45.6652414],[-111.0522612,45.6652419],[-111.0522612,45.6652606],[-111.0522465,45.6652728],[-111.0522156,45.6652756]]]]}},
{"type":"Feature","properties":{"osm_way_id":"573293376","landuse":"grass"},"geometry":{"type":"MultiPolygon","coordinates":[[[[-111.0531839,45.6656508],[-111.0531865,45.6660135],[-111.0525388,45.6660126],[-111.0527091,45.6659311],[-111.052925,45.6658308],[-111.0530015,45.6657802],[-111.0531839,45.6656508]]]]}},
{"type":"Feature","properties":{"osm_way_id":"573293377","landuse":"grass"},"geometry":{"type":"MultiPolygon","coordinates":[[[[-111.0522089,45.6664231],[-111.0522089,45.6663125],[-111.0522531,45.6662844],[-111.0523531,45.6662874],[-111.0523578,45.6664237],[-111.0522089,45.6664231]]]]}},
{"type":"Feature","properties":{"osm_way_id":"573293378","landuse":"grass"},"geometry":{"type":"MultiPolygon","coordinates":[[[[-111.0524899,45.6665231],[-111.0523437,45.6665245],[-111.0523404,45.6664476],[-111.0522103,45.6664467],[-111.0522069,45.6665442],[-111.0522277,45.6665549],[-111.0522384,45.6665681],[-111.0522465,45.6665746],[-111.0522599,45.6665765],[-111.0529653,45.6665793],[-111.0531061,45.6665179],[-111.0530605,45.6665175],[-111.0530599,45.6665067],[-111.0527823,45.6665043],[-111.0527823,45.6665156],[-111.0526911,45.6665156],[-111.0526897,45.6664982],[-111.0524886,45.6664968],[-111.0524899,45.6665231]]]]}},
{"type":"Feature","properties":{"osm_way_id":"573293379","landuse":"grass"},"geometry":{"type":"MultiPolygon","coordinates":[[[[-111.0523705,45.6660967],[-111.0523712,45.6660728],[-111.052327,45.6660446],[-111.052221,45.666046],[-111.0522217,45.6660695],[-111.0522116,45.6660728],[-111.0522076,45.6662283],[-111.0522425,45.6662504],[-111.0523544,45.6662494],[-111.0523544,45.6660976],[-111.0523705,45.6660967]]]]}},
{"type":"Feature","properties":{"osm_way_id":"573293381","landuse":"grass"},"geometry":{"type":"MultiPolygon","coordinates":[[[[-111.0531906,45.6660343],[-111.0528339,45.6660353],[-111.0527943,45.6660638],[-111.0527945,45.6660975],[-111.053024,45.6660969],[-111.0530241,45.6661095],[-111.053191,45.666109],[-111.0531906,45.6660343]]]]}},
{"type":"Feature","properties":{"osm_way_id":"573293382","landuse":"grass"},"geometry":{"type":"MultiPolygon","coordinates":[[[[-111.0543949,45.6671316],[-111.0545813,45.6670998],[-111.0546993,45.6670773],[-111.05493,45.6670126],[-111.0549206,45.6670388],[-111.054926,45.6670623],[-111.0549394,45.6670726],[-111.054938,45.667185],[-111.0550842,45.6671888],[-111.0550815,45.6672169],[-111.0543922,45.6672085],[-111.0543949,45.6671316]]]]}},
{"type":"Feature","properties":{"osm_way_id":"573293383","landuse":"grass"},"geometry":{"type":"MultiPolygon","coordinates":[[[[-111.0543935,45.6671129],[-111.0545357,45.6670895],[-111.0545531,45.6670782],[-111.0545585,45.6670632],[-111.0545491,45.6669273],[-111.0544646,45.6669245],[-111.0544633,45.6668711],[-111.0543895,45.6668711],[-111.0543895,45.6668645],[-111.0543479,45.6668626],[-111.0543453,45.6668223],[-111.0542742,45.6668233],[-111.0543023,45.6668533],[-111.0543426,45.6669076],[-111.0543761,45.6669676],[-111.0543962,45.6670257],[-111.0543935,45.6671129]]]]}},
{"type":"Feature","properties":{"osm_way_id":"573293386","landuse":"grass"},"geometry":{"type":"MultiPolygon","coordinates":[[[[-111.054592,45.6669273],[-111.054588,45.667051],[-111.0545974,45.6670688],[-111.0546175,45.6670754],[-111.0547355,45.6670492],[-111.054816,45.667022],[-111.0548441,45.6670032],[-111.0548643,45.6669723],[-111.0548844,45.6669311],[-111.0549032,45.6668739],[-111.0549032,45.666827],[-111.0548844,45.6668074],[-111.0548669,45.6667699],[-111.0548535,45.6667324],[-111.0548267,45.6667305],[-111.0548281,45.6668842],[-111.0547677,45.6668842],[-111.054765,45.6669264],[-111.054592,45.6669273]]]]}},
{"type":"Feature","properties":{"osm_way_id":"573293389","landuse":"grass"},"geometry":{"type":"MultiPolygon","coordinates":[[[[-111.0496955,45.6687067],[-111.0504546,45.6687048],[-111.0504573,45.6688435],[-111.0497814,45.6688398],[-111.0497572,45.6688267],[-111.0496955,45.6687067]]]]}},
{"type":"Feature","properties":{"osm_way_id":"573293390","landuse":"grass"},"geometry":{"type":"MultiPolygon","coordinates":[[[[-111.0509214,45.6674653],[-111.0509174,45.6674418],[-111.0509067,45.6674278],[-111.0509107,45.667409],[-111.0509268,45.6673997],[-111.0511467,45.6673369],[-111.0511695,45.667335],[-111.0511977,45.6673462],[-111.0512111,45.6673575],[-111.0512151,45.6673781],[-111.0512138,45.6674709],[-111.0509214,45.6674653]]]]}},
{"type":"Feature","properties":{"osm_way_id":"573293391","landuse":"grass"},"geometry":{"type":"MultiPolygon","coordinates":[[[[-111.0513693,45.6675637],[-111.0513519,45.6675543],[-111.0512647,45.6674278],[-111.0512473,45.667395],[-111.05125,45.6673622],[-111.0512594,45.6673453],[-111.0512822,45.6673322],[-111.0513211,45.6673284],[-111.0514672,45.6673294],[-111.0515423,45.6673378],[-111.051659,45.6673678],[-111.0517744,45.6674072],[-111.0518629,45.6674475],[-111.0519165,45.6674878],[-111.05195,45.6675271],[-111.0519594,45.667558],[-111.0519567,45.6676424],[-111.0517422,45.6676452],[-111.0517355,45.6675834],[-111.0517153,45.667574],[-111.0516979,45.6675674],[-111.0513693,45.6675637]]]]}},
{"type":"Feature","properties":{"osm_way_id":"573293392","landuse":"grass"},"geometry":{"type":"MultiPolygon","coordinates":[[[[-111.0514163,45.66729],[-111.0513801,45.6672947],[-111.0513439,45.66729],[-111.0513264,45.6672741],[-111.0513197,45.6672535],[-111.0513291,45.6672357],[-111.0513398,45.6672282],[-111.0513573,45.6672319],[-111.051376,45.6672272],[-111.0513854,45.6672141],[-111.0516443,45.6672122],[-111.0516456,45.6672385],[-111.0518052,45.6672385],[-111.0518521,45.6672497],[-111.051887,45.6672713],[-111.0519246,45.6673069],[-111.0519353,45.6673378],[-111.0519326,45.6674475],[-111.0519058,45.6674297],[-111.0518736,45.66741],[-111.0518079,45.6673809],[-111.0518508,45.6673341],[-111.0517435,45.6672938],[-111.0516268,45.6672628],[-111.0515061,45.6672441],[-111.0514136,45.6672403],[-111.0514163,45.66729]]]]}},
{"type":"Feature","properties":{"osm_way_id":"573293393","landuse":"grass"},"geometry":{"type":"MultiPolygon","coordinates":[[[[-111.0519567,45.6680285],[-111.0517449,45.6680285],[-111.0517234,45.6680135],[-111.0517234,45.6679845],[-111.0519433,45.6678064],[-111.0519567,45.6678064],[-111.0519567,45.6680285]]]]}},
{"type":"Feature","properties":{"osm_way_id":"573293394","landuse":"grass"},"geometry":{"type":"MultiPolygon","coordinates":[[[[-111.0519594,45.6677661],[-111.0519594,45.6676668],[-111.051765,45.6676668],[-111.051769,45.6677689],[-111.0517368,45.6677689],[-111.0517368,45.6679507],[-111.0519594,45.6677661]]]]}},
{"type":"Feature","properties":{"osm_way_id":"573293395","landuse":"grass"},"geometry":{"type":"MultiPolygon","coordinates":[[[[-111.0519514,45.6682478],[-111.0517811,45.6682459],[-111.0517811,45.6681775],[-111.0516939,45.6681757],[-111.0516912,45.6681119],[-111.0516993,45.6681063],[-111.0519232,45.6681082],[-111.0519313,45.6681185],[-111.0519554,45.668125],[-111.0519514,45.6682478]]]]}},
{"type":"Feature","properties":{"osm_way_id":"573293396","landuse":"grass"},"geometry":{"type":"MultiPolygon","coordinates":[[[[-111.051659,45.6681728],[-111.0516617,45.6681138],[-111.0516496,45.6681082],[-111.0511829,45.6681026],[-111.0511749,45.6681213],[-111.0510502,45.6681288],[-111.0509697,45.668156],[-111.050908,45.6681813],[-111.0509053,45.6681935],[-111.0509147,45.6681991],[-111.0511226,45.6682656],[-111.0511226,45.6682291],[-111.0512352,45.6682281],[-111.0512352,45.6681719],[-111.051659,45.6681728]]]]}},
{"type":"Feature","properties":{"osm_way_id":"573293397","landuse":"grass"},"geometry":{"type":"MultiPolygon","coordinates":[[[[-111.0499022,45.6677774],[-111.0498633,45.6677792],[-111.0498029,45.6678233],[-111.0498217,45.6678879],[-111.0498526,45.6679301],[-111.0498673,45.6679479],[-111.0499089,45.6679648],[-111.0499022,45.6677774]]]]}},
{"type":"Feature","properties":{"osm_way_id":"573293398","landuse":"grass"},"geometry":{"type":"MultiPolygon","coordinates":[[[[-111.0504279,45.6678233],[-111.0503769,45.6678214],[-111.0503769,45.6678073],[-111.0502307,45.6678092],[-111.0502348,45.6679788],[-111.0502884,45.6679807],[-111.0502924,45.668021],[-111.050448,45.6680163],[-111.0504695,45.668022],[-111.0505419,45.6681119],[-111.0506264,45.66814],[-111.0504265,45.667946],[-111.0504279,45.6678233]]]]}},
{"type":"Feature","properties":{"osm_way_id":"573293399","landuse":"grass"},"geometry":{"type":"MultiPolygon","coordinates":[[[[-111.0506693,45.6681185],[-111.0504775,45.6679376],[-111.0504748,45.6678608],[-111.0505821,45.6678608],[-111.0505875,45.6678954],[-111.0507498,45.6678992],[-111.0507578,45.6680529],[-111.0506693,45.6681185]]]]}},
{"type":"Feature","properties":{"osm_way_id":"573293400","landuse":"grass"},"geometry":{"type":"MultiPolygon","coordinates":[[[[-111.0504797,45.6675906],[-111.050612,45.6675916],[-111.0506105,45.6676909],[-111.0506756,45.6676914],[-111.0506748,45.6677456],[-111.0505785,45.6677449],[-111.0505769,45.6678487],[-111.0504758,45.667848],[-111.0504797,45.6675906]]]]}},
{"type":"Feature","properties":{"osm_way_id":"574128230","landuse":"grass"},"geometry":{"type":"MultiPolygon","coordinates":[[[[-111.0272065,45.6791199],[-111.0272374,45.6790702],[-111.0272416,45.679032],[-111.0272434,45.6790161],[-111.0272237,45.6789636],[-111.0271806,45.6789185],[-111.0271188,45.6788857],[-111.0270492,45.6788698],[-111.027045,45.6788688],[-111.0269674,45.6788697],[-111.0268954,45.6788879],[-111.0268357,45.6789212],[-111.0267945,45.6789663],[-111.0267762,45.6790182],[-111.0267769,45.6790232],[-111.0267829,45.6790714],[-111.0268071,45.6791098],[-111.0268137,45.6791204],[-111.0268655,45.6791597],[-111.0269326,45.6791854],[-111.0270091,45.6791945],[-111.0270857,45.6791857],[-111.027154,45.6791599],[-111.0272065,45.6791199]]]]}},
{"type":"Feature","properties":{"osm_way_id":"574128232","landuse":"grass"},"geometry":{"type":"MultiPolygon","coordinates":[[[[-111.0278987,45.678409],[-111.0279057,45.6783737],[-111.0278957,45.6783388],[-111.0278717,45.6783077],[-111.0278337,45.6782836],[-111.0277877,45.6782689],[-111.0277367,45.678265],[-111.0276877,45.6782724],[-111.0276397,45.6782922],[-111.0276057,45.6783219],[-111.0275867,45.6783581],[-111.0275867,45.6783965],[-111.0276057,45.6784326],[-111.0276407,45.6784622],[-111.0276877,45.6784818],[-111.0277417,45.6784891],[-111.0277967,45.6784832],[-111.0278417,45.6784666],[-111.0278767,45.678441],[-111.0278987,45.678409]]]]}},
{"type":"Feature","properties":{"osm_way_id":"575403783","landuse":"grass"},"geometry":{"type":"MultiPolygon","coordinates":[[[[-111.0427032,45.6791828],[-111.0427045,45.6790947],[-111.0429486,45.6790928],[-111.0430572,45.6791706],[-111.0430586,45.6791856],[-111.0427032,45.6791828]]]]}},
{"type":"Feature","properties":{"osm_way_id":"575403784","landuse":"grass"},"geometry":{"type":"MultiPolygon","coordinates":[[[[-111.0425945,45.6791819],[-111.0425945,45.6790666],[-111.0424685,45.6790516],[-111.0424202,45.6790413],[-111.0423813,45.6790132],[-111.0423786,45.6789963],[-111.0416437,45.679002],[-111.0415833,45.6790451],[-111.0415243,45.67906],[-111.041527,45.67918],[-111.0425945,45.6791819]]]]}},
{"type":"Feature","properties":{"osm_way_id":"576793616","landuse":"grass"},"geometry":{"type":"MultiPolygon","coordinates":[[[[-111.0468211,45.6680905],[-111.0468197,45.6678149],[-111.0471792,45.6678149],[-111.0471805,45.667829],[-111.0470383,45.667903],[-111.0468211,45.6680905]]]]}},
{"type":"Feature","properties":{"osm_way_id":"576793617","landuse":"grass"},"geometry":{"type":"MultiPolygon","coordinates":[[[[-111.0472596,45.6678177],[-111.0470705,45.6679161],[-111.0468157,45.6681289],[-111.0468184,45.6682314],[-111.0468881,45.6682235],[-111.0469673,45.6682067],[-111.0471617,45.6681533],[-111.0473508,45.6680811],[-111.0475158,45.6680005],[-111.0476646,45.667903],[-111.0476271,45.6678177],[-111.0472596,45.6678177]]]]}},
{"type":"Feature","properties":{"osm_way_id":"576793620","landuse":"grass"},"geometry":{"type":"MultiPolygon","coordinates":[[[[-111.0468265,45.6684007],[-111.0468184,45.668247],[-111.046864,45.668246],[-111.0469351,45.6682357],[-111.0470249,45.6682142],[-111.047096,45.6681926],[-111.0470276,45.6682817],[-111.0469244,45.6683388],[-111.0468265,45.6684007]]]]}},
{"type":"Feature","properties":{"osm_way_id":"576793622","landuse":"grass"},"geometry":{"type":"MultiPolygon","coordinates":[[[[-111.0468238,45.6684335],[-111.0468707,45.6684044],[-111.046923,45.668366],[-111.0469726,45.6683369],[-111.0470209,45.6683145],[-111.047041,45.6683126],[-111.0470531,45.668321],[-111.0470558,45.6683557],[-111.0470638,45.6683969],[-111.047092,45.6684353],[-111.0471604,45.6684681],[-111.0472181,45.6684972],[-111.0472449,45.6685075],[-111.0472529,45.6685272],[-111.0472341,45.6685431],[-111.0470786,45.6685328],[-111.0470705,45.6685787],[-111.0470531,45.6685834],[-111.0468439,45.6685787],[-111.0468251,45.6685694],[-111.0468238,45.6684335]]]]}},
{"type":"Feature","properties":{"osm_way_id":"576793625","landuse":"grass"},"geometry":{"type":"MultiPolygon","coordinates":[[[[-111.0473736,45.6680961],[-111.0474554,45.6680567],[-111.0475641,45.6680052],[-111.0476257,45.6679602],[-111.0476579,45.667933],[-111.0476767,45.6679311],[-111.0477572,45.6681176],[-111.0477639,45.6681458],[-111.0477652,45.6683651],[-111.0476714,45.668659],[-111.047654,45.6686773],[-111.0476325,45.6686814],[-111.0476311,45.66865],[-111.0476009,45.66865],[-111.0476003,45.6685075],[-111.0473481,45.6685084],[-111.0473428,45.6686359],[-111.0473146,45.6686359],[-111.0473173,45.6685412],[-111.0472905,45.6685403],[-111.0472744,45.6685066],[-111.0472073,45.6684653],[-111.0471443,45.6684353],[-111.0471041,45.6684129],[-111.0470872,45.668377],[-111.0470839,45.6683529],[-111.0471269,45.668351],[-111.0471255,45.6682985],[-111.0470759,45.6682985],[-111.0470585,45.668291],[-111.0470652,45.6682779],[-111.0471067,45.6682254],[-111.0471483,45.6681786],[-111.047332,45.6681158],[-111.0473736,45.6680961]]]]}},
{"type":"Feature","properties":{"osm_way_id":"576793638","landuse":"grass"},"geometry":{"type":"MultiPolygon","coordinates":[[[[-111.0470719,45.6687064],[-111.047312,45.6687139],[-111.047314,45.6686605],[-111.0473415,45.6686614],[-111.0473509,45.6689374],[-111.0474072,45.6689379],[-111.0474085,45.6690269],[-111.0475346,45.6690269],[-111.0475393,45.6689379],[-111.0476017,45.6689379],[-111.047603,45.6687945],[-111.0476372,45.6687935],[-111.0476392,45.6687425],[-111.0476902,45.6687197],[-111.0479584,45.6687195],[-111.0479691,45.6687457],[-111.0479155,45.6688563],[-111.047892,45.6690845],[-111.0469158,45.6690845],[-111.0468761,45.6690752],[-111.0468419,45.6690494],[-111.0468319,45.6690044],[-111.0468265,45.6686558],[-111.0468359,45.6686473],[-111.0470605,45.6686525],[-111.0470706,45.6686633],[-111.0470719,45.6687064]]]]}},
{"type":"Feature","properties":{"osm_way_id":"576793642","landuse":"grass"},"geometry":{"type":"MultiPolygon","coordinates":[[[[-111.0513977,45.6689437],[-111.0514004,45.6690674],[-111.0519288,45.6690636],[-111.0519341,45.6690411],[-111.0519475,45.6684938],[-111.0519288,45.6684863],[-111.0515613,45.6684788],[-111.0515425,45.6685294],[-111.0515318,45.668938],[-111.0513977,45.6689437]]]]}},
{"type":"Feature","properties":{"osm_way_id":"577585411","landuse":"grass"},"geometry":{"type":"MultiPolygon","coordinates":[[[[-111.0544091,45.6674704],[-111.054393,45.6674667],[-111.0543904,45.6672342],[-111.0560399,45.6672436],[-111.0560372,45.6674966],[-111.0554767,45.6675023],[-111.0553077,45.6674648],[-111.0544091,45.6674704]]]]}},
{"type":"Feature","properties":{"osm_way_id":"581021339","landuse":"grass"},"geometry":{"type":"MultiPolygon","coordinates":[[[[-111.0465749,45.6690791],[-111.0455235,45.6690866],[-111.0455262,45.6686218],[-111.0457086,45.6686199],[-111.0457166,45.6689723],[-111.0459312,45.6689742],[-111.0459339,45.6688505],[-111.0464757,45.668753],[-111.0464354,45.6686274],[-111.0463925,45.6686331],[-111.0463147,45.6684419],[-111.0463416,45.6684381],[-111.046363,45.6684475],[-111.0463845,45.66847],[-111.0464193,45.6685356],[-111.0464462,45.6685731],[-111.0464891,45.6686274],[-111.0465132,45.6686593],[-111.0465347,45.6687005],[-111.0465454,45.6687305],[-111.0465347,45.6689723],[-111.0465776,45.6690042],[-111.0465749,45.6690791]]]]}},
{"type":"Feature","properties":{"osm_way_id":"581021340","landuse":"grass"},"geometry":{"type":"MultiPolygon","coordinates":[[[[-111.0465722,45.6693753],[-111.0465749,45.6692591],[-111.0455288,45.669261],[-111.0455288,45.6693715],[-111.0455718,45.6693734],[-111.0456281,45.6693865],[-111.0456549,45.6694259],[-111.0457005,45.6694765],[-111.0457488,45.6694802],[-111.045781,45.6696995],[-111.0457863,45.6697239],[-111.0458078,45.6697614],[-111.0458293,45.669782],[-111.0458352,45.6698053],[-111.046251,45.6698081],[-111.0462899,45.6697556],[-111.046314,45.6697331],[-111.0463328,45.6697153],[-111.0463408,45.6696965],[-111.0463234,45.6693582],[-111.0464361,45.6693592],[-111.0464414,45.6694098],[-111.0464602,45.6693938],[-111.0464924,45.6693826],[-111.0465326,45.6693779],[-111.0465722,45.6693753]]]]}},
{"type":"Feature","properties":{"osm_way_id":"581021341","landuse":"grass"},"geometry":{"type":"MultiPolygon","coordinates":[[[[-111.0465119,45.6694334],[-111.0465333,45.6694165],[-111.0466192,45.669424],[-111.0466192,45.6700669],[-111.0463161,45.6700669],[-111.0463161,45.6700463],[-111.0463965,45.6700425],[-111.0463992,45.6699038],[-111.0464287,45.6698251],[-111.0463804,45.6698101],[-111.0463697,45.6697914],[-111.0464341,45.6697314],[-111.0465253,45.6696527],[-111.0465333,45.6694503],[-111.0465119,45.6694334]]]]}},
{"type":"Feature","properties":{"osm_way_id":"581021342","landuse":"grass"},"geometry":{"type":"MultiPolygon","coordinates":[[[[-111.045777,45.670065],[-111.0457796,45.6700369],[-111.0457609,45.6700219],[-111.045675,45.6700219],[-111.045667,45.6698907],[-111.0456536,45.6698495],[-111.0456107,45.669752],[-111.0456858,45.6697427],[-111.0456777,45.6697277],[-111.0455677,45.6697295],[-111.0455624,45.6694484],[-111.0455892,45.6694428],[-111.0455785,45.6694278],[-111.0455409,45.6694165],[-111.0454846,45.6694146],[-111.0454765,45.6700688],[-111.045777,45.670065]]]]}},
{"type":"Feature","properties":{"osm_way_id":"581021343","landuse":"grass"},"geometry":{"type":"MultiPolygon","coordinates":[[[[-111.0479871,45.6686874],[-111.0478724,45.6685256],[-111.047749,45.668535],[-111.0477001,45.668678],[-111.0477081,45.668693],[-111.0479683,45.6686949],[-111.0479871,45.6686874]]]]}},
{"type":"Feature","properties":{"osm_way_id":"581021344","landuse":"grass"},"geometry":{"type":"MultiPolygon","coordinates":[[[[-111.0479898,45.6684644],[-111.0479415,45.6684869],[-111.0479334,45.6685225],[-111.0479442,45.66856],[-111.0480246,45.6686705],[-111.0480702,45.6686893],[-111.0486603,45.6686799],[-111.0486925,45.6686612],[-111.0487006,45.6686349],[-111.0486979,45.6685712],[-111.0479951,45.6685618],[-111.0479898,45.6684644]]]]}},
{"type":"Feature","properties":{"osm_way_id":"581021345","landuse":"grass"},"geometry":{"type":"MultiPolygon","coordinates":[[[[-111.052233,45.6702881],[-111.0522169,45.6707979],[-111.0522223,45.6708222],[-111.0524717,45.6710228],[-111.054956,45.6710164],[-111.0549672,45.6708422],[-111.0545296,45.67085],[-111.0545147,45.6709179],[-111.0534734,45.6708938],[-111.0534756,45.6707159],[-111.0540155,45.670702],[-111.0539786,45.6705575],[-111.0537955,45.6705339],[-111.0538618,45.6702198],[-111.0540656,45.6702437],[-111.0540996,45.6701112],[-111.0541356,45.6701049],[-111.054781,45.6701051],[-111.0548303,45.6701657],[-111.0549663,45.670163],[-111.0549704,45.6699863],[-111.0547984,45.6699876],[-111.054792,45.6700283],[-111.0538048,45.670035],[-111.0538048,45.6699901],[-111.0537753,45.6699807],[-111.0536895,45.6699826],[-111.0536761,45.6695777],[-111.0537592,45.6695796],[-111.0537619,45.6695402],[-111.0544003,45.6695384],[-111.0544003,45.6693284],[-111.0543949,45.6693097],[-111.0543681,45.6693041],[-111.054301,45.6693041],[-111.0542742,45.667754],[-111.0542501,45.6676696],[-111.0542098,45.6676359],[-111.0541133,45.6676059],[-111.0540328,45.6676246],[-111.0540087,45.6676715],[-111.054006,45.6679995],[-111.0540489,45.668037],[-111.0540516,45.668127],[-111.054014,45.6681663],[-111.0539443,45.6682957],[-111.0539121,45.6683219],[-111.0538531,45.6683294],[-111.0537646,45.6683294],[-111.0537592,45.6684475],[-111.0533327,45.6684456],[-111.0533301,45.6686106],[-111.0534427,45.6686124],[-111.0534454,45.66856],[-111.0536626,45.6685618],[-111.0536626,45.6687118],[-111.0534776,45.6687118],[-111.0534749,45.6690192],[-111.0536117,45.6690229],[-111.0536036,45.6694109],[-111.0534186,45.6694109],[-111.0534212,45.6694802],[-111.0531182,45.6694821],[-111.0531182,45.6695421],[-111.0531335,45.6695635],[-111.0532207,45.6695625],[-111.0532194,45.670137],[-111.0531711,45.6701408],[-111.0531604,45.6701567],[-111.0531617,45.6701904],[-111.0523798,45.6701904],[-111.0523839,45.6701529],[-111.052353,45.6701417],[-111.0522833,45.6701417],[-111.0522873,45.6699917],[-111.0522766,45.6699758],[-111.0522337,45.6699739],[-111.052233,45.6702881]]]]}},
{"type":"Feature","properties":{"osm_way_id":"581021346","landuse":"grass"},"geometry":{"type":"MultiPolygon","coordinates":[[[[-111.0522457,45.6692617],[-111.0522484,45.6692195],[-111.0521894,45.6691061],[-111.0521921,45.6689243],[-111.0523181,45.6688381],[-111.052349,45.6688381],[-111.0523477,45.6691417],[-111.0524456,45.6691455],[-111.0524456,45.6691567],[-111.0522685,45.6692617],[-111.0522457,45.6692617]]]]}},
{"type":"Feature","properties":{"osm_way_id":"581021347","landuse":"grass"},"geometry":{"type":"MultiPolygon","coordinates":[[[[-111.0525609,45.6692589],[-111.052467,45.6691736],[-111.0523195,45.669257],[-111.0523285,45.669264],[-111.0525471,45.6692649],[-111.0525609,45.6692589]]]]}},
{"type":"Feature","properties":{"osm_way_id":"581021348","landuse":"grass"},"geometry":{"type":"MultiPolygon","coordinates":[[[[-111.0521921,45.6688887],[-111.0521921,45.6687322],[-111.0523074,45.6688109],[-111.0521921,45.6688887]]]]}},
{"type":"Feature","properties":{"osm_way_id":"581021349","landuse":"grass"},"geometry":{"type":"MultiPolygon","coordinates":[[[[-111.0521948,45.6686825],[-111.0522055,45.668675],[-111.0524362,45.6686769],[-111.0524375,45.6687088],[-111.0523477,45.6687116],[-111.0523463,45.6687866],[-111.0523181,45.6687875],[-111.0521934,45.6687013],[-111.0521948,45.6686825]]]]}},
{"type":"Feature","properties":{"osm_way_id":"588439634","name":"Sandan Park","leisure":"park"},"geometry":{"type":"MultiPolygon","coordinates":[[[[-111.0814266,45.7104681],[-111.0814266,45.7097321],[-111.0795345,45.7097275],[-111.0794715,45.7100357],[-111.0793224,45.7103881],[-111.0796435,45.7104601],[-111.0800792,45.7104721],[-111.0808819,45.7104721],[-111.0814266,45.7104681]]]]}},
{"type":"Feature","properties":{"osm_way_id":"588470370","name":"Norton East Park","leisure":"park"},"geometry":{"type":"MultiPolygon","coordinates":[[[[-111.1150137,45.6782698],[-111.1134664,45.6782933],[-111.1134664,45.678189],[-111.113466,45.6779331],[-111.1134664,45.6779232],[-111.1133907,45.6779232],[-111.1134159,45.677835],[-111.1133991,45.6777528],[-111.1133402,45.6777116],[-111.1133066,45.6760665],[-111.1148707,45.6760547],[-111.1150137,45.6782698]]]]}},
{"type":"Feature","properties":{"osm_way_id":"588470371","leisure":"park"},"geometry":{"type":"MultiPolygon","coordinates":[[[[-111.119307,45.6755793],[-111.1194258,45.678344],[-111.119681,45.67834],[-111.119734,45.6755758],[-111.119307,45.6755793]]]]}},
{"type":"Feature","properties":{"osm_way_id":"588470372","leisure":"park"},"geometry":{"type":"MultiPolygon","coordinates":[[[[-111.1109647,45.6763608],[-111.1100919,45.6763686],[-111.1100864,45.6760618],[-111.1109591,45.6760501],[-111.1109647,45.6763608]]]]}},
{"type":"Feature","properties":{"osm_way_id":"599428322","landuse":"grass"},"geometry":{"type":"MultiPolygon","coordinates":[[[[-111.1850582,45.7817499],[-111.1850419,45.7807337],[-111.1850535,45.7806841],[-111.1851084,45.7806543],[-111.1851679,45.780693],[-111.1851843,45.7810008],[-111.1852847,45.7811213],[-111.1855182,45.781245],[-111.1851479,45.7818485],[-111.1850582,45.7817499]]]]}},
{"type":"Feature","properties":{"osm_way_id":"608825200","name":"Miller Field","landuse":"grass","leisure":"pitch","sport":"baseball","other_tags":"\"lit\"=>\"no\""},"geometry":{"type":"MultiPolygon","coordinates":[[[[-111.1714312,45.7847016],[-111.1706141,45.7853456],[-111.1704235,45.7852455],[-111.1702666,45.78511],[-111.1701942,45.784951],[-111.1701555,45.7847921],[-111.1701548,45.7846036],[-111.1701963,45.7844329],[-111.1702885,45.7842857],[-111.1704313,45.784162],[-111.1714312,45.7847016]]]]}},
{"type":"Feature","properties":{"osm_way_id":"610322634","landuse":"grass"},"geometry":{"type":"MultiPolygon","coordinates":[[[[-111.1813276,45.7730821],[-111.1807432,45.7730488],[-111.1807034,45.7730487],[-111.1806775,45.7730573],[-111.1806568,45.7730722],[-111.1803854,45.7733161],[-111.1804739,45.7733536],[-111.1805348,45.773292],[-111.1806405,45.7732778],[-111.1807645,45.7731644],[-111.1808662,45.7732076],[-111.1809018,45.773175],[-111.1810217,45.773226],[-111.181156,45.7731018],[-111.1812575,45.7731431],[-111.1813276,45.7730821]]]]}},
{"type":"Feature","properties":{"osm_way_id":"614359949","leisure":"park"},"geometry":{"type":"MultiPolygon","coordinates":[[[[-111.1356615,45.668826],[-111.1356629,45.6685632],[-111.1351797,45.668562],[-111.1351765,45.6691758],[-111.1354533,45.6691765],[-111.135455,45.6688254],[-111.1356615,45.668826]]]]}},
{"type":"Feature","properties":{"osm_way_id":"614360286","leisure":"park"},"geometry":{"type":"MultiPolygon","coordinates":[[[[-111.1341761,45.6659673],[-111.1341544,45.6646116],[-111.1338373,45.6646114],[-111.1338368,45.6642795],[-111.133217,45.6642771],[-111.1332261,45.6646071],[-111.1329606,45.6646081],[-111.1331674,45.6651488],[-111.132881,45.6658903],[-111.1329163,45.6659184],[-111.1341761,45.6659673]]]]}},
{"type":"Feature","properties":{"osm_way_id":"632342854","name":"Ryen Glenn Park","leisure":"park"},"geometry":{"type":"MultiPolygon","coordinates":[[[[-111.1519034,45.7964887],[-111.1491968,45.7956736],[-111.1478498,45.7952548],[-111.1478643,45.7963276],[-111.1478924,45.7974637],[-111.1513597,45.7974701],[-111.1515134,45.7972172],[-111.1518248,45.7967179],[-111.1519034,45.7964887]]]]}},
{"type":"Feature","properties":{"osm_way_id":"638853582","landuse":"recreation_ground"},"geometry":{"type":"MultiPolygon","coordinates":[[[[-111.1803353,45.7874497],[-111.1803299,45.785101],[-111.1848019,45.7850961],[-111.1847963,45.785804],[-111.1826995,45.785803],[-111.1826992,45.7862004],[-111.1831962,45.7862005],[-111.1831955,45.787449],[-111.1818558,45.787448],[-111.1803353,45.7874497]]]]}},
{"type":"Feature","properties":{"osm_way_id":"638853591","landuse":"grass"},"geometry":{"type":"MultiPolygon","coordinates":[[[[-111.1709681,45.7827814],[-111.170716,45.7826396],[-111.1705615,45.782651],[-111.1702343,45.7830989],[-111.1700127,45.7835228],[-111.1699598,45.7837227],[-111.170096,45.7838247],[-111.1701428,45.7836858],[-111.1707973,45.7827927],[-111.1708962,45.7828066],[-111.1709681,45.7827814]]]]}},
{"type":"Feature","properties":{"osm_way_id":"638853600","landuse":"grass"},"geometry":{"type":"MultiPolygon","coordinates":[[[[-111.1838415,45.7583133],[-111.1847105,45.7583181],[-111.1848875,45.7583051],[-111.1850005,45.7582758],[-111.1850605,45.7582269],[-111.1850795,45.7581715],[-111.1850795,45.7575036],[-111.1850355,45.7574466],[-111.1849465,45.7573879],[-111.1848155,45.7573619],[-111.1843855,45.7573488],[-111.1843675,45.7573847],[-111.1843955,45.757401],[-111.1844865,45.7574205],[-111.1845265,45.7573847],[-111.1846055,45.7573993],[-111.1847105,45.7574466],[-111.1847755,45.7574971],[-111.1848225,45.7575492],[-111.1847645,45.7575834],[-111.1848135,45.7576567],[-111.1848365,45.7577431],[-111.1848295,45.7578359],[-111.1848105,45.7578832],[-111.1847685,45.7579451],[-111.1848205,45.7579809],[-111.1847965,45.7580151],[-111.1847545,45.7580526],[-111.1846915,45.7580819],[-111.1846355,45.7581031],[-111.1845845,45.7581178],[-111.1845265,45.7581324],[-111.1844185,45.7581438],[-111.1843325,45.7581487],[-111.1842275,45.7581406],[-111.1841055,45.7581194],[-111.1841295,45.7580803],[-111.1841125,45.758064],[-111.1840385,45.758051],[-111.1838745,45.7580559],[-111.1838415,45.7580868],[-111.1838415,45.7583133]]]]}},
{"type":"Feature","properties":{"osm_way_id":"638853605","name":"Belgrade Senior Center","landuse":"recreation_ground"},"geometry":{"type":"MultiPolygon","coordinates":[[[[-111.1704814,45.7824895],[-111.1694393,45.7819301],[-111.1693905,45.783718],[-111.169863,45.783721],[-111.1700985,45.7830739],[-111.1704814,45.7824895]]]]}},
{"type":"Feature","properties":{"osm_way_id":"638853624","landuse":"grass"},"geometry":{"type":"MultiPolygon","coordinates":[[[[-111.1889009,45.7435887],[-111.1888907,45.7437849],[-111.1853972,45.7437602],[-111.1853281,45.7436575],[-111.1852546,45.742539],[-111.1856098,45.7425377],[-111.1856169,45.7434392],[-111.1863211,45.7434365],[-111.1864664,45.743436],[-111.1864677,45.7435984],[-111.1889009,45.7435887]]]]}},
{"type":"Feature","properties":{"osm_way_id":"645480150","name":"Mineral Avenue Park","leisure":"park"},"geometry":{"type":"MultiPolygon","coordinates":[[[[-111.0927207,45.6819786],[-111.0917669,45.6819841],[-111.0917627,45.6816221],[-111.0927164,45.6816166],[-111.0927207,45.6819786]]]]}},
{"type":"Feature","properties":{"osm_way_id":"666378561","leisure":"park","other_tags":"\"dog\"=>\"leashed\""},"geometry":{"type":"MultiPolygon","coordinates":[[[[-111.1432945,45.7911319],[-111.1431013,45.7911768],[-111.1430155,45.7908794],[-111.1429994,45.7906288],[-111.1430343,45.7903295],[-111.1432033,45.7903408],[-111.1432945,45.7911319]]]]}},
{"type":"Feature","properties":{"osm_way_id":"666378562","name":"Meadowlark Park","leisure":"park"},"geometry":{"type":"MultiPolygon","coordinates":[[[[-111.1399444,45.7906222],[-111.1396976,45.7906522],[-111.1394312,45.7907379],[-111.136715,45.7898816],[-111.1364988,45.7903898],[-111.1382762,45.7909009],[-111.1405294,45.7915483],[-111.1425367,45.7921251],[-111.1427875,45.7919164],[-111.1426051,45.7917818],[-111.1417897,45.7916153],[-111.140159,45.7911403],[-111.1399176,45.7909421],[-111.1399444,45.7906222]]]]}},
{"type":"Feature","properties":{"osm_way_id":"666378563","leisure":"park"},"geometry":{"type":"MultiPolygon","coordinates":[[[[-111.1409904,45.7882516],[-111.1407544,45.7883339],[-111.1404889,45.7882067],[-111.1406042,45.7879673],[-111.1402582,45.7878028],[-111.1398505,45.7881058],[-111.1397566,45.7880627],[-111.140108,45.7877242],[-111.1399069,45.7875033],[-111.1408376,45.7875054],[-111.1407651,45.7879056],[-111.1410065,45.7880758],[-111.1409904,45.7882516]]]]}},
{"type":"Feature","properties":{"osm_way_id":"710517584","name":"Valley Grove Park","leisure":"park"},"geometry":{"type":"MultiPolygon","coordinates":[[[[-111.1320573,45.7321062],[-111.1303514,45.7321137],[-111.1303474,45.731567],[-111.1320439,45.7315651],[-111.1320573,45.7321062]]]]}},
{"type":"Feature","properties":{"osm_way_id":"710517587","leisure":"park"},"geometry":{"type":"MultiPolygon","coordinates":[[[[-111.1366546,45.7359881],[-111.136829,45.7360546],[-111.1369631,45.7360939],[-111.1370663,45.7361042],[-111.1372581,45.7361023],[-111.1373761,45.7360817],[-111.1374767,45.736034],[-111.1375706,45.735945],[-111.1376631,45.7358552],[-111.1384664,45.734927],[-111.1384701,45.734884],[-111.1384331,45.7348362],[-111.1381278,45.7347011],[-111.1375733,45.7352823],[-111.137069,45.7357017],[-111.1368223,45.7358327],[-111.136719,45.7359095],[-111.1366546,45.7359881]]]]}},
{"type":"Feature","properties":{"osm_way_id":"710517588","leisure":"park"},"geometry":{"type":"MultiPolygon","coordinates":[[[[-111.1381754,45.7346392],[-111.1392336,45.7332772],[-111.1380668,45.7327409],[-111.1385027,45.7321923],[-111.1390565,45.7311439],[-111.1394213,45.7310484],[-111.1394897,45.7311588],[-111.1395568,45.731229],[-111.1397673,45.7313404],[-111.1409394,45.7317814],[-111.1395702,45.7336667],[-111.1386197,45.7347553],[-111.1385638,45.7347761],[-111.1385074,45.734781],[-111.1381754,45.7346392]]]]}},
{"type":"Feature","properties":{"osm_way_id":"717913022","leisure":"park"},"geometry":{"type":"MultiPolygon","coordinates":[[[[-111.0917732,45.7043755],[-111.0914459,45.7043763],[-111.0914433,45.7038612],[-111.0917705,45.7038604],[-111.0917732,45.7043755]]]]}},
{"type":"Feature","properties":{"osm_way_id":"721048561","leisure":"park"},"geometry":{"type":"MultiPolygon","coordinates":[[[[-111.1652474,45.6745319],[-111.1653167,45.6777311],[-111.1654079,45.6780159],[-111.163922,45.6786953],[-111.1638656,45.678635],[-111.1643779,45.6784151],[-111.1636913,45.6776992],[-111.1635625,45.6771764],[-111.1636001,45.6770152],[-111.1636859,45.6768578],[-111.1643323,45.6760744],[-111.1644638,45.675797],[-111.1645576,45.6755253],[-111.1645576,45.6745339],[-111.1652474,45.6745319]]]]}},
{"type":"Feature","properties":{"osm_way_id":"732209206","landuse":"grass"},"geometry":{"type":"MultiPolygon","coordinates":[[[[-111.0492978,45.6700137],[-111.0489061,45.6700122],[-111.0489121,45.6692831],[-111.0493036,45.6692846],[-111.0492978,45.6700137]]]]}},
{"type":"Feature","properties":{"osm_way_id":"732209207","landuse":"grass"},"geometry":{"type":"MultiPolygon","coordinates":[[[[-111.060518,45.6700549],[-111.0605763,45.6699034],[-111.0605805,45.6697607],[-111.0599678,45.6697636],[-111.0599595,45.6695044],[-111.0606013,45.6694928],[-111.0604805,45.6693705],[-111.0604346,45.6693326],[-111.0579047,45.6693064],[-111.0579005,45.669487],[-111.0584966,45.6694986],[-111.0585966,45.6695918],[-111.0586049,45.6696908],[-111.0585132,45.6697549],[-111.0579214,45.6697491],[-111.0579172,45.6699355],[-111.0579881,45.6700753],[-111.0584966,45.6699471],[-111.0586133,45.6699704],[-111.0586883,45.6700782],[-111.0586508,45.6701364],[-111.0581089,45.6702704],[-111.0582173,45.670451],[-111.0584799,45.6706199],[-111.0587591,45.6702821],[-111.0588758,45.6702529],[-111.0590092,45.6702966],[-111.0590509,45.670352],[-111.0587883,45.6707364],[-111.0589446,45.670782],[-111.0589884,45.6707947],[-111.0595552,45.6707743],[-111.0596969,45.6707335],[-111.0594135,45.6703607],[-111.059451,45.6702879],[-111.0595802,45.6702442],[-111.0597178,45.6702733],[-111.059997,45.6706345],[-111.0602096,45.6704947],[-111.0603638,45.670317],[-111.0598595,45.6701568],[-111.0597511,45.670084],[-111.0598136,45.6699588],[-111.0599428,45.6699413],[-111.060518,45.6700549]]]]}},
{"type":"Feature","properties":{"osm_way_id":"732209213","landuse":"grass"},"geometry":{"type":"MultiPolygon","coordinates":[[[[-111.0561663,45.665288],[-111.0559839,45.665108],[-111.0558766,45.6650387],[-111.0558498,45.6649899],[-111.0558766,45.6649412],[-111.0559276,45.6649159],[-111.0567618,45.6649187],[-111.056574,45.6649796],[-111.0564077,45.6650199],[-111.056338,45.6651389],[-111.056236,45.6652467],[-111.0561663,45.665288]]]]}},
{"type":"Feature","properties":{"osm_way_id":"732209214","landuse":"grass"},"geometry":{"type":"MultiPolygon","coordinates":[[[[-111.0560429,45.6652636],[-111.0559383,45.6651417],[-111.0558015,45.6650555],[-111.0553643,45.6649168],[-111.0549057,45.6649356],[-111.054852,45.6649805],[-111.0549003,45.6650893],[-111.0548735,45.6651905],[-111.0547876,45.6652992],[-111.0544443,45.6654079],[-111.054337,45.6653704],[-111.05438,45.6655766],[-111.0544497,45.6656816],[-111.0545623,45.6656966],[-111.0547179,45.6657116],[-111.0549486,45.6656666],[-111.0552758,45.6656441],[-111.0554341,45.6656516],[-111.0556674,45.6655991],[-111.0558847,45.665451],[-111.0558498,45.6654079],[-111.0560939,45.6653254],[-111.0560429,45.6652636]]]]}},
{"type":"Feature","properties":{"osm_way_id":"732209215","landuse":"grass"},"geometry":{"type":"MultiPolygon","coordinates":[[[[-111.0541978,45.6663217],[-111.0540562,45.6662976],[-111.0538955,45.666204],[-111.0538419,45.6660863],[-111.0538496,45.6660008],[-111.0536429,45.6659339],[-111.0535358,45.6660382],[-111.0534286,45.6660409],[-111.0534133,45.6661452],[-111.0534631,45.6662735],[-111.0535434,45.6663725],[-111.0537233,45.666426],[-111.0538649,45.66645],[-111.0539835,45.666434],[-111.0541634,45.6663725],[-111.0541978,45.6663217]]]]}},
{"type":"Feature","properties":{"osm_way_id":"732209220","landuse":"grass"},"geometry":{"type":"MultiPolygon","coordinates":[[[[-111.0555464,45.6660056],[-111.0552673,45.6660028],[-111.0552632,45.6659519],[-111.0549154,45.6659519],[-111.0549235,45.6660084],[-111.0547253,45.6660084],[-111.0546646,45.665901],[-111.0545635,45.6658275],[-111.0544462,45.6657766],[-111.0542763,45.665737],[-111.0541024,45.6657455],[-111.0541145,45.6657257],[-111.054159,45.665706],[-111.054341,45.665706],[-111.0545311,45.6657512],[-111.0547334,45.6657653],[-111.0549518,45.6657257],[-111.0551945,45.6657088],[-111.0555464,45.6660056]]]]}},
{"type":"Feature","properties":{"osm_way_id":"732209221","landuse":"grass"},"geometry":{"type":"MultiPolygon","coordinates":[[[[-111.0539899,45.6654956],[-111.0539899,45.6652842],[-111.054197,45.6652379],[-111.0542136,45.6652929],[-111.0539899,45.6654956]]]]}},
{"type":"Feature","properties":{"osm_way_id":"732209222","landuse":"grass"},"geometry":{"type":"MultiPolygon","coordinates":[[[[-111.053994,45.6656173],[-111.0540064,45.6655854],[-111.0541349,45.6654493],[-111.054197,45.6654406],[-111.0542385,45.6654667],[-111.0542716,45.6655535],[-111.0543545,45.6656607],[-111.0541556,45.6656491],[-111.054052,45.6656896],[-111.053994,45.6656173]]]]}},
{"type":"Feature","properties":{"osm_way_id":"737385354","leisure":"park"},"geometry":{"type":"MultiPolygon","coordinates":[[[[-111.2260723,45.7737081],[-111.225676,45.7737155],[-111.2256653,45.7734341],[-111.2258423,45.7734588],[-111.2259662,45.7735328],[-111.226044,45.7736439],[-111.2260723,45.7737081]]]]}},
{"type":"Feature","properties":{"osm_way_id":"737385474","leisure":"park"},"geometry":{"type":"MultiPolygon","coordinates":[[[[-111.2260891,45.7757984],[-111.2256821,45.7758009],[-111.2256768,45.7760626],[-111.2257918,45.7760379],[-111.2258732,45.776012],[-111.2259634,45.7759601],[-111.2260324,45.7758935],[-111.2260891,45.7757984]]]]}},
{"type":"Feature","properties":{"osm_way_id":"752841635","name":"South Westfield Park","leisure":"park"},"geometry":{"type":"MultiPolygon","coordinates":[[[[-111.0447437,45.644945],[-111.0445031,45.644991],[-111.0444518,45.6454203],[-111.0439216,45.6454535],[-111.0439102,45.6458206],[-111.0437469,45.645801],[-111.0435782,45.6457278],[-111.0434963,45.6456325],[-111.0434783,45.6455097],[-111.0435319,45.6444433],[-111.044482,45.6444538],[-111.0445051,45.6444833],[-111.0444991,45.6447102],[-111.0445635,45.6447722],[-111.0447432,45.644804],[-111.0447437,45.644945]]]]}},
{"type":"Feature","properties":{"osm_way_id":"760255525","landuse":"grass"},"geometry":{"type":"MultiPolygon","coordinates":[[[[-111.0476582,45.6525092],[-111.0475372,45.652353],[-111.0486442,45.6523394],[-111.0485422,45.6525125],[-111.0476582,45.6525092]]]]}},
{"type":"Feature","properties":{"osm_way_id":"760255527","landuse":"grass"},"geometry":{"type":"MultiPolygon","coordinates":[[[[-111.0475383,45.652115],[-111.0484382,45.6521129],[-111.0485175,45.6520318],[-111.0484138,45.6520105],[-111.0482583,45.6520105],[-111.048243,45.6519849],[-111.0475048,45.6519765],[-111.0475017,45.6521065],[-111.0475383,45.652115]]]]}},
{"type":"Feature","properties":{"osm_way_id":"760255528","landuse":"grass"},"geometry":{"type":"MultiPolygon","coordinates":[[[[-111.0475285,45.6511168],[-111.0474816,45.651099],[-111.0473794,45.6511079],[-111.0473113,45.6511377],[-111.0472815,45.6511674],[-111.0472219,45.6511704],[-111.0472176,45.650453],[-111.0503971,45.6504167],[-111.05034,45.6506657],[-111.0497392,45.6513032],[-111.0495247,45.6517719],[-111.0491836,45.6516949],[-111.049168,45.6516407],[-111.0491723,45.6513818],[-111.0487677,45.6513758],[-111.0487635,45.6511317],[-111.0484867,45.6511258],[-111.0484824,45.6511734],[-111.0482695,45.6511764],[-111.0482567,45.6510037],[-111.0475796,45.6510007],[-111.0475455,45.6510216],[-111.0475285,45.6511168]]]]}},
{"type":"Feature","properties":{"osm_way_id":"761587172","name":"Alder Creek Park","leisure":"park"},"geometry":{"type":"MultiPolygon","coordinates":[[[[-111.0530486,45.6478482],[-111.0530435,45.6462726],[-111.0530009,45.6462229],[-111.0526155,45.6462373],[-111.0522053,45.6462527],[-111.0519996,45.646302],[-111.0518739,45.6463321],[-111.0513435,45.646544],[-111.0510405,45.6466234],[-111.0508321,45.6466433],[-111.0508227,45.6482918],[-111.0508204,45.6484131],[-111.0502909,45.6493083],[-111.0502732,45.6493383],[-111.0506534,45.6493844],[-111.0511018,45.6495011],[-111.0510902,45.6489807],[-111.051088,45.6487245],[-111.0510843,45.6482781],[-111.051397,45.6482457],[-111.051397,45.6478482],[-111.0530486,45.6478482]]]]}},
{"type":"Feature","properties":{"osm_way_id":"776803608","landuse":"grass"},"geometry":{"type":"MultiPolygon","coordinates":[[[[-111.0268026,45.7016616],[-111.0268118,45.7015614],[-111.0267609,45.7014484],[-111.0265805,45.7012642],[-111.0263723,45.7011543],[-111.0269506,45.7008409],[-111.0274688,45.7013062],[-111.0268026,45.7016616]]]]}},
{"type":"Feature","properties":{"osm_way_id":"776803612","landuse":"grass"},"geometry":{"type":"MultiPolygon","coordinates":[[[[-111.0262844,45.702143],[-111.0261641,45.7020267],[-111.0259051,45.7019492],[-111.0256414,45.7019815],[-111.0255072,45.7020526],[-111.0254332,45.7021366],[-111.0253591,45.7021301],[-111.0253869,45.702059],[-111.0253869,45.7019944],[-111.0253129,45.7019298],[-111.0251741,45.7019265],[-111.0250584,45.7019976],[-111.0250029,45.7019556],[-111.025063,45.7019007],[-111.0250677,45.7018199],[-111.0250214,45.7017618],[-111.0249104,45.7017327],[-111.0248364,45.7017456],[-111.0248225,45.701681],[-111.024915,45.7016745],[-111.0250307,45.7016164],[-111.0251139,45.7015388],[-111.0251741,45.701416],[-111.0251741,45.7013062],[-111.0251278,45.7012319],[-111.025188,45.701206],[-111.0252805,45.7012416],[-111.0253684,45.7012448],[-111.025447,45.7012028],[-111.0255026,45.7011414],[-111.0255026,45.7010832],[-111.0255396,45.70108],[-111.0255442,45.7011349],[-111.0255766,45.7011931],[-111.0256599,45.7012286],[-111.025794,45.7012577],[-111.0258912,45.7012416],[-111.0260392,45.7011834],[-111.0260947,45.7011479],[-111.0261549,45.7011479],[-111.0259976,45.7012448],[-111.0260855,45.7013191],[-111.0262798,45.7012254],[-111.0263353,45.7012577],[-111.0262428,45.7012997],[-111.0260947,45.7013837],[-111.0260855,45.7014645],[-111.0261503,45.7015162],[-111.0262937,45.7015421],[-111.0264463,45.7014742],[-111.0264972,45.7015],[-111.0264093,45.7015776],[-111.0264417,45.7016487],[-111.0265019,45.7017004],[-111.0265805,45.7017133],[-111.0267147,45.7016874],[-111.0266869,45.7018878],[-111.0266314,45.7018522],[-111.0265296,45.7018458],[-111.0263862,45.7019072],[-111.0263492,45.7019718],[-111.0264417,45.7020719],[-111.0262844,45.702143]]]]}},
{"type":"Feature","properties":{"osm_way_id":"776803633","landuse":"grass"},"geometry":{"type":"MultiPolygon","coordinates":[[[[-111.0267079,45.7008613],[-111.0266067,45.7007695],[-111.0267605,45.7006868],[-111.0268617,45.7007787],[-111.0267079,45.7008613]]]]}},
{"type":"Feature","properties":{"osm_way_id":"777334845","leisure":"park"},"geometry":{"type":"MultiPolygon","coordinates":[[[[-111.0519193,45.6607974],[-111.0514669,45.6607963],[-111.0514688,45.6604077],[-111.0519213,45.6604088],[-111.0519193,45.6607974]]]]}},
{"type":"Feature","properties":{"osm_way_id":"777629876","leisure":"park"},"geometry":{"type":"MultiPolygon","coordinates":[[[[-111.0916846,45.5797553],[-111.0915763,45.578939],[-111.0912514,45.5783384],[-111.0909514,45.5779302],[-111.0905386,45.5777669],[-111.0905232,45.576714],[-111.0903934,45.5767092],[-111.0901337,45.5778611],[-111.0899767,45.5778952],[-111.0895935,45.5786241],[-111.0894102,45.5792655],[-111.0893769,45.5798078],[-111.0894852,45.5804201],[-111.0897518,45.5810615],[-111.090085,45.5815396],[-111.0904099,45.5817203],[-111.0905016,45.5827116],[-111.0906182,45.5827232],[-111.0906015,45.5817087],[-111.0908931,45.5816387],[-111.0911264,45.5814288],[-111.091393,45.5809448],[-111.0916262,45.5803676],[-111.0916846,45.5797553]]]]}},
{"type":"Feature","properties":{"osm_way_id":"777910738","landuse":"grass"},"geometry":{"type":"MultiPolygon","coordinates":[[[[-111.0747954,45.6764481],[-111.0747954,45.6764058],[-111.0747584,45.676326],[-111.0743752,45.6763213],[-111.0735851,45.6761662],[-111.0734473,45.6764152],[-111.073454,45.6766173],[-111.0733733,45.6766196],[-111.0733666,45.6767864],[-111.074086,45.6768451],[-111.074634,45.6768827],[-111.0747921,45.6768921],[-111.0747988,45.6767089],[-111.0747181,45.6767065],[-111.0747181,45.6764528],[-111.0747954,45.6764481]]]]}},
{"type":"Feature","properties":{"osm_way_id":"778162186","name":"Valley Meadows Park","leisure":"park"},"geometry":{"type":"MultiPolygon","coordinates":[[[[-111.0808704,45.6836498],[-111.0797636,45.6836425],[-111.0797701,45.6831572],[-111.0802889,45.6831606],[-111.0802867,45.6833163],[-111.0808749,45.6833202],[-111.0808704,45.6836498]]]]}},
{"type":"Feature","properties":{"osm_way_id":"778169489","name":"Valley Unit Park","leisure":"park","other_tags":"\"addr:city\"=>\"Bozeman\",\"addr:state\"=>\"MT\",\"gnis:feature_id\"=>\"1743582\""},"geometry":{"type":"MultiPolygon","coordinates":[[[[-111.087825,45.6855957],[-111.0869289,45.6855923],[-111.0869572,45.6816362],[-111.0879658,45.6816415],[-111.087825,45.6855957]]]]}},
{"type":"Feature","properties":{"osm_way_id":"778169516","barrier":"fence","landuse":"recreation_ground"},"geometry":{"type":"MultiPolygon","coordinates":[[[[-111.1032639,45.6903506],[-111.1024729,45.6903404],[-111.1024812,45.6900281],[-111.102491,45.6896567],[-111.103282,45.689667],[-111.1032724,45.6900313],[-111.1032639,45.6903506]]]]}},
{"type":"Feature","properties":{"osm_way_id":"778619512","name":"Matthew Madison Park","leisure":"park"},"geometry":{"type":"MultiPolygon","coordinates":[[[[-111.0787497,45.7082583],[-111.0784725,45.7079045],[-111.078404,45.7077635],[-111.0783527,45.7076034],[-111.0783056,45.707605],[-111.0780104,45.7076153],[-111.0775825,45.7077563],[-111.0773874,45.7079547],[-111.0775175,45.7082583],[-111.0778542,45.708613],[-111.0778769,45.7086359],[-111.0787172,45.7082929],[-111.0787497,45.7082583]]]]}},
{"type":"Feature","properties":{"osm_way_id":"778642231","leisure":"park"},"geometry":{"type":"MultiPolygon","coordinates":[[[[-111.0142534,45.7041313],[-111.0143773,45.7041835],[-111.0145046,45.7042708],[-111.0146283,45.7044106],[-111.0151768,45.7042692],[-111.0152784,45.7042353],[-111.0154595,45.7041392],[-111.0154183,45.7041268],[-111.0153653,45.7041186],[-111.0152711,45.7041237],[-111.0151879,45.7041237],[-111.0151407,45.7041206],[-111.0150936,45.7041258],[-111.0150009,45.7041381],[-111.0149103,45.7041232],[-111.0148381,45.7041335],[-111.0147932,45.7041304],[-111.0147343,45.7041191],[-111.0146394,45.7041314],[-111.0145716,45.7041248],[-111.0145245,45.7041253],[-111.0144487,45.704135],[-111.0144001,45.7041304],[-111.0143736,45.7041227],[-111.01435,45.7041227],[-111.014283,45.7041278],[-111.0142241,45.7041248],[-111.0142534,45.7041313]]]]}},
{"type":"Feature","properties":{"osm_way_id":"778650018","landuse":"grass"},"geometry":{"type":"MultiPolygon","coordinates":[[[[-111.0099703,45.7022944],[-111.009053,45.7022944],[-111.0090226,45.702097],[-111.0090704,45.7019634],[-111.0092313,45.701839],[-111.0095008,45.7017873],[-111.0097486,45.7018238],[-111.0099268,45.7019149],[-111.0100007,45.7020576],[-111.0099703,45.7022944]]]]}},
{"type":"Feature","properties":{"osm_way_id":"779123314","barrier":"fence","landuse":"recreation_ground"},"geometry":{"type":"MultiPolygon","coordinates":[[[[-111.0670395,45.7285012],[-111.067038,45.7281626],[-111.0679197,45.7281607],[-111.0679212,45.7284993],[-111.0670395,45.7285012]]]]}},
{"type":"Feature","properties":{"osm_way_id":"779123316","landuse":"recreation_ground"},"geometry":{"type":"MultiPolygon","coordinates":[[[[-111.0671866,45.7286816],[-111.0676942,45.7286799],[-111.0676948,45.7287653],[-111.0671872,45.7287671],[-111.0671866,45.7286816]]]]}},
{"type":"Feature","properties":{"osm_way_id":"779123317","barrier":"fence","landuse":"recreation_ground"},"geometry":{"type":"MultiPolygon","coordinates":[[[[-111.0672006,45.7291375],[-111.0672073,45.7288121],[-111.0674512,45.7288146],[-111.0675779,45.7288158],[-111.0676848,45.7288169],[-111.0676781,45.7291423],[-111.0675667,45.7291412],[-111.0674399,45.7291399],[-111.0672006,45.7291375]]]]}},
{"type":"Feature","properties":{"osm_way_id":"783786246","name":"Story Mill Community Park","leisure":"park"},"geometry":{"type":"MultiPolygon","coordinates":[[[[-111.0298991,45.7005004],[-111.0296492,45.7001638],[-111.0289709,45.7001388],[-111.0281414,45.6999772],[-111.0274589,45.6997716],[-111.0245094,45.6997656],[-111.0239555,45.6998159],[-111.0235767,45.6998945],[-111.0232763,45.6999673],[-111.023586,45.7011257],[-111.0236878,45.7012318],[-111.024577,45.7021898],[-111.0245601,45.7025273],[-111.0242304,45.7025719],[-111.0242177,45.7027381],[-111.0249631,45.7027222],[-111.0256159,45.7026289],[-111.0262915,45.7024179],[-111.0269008,45.7021772],[-111.0298991,45.7005004]]]]}},
{"type":"Feature","properties":{"osm_way_id":"783786247","name":"Story Mill Nature Reserve","leisure":"nature_reserve","other_tags":"\"dog\"=>\"no\",\"opening_hours\"=>\"24/7\",\"operator\"=>\"City of Bozeman\",\"website\"=>\"https://www.tpl.org/our-work/story-mill-community-park#sm.00009hedjjp7bcq0x7c1njiyc1bhn\""},"geometry":{"type":"MultiPolygon","coordinates":[[[[-111.0234109,45.699817],[-111.0233689,45.6987893],[-111.0229928,45.6985783],[-111.0229623,45.6985785],[-111.0223757,45.6985817],[-111.0221812,45.6986437],[-111.0220555,45.6985854],[-111.0219341,45.6983212],[-111.0219737,45.6980967],[-111.0215511,45.6975087],[-111.0240231,45.6954424],[-111.0269767,45.6953673],[-111.0271146,45.6953214],[-111.0272304,45.6952193],[-111.0273164,45.6951778],[-111.0278522,45.6950897],[-111.0280436,45.6951725],[-111.0280264,45.695262],[-111.0275919,45.6954664],[-111.0272175,45.6958498],[-111.0272834,45.6959613],[-111.0274587,45.6960825],[-111.0275404,45.6963047],[-111.0276673,45.6963477],[-111.0279501,45.6962864],[-111.0280795,45.6965499],[-111.0254729,45.6965741],[-111.0254605,45.696988],[-111.0245518,45.6969833],[-111.0245044,45.699644],[-111.0238288,45.6997276],[-111.0234109,45.699817]]]]}},
{"type":"Feature","properties":{"osm_way_id":"783786248","name":"Story Mill Spur Park","leisure":"park"},"geometry":{"type":"MultiPolygon","coordinates":[[[[-111.0190033,45.6966018],[-111.0216888,45.6965675],[-111.0217312,45.6970279],[-111.0224128,45.6964878],[-111.0240446,45.6951955],[-111.0260115,45.6935249],[-111.0269388,45.6927381],[-111.0271077,45.6928226],[-111.0269571,45.6929495],[-111.024204,45.6952805],[-111.0224904,45.6967219],[-111.0207846,45.6981573],[-111.020795,45.6984559],[-111.0204922,45.6986659],[-111.0204473,45.6987919],[-111.0206091,45.6993183],[-111.0200417,45.6989567],[-111.0198285,45.6987397],[-111.0197877,45.6986974],[-111.019784,45.6986806],[-111.0196325,45.697837],[-111.0194402,45.6973798],[-111.0190033,45.6966018]]]]}},
{"type":"Feature","properties":{"osm_way_id":"788272120","leisure":"park"},"geometry":{"type":"MultiPolygon","coordinates":[[[[-111.1099521,45.6748267],[-111.1093235,45.6748275],[-111.1093218,45.6741124],[-111.1099501,45.6741115],[-111.1099521,45.6748267]]]]}},
{"type":"Feature","properties":{"osm_way_id":"788287605","leisure":"park"},"geometry":{"type":"MultiPolygon","coordinates":[[[[-111.0915318,45.7020028],[-111.091534,45.7017341],[-111.0915793,45.7016925],[-111.0922379,45.7016948],[-111.0922952,45.70174],[-111.0922977,45.701999],[-111.0915318,45.7020028]]]]}},
{"type":"Feature","properties":{"osm_way_id":"788287609","leisure":"park"},"geometry":{"type":"MultiPolygon","coordinates":[[[[-111.091534,45.701235],[-111.0915292,45.7010679],[-111.0922809,45.7010668],[-111.0922857,45.7012148],[-111.092207,45.7012541],[-111.0915613,45.7012563],[-111.091534,45.701235]]]]}},
{"type":"Feature","properties":{"osm_way_id":"788287624","landuse":"recreation_ground"},"geometry":{"type":"MultiPolygon","coordinates":[[[[-111.0919534,45.7062946],[-111.0926646,45.7062979],[-111.0926585,45.7069397],[-111.0919472,45.7069364],[-111.0919534,45.7062946]]]]}},
{"type":"Feature","properties":{"osm_way_id":"788287625","landuse":"recreation_ground"},"geometry":{"type":"MultiPolygon","coordinates":[[[[-111.0924096,45.7072834],[-111.0924065,45.7069574],[-111.0927511,45.7069558],[-111.0927543,45.7072818],[-111.0924096,45.7072834]]]]}},
{"type":"Feature","properties":{"osm_way_id":"790503947","landuse":"grass","other_tags":"\"golf\"=>\"fairway\""},"geometry":{"type":"MultiPolygon","coordinates":[[[[-111.0288705,45.6540145],[-111.0288808,45.6540216],[-111.0289022,45.654028],[-111.0289265,45.6540305],[-111.0289495,45.6540252],[-111.0289664,45.6540115],[-111.0289773,45.6539944],[-111.0289873,45.6539786],[-111.0289865,45.6540022],[-111.0289805,45.6540445],[-111.0289941,45.6540499],[-111.0290225,45.6540557],[-111.0291206,45.6540855],[-111.0292232,45.6541934],[-111.029379,45.6544058],[-111.0294901,45.6545137],[-111.0295324,45.6545726],[-111.029564,45.6546272],[-111.0297763,45.6548952],[-111.0301487,45.6552743],[-111.0301937,45.6553248],[-111.0302326,45.655384],[-111.0302719,45.6554679],[-111.0302965,45.6555279],[-111.0304165,45.6557805],[-111.0304732,45.6558597],[-111.0305107,45.655898],[-111.0305236,45.6559266],[-111.0305198,45.6559537],[-111.0304949,45.6559727],[-111.0304534,45.655991],[-111.0303854,45.6560014],[-111.0303269,45.656009],[-111.0302661,45.656015],[-111.0302426,45.6560116],[-111.0302215,45.6560016],[-111.0301793,45.6559573],[-111.0301111,45.6558767],[-111.0299963,45.6557214],[-111.0299017,45.6555643],[-111.0299013,45.6555362],[-111.0299123,45.655494],[-111.0299245,45.6554673],[-111.0299287,45.6554457],[-111.0299149,45.6553271],[-111.0297881,45.6552137],[-111.0295478,45.655064],[-111.0294114,45.6549712],[-111.0293317,45.654905],[-111.0292491,45.6548074],[-111.0289717,45.6544434],[-111.0288718,45.6541951],[-111.028887,45.6540785],[-111.0288705,45.6540145]]]]}},
{"type":"Feature","properties":{"osm_way_id":"790503948","landuse":"grass","other_tags":"\"golf\"=>\"green\""},"geometry":{"type":"MultiPolygon","coordinates":[[[[-111.0289873,45.6539786],[-111.0289989,45.6538946],[-111.0290003,45.6538578],[-111.0289905,45.6538259],[-111.0289801,45.6537951],[-111.0289494,45.6537707],[-111.0288987,45.6537556],[-111.0288478,45.6537589],[-111.0287933,45.6537645],[-111.0287377,45.6537708],[-111.0286986,45.6537873],[-111.0286797,45.653806],[-111.0286759,45.6538277],[-111.0286882,45.6538504],[-111.0287199,45.6538682],[-111.0287487,45.6538821],[-111.0287749,45.6538942],[-111.0287969,45.6539081],[-111.0288093,45.6539313],[-111.0288226,45.6539504],[-111.0288288,45.6539665],[-111.0288401,45.6539831],[-111.0288564,45.6540048],[-111.0288705,45.6540145],[-111.0288808,45.6540216],[-111.0289022,45.654028],[-111.0289265,45.6540305],[-111.0289495,45.6540252],[-111.0289664,45.6540115],[-111.0289773,45.6539944],[-111.0289873,45.6539786]]]]}},
{"type":"Feature","properties":{"osm_way_id":"790503952","landuse":"grass","other_tags":"\"golf\"=>\"tee\""},"geometry":{"type":"MultiPolygon","coordinates":[[[[-111.0310359,45.6569647],[-111.0311301,45.6570875],[-111.0311492,45.6570984],[-111.0311655,45.6571019],[-111.0311811,45.6571009],[-111.0311981,45.6570935],[-111.0312109,45.6570806],[-111.0312158,45.6570687],[-111.031213,45.6570529],[-111.0311103,45.6569875],[-111.0310961,45.6568944],[-111.0310812,45.656882],[-111.0310607,45.656877],[-111.0310422,45.6568751],[-111.0310174,45.6568815],[-111.031004,45.6568959],[-111.0310033,45.6569087],[-111.0310047,45.6569201],[-111.0310153,45.656935],[-111.0310359,45.6569647]]]]}},
{"type":"Feature","properties":{"osm_way_id":"790503954","landuse":"grass","other_tags":"\"golf\"=>\"tee\",\"ref\"=>\"2\""},"geometry":{"type":"MultiPolygon","coordinates":[[[[-111.0280916,45.6537782],[-111.0283095,45.6540207],[-111.0283216,45.6540318],[-111.0283384,45.6540403],[-111.0283553,45.6540429],[-111.0283758,45.654041],[-111.0283945,45.6540325],[-111.0284067,45.6540207],[-111.0284086,45.6540063],[-111.0284058,45.6539919],[-111.0281692,45.6537318],[-111.0281571,45.6537214],[-111.0281365,45.6537142],[-111.0281225,45.6537122],[-111.0281038,45.6537149],[-111.0280888,45.6537188],[-111.0280795,45.6537266],[-111.0280757,45.653741],[-111.0280748,45.6537514],[-111.0280795,45.6537632],[-111.0280916,45.6537782]]]]}},
{"type":"Feature","properties":{"osm_way_id":"790503955","landuse":"grass","other_tags":"\"golf\"=>\"fairway\""},"geometry":{"type":"MultiPolygon","coordinates":[[[[-111.0282381,45.6532862],[-111.0282961,45.6532823],[-111.0283484,45.6532784],[-111.028384,45.6532653],[-111.0284139,45.6532444],[-111.0284345,45.6532209],[-111.0284438,45.6531869],[-111.0284868,45.6530379],[-111.0284906,45.6529791],[-111.0284887,45.6528523],[-111.0284831,45.6527124],[-111.0284672,45.6525311],[-111.0284586,45.6524696],[-111.0284306,45.6523164],[-111.0284092,45.6522369],[-111.0283726,45.6521483],[-111.0283275,45.6520492],[-111.0283018,45.6519711],[-111.0282738,45.651884],[-111.0282824,45.6518074],[-111.028303,45.651753],[-111.0283129,45.6517203],[-111.0283299,45.6516678],[-111.0283441,45.6516173],[-111.0283582,45.6515688],[-111.0283568,45.6515381],[-111.0283426,45.6515113],[-111.0283171,45.6514965],[-111.028276,45.6514875],[-111.0282259,45.6514802],[-111.0281777,45.6514761],[-111.0281295,45.6514773],[-111.0280564,45.6514836],[-111.0279997,45.6514935],[-111.0279614,45.6515202],[-111.0279487,45.6515569],[-111.0279487,45.6516143],[-111.0279827,45.6516985],[-111.0280054,45.6517768],[-111.0280238,45.651858],[-111.0280252,45.6519254],[-111.028045,45.6519561],[-111.0280691,45.6520116],[-111.0281131,45.6520789],[-111.0281201,45.6521542],[-111.0281173,45.6522057],[-111.0280904,45.6522701],[-111.0280677,45.6523087],[-111.0280521,45.6523603],[-111.0280564,45.6524375],[-111.0280705,45.6525168],[-111.028072,45.652594],[-111.0280649,45.6526614],[-111.0280564,45.6527515],[-111.0280465,45.6528813],[-111.028045,45.6529784],[-111.0280408,45.6530556],[-111.0280394,45.653119],[-111.0280422,45.6531864],[-111.0280436,45.65323],[-111.0280649,45.6532478],[-111.0280904,45.6532646],[-111.028123,45.6532716],[-111.0281641,45.6532795],[-111.0282381,45.6532862]]]]}},
{"type":"Feature","properties":{"osm_way_id":"790503961","landuse":"grass","other_tags":"\"golf\"=>\"green\""},"geometry":{"type":"MultiPolygon","coordinates":[[[[-111.028225,45.6512561],[-111.0282347,45.6512486],[-111.0282486,45.6512399],[-111.0282642,45.6512272],[-111.028283,45.6512144],[-111.0282948,45.6512024],[-111.0283013,45.651187],[-111.0283045,45.6511724],[-111.0283034,45.6511604],[-111.0282953,45.6511435],[-111.0282857,45.651133],[-111.028268,45.6511191],[-111.0282529,45.6511116],[-111.0282261,45.6511014],[-111.0282003,45.6510939],[-111.028167,45.6510868],[-111.0281348,45.6510868],[-111.0281026,45.6510917],[-111.0280698,45.6510988],[-111.0280456,45.6511026],[-111.0280172,45.6511108],[-111.0280005,45.651121],[-111.0279812,45.6511315],[-111.0279694,45.6511435],[-111.0279635,45.6511619],[-111.0279713,45.6511793],[-111.0279807,45.6511956],[-111.028,45.6512137],[-111.028022,45.6512313],[-111.0280317,45.6512392],[-111.0280521,45.651252],[-111.0280607,45.6512572],[-111.0280736,45.6512662],[-111.0280838,45.6512715],[-111.0280924,45.651276],[-111.0281058,45.6512824],[-111.0281165,45.6512861],[-111.0281278,45.6512895],[-111.0281396,45.6512925],[-111.0281471,45.651294],[-111.0281584,45.6512936],[-111.0281681,45.651291],[-111.0281788,45.6512869],[-111.0281944,45.6512779],[-111.0282035,45.6512718],[-111.0282105,45.6512651],[-111.028225,45.6512561]]]]}},
{"type":"Feature","properties":{"osm_way_id":"790503963","landuse":"grass","other_tags":"\"golf\"=>\"tee\",\"ref\"=>\"3\""},"geometry":{"type":"MultiPolygon","coordinates":[[[[-111.0269676,45.6507216],[-111.0271745,45.6507216],[-111.0271958,45.6507197],[-111.0272128,45.6507127],[-111.027227,45.6506998],[-111.0272284,45.650688],[-111.0272255,45.6506761],[-111.0272156,45.6506672],[-111.0272029,45.6506563],[-111.0271774,45.6506543],[-111.0268103,45.6506543],[-111.0267791,45.6506572],[-111.0267631,45.6506642],[-111.0267542,45.650677],[-111.0267555,45.6506928],[-111.0267641,45.6507031],[-111.0267832,45.6507113],[-111.0268034,45.6507168],[-111.0269676,45.6507216]]]]}},
{"type":"Feature","properties":{"osm_way_id":"790503964","landuse":"grass","other_tags":"\"golf\"=>\"fairway\""},"geometry":{"type":"MultiPolygon","coordinates":[[[[-111.0277484,45.6508251],[-111.0277652,45.6508349],[-111.027797,45.6508415],[-111.0278512,45.6508428],[-111.0279756,45.6508467],[-111.0280251,45.6508473],[-111.0281008,45.6508421],[-111.0281438,45.6508382],[-111.0281766,45.650829],[-111.0281999,45.6508192],[-111.0282542,45.650799],[-111.028299,45.6507846],[-111.0283684,45.6507708],[-111.0283551,45.6507697],[-111.0283389,45.6507703],[-111.0283291,45.650768],[-111.0283205,45.6507628],[-111.0283128,45.6507561],[-111.0283039,45.650747],[-111.0283006,45.6507396],[-111.0282982,45.6507265],[-111.028299,45.6507197],[-111.028299,45.6507111],[-111.0283104,45.650702],[-111.0282794,45.6507166],[-111.0282514,45.6507343],[-111.0282271,45.6507382],[-111.0282121,45.6507375],[-111.0281953,45.6507356],[-111.0281812,45.6507317],[-111.0281476,45.6507225],[-111.0281167,45.6507134],[-111.0280784,45.6506964],[-111.0280419,45.6506754],[-111.0280092,45.6506513],[-111.0279877,45.6506336],[-111.0279643,45.6506173],[-111.02794,45.6506016],[-111.027912,45.6505924],[-111.0278811,45.6505885],[-111.0278559,45.6505892],[-111.0278232,45.6505964],[-111.027796,45.6506101],[-111.0277717,45.6506264],[-111.0277474,45.6506467],[-111.0277325,45.6506728],[-111.0277269,45.6506996],[-111.027725,45.6507238],[-111.0277259,45.6507526],[-111.0277306,45.6507866],[-111.0277362,45.6508101],[-111.0277484,45.6508251]]]]}},
{"type":"Feature","properties":{"osm_way_id":"790503968","landuse":"grass","other_tags":"\"golf\"=>\"green\",\"ref\"=>\"3\""},"geometry":{"type":"MultiPolygon","coordinates":[[[[-111.0283291,45.650768],[-111.0283389,45.6507703],[-111.0283551,45.6507697],[-111.0283684,45.6507708],[-111.0283747,45.6507714],[-111.0283926,45.6507714],[-111.0284154,45.6507732],[-111.0284414,45.6507737],[-111.0284585,45.6507732],[-111.0284805,45.650772],[-111.0285008,45.6507714],[-111.0285269,45.6507697],[-111.0285537,45.6507663],[-111.0285757,45.6507606],[-111.0286001,45.6507493],[-111.028618,45.6507356],[-111.0286367,45.6507117],[-111.0286465,45.6506969],[-111.0286498,45.6506821],[-111.0286522,45.6506685],[-111.0286514,45.6506554],[-111.0286514,45.6506355],[-111.0286449,45.650619],[-111.02864,45.6506047],[-111.0286335,45.6505951],[-111.0286262,45.6505882],[-111.0286148,45.650582],[-111.0285928,45.6505774],[-111.0285749,45.6505746],[-111.0285545,45.6505752],[-111.0285334,45.6505763],[-111.0284959,45.650582],[-111.0284634,45.6505911],[-111.0284325,45.6505991],[-111.0284145,45.6506064],[-111.0283869,45.6506161],[-111.028371,45.650625],[-111.0283568,45.6506372],[-111.0283413,45.6506571],[-111.0283323,45.6506724],[-111.0283283,45.6506855],[-111.0283209,45.6506946],[-111.0283104,45.650702],[-111.028299,45.6507111],[-111.028299,45.6507197],[-111.0282982,45.6507265],[-111.0283006,45.6507396],[-111.0283039,45.650747],[-111.0283128,45.6507561],[-111.0283205,45.6507628],[-111.0283291,45.650768]]]]}},
{"type":"Feature","properties":{"osm_way_id":"790503969","landuse":"grass","other_tags":"\"golf\"=>\"tee\""},"geometry":{"type":"MultiPolygon","coordinates":[[[[-111.0290769,45.6507124],[-111.029083,45.6509789],[-111.0290867,45.6509918],[-111.0290954,45.6510022],[-111.0291077,45.6510143],[-111.0291324,45.6510238],[-111.0291521,45.6510238],[-111.0291731,45.6510229],[-111.0291928,45.6510177],[-111.0292064,45.6510082],[-111.0292175,45.6509944],[-111.02922,45.6509815],[-111.0292052,45.6506969],[-111.0292027,45.6506805],[-111.0291916,45.6506676],[-111.0291718,45.6506598],[-111.0291595,45.6506572],[-111.0291398,45.6506555],[-111.0291188,45.6506555],[-111.0291028,45.6506598],[-111.0290929,45.6506685],[-111.029083,45.6506779],[-111.0290769,45.6506935],[-111.0290769,45.6507124]]]]}},
{"type":"Feature","properties":{"osm_way_id":"790503970","landuse":"grass","other_tags":"\"golf\"=>\"fairway\",\"ref\"=>\"4\""},"geometry":{"type":"MultiPolygon","coordinates":[[[[-111.0290824,45.6514444],[-111.0291306,45.6514454],[-111.0291603,45.6514493],[-111.0292043,45.6514563],[-111.0292312,45.6514721],[-111.0292439,45.6514919],[-111.0292553,45.6515147],[-111.0292567,45.6515533],[-111.0292425,45.6516623],[-111.029251,45.6517594],[-111.0292879,45.651902],[-111.0293729,45.6522943],[-111.0295118,45.6527628],[-111.0295996,45.6530887],[-111.0296563,45.6532522],[-111.0297045,45.6536088],[-111.0297621,45.6537312],[-111.0299662,45.6540065],[-111.0301278,45.654274],[-111.0302625,45.6545193],[-111.0302797,45.6545673],[-111.0302683,45.6545931],[-111.0303488,45.654701],[-111.030332,45.6546951],[-111.0303142,45.6546912],[-111.0302918,45.6546885],[-111.0302712,45.6546918],[-111.0302581,45.6546983],[-111.0302469,45.6547095],[-111.0302394,45.6547264],[-111.0302161,45.6546832],[-111.030174,45.6546533],[-111.0301293,45.6546274],[-111.030095,45.6546214],[-111.0300327,45.6545944],[-111.0299854,45.6545673],[-111.0299554,45.6545343],[-111.0299253,45.6544908],[-111.0298909,45.6544067],[-111.0297878,45.6542505],[-111.0296589,45.6540463],[-111.0295945,45.6539848],[-111.0295365,45.6539187],[-111.0295064,45.6538962],[-111.0294828,45.6538737],[-111.0294656,45.6538407],[-111.0294506,45.6537536],[-111.0294441,45.653653],[-111.0294227,45.6535779],[-111.0293947,45.6535344],[-111.029369,45.6534818],[-111.0293367,45.6534188],[-111.0293024,45.6533001],[-111.0292766,45.6532251],[-111.0292573,45.653159],[-111.0292465,45.6531215],[-111.0291928,45.6530584],[-111.0291499,45.6529984],[-111.0291198,45.6529248],[-111.0291069,45.6527912],[-111.029079,45.6526801],[-111.0290446,45.652614],[-111.0289866,45.6524834],[-111.0289351,45.6523527],[-111.0289072,45.6522161],[-111.02889,45.6520795],[-111.0288814,45.6519504],[-111.0288878,45.6517702],[-111.0289115,45.6516696],[-111.0289222,45.6516245],[-111.0289222,45.6515795],[-111.0289222,45.6515284],[-111.0289308,45.6514909],[-111.0289458,45.6514654],[-111.0289673,45.6514504],[-111.0290296,45.6514399],[-111.0290824,45.6514444]]]]}},
{"type":"Feature","properties":{"osm_way_id":"790503972","landuse":"grass","other_tags":"\"golf\"=>\"green\",\"ref\"=>\"4\""},"geometry":{"type":"MultiPolygon","coordinates":[[[[-111.0302357,45.6547709],[-111.0302749,45.6549022],[-111.0302833,45.6549232],[-111.0302955,45.6549414],[-111.0303105,45.6549545],[-111.0303198,45.6549611],[-111.0303357,45.6549669],[-111.0303544,45.6549722],[-111.0303815,45.6549735],[-111.0304002,45.6549735],[-111.0304283,45.6549656],[-111.0304638,45.6549591],[-111.0305087,45.6549519],[-111.0305405,45.6549414],[-111.0305554,45.6549356],[-111.030576,45.6549186],[-111.0305844,45.6549068],[-111.03059,45.6548885],[-111.0305919,45.6548748],[-111.0305891,45.6548604],[-111.0305807,45.654846],[-111.0305666,45.6548343],[-111.0305498,45.6548245],[-111.0305292,45.654814],[-111.0305171,45.6548081],[-111.0305021,45.6547996],[-111.0304872,45.6547905],[-111.0304703,45.6547794],[-111.0304535,45.6547663],[-111.0304385,45.6547545],[-111.0304198,45.6547389],[-111.0303974,45.6547251],[-111.0303834,45.6547153],[-111.0303675,45.6547081],[-111.0303488,45.654701],[-111.030332,45.6546951],[-111.0303142,45.6546912],[-111.0302918,45.6546885],[-111.0302712,45.6546918],[-111.0302581,45.6546983],[-111.0302469,45.6547095],[-111.0302394,45.6547264],[-111.0302357,45.6547428],[-111.0302347,45.6547559],[-111.0302357,45.6547709]]]]}},
{"type":"Feature","properties":{"osm_way_id":"790520547","landuse":"grass","other_tags":"\"golf\"=>\"tee\",\"ref\"=>\"5\""},"geometry":{"type":"MultiPolygon","coordinates":[[[[-111.0307725,45.6544839],[-111.0307843,45.654483],[-111.0308009,45.6544778],[-111.0308133,45.6544688],[-111.0308176,45.6544571],[-111.030817,45.6544352],[-111.030812,45.6544028],[-111.0308059,45.6543735],[-111.0307719,45.6542748],[-111.0307417,45.6542019],[-111.0306973,45.6540984],[-111.0306442,45.6539747],[-111.0305937,45.6538708],[-111.030577,45.6538337],[-111.0305647,45.6538182],[-111.0305554,45.6538108],[-111.0305425,45.6538078],[-111.0305289,45.6538078],[-111.0305153,45.6538117],[-111.0305055,45.6538212],[-111.0305011,45.6538281],[-111.0305048,45.6538458],[-111.0305492,45.653932],[-111.0306146,45.6540794],[-111.0306893,45.6542623],[-111.030717,45.6543364],[-111.0307226,45.6543653],[-111.0307232,45.6543856],[-111.0307238,45.6544015],[-111.0307257,45.6544209],[-111.0307287,45.6544373],[-111.0307306,45.6544494],[-111.0307355,45.6544615],[-111.0307411,45.6544705],[-111.0307534,45.65448],[-111.0307725,45.6544839]]]]}},
{"type":"Feature","properties":{"osm_way_id":"790520548","landuse":"grass","other_tags":"\"golf\"=>\"fairway\",\"ref\"=>\"5\""},"geometry":{"type":"MultiPolygon","coordinates":[[[[-111.0305395,45.6534673],[-111.0305771,45.6534613],[-111.0306051,45.6534531],[-111.0306362,45.6534366],[-111.0306566,45.6534178],[-111.0306673,45.653399],[-111.0306641,45.6533788],[-111.030648,45.65333],[-111.0306276,45.6532752],[-111.03059,45.653095],[-111.0305696,45.652845],[-111.030546,45.6526063],[-111.0305234,45.6524914],[-111.0305127,45.6524344],[-111.0304687,45.6523428],[-111.0304171,45.6521176],[-111.0303495,45.6518773],[-111.030329,45.6517234],[-111.030314,45.6515523],[-111.0303215,45.6513308],[-111.0302861,45.6510921],[-111.0302313,45.6509367],[-111.0302367,45.6508623],[-111.0302517,45.6508038],[-111.0303119,45.6506994],[-111.0303419,45.6506581],[-111.0303699,45.6506251],[-111.0303935,45.6506011],[-111.0304279,45.650577],[-111.0304547,45.6505598],[-111.0304719,45.6505433],[-111.0304858,45.6505283],[-111.0304901,45.6505065],[-111.0304901,45.6504945],[-111.0304794,45.6504832],[-111.0304558,45.6504757],[-111.0303784,45.6504577],[-111.030329,45.6504472],[-111.0302947,45.6504419],[-111.0302592,45.6504397],[-111.0302292,45.6504509],[-111.0302066,45.6504622],[-111.0301894,45.6504832],[-111.0301755,45.6505057],[-111.0301647,45.6505343],[-111.0301518,45.6505673],[-111.0301347,45.6505936],[-111.0301207,45.6506138],[-111.0301035,45.6506311],[-111.0300756,45.6506431],[-111.0300477,45.6506566],[-111.0300036,45.6506724],[-111.0299628,45.6506912],[-111.0299381,45.6507054],[-111.0299156,45.6507264],[-111.0298952,45.6507557],[-111.029878,45.6507888],[-111.0298715,45.65083],[-111.0298748,45.6508901],[-111.0298823,45.6509194],[-111.0298941,45.6509667],[-111.0299145,45.650999],[-111.0299489,45.651038],[-111.0299875,45.6510973],[-111.0300047,45.6511611],[-111.0300154,45.6512302],[-111.030024,45.6512685],[-111.0300122,45.6513278],[-111.0299972,45.6513661],[-111.0299725,45.6513976],[-111.0299499,45.6514314],[-111.0299274,45.6514697],[-111.029922,45.6515065],[-111.0299435,45.6515695],[-111.0299628,45.6516153],[-111.0299864,45.6516566],[-111.0300176,45.6516881],[-111.0300305,45.6517354],[-111.0300326,45.6517625],[-111.0300358,45.651791],[-111.0300251,45.6518315],[-111.0300165,45.6518556],[-111.0300069,45.6518848],[-111.0300026,45.6519164],[-111.0299972,45.6519479],[-111.0300026,45.6520185],[-111.0300144,45.6520958],[-111.0300455,45.6522925],[-111.0300767,45.6524959],[-111.0300906,45.652562],[-111.0301057,45.6526596],[-111.0301175,45.6527016],[-111.030139,45.6527392],[-111.0302506,45.6529066],[-111.0303129,45.6530319],[-111.0303312,45.653104],[-111.0303441,45.6531918],[-111.0303505,45.6532594],[-111.030357,45.6533082],[-111.0303591,45.6533465],[-111.0303623,45.653372],[-111.0303645,45.653402],[-111.0303806,45.6534253],[-111.0303913,45.6534343],[-111.030415,45.6534478],[-111.0304375,45.6534576],[-111.0304579,45.6534636],[-111.0304966,45.6534688],[-111.0305395,45.6534673]]]]}},
{"type":"Feature","properties":{"osm_way_id":"790520550","landuse":"grass","other_tags":"\"golf\"=>\"green\",\"ref\"=>\"5\""},"geometry":{"type":"MultiPolygon","coordinates":[[[[-111.0307124,45.6504713],[-111.0307259,45.6504703],[-111.0307429,45.6504668],[-111.0307592,45.6504623],[-111.0307748,45.6504569],[-111.0307897,45.6504514],[-111.0308046,45.6504435],[-111.0308173,45.6504336],[-111.0308272,45.6504257],[-111.0308357,45.6504158],[-111.0308414,45.6504039],[-111.03084,45.6503945],[-111.0308371,45.6503826],[-111.0308379,45.6503682],[-111.0308414,45.6503524],[-111.0308457,45.65034],[-111.0308499,45.6503137],[-111.030852,45.6503009],[-111.0308506,45.650287],[-111.0308478,45.6502756],[-111.0308421,45.6502652],[-111.0308379,45.6502548],[-111.0308308,45.6502464],[-111.0308223,45.6502395],[-111.0308102,45.650234],[-111.0307968,45.6502286],[-111.0307819,45.6502246],[-111.0307635,45.6502221],[-111.0307486,45.6502221],[-111.0307316,45.6502236],[-111.0307103,45.6502251],[-111.030699,45.6502271],[-111.0306813,45.65023],[-111.0306678,45.650233],[-111.0306536,45.650235],[-111.0306388,45.6502355],[-111.0306239,45.6502355],[-111.0306083,45.650237],[-111.0305977,45.650239],[-111.030587,45.6502434],[-111.0305785,45.6502504],[-111.0305707,45.6502588],[-111.0305679,45.6502716],[-111.0305686,45.6502845],[-111.0305693,45.6502944],[-111.0305757,45.6503108],[-111.0305792,45.6503222],[-111.0305821,45.6503365],[-111.0305821,45.6503459],[-111.0305828,45.6503588],[-111.0305835,45.6503712],[-111.0305835,45.6503791],[-111.0305828,45.6503895],[-111.0305828,45.650398],[-111.0305835,45.6504069],[-111.0305828,45.6504173],[-111.0305828,45.6504237],[-111.0305856,45.6504306],[-111.0305899,45.6504371],[-111.0305962,45.650444],[-111.0306047,45.65045],[-111.0306168,45.6504554],[-111.0306288,45.6504594],[-111.0306402,45.6504633],[-111.0306572,45.6504668],[-111.0306728,45.6504693],[-111.0306841,45.6504703],[-111.0306976,45.6504722],[-111.0307124,45.6504713]]]]}},
{"type":"Feature","properties":{"osm_way_id":"790520553","landuse":"grass","other_tags":"\"golf\"=>\"tee\",\"ref\"=>\"6\""},"geometry":{"type":"MultiPolygon","coordinates":[[[[-111.0312686,45.649378],[-111.0312914,45.6493837],[-111.0313517,45.6493894],[-111.031827,45.649419],[-111.0318514,45.6494156],[-111.0318677,45.6494065],[-111.0318807,45.6493928],[-111.0318872,45.6493689],[-111.0318954,45.649295],[-111.0318921,45.649279],[-111.0318791,45.6492654],[-111.0318579,45.649254],[-111.0318221,45.6492495],[-111.0317928,45.6492517],[-111.0317586,45.6492551],[-111.0317212,45.649262],[-111.0317016,45.6492699],[-111.0316723,45.6492734],[-111.03163,45.6492734],[-111.031573,45.6492699],[-111.0314672,45.6492654],[-111.0313484,45.6492506],[-111.0313126,45.6492472],[-111.0312833,45.649246],[-111.0312735,45.6492551],[-111.0312638,45.6492688],[-111.0312491,45.6493633],[-111.0312572,45.6493712],[-111.0312686,45.649378]]]]}},
{"type":"Feature","properties":{"osm_way_id":"790520554","landuse":"grass","other_tags":"\"golf\"=>\"fairway\""},"geometry":{"type":"MultiPolygon","coordinates":[[[[-111.0325238,45.6493678],[-111.0325238,45.6494339],[-111.0325346,45.6494834],[-111.032541,45.6495225],[-111.0325582,45.6495518],[-111.0325861,45.6495675],[-111.032613,45.6495788],[-111.0326441,45.6495855],[-111.0326742,45.6495848],[-111.0327064,45.6495773],[-111.0327623,45.649554],[-111.0328203,45.6495255],[-111.0329303,45.649482],[-111.0329109,45.6494768],[-111.0328948,45.6494715],[-111.0328819,45.6494655],[-111.0328706,45.6494599],[-111.0328658,45.6494531],[-111.0328594,45.6494433],[-111.0328578,45.6494336],[-111.0328588,45.6494246],[-111.032861,45.6494152],[-111.0328685,45.6494043],[-111.0328787,45.649393],[-111.0328353,45.6493986],[-111.0327923,45.6494069],[-111.0327633,45.6494114],[-111.0327333,45.6494136],[-111.0326914,45.6494001],[-111.0326473,45.6493843],[-111.0326162,45.6493716],[-111.0325915,45.6493671],[-111.0325571,45.6493588],[-111.032526,45.6493536],[-111.0325238,45.6493678]]]]}},
{"type":"Feature","properties":{"osm_way_id":"790520555","landuse":"grass","other_tags":"\"golf\"=>\"green\",\"ref\"=>\"6\""},"geometry":{"type":"MultiPolygon","coordinates":[[[[-111.0329109,45.6494768],[-111.0329303,45.649482],[-111.0329566,45.649488],[-111.0329748,45.6494903],[-111.0329899,45.649491],[-111.033006,45.6494884],[-111.0330377,45.6494839],[-111.0330774,45.6494813],[-111.0331177,45.6494798],[-111.0331472,45.649479],[-111.0331665,45.6494801],[-111.0331843,45.6494805],[-111.0332047,45.6494775],[-111.0332149,45.6494749],[-111.0332267,45.64947],[-111.0332369,45.6494632],[-111.0332444,45.6494539],[-111.033246,45.6494441],[-111.0332449,45.6494355],[-111.0332385,45.6494257],[-111.0332288,45.6494204],[-111.0332181,45.6494114],[-111.0332079,45.6494051],[-111.0331987,45.6493994],[-111.0331869,45.6493927],[-111.0331714,45.6493848],[-111.0331585,45.6493743],[-111.0331472,45.6493668],[-111.0331332,45.6493581],[-111.0331236,45.6493514],[-111.0331085,45.6493442],[-111.0330914,45.6493356],[-111.0330795,45.6493315],[-111.0330656,45.6493277],[-111.0330495,45.6493244],[-111.0330301,45.6493225],[-111.0330119,45.649324],[-111.0329968,45.6493274],[-111.0329834,45.6493319],[-111.0329657,45.6493401],[-111.032949,45.6493484],[-111.0329303,45.6493596],[-111.0329098,45.6493713],[-111.0328964,45.6493807],[-111.0328787,45.649393],[-111.0328685,45.6494043],[-111.032861,45.6494152],[-111.0328588,45.6494246],[-111.0328578,45.6494336],[-111.0328594,45.6494433],[-111.0328658,45.6494531],[-111.0328706,45.6494599],[-111.0328819,45.6494655],[-111.0328948,45.6494715],[-111.0329109,45.6494768]]]]}},
{"type":"Feature","properties":{"osm_way_id":"790520559","landuse":"grass","other_tags":"\"golf\"=>\"tee\",\"ref\"=>\"7\""},"geometry":{"type":"MultiPolygon","coordinates":[[[[-111.0335231,45.6492892],[-111.0337168,45.6494787],[-111.0337356,45.6494929],[-111.0337543,45.6494952],[-111.0337689,45.6494929],[-111.0337844,45.6494878],[-111.0337974,45.6494781],[-111.0338056,45.6494639],[-111.0338031,45.6494514],[-111.0337909,45.6494366],[-111.0335948,45.6492568],[-111.0335801,45.6492471],[-111.0335679,45.6492414],[-111.0335524,45.6492414],[-111.0335402,45.6492443],[-111.0335288,45.64925],[-111.0335191,45.6492579],[-111.0335158,45.6492693],[-111.0335174,45.6492807],[-111.0335231,45.6492892]]]]}},
{"type":"Feature","properties":{"osm_way_id":"790520560","landuse":"grass","other_tags":"\"golf\"=>\"fairway\""},"geometry":{"type":"MultiPolygon","coordinates":[[[[-111.0340988,45.6498466],[-111.0341654,45.6498219],[-111.0342277,45.649808],[-111.0342802,45.64981],[-111.0343255,45.6498209],[-111.0343581,45.6498357],[-111.0343836,45.6498585],[-111.0345026,45.6499903],[-111.0345693,45.6500586],[-111.0346373,45.6501062],[-111.034745,45.6501825],[-111.0349845,45.6503638],[-111.0350936,45.650445],[-111.0351843,45.6505193],[-111.0352651,45.6505926],[-111.0353657,45.6507323],[-111.0354025,45.6508145],[-111.0354422,45.6508937],[-111.0354564,45.6509571],[-111.0354635,45.651074],[-111.0354663,45.6512474],[-111.035462,45.6513147],[-111.0354535,45.6513801],[-111.035445,45.6514217],[-111.0354294,45.6514554],[-111.0354096,45.6514703],[-111.0353827,45.6514782],[-111.0353529,45.6514841],[-111.0353161,45.6514841],[-111.0352778,45.6514772],[-111.0352452,45.6514663],[-111.035214,45.6514475],[-111.03519,45.6514138],[-111.0351772,45.6513791],[-111.0351744,45.6513415],[-111.0351814,45.651291],[-111.0351885,45.6512385],[-111.0351914,45.6511731],[-111.0351956,45.6511166],[-111.0351517,45.6510047],[-111.0350993,45.6508967],[-111.0350128,45.6507867],[-111.0348994,45.6506936],[-111.0348031,45.6505757],[-111.0347591,45.6505272],[-111.0347195,45.6504945],[-111.0346656,45.6504707],[-111.0346146,45.650448],[-111.0345537,45.6504222],[-111.0344984,45.6503875],[-111.0344105,45.6503251],[-111.034283,45.650231],[-111.0342178,45.6501745],[-111.0341668,45.6501191],[-111.0341285,45.6500676],[-111.0341002,45.650018],[-111.0340718,45.6499655],[-111.0340478,45.6499368],[-111.0340307,45.649917],[-111.0340322,45.6498942],[-111.0340463,45.6498734],[-111.0340718,45.6498595],[-111.0340988,45.6498466]]]]}},
{"type":"Feature","properties":{"osm_way_id":"790520563","landuse":"grass","other_tags":"\"golf\"=>\"green\",\"ref\"=>\"7\""},"geometry":{"type":"MultiPolygon","coordinates":[[[[-111.0348911,45.6516128],[-111.0348825,45.6516274],[-111.0348763,45.6516382],[-111.0348689,45.6516559],[-111.0348596,45.6516732],[-111.0348485,45.6516938],[-111.0348393,45.6517167],[-111.0348362,45.6517318],[-111.0348356,45.651746],[-111.0348368,45.6517577],[-111.0348448,45.6517715],[-111.0348572,45.6517887],[-111.034872,45.6518012],[-111.0348948,45.6518137],[-111.0349139,45.651821],[-111.0349293,45.6518267],[-111.0349472,45.6518318],[-111.0349664,45.6518348],[-111.0349824,45.6518361],[-111.0350083,45.6518336],[-111.0350274,45.6518301],[-111.0350447,45.6518258],[-111.0350607,45.6518206],[-111.0350743,45.6518124],[-111.0350928,45.6518004],[-111.0351045,45.651787],[-111.0351119,45.6517753],[-111.035115,45.6517641],[-111.0351138,45.6517516],[-111.0351119,45.6517365],[-111.0351076,45.6517214],[-111.0350984,45.651702],[-111.0350854,45.6516861],[-111.0350755,45.6516714],[-111.0350644,45.6516572],[-111.0350527,45.6516404],[-111.0350422,45.6516257],[-111.035033,45.6516132],[-111.0350219,45.6516003],[-111.0350114,45.6515908],[-111.0349978,45.651583],[-111.0349849,45.6515792],[-111.0349676,45.651577],[-111.0349485,45.6515792],[-111.0349324,45.6515848],[-111.0349133,45.6515947],[-111.034901,45.6516033],[-111.0348911,45.6516128]]]]}},
{"type":"Feature","properties":{"osm_way_id":"790520565","landuse":"grass","other_tags":"\"golf\"=>\"tee\",\"ref\"=>\"8\""},"geometry":{"type":"MultiPolygon","coordinates":[[[[-111.034593,45.6522133],[-111.0345809,45.6522375],[-111.0345725,45.6522597],[-111.0345734,45.6522747],[-111.0345809,45.6522871],[-111.034594,45.652295],[-111.0346136,45.6523028],[-111.0346407,45.6523074],[-111.0346809,45.6523139],[-111.0346987,45.6523139],[-111.0347127,45.6523107],[-111.0347239,45.6523015],[-111.0347333,45.6522885],[-111.0347585,45.6522355],[-111.0347623,45.6522185],[-111.0347595,45.6522074],[-111.0347548,45.6522015],[-111.0347464,45.6521937],[-111.0347202,45.6521865],[-111.0346912,45.6521819],[-111.0346613,45.6521773],[-111.0346389,45.6521767],[-111.0346258,45.6521806],[-111.0346127,45.6521865],[-111.0346005,45.6522002],[-111.034593,45.6522133]]]]}},
{"type":"Feature","properties":{"osm_way_id":"790520566","landuse":"grass","other_tags":"\"golf\"=>\"fairway\""},"geometry":{"type":"MultiPolygon","coordinates":[[[[-111.0344837,45.6527832],[-111.0345332,45.652791],[-111.0345706,45.6528074],[-111.0345902,45.6528302],[-111.0346043,45.6528492],[-111.0346052,45.6528747],[-111.0345921,45.6528982],[-111.03458,45.6529211],[-111.0345584,45.6529557],[-111.0345463,45.6529904],[-111.0345426,45.6530786],[-111.0345397,45.6531191],[-111.0345379,45.6531707],[-111.0345351,45.6532171],[-111.0345295,45.6532439],[-111.0345267,45.6532648],[-111.0345221,45.6533078],[-111.0345097,45.6532853],[-111.0344899,45.6532642],[-111.0344652,45.6532466],[-111.0344421,45.6532357],[-111.0344163,45.6532319],[-111.0343825,45.6532327],[-111.0343723,45.6532344],[-111.0344117,45.6532034],[-111.0344191,45.6531864],[-111.034421,45.6531662],[-111.0344219,45.6531341],[-111.0344173,45.6531086],[-111.0344079,45.6530786],[-111.0343948,45.6530537],[-111.0343799,45.6530302],[-111.0343556,45.6529982],[-111.0343378,45.6529799],[-111.0343182,45.6529531],[-111.0343163,45.652927],[-111.0343154,45.6529015],[-111.034321,45.6528786],[-111.0343275,45.6528577],[-111.0343378,45.6528361],[-111.03435,45.6528145],[-111.0343658,45.6527989],[-111.0343892,45.6527891],[-111.0344285,45.6527838],[-111.0344837,45.6527832]]]]}},
{"type":"Feature","properties":{"osm_way_id":"790520569","landuse":"grass","other_tags":"\"golf\"=>\"green\",\"ref\"=>\"8\""},"geometry":{"type":"MultiPolygon","coordinates":[[[[-111.0341698,45.6533416],[-111.0342477,45.65328],[-111.0342675,45.653268],[-111.0343019,45.6532507],[-111.0343411,45.6532398],[-111.0343723,45.6532344],[-111.0343825,45.6532327],[-111.0344163,45.6532319],[-111.0344421,45.6532357],[-111.0344652,45.6532466],[-111.0344899,45.6532642],[-111.0345097,45.6532853],[-111.0345221,45.6533078],[-111.0345237,45.6533277],[-111.0345199,45.6533468],[-111.0345108,45.6533629],[-111.0344931,45.6533806],[-111.0344641,45.6533964],[-111.034427,45.6534162],[-111.0343878,45.6534459],[-111.0343685,45.6534635],[-111.0343341,45.6534861],[-111.0343084,45.6535007],[-111.0342794,45.6535108],[-111.0342547,45.6535191],[-111.0342208,45.6535251],[-111.0341934,45.6535247],[-111.034172,45.6535213],[-111.0341499,45.653515],[-111.0341311,45.6535052],[-111.0341193,45.6534921],[-111.0341054,45.6534759],[-111.0340979,45.6534613],[-111.0340946,45.653441],[-111.0340984,45.6534253],[-111.0341032,45.6534061],[-111.0341161,45.6533851],[-111.0341424,45.6533633],[-111.0341698,45.6533416]]]]}},
{"type":"Feature","properties":{"osm_way_id":"790520571","landuse":"grass","other_tags":"\"golf\"=>\"tee\",\"ref\"=>\"9\""},"geometry":{"type":"MultiPolygon","coordinates":[[[[-111.0352749,45.6538338],[-111.0352397,45.6539192],[-111.0352391,45.6539299],[-111.035244,45.6539381],[-111.0352533,45.6539446],[-111.0352632,45.6539485],[-111.0352891,45.6539515],[-111.0353008,45.6539511],[-111.0353125,45.6539463],[-111.035323,45.6539368],[-111.0353292,45.6539235],[-111.0353551,45.6538459],[-111.0353557,45.6538338],[-111.0353526,45.6538252],[-111.0353483,45.6538174],[-111.0353396,45.6538114],[-111.0353273,45.6538088],[-111.0353113,45.6538079],[-111.0352977,45.6538109],[-111.0352866,45.6538161],[-111.0352786,45.6538252],[-111.0352749,45.6538338]]]]}},
{"type":"Feature","properties":{"osm_way_id":"790520572","landuse":"grass","other_tags":"\"golf\"=>\"fairway\""},"geometry":{"type":"MultiPolygon","coordinates":[[[[-111.034927,45.6544978],[-111.0350454,45.654515],[-111.0350886,45.6545314],[-111.0351059,45.6545564],[-111.0351083,45.654597],[-111.0351022,45.6546452],[-111.0350812,45.6547013],[-111.0350614,45.6547573],[-111.0350355,45.6548151],[-111.0349998,45.6548927],[-111.0349776,45.654985],[-111.0349763,45.6550962],[-111.0349763,45.6552618],[-111.0349702,45.655317],[-111.0349615,45.6553748],[-111.0349319,45.6554343],[-111.0348887,45.6554843],[-111.034848,45.6555239],[-111.0348073,45.6555912],[-111.0347839,45.6556817],[-111.0347703,45.655818],[-111.0347617,45.6559077],[-111.0347333,45.6559956],[-111.034663,45.6561017],[-111.0345926,45.6561914],[-111.0345014,45.656306],[-111.0344051,45.6564544],[-111.0343657,45.6565259],[-111.0343175,45.6566044],[-111.0342645,45.6566604],[-111.0342275,45.6566889],[-111.0341732,45.6567208],[-111.034109,45.6567381],[-111.0340572,45.6567449],[-111.0339992,45.6567449],[-111.0339524,45.6567432],[-111.0338919,45.6567398],[-111.0338663,45.6567736],[-111.0338181,45.6568538],[-111.0338169,45.6568338],[-111.0338063,45.6568199],[-111.0337914,45.656808],[-111.0337701,45.6567991],[-111.0337482,45.6567962],[-111.0337177,45.6567967],[-111.0336915,45.6568011],[-111.0336759,45.6568046],[-111.0336673,45.6568083],[-111.0336518,45.656815],[-111.0336451,45.65682],[-111.0337513,45.6567182],[-111.033755,45.6566923],[-111.0337747,45.6566475],[-111.0337945,45.6566156],[-111.0338093,45.6565966],[-111.0338339,45.6565872],[-111.0338993,45.656582],[-111.0339351,45.6565846],[-111.0340141,45.6565932],[-111.0340696,45.6565949],[-111.03413,45.6565837],[-111.0341695,45.6565699],[-111.0342003,45.6565346],[-111.0342312,45.6564837],[-111.0342472,45.6564225],[-111.0342423,45.6563724],[-111.0342312,45.6563233],[-111.0342127,45.6562491],[-111.0342053,45.6562026],[-111.0342077,45.6561595],[-111.034225,45.6561129],[-111.0342793,45.6560172],[-111.0343323,45.6559266],[-111.0343977,45.6558326],[-111.0344619,45.6557352],[-111.0344767,45.6556817],[-111.0344804,45.6556335],[-111.0344791,45.6555627],[-111.0344816,45.6555127],[-111.0344927,45.6554688],[-111.0345186,45.6553946],[-111.0345458,45.655298],[-111.0345495,45.6552377],[-111.0345495,45.655173],[-111.0345643,45.6551195],[-111.0346543,45.6549445],[-111.0346728,45.6548712],[-111.0346864,45.6547953],[-111.0346987,45.6547229],[-111.0347123,45.6546642],[-111.0347271,45.6546047],[-111.0347432,45.6545616],[-111.0347641,45.6545245],[-111.0348036,45.654503],[-111.0348554,45.6544918],[-111.034927,45.6544978]]]]}},
{"type":"Feature","properties":{"osm_way_id":"790520574","landuse":"grass","other_tags":"\"golf\"=>\"green\",\"ref\"=>\"9\""},"geometry":{"type":"MultiPolygon","coordinates":[[[[-111.0337623,45.6570047],[-111.0337397,45.6570121],[-111.0337092,45.6570175],[-111.0336759,45.6570175],[-111.0336376,45.6570165],[-111.0335951,45.6570066],[-111.0335739,45.6569982],[-111.0335568,45.6569868],[-111.0335448,45.656972],[-111.0335391,45.6569546],[-111.0335413,45.6569373],[-111.0335519,45.656919],[-111.0335774,45.6568883],[-111.0335994,45.656862],[-111.0336199,45.6568387],[-111.0336451,45.65682],[-111.0336518,45.656815],[-111.0336673,45.6568083],[-111.0336759,45.6568046],[-111.0336915,45.6568011],[-111.0337177,45.6567967],[-111.0337482,45.6567962],[-111.0337701,45.6567991],[-111.0337914,45.656808],[-111.0338063,45.6568199],[-111.0338169,45.6568338],[-111.0338181,45.6568538],[-111.033819,45.656868],[-111.0338211,45.6568927],[-111.0338197,45.6569155],[-111.0338162,45.6569343],[-111.0338112,45.6569532],[-111.0338041,45.656966],[-111.0337914,45.6569844],[-111.0337772,45.6569962],[-111.0337623,45.6570047]]]]}},
{"type":"Feature","properties":{"osm_way_id":"790535913","landuse":"grass","other_tags":"\"golf\"=>\"fairway\""},"geometry":{"type":"MultiPolygon","coordinates":[[[[-111.0309738,45.6567135],[-111.0309663,45.6566821],[-111.0309028,45.6566272],[-111.0308915,45.6565436],[-111.0309327,45.6564573],[-111.0308728,45.65629],[-111.0307831,45.6561201],[-111.0307345,45.6560156],[-111.0307169,45.6559322],[-111.0305138,45.656209],[-111.030727,45.6566534],[-111.0308392,45.6567318],[-111.0308467,45.6567788],[-111.0309663,45.6567344],[-111.0309738,45.6567135]]]]}},
{"type":"Feature","properties":{"osm_way_id":"792191801","landuse":"grass","other_tags":"\"golf\"=>\"tee\",\"ref\"=>\"10\""},"geometry":{"type":"MultiPolygon","coordinates":[[[[-111.0330482,45.6569624],[-111.0331099,45.6567355],[-111.0331166,45.6567074],[-111.0331112,45.6566943],[-111.0330978,45.6566877],[-111.0330831,45.656683],[-111.0330697,45.6566802],[-111.0330442,45.6566774],[-111.0330294,45.6566784],[-111.0330174,45.6566859],[-111.0330093,45.6566999],[-111.0330053,45.6567187],[-111.0329476,45.6569455],[-111.0329476,45.6569633],[-111.032957,45.6569718],[-111.0329678,45.6569811],[-111.0329838,45.656983],[-111.033004,45.6569839],[-111.0330241,45.6569849],[-111.0330388,45.6569793],[-111.0330482,45.6569624]]]]}},
{"type":"Feature","properties":{"osm_way_id":"792191802","landuse":"grass","other_tags":"\"golf\"=>\"fairway\""},"geometry":{"type":"MultiPolygon","coordinates":[[[[-111.0333822,45.6562509],[-111.0335136,45.6562603],[-111.0335471,45.6562537],[-111.0335659,45.6562443],[-111.0335833,45.6562378],[-111.0335994,45.6562265],[-111.0336115,45.6562153],[-111.0336182,45.6562003],[-111.0336303,45.6561769],[-111.0337402,45.6557204],[-111.0337903,45.6554924],[-111.0338196,45.6552997],[-111.0338411,45.6551414],[-111.0338781,45.6548442],[-111.0338966,45.6546837],[-111.0339043,45.6546073],[-111.0339289,45.6544792],[-111.0339428,45.6544145],[-111.0339366,45.6543682],[-111.033912,45.6543241],[-111.0338966,45.6543047],[-111.0338719,45.6542756],[-111.0338581,45.654253],[-111.0338519,45.654239],[-111.0338384,45.6542076],[-111.0338509,45.6541727],[-111.0338861,45.6541415],[-111.0338678,45.6541436],[-111.0338515,45.6541443],[-111.0338302,45.6541408],[-111.033818,45.654138],[-111.0338027,45.6541316],[-111.0337865,45.6541188],[-111.0337753,45.6541003],[-111.0337432,45.6541795],[-111.0337304,45.6541984],[-111.0337108,45.6542029],[-111.0336917,45.6542078],[-111.0336747,45.6542229],[-111.0336255,45.6543015],[-111.033607,45.6543284],[-111.0335931,45.6543661],[-111.0335808,45.6544253],[-111.0335654,45.6544921],[-111.033553,45.6545567],[-111.033513,45.6547193],[-111.0334144,45.6551608],[-111.0333112,45.6556625],[-111.033228,45.6560642],[-111.0332141,45.6561374],[-111.0332095,45.6561729],[-111.0332095,45.6561902],[-111.0332311,45.6562128],[-111.0332619,45.6562279],[-111.0333204,45.6562408],[-111.0333822,45.6562509]]]]}},
{"type":"Feature","properties":{"osm_way_id":"792191803","landuse":"grass","other_tags":"\"golf\"=>\"green\",\"ref\"=>\"10\""},"geometry":{"type":"MultiPolygon","coordinates":[[[[-111.0337252,45.6539966],[-111.0337489,45.6540456],[-111.0337621,45.6540712],[-111.0337662,45.654084],[-111.0337753,45.6541003],[-111.0337865,45.6541188],[-111.0338027,45.6541316],[-111.033818,45.654138],[-111.0338302,45.6541408],[-111.0338515,45.6541443],[-111.0338678,45.6541436],[-111.0338861,45.6541415],[-111.0339156,45.6541301],[-111.033943,45.6541174],[-111.0339664,45.6541031],[-111.0339938,45.6540818],[-111.0340111,45.6540619],[-111.0340223,45.6540364],[-111.0340253,45.6540143],[-111.0340202,45.6539888],[-111.0340101,45.6539603],[-111.0339989,45.653944],[-111.0339898,45.6539277],[-111.0339776,45.653912],[-111.0339593,45.6538971],[-111.033942,45.6538865],[-111.0339237,45.6538801],[-111.0338942,45.6538737],[-111.0338729,45.6538715],[-111.0338485,45.6538708],[-111.0338149,45.6538701],[-111.0337885,45.6538758],[-111.033755,45.6538801],[-111.0337306,45.6538779],[-111.0337052,45.6538744],[-111.0336848,45.6538694],[-111.0336716,45.6538744],[-111.0336625,45.6538815],[-111.0336554,45.6538893],[-111.0336503,45.6539021],[-111.0336483,45.6539127],[-111.0336503,45.6539255],[-111.0336747,45.6539383],[-111.0337011,45.6539568],[-111.0337113,45.6539653],[-111.0337224,45.6539838],[-111.0337252,45.6539966]]]]}},
{"type":"Feature","properties":{"osm_way_id":"792191808","landuse":"grass","other_tags":"\"golf\"=>\"tee\",\"ref\"=>\"11\""},"geometry":{"type":"MultiPolygon","coordinates":[[[[-111.0324277,45.654095],[-111.0324243,45.6541493],[-111.032425,45.6541606],[-111.032427,45.6541732],[-111.032431,45.6541845],[-111.0324384,45.6541906],[-111.0324478,45.6541934],[-111.0324572,45.6541948],[-111.0324679,45.6541939],[-111.0324766,45.6541896],[-111.0324833,45.654184],[-111.032486,45.654176],[-111.0324901,45.6541671],[-111.0325061,45.6540697],[-111.0325068,45.6540532],[-111.0325008,45.6540457],[-111.0324927,45.6540378],[-111.0324753,45.6540303],[-111.0324639,45.6540307],[-111.0324565,45.6540307],[-111.0324492,45.6540331],[-111.0324418,45.6540368],[-111.0324357,45.654042],[-111.0324297,45.6540528],[-111.0324277,45.654095]]]]}},
{"type":"Feature","properties":{"osm_way_id":"792191809","landuse":"grass","other_tags":"\"golf\"=>\"fairway\""},"geometry":{"type":"MultiPolygon","coordinates":[[[[-111.0325749,45.6534222],[-111.0326235,45.6534222],[-111.0326589,45.6534191],[-111.0326784,45.6534117],[-111.0326952,45.6533987],[-111.0327041,45.6533752],[-111.0327563,45.6530715],[-111.0327598,45.6530406],[-111.0327607,45.6530233],[-111.0327545,45.6530084],[-111.0327395,45.6529973],[-111.0327209,45.6529899],[-111.0326926,45.6529818],[-111.0326678,45.6529812],[-111.0326439,45.6529824],[-111.0326156,45.6529886],[-111.0325961,45.6529954],[-111.0325696,45.6530096],[-111.0325492,45.6530226],[-111.0325298,45.6530443],[-111.032459,45.6532682],[-111.0324404,45.6533387],[-111.032443,45.6533535],[-111.0324457,45.6533684],[-111.0324581,45.6533869],[-111.0324669,45.6533956],[-111.032482,45.6534049],[-111.03252,45.6534147],[-111.0325466,45.6534191],[-111.0325749,45.6534222]]]]}},
{"type":"Feature","properties":{"osm_way_id":"792191810","landuse":"grass","other_tags":"\"golf\"=>\"fairway\""},"geometry":{"type":"MultiPolygon","coordinates":[[[[-111.0325682,45.6510576],[-111.0325621,45.6510651],[-111.0325566,45.6510697],[-111.032551,45.6510747],[-111.0325433,45.6510803],[-111.0325352,45.6510835],[-111.0325281,45.6510864],[-111.032521,45.6510882],[-111.0325149,45.6510889],[-111.0325083,45.6510892],[-111.0325001,45.6510889],[-111.0324905,45.6510874],[-111.0324813,45.6510857],[-111.0324697,45.6510811],[-111.032459,45.6510761],[-111.0324498,45.6510711],[-111.0324397,45.6510672],[-111.0324285,45.6510601],[-111.0324143,45.6510533],[-111.0324259,45.6510764],[-111.0324355,45.6510947],[-111.0324368,45.651107],[-111.0324321,45.6511215],[-111.0324216,45.6511447],[-111.0323925,45.6511754],[-111.0323795,45.6511946],[-111.0323692,45.6512097],[-111.0323543,45.6512224],[-111.0323422,45.6512346],[-111.0323263,45.6512581],[-111.0323201,45.6512797],[-111.0323165,45.6513002],[-111.0323201,45.6513199],[-111.0323263,45.6513577],[-111.0323271,45.6513836],[-111.0323209,45.651435],[-111.0323068,45.6514801],[-111.0323024,45.6515067],[-111.0322971,45.6515562],[-111.0322962,45.6516168],[-111.0322962,45.6516799],[-111.0323068,45.6518055],[-111.0323289,45.6519799],[-111.0323599,45.6521314],[-111.0323634,45.6521704],[-111.0323484,45.6522359],[-111.0323431,45.6522613],[-111.0323413,45.6523151],[-111.0323369,45.6523887],[-111.0323457,45.6525124],[-111.0323546,45.6526113],[-111.0323599,45.6526584],[-111.032367,45.6527041],[-111.0323855,45.6527505],[-111.0324032,45.6527666],[-111.0324307,45.6527839],[-111.0324661,45.6527981],[-111.032505,45.6528117],[-111.0325439,45.6528192],[-111.0325758,45.6528222],[-111.0326607,45.6528124],[-111.0327067,45.6528025],[-111.032758,45.652779],[-111.0327987,45.6527431],[-111.0328173,45.6527103],[-111.0328209,45.6526676],[-111.0327961,45.6524567],[-111.0327952,45.6523584],[-111.0327899,45.6522749],[-111.0327757,45.652226],[-111.0327448,45.6521085],[-111.0327412,45.6520689],[-111.0327474,45.6520467],[-111.0327572,45.6520294],[-111.0327704,45.6519997],[-111.0327837,45.6519353],[-111.0327802,45.6518883],[-111.0327757,45.6518692],[-111.0327687,45.6518488],[-111.0327448,45.6518005],[-111.0327014,45.6516849],[-111.0327023,45.6516552],[-111.0327049,45.6516131],[-111.0327262,45.6515655],[-111.0327439,45.6515055],[-111.0327492,45.6514721],[-111.032751,45.6514288],[-111.0327421,45.6513843],[-111.0327324,45.6512989],[-111.03272,45.6512698],[-111.0327005,45.6512501],[-111.0326856,45.6512306],[-111.0326365,45.6511833],[-111.0325787,45.6511237],[-111.0325675,45.6510947],[-111.0325682,45.6510576]]]]}},
{"type":"Feature","properties":{"osm_way_id":"792191813","landuse":"grass","other_tags":"\"golf\"=>\"green\",\"ref\"=>\"11\""},"geometry":{"type":"MultiPolygon","coordinates":[[[[-111.0325566,45.6510697],[-111.032551,45.6510747],[-111.0325433,45.6510803],[-111.0325352,45.6510835],[-111.0325281,45.6510864],[-111.032521,45.6510882],[-111.0325149,45.6510889],[-111.0325083,45.6510892],[-111.0325001,45.6510889],[-111.0324905,45.6510874],[-111.0324813,45.6510857],[-111.0324697,45.6510811],[-111.032459,45.6510761],[-111.0324498,45.6510711],[-111.0324397,45.6510672],[-111.0324285,45.6510601],[-111.0324143,45.6510533],[-111.0324026,45.6510477],[-111.0323894,45.6510434],[-111.0323787,45.6510395],[-111.0323634,45.6510352],[-111.0323518,45.6510324],[-111.032336,45.6510288],[-111.0323187,45.6510263],[-111.032303,45.6510231],[-111.0322892,45.6510203],[-111.0322755,45.651016],[-111.0322593,45.6510107],[-111.0322425,45.6510022],[-111.0322323,45.6509965],[-111.0322247,45.6509898],[-111.0322181,45.650983],[-111.0322145,45.6509734],[-111.032213,45.6509592],[-111.0322145,45.650951],[-111.0322176,45.6509414],[-111.0322232,45.6509308],[-111.0322293,45.6509201],[-111.0322415,45.6509081],[-111.0322598,45.6508931],[-111.0322715,45.6508867],[-111.0322877,45.65088],[-111.0322999,45.650874],[-111.0323131,45.65087],[-111.0323243,45.6508668],[-111.032338,45.6508647],[-111.0323518,45.650864],[-111.03237,45.6508626],[-111.0323883,45.6508629],[-111.0324036,45.6508654],[-111.0324249,45.6508693],[-111.0324458,45.650875],[-111.0324656,45.6508835],[-111.0324854,45.6508938],[-111.0325073,45.650907],[-111.0325225,45.6509173],[-111.0325403,45.6509311],[-111.0325525,45.6509425],[-111.0325632,45.6509535],[-111.0325718,45.6509649],[-111.0325789,45.6509763],[-111.0325855,45.6509908],[-111.0325891,45.6510054],[-111.0325901,45.6510189],[-111.032587,45.6510281],[-111.032584,45.6510381],[-111.0325748,45.651048],[-111.0325682,45.6510576],[-111.0325621,45.6510651],[-111.0325566,45.6510697]]]]}},
{"type":"Feature","properties":{"osm_way_id":"792191814","landuse":"grass","other_tags":"\"golf\"=>\"tee\",\"ref\"=>\"12\""},"geometry":{"type":"MultiPolygon","coordinates":[[[[-111.0328726,45.651174],[-111.0329011,45.6512486],[-111.0329184,45.6513061],[-111.0329336,45.6513409],[-111.0329489,45.6513523],[-111.0329956,45.6513537],[-111.0330342,45.651358],[-111.0330657,45.6513573],[-111.033079,45.6513459],[-111.033081,45.6513359],[-111.0330678,45.6513232],[-111.0330454,45.6513132],[-111.0330241,45.6513097],[-111.0329976,45.6513026],[-111.0329804,45.651294],[-111.0329702,45.6512812],[-111.0329641,45.6512613],[-111.0329641,45.6512422],[-111.0329631,45.6512287],[-111.0329712,45.6512209],[-111.0329793,45.6512081],[-111.0329936,45.6511967],[-111.0330068,45.6511839],[-111.033017,45.6511683],[-111.033022,45.6511555],[-111.03302,45.6511391],[-111.0330139,45.6511292],[-111.0329987,45.6511171],[-111.0329814,45.65111],[-111.0329529,45.6511058],[-111.0329387,45.6511065],[-111.0329143,45.6511065],[-111.0328879,45.6511143],[-111.0328757,45.6511242],[-111.0328686,45.6511328],[-111.0328645,45.6511505],[-111.0328726,45.651174]]]]}},
{"type":"Feature","properties":{"osm_way_id":"792191815","landuse":"grass","other_tags":"\"golf\"=>\"fairway\""},"geometry":{"type":"MultiPolygon","coordinates":[[[[-111.0335447,45.652098],[-111.0335286,45.652068],[-111.0334991,45.6520474],[-111.0334562,45.6520399],[-111.0334133,45.6520399],[-111.0333462,45.6520399],[-111.0332631,45.6520436],[-111.0332094,45.6520624],[-111.0331745,45.6520867],[-111.0331504,45.6521036],[-111.0331424,45.6521242],[-111.0331558,45.6521448],[-111.0331719,45.6521673],[-111.033196,45.6521861],[-111.0332336,45.6522086],[-111.0332577,45.6522273],[-111.0332899,45.6522442],[-111.0333194,45.6522611],[-111.0333435,45.6522855],[-111.0333596,45.6522986],[-111.0333811,45.6523211],[-111.0333945,45.6523436],[-111.0334133,45.652383],[-111.0334106,45.6524111],[-111.0334052,45.6524373],[-111.0333891,45.6524786],[-111.0333757,45.6525048],[-111.0333569,45.6525311],[-111.033314,45.6525779],[-111.0332818,45.6526042],[-111.0332523,45.6526567],[-111.0332519,45.6526987],[-111.0332563,45.6527216],[-111.033259,45.6527488],[-111.0332625,45.6527772],[-111.0332669,45.6528026],[-111.0332766,45.6528261],[-111.0332899,45.6528496],[-111.0332997,45.65287],[-111.0333156,45.6528861],[-111.0333315,45.6528997],[-111.0333572,45.6529114],[-111.0333837,45.6529176],[-111.0334191,45.652925],[-111.033443,45.6529294],[-111.0334757,45.6529356],[-111.0335102,45.6529436],[-111.0335536,45.6529615],[-111.0335854,45.6530036],[-111.0335961,45.6530246],[-111.0336067,45.6530562],[-111.0336288,45.6530858],[-111.0336421,45.6531001],[-111.0336589,45.653123],[-111.0336713,45.6531619],[-111.0336704,45.6531817],[-111.0336916,45.6533141],[-111.0337093,45.6533963],[-111.0337279,45.6534551],[-111.0337261,45.6534761],[-111.0337199,45.6534916],[-111.0337199,45.653512],[-111.0337279,45.6535293],[-111.0337376,45.653541],[-111.03375,45.6535491],[-111.0337721,45.6535516],[-111.0337889,45.6535528],[-111.0338093,45.6535522],[-111.0338314,45.6535466],[-111.0338491,45.6535423],[-111.0338633,45.6535262],[-111.0338748,45.6535089],[-111.0338774,45.6534928],[-111.0338642,45.653439],[-111.0338314,45.6533969],[-111.0338181,45.6533605],[-111.0338217,45.6533054],[-111.0338341,45.6532547],[-111.03385,45.6532269],[-111.0338677,45.6532009],[-111.0338792,45.6531854],[-111.033881,45.6531669],[-111.0338792,45.6531508],[-111.0338748,45.6531372],[-111.0338677,45.6531242],[-111.0338385,45.653105],[-111.0338049,45.6530902],[-111.0337713,45.6530722],[-111.0337332,45.6530481],[-111.0336934,45.6530153],[-111.0336704,45.652977],[-111.0336615,45.6529281],[-111.0336624,45.6528582],[-111.0336775,45.6527562],[-111.0336943,45.6526665],[-111.0336898,45.6526214],[-111.033681,45.652601],[-111.0336483,45.6524977],[-111.0336279,45.6523604],[-111.0336093,45.6522713],[-111.0335757,45.6521693],[-111.0335447,45.652098]]]]}},
{"type":"Feature","properties":{"osm_way_id":"792265649","landuse":"grass","other_tags":"\"golf\"=>\"rough\""},"geometry":{"type":"MultiPolygon","coordinates":[[[[-111.0309842,45.6570799],[-111.0310727,45.6571005],[-111.0312604,45.6571043],[-111.0312604,45.6570762],[-111.0312336,45.6570105],[-111.03118,45.6569562],[-111.0311505,45.6568924],[-111.0311183,45.6568456],[-111.0310566,45.6567875],[-111.0310029,45.6567406],[-111.0309305,45.65663],[-111.0309225,45.6565569],[-111.0309627,45.6564912],[-111.0309922,45.6564312],[-111.0309976,45.6563619],[-111.0309681,45.6561744],[-111.0309413,45.6560825],[-111.0308903,45.6559719],[-111.0307347,45.6555801],[-111.030648,45.655633],[-111.0305237,45.6556634],[-111.0305702,45.6557055],[-111.0307169,45.6559322],[-111.0305631,45.6561144],[-111.0304772,45.6562813],[-111.0306355,45.6566787],[-111.030775,45.6570218],[-111.0309037,45.6570668],[-111.0309842,45.6570799]]]]}},
{"type":"Feature","properties":{"osm_way_id":"792265650","landuse":"grass","other_tags":"\"golf\"=>\"rough\""},"geometry":{"type":"MultiPolygon","coordinates":[[[[-111.0306126,45.6558975],[-111.0306349,45.6559231],[-111.0306288,45.6559444],[-111.0306207,45.6559699],[-111.0306045,45.6559884],[-111.0305801,45.6560126],[-111.0305109,45.6561078],[-111.0304093,45.6562115],[-111.0298279,45.6556332],[-111.0297223,45.6555208],[-111.0295942,45.6553846],[-111.0290941,45.6548631],[-111.0284741,45.6542166],[-111.0284193,45.6541584],[-111.0285677,45.6540873],[-111.0285921,45.6540372],[-111.0286225,45.6539751],[-111.0284619,45.6538245],[-111.0284254,45.6536454],[-111.0285494,45.6535758],[-111.0286866,45.6535406],[-111.0287872,45.6535147],[-111.029086,45.6535531],[-111.0292933,45.6536327],[-111.0293482,45.6538231],[-111.0293299,45.6540106],[-111.0297324,45.6545335],[-111.0301003,45.6550592],[-111.0302464,45.6552909],[-111.0303951,45.6555266],[-111.0304317,45.655646],[-111.0304337,45.6556872],[-111.0304723,45.6557312],[-111.0305231,45.6557412],[-111.0305455,45.6557582],[-111.0305597,45.6558051],[-111.0305699,45.6558421],[-111.0305882,45.6558662],[-111.0306126,45.6558975]]]]}},
{"type":"Feature","properties":{"osm_way_id":"792265651","landuse":"grass","other_tags":"\"golf\"=>\"rough\""},"geometry":{"type":"MultiPolygon","coordinates":[[[[-111.0284437,45.653914],[-111.0284924,45.6539765],[-111.0284924,45.6540248],[-111.0284498,45.6540561],[-111.0284111,45.654066],[-111.0283542,45.6540689],[-111.0283156,45.6540532],[-111.0278908,45.6536099],[-111.0278257,45.6527801],[-111.0277505,45.6518452],[-111.0276814,45.6510466],[-111.0276367,45.6510054],[-111.0276936,45.6509614],[-111.0277932,45.6509301],[-111.0278968,45.650913],[-111.0279822,45.6508946],[-111.0281835,45.6508932],[-111.0283867,45.65095],[-111.0285514,45.6509685],[-111.0286876,45.650994],[-111.0287364,45.6510225],[-111.0287628,45.6510679],[-111.0287811,45.6511087],[-111.0287974,45.6511447],[-111.0287831,45.6512129],[-111.0287465,45.6513308],[-111.028716,45.6514047],[-111.0286896,45.651497],[-111.0286795,45.651875],[-111.0286806,45.6518915],[-111.0286977,45.652145],[-111.0287425,45.6525102],[-111.0288075,45.6528597],[-111.028743,45.6533109],[-111.0285979,45.6534346],[-111.0285271,45.6535583],[-111.0284254,45.6536454],[-111.0284619,45.6538245],[-111.0284437,45.653914]]]]}},
{"type":"Feature","properties":{"osm_way_id":"792265652","landuse":"grass","other_tags":"\"golf\"=>\"rough\""},"geometry":{"type":"MultiPolygon","coordinates":[[[[-111.026331,45.6504553],[-111.026334,45.6505724],[-111.0264688,45.650657],[-111.0266031,45.6506957],[-111.0266663,45.6507233],[-111.0267027,45.6507223],[-111.0267344,45.6507199],[-111.0267628,45.6507341],[-111.0268198,45.6507398],[-111.0274784,45.6508393],[-111.027515,45.6508819],[-111.0275881,45.6509274],[-111.0276329,45.6509444],[-111.0276936,45.6509614],[-111.0277932,45.6509301],[-111.0278968,45.650913],[-111.0279822,45.6508946],[-111.0281835,45.6508932],[-111.0283867,45.65095],[-111.0285514,45.6509685],[-111.0286876,45.650994],[-111.0288118,45.6509274],[-111.0289054,45.6508535],[-111.0289379,45.6507824],[-111.0289541,45.6507227],[-111.0289623,45.6506489],[-111.028946,45.6506005],[-111.0289297,45.6505494],[-111.0288728,45.6504897],[-111.0288037,45.6504584],[-111.0286899,45.6504243],[-111.028576,45.6504016],[-111.0284866,45.6503874],[-111.0283768,45.6504044],[-111.0283077,45.6504272],[-111.0282142,45.6504613],[-111.0281263,45.6504422],[-111.028039,45.6504432],[-111.0278708,45.6504242],[-111.0276785,45.6504147],[-111.0272836,45.6503959],[-111.0264472,45.6503204],[-111.026331,45.6504553]]]]}},
{"type":"Feature","properties":{"osm_way_id":"792265653","landuse":"grass","other_tags":"\"golf\"=>\"rough\""},"geometry":{"type":"MultiPolygon","coordinates":[[[[-111.0292956,45.6510069],[-111.0292875,45.6507028],[-111.0292834,45.6506545],[-111.0292721,45.650433],[-111.0291781,45.6503982],[-111.0290978,45.6504006],[-111.0290098,45.6504388],[-111.029007,45.6506687],[-111.0289948,45.6507483],[-111.0289948,45.6508393],[-111.0289907,45.6509359],[-111.0289907,45.6509814],[-111.0287811,45.6511087],[-111.0287974,45.6511447],[-111.0287831,45.6512129],[-111.0286896,45.651497],[-111.0286806,45.6518915],[-111.0288075,45.6528597],[-111.028743,45.6533109],[-111.0285979,45.6534346],[-111.0286866,45.6535406],[-111.0287872,45.6535147],[-111.029086,45.6535531],[-111.0292933,45.6536327],[-111.0293482,45.6538231],[-111.0293299,45.6540106],[-111.0297324,45.6545335],[-111.0301003,45.6550592],[-111.0302464,45.6552909],[-111.0304136,45.6553207],[-111.0305925,45.6553207],[-111.0306738,45.6552724],[-111.0306901,45.6552355],[-111.0307267,45.6551531],[-111.0307592,45.6550962],[-111.0307673,45.6549399],[-111.0308202,45.6548291],[-111.0307714,45.6547041],[-111.03056,45.6546359],[-111.0304953,45.6546149],[-111.0304613,45.6546038],[-111.0304297,45.6545914],[-111.0303981,45.6545737],[-111.0303687,45.6545374],[-111.0303387,45.6544887],[-111.0302796,45.6543452],[-111.0301604,45.6541329],[-111.0300425,45.6539786],[-111.0299538,45.6538825],[-111.0298729,45.6537897],[-111.0298343,45.6537591],[-111.0298055,45.6537033],[-111.0297823,45.6536511],[-111.0297667,45.6536108],[-111.0297672,45.6535915],[-111.0297759,45.6535603],[-111.0297716,45.653532],[-111.0297665,45.6534864],[-111.0297687,45.6533241],[-111.0297623,45.6532893],[-111.0297495,45.6532035],[-111.0297473,45.6531562],[-111.0297574,45.6530867],[-111.029787,45.6530437],[-111.029813,45.6530284],[-111.0298545,45.6529529],[-111.0299046,45.6529186],[-111.0296656,45.6521039],[-111.0295477,45.6515497],[-111.0292956,45.6510069]]]]}},
{"type":"Feature","properties":{"osm_way_id":"792265654","landuse":"grass","other_tags":"\"golf\"=>\"rough\""},"geometry":{"type":"MultiPolygon","coordinates":[[[[-111.0307021,45.6544958],[-111.0307628,45.6545251],[-111.0308095,45.6545251],[-111.0308562,45.6545023],[-111.0308702,45.6544435],[-111.0307301,45.6540094],[-111.0307768,45.65382],[-111.0307674,45.6536503],[-111.0307628,45.6535328],[-111.0308935,45.6534316],[-111.0308935,45.6532978],[-111.0308795,45.6530236],[-111.0308095,45.652609],[-111.0309262,45.6523429],[-111.0311037,45.6522997],[-111.0309022,45.651979],[-111.030881,45.6519953],[-111.0308547,45.6520186],[-111.0308212,45.6520245],[-111.0307668,45.652045],[-111.0306933,45.652066],[-111.0306509,45.652065],[-111.0305887,45.6520581],[-111.0305406,45.65204],[-111.0304598,45.6519659],[-111.0304213,45.6519168],[-111.030374,45.6518107],[-111.0303634,45.6517154],[-111.0303696,45.6516801],[-111.0303621,45.6516449],[-111.0303708,45.6516114],[-111.0303669,45.6514373],[-111.0303878,45.6514308],[-111.0303944,45.6514087],[-111.030396,45.6513833],[-111.0303903,45.6513636],[-111.0303836,45.6513455],[-111.0303885,45.6513243],[-111.0304016,45.651305],[-111.0303984,45.6512254],[-111.030397,45.6511676],[-111.0303888,45.6511359],[-111.0303449,45.6510613],[-111.0303169,45.6509761],[-111.03031,45.6508965],[-111.0303296,45.650825],[-111.03036,45.6507348],[-111.0303966,45.6507015],[-111.0305103,45.6505863],[-111.0305425,45.6505669],[-111.0305765,45.6505512],[-111.03063,45.6505343],[-111.0306879,45.6505235],[-111.0307744,45.6505155],[-111.0308225,45.6505158],[-111.0308723,45.6505211],[-111.0309342,45.6505484],[-111.0309934,45.650617],[-111.0310995,45.6506146],[-111.0311084,45.650474],[-111.0311317,45.6503892],[-111.0311364,45.6502945],[-111.0310943,45.6501933],[-111.0310196,45.650115],[-111.0308562,45.6500464],[-111.0307114,45.6500203],[-111.030548,45.6500399],[-111.0303378,45.6501411],[-111.0301183,45.6502423],[-111.0300249,45.6503598],[-111.0299035,45.6504186],[-111.0297681,45.6504838],[-111.0295719,45.6504708],[-111.0293945,45.6505622],[-111.0292834,45.6506545],[-111.0292956,45.6510069],[-111.0295477,45.6515497],[-111.0296656,45.6521039],[-111.0299046,45.6529186],[-111.0299714,45.6529068],[-111.0300358,45.6528975],[-111.0300845,45.6529266],[-111.0301216,45.652968],[-111.030157,45.6530703],[-111.03019,45.6531749],[-111.0302066,45.6532779],[-111.0302293,45.6533647],[-111.0302339,45.6534323],[-111.0302372,45.6535405],[-111.0302831,45.6536702],[-111.0303091,45.6537436],[-111.0303672,45.6538246],[-111.0304128,45.653879],[-111.030525,45.6540123],[-111.0305555,45.6540775],[-111.0306188,45.6542127],[-111.0306648,45.6543362],[-111.0307021,45.6544958]]]]}},
{"type":"Feature","properties":{"osm_way_id":"792265655","landuse":"grass","other_tags":"\"golf\"=>\"rough\""},"geometry":{"type":"MultiPolygon","coordinates":[[[[-111.0319028,45.6492364],[-111.0313051,45.6492084],[-111.0312591,45.6492187],[-111.0312192,45.6492333],[-111.0308561,45.649228],[-111.030777,45.6492371],[-111.0307539,45.6492587],[-111.0307498,45.6492864],[-111.0307767,45.649302],[-111.0308399,45.6493074],[-111.0312188,45.6493268],[-111.0312281,45.6493742],[-111.0312589,45.6494043],[-111.0314006,45.649413],[-111.0318751,45.6494302],[-111.0318844,45.6495336],[-111.0320292,45.6496219],[-111.0322818,45.6496542],[-111.0326269,45.6497253],[-111.0328426,45.6497425],[-111.033012,45.6497296],[-111.0331969,45.6496973],[-111.0333109,45.6496413],[-111.033391,45.6495788],[-111.033468,45.6494453],[-111.0334619,45.6493247],[-111.0334166,45.6492812],[-111.0333386,45.6492062],[-111.0332431,45.6491437],[-111.0331014,45.649105],[-111.0325745,45.649105],[-111.0322726,45.6491222],[-111.0318967,45.6491631],[-111.0319028,45.6492364]]]]}},
{"type":"Feature","properties":{"osm_way_id":"792265656","landuse":"grass","other_tags":"\"golf\"=>\"rough\""},"geometry":{"type":"MultiPolygon","coordinates":[[[[-111.0338901,45.6494022],[-111.0336097,45.6492019],[-111.0334064,45.649085],[-111.0332793,45.6490899],[-111.0332292,45.6491136],[-111.0332431,45.6491437],[-111.0333386,45.6492062],[-111.0334166,45.6492812],[-111.0334619,45.6493247],[-111.033468,45.6494453],[-111.033391,45.6495788],[-111.0333109,45.6496413],[-111.0334095,45.6496068],[-111.0338716,45.6501862],[-111.0340411,45.6502702],[-111.0340842,45.650408],[-111.0342167,45.6506471],[-111.0343461,45.6507354],[-111.0344478,45.6508172],[-111.0345772,45.6509744],[-111.0345433,45.65122],[-111.0345556,45.6513686],[-111.0345741,45.6515086],[-111.0346049,45.651683],[-111.0346357,45.6517886],[-111.0346819,45.6518553],[-111.034759,45.6518812],[-111.0348545,45.6519199],[-111.0349377,45.6519264],[-111.0350732,45.6519113],[-111.0352643,45.6518402],[-111.0353259,45.6517993],[-111.0354337,45.6516895],[-111.0355077,45.6515172],[-111.0354676,45.6507225],[-111.0354645,45.6506578],[-111.0353844,45.6505566],[-111.0353413,45.6504575],[-111.0353265,45.6503825],[-111.0347444,45.6499334],[-111.0340712,45.6494309],[-111.0338901,45.6494022]]]]}},
{"type":"Feature","properties":{"osm_way_id":"792265657","landuse":"grass","other_tags":"\"golf\"=>\"rough\""},"geometry":{"type":"MultiPolygon","coordinates":[[[[-111.0347422,45.6523411],[-111.0347913,45.6522023],[-111.0348477,45.6520364],[-111.0347918,45.6520096],[-111.0347146,45.6519968],[-111.0346255,45.6520281],[-111.0345586,45.6521411],[-111.0345531,45.6522089],[-111.0344974,45.6522485],[-111.0344772,45.6522881],[-111.0342496,45.6525728],[-111.0341328,45.6528144],[-111.0340768,45.6529564],[-111.0340369,45.6530333],[-111.0339717,45.6531588],[-111.0339507,45.6532371],[-111.0339507,45.6533285],[-111.0339927,45.6534787],[-111.0340558,45.6535832],[-111.0341656,45.6536294],[-111.0342939,45.6536697],[-111.0345064,45.6536827],[-111.0346278,45.6536452],[-111.0347189,45.6536125],[-111.0347703,45.6535538],[-111.0347726,45.6534444],[-111.0347236,45.6532812],[-111.0347306,45.6529336],[-111.0347889,45.6525875],[-111.0347422,45.6523411]]]]}},
{"type":"Feature","properties":{"osm_way_id":"792265658","landuse":"grass","other_tags":"\"golf\"=>\"rough\""},"geometry":{"type":"MultiPolygon","coordinates":[[[[-111.035347,45.6539537],[-111.0354157,45.6538392],[-111.0354217,45.6537953],[-111.0354533,45.6535877],[-111.0354123,45.6535682],[-111.0353822,45.6535662],[-111.0353523,45.6535692],[-111.0353003,45.6537127],[-111.0351689,45.6537248],[-111.0350304,45.6537957],[-111.0349339,45.6538485],[-111.0347432,45.653945],[-111.0347487,45.65418],[-111.0347125,45.6542728],[-111.0346091,45.6543062],[-111.0344597,45.6545918],[-111.0343359,45.6548105],[-111.0343009,45.6548513],[-111.0343149,45.6549019],[-111.0343523,45.6549427],[-111.0342822,45.6549966],[-111.0342496,45.6550504],[-111.0342799,45.6550814],[-111.0342963,45.6551092],[-111.0342752,45.6551696],[-111.0342239,45.655212],[-111.0341772,45.6552398],[-111.0341912,45.6552675],[-111.0342449,45.6553246],[-111.0342612,45.6554585],[-111.0342636,45.6555254],[-111.0342752,45.6555694],[-111.0343196,45.6556054],[-111.034364,45.6556347],[-111.034399,45.6556772],[-111.0343196,45.6557979],[-111.0343103,45.6558583],[-111.0342986,45.6559106],[-111.0342519,45.6559514],[-111.0342099,45.6559611],[-111.0341888,45.6560036],[-111.0341748,45.6560248],[-111.0341468,45.6560411],[-111.0341258,45.6560623],[-111.0341071,45.6560836],[-111.0341048,45.6561293],[-111.0341211,45.656219],[-111.0341165,45.6563202],[-111.0341421,45.6563757],[-111.0341515,45.6564116],[-111.0338876,45.6564263],[-111.0337382,45.6564687],[-111.0336892,45.6565324],[-111.0336401,45.6566548],[-111.0334883,45.6567445],[-111.0334276,45.6567902],[-111.0333739,45.6568474],[-111.0333576,45.6568996],[-111.0333646,45.6569698],[-111.0333809,45.6570138],[-111.0334206,45.6570514],[-111.0334538,45.6570572],[-111.0337218,45.6571003],[-111.0337639,45.6570954],[-111.0338012,45.6571052],[-111.0338316,45.6571264],[-111.0338666,45.6571362],[-111.033918,45.6571477],[-111.0339764,45.6571493],[-111.0340114,45.6571346],[-111.0340207,45.6571003],[-111.0340207,45.6570677],[-111.034002,45.657022],[-111.0340067,45.6569551],[-111.0340044,45.6569159],[-111.0340347,45.6569077],[-111.0341375,45.6569224],[-111.0342169,45.656929],[-111.034355,45.6569429],[-111.0346378,45.6564764],[-111.0349788,45.6559023],[-111.0352784,45.6553979],[-111.0353279,45.6549435],[-111.0353664,45.6545964],[-111.0354349,45.6539716],[-111.035347,45.6539537]]]]}},
{"type":"Feature","properties":{"osm_way_id":"792524182","landuse":"grass","other_tags":"\"golf\"=>\"tee\""},"geometry":{"type":"MultiPolygon","coordinates":[[[[-111.0306743,45.6564463],[-111.0306953,45.6564659],[-111.0307094,45.6564733],[-111.0307315,45.6564782],[-111.0307526,45.6564741],[-111.0307619,45.6564635],[-111.0307677,45.6564537],[-111.0307701,45.6564398],[-111.0307199,45.6563688],[-111.0307105,45.6563607],[-111.0306918,45.6563549],[-111.030672,45.6563574],[-111.0306498,45.6563656],[-111.0306405,45.6563753],[-111.030637,45.6563868],[-111.0306743,45.6564463]]]]}},
{"type":"Feature","properties":{"osm_way_id":"792524183","landuse":"grass","other_tags":"\"golf\"=>\"tee\",\"ref\"=>\"3\""},"geometry":{"type":"MultiPolygon","coordinates":[[[[-111.0265043,45.6505332],[-111.0264936,45.6505407],[-111.0264789,45.6505534],[-111.0264634,45.6505641],[-111.0264487,45.650574],[-111.0264339,45.6505787],[-111.0264158,45.650581],[-111.0264024,45.650581],[-111.0263903,45.6505773],[-111.0263789,45.6505693],[-111.0263722,45.6505566],[-111.0263655,45.6505318],[-111.0263649,45.650514],[-111.0263675,45.6504929],[-111.0263736,45.6504784],[-111.026385,45.6504709],[-111.0264011,45.6504671],[-111.0264252,45.6504657],[-111.0264561,45.6504666],[-111.0264916,45.6504709],[-111.0265271,45.650476],[-111.0265472,45.6504793],[-111.026564,45.6504831],[-111.02657,45.6504882],[-111.0265721,45.6504943],[-111.0265721,45.6505009],[-111.0265654,45.6505088],[-111.0265472,45.6505135],[-111.0265238,45.6505205],[-111.0265043,45.6505332]]]]}},
{"type":"Feature","properties":{"osm_way_id":"792524184","landuse":"grass","other_tags":"\"golf\"=>\"tee\""},"geometry":{"type":"MultiPolygon","coordinates":[[[[-111.0291072,45.650474],[-111.0291092,45.6505016],[-111.0291199,45.6505096],[-111.0291356,45.6505138],[-111.0291528,45.65051],[-111.0291608,45.6504979],[-111.0291635,45.6504819],[-111.0291615,45.6504496],[-111.0291568,45.6504383],[-111.0291468,45.650435],[-111.0291347,45.6504341],[-111.0291206,45.6504365],[-111.0291092,45.6504435],[-111.0291065,45.6504594],[-111.0291072,45.650474]]]]}},
{"type":"Feature","properties":{"osm_way_id":"792524185","landuse":"grass","other_tags":"\"golf\"=>\"tee\""},"geometry":{"type":"MultiPolygon","coordinates":[[[[-111.0334269,45.6491695],[-111.0333937,45.6491908],[-111.0333659,45.6491939],[-111.0333437,45.6491896],[-111.0333216,45.6491788],[-111.0332982,45.649163],[-111.0332818,45.6491485],[-111.0332792,45.6491364],[-111.0332787,45.6491185],[-111.0332862,45.6491055],[-111.0333,45.6490959],[-111.0333256,45.6490906],[-111.0333592,45.6490928],[-111.0333942,45.6490987],[-111.033415,45.6491083],[-111.0334305,45.6491216],[-111.0334402,45.6491311],[-111.0334442,45.649142],[-111.0334393,45.6491577],[-111.0334269,45.6491695]]]]}},
{"type":"Feature","properties":{"osm_way_id":"792524186","landuse":"grass","other_tags":"\"golf\"=>\"tee\""},"geometry":{"type":"MultiPolygon","coordinates":[[[[-111.0335277,45.6496199],[-111.0335416,45.6496282],[-111.0335566,45.6496334],[-111.0335705,45.6496344],[-111.0335855,45.6496299],[-111.0335978,45.6496202],[-111.0336028,45.649611],[-111.0336013,45.6496002],[-111.0335943,45.6495916],[-111.0335812,45.6495822],[-111.0335612,45.6495717],[-111.0335466,45.6495652],[-111.0335285,45.6495634],[-111.0335165,45.649566],[-111.0335069,45.649572],[-111.0334969,45.6495833],[-111.033495,45.6495919],[-111.0335027,45.6496027],[-111.033515,45.6496124],[-111.0335277,45.6496199]]]]}},
{"type":"Feature","properties":{"osm_way_id":"792524187","landuse":"grass","other_tags":"\"golf\"=>\"tee\""},"geometry":{"type":"MultiPolygon","coordinates":[[[[-111.0346822,45.6520682],[-111.0346689,45.6521108],[-111.0346804,45.6521356],[-111.0346937,45.6521436],[-111.0347052,45.6521492],[-111.0347247,45.6521511],[-111.034745,45.6521492],[-111.034761,45.6521424],[-111.0347707,45.6521313],[-111.0347963,45.6520645],[-111.0347928,45.6520453],[-111.0347866,45.6520335],[-111.0347769,45.6520243],[-111.0347618,45.6520187],[-111.0347424,45.6520168],[-111.0347256,45.6520181],[-111.0347079,45.652023],[-111.0346919,45.6520403],[-111.0346822,45.6520682]]]]}},
{"type":"Feature","properties":{"osm_way_id":"792524188","landuse":"grass","other_tags":"\"golf\"=>\"tee\""},"geometry":{"type":"MultiPolygon","coordinates":[[[[-111.03457,45.6523824],[-111.0345578,45.6524126],[-111.0345609,45.6524247],[-111.0345639,45.6524311],[-111.0345716,45.6524399],[-111.0345812,45.6524453],[-111.0345949,45.6524488],[-111.0346071,45.6524499],[-111.0346224,45.6524495],[-111.0346407,45.6524456],[-111.0346508,45.6524399],[-111.0346569,45.6524304],[-111.0346727,45.652387],[-111.0346717,45.6523803],[-111.0346702,45.6523739],[-111.0346656,45.6523668],[-111.0346574,45.6523604],[-111.0346488,45.6523558],[-111.0346361,45.6523526],[-111.0346188,45.6523508],[-111.0345965,45.6523529],[-111.0345797,45.6523629],[-111.03457,45.6523824]]]]}},
{"type":"Feature","properties":{"osm_way_id":"792524189","landuse":"grass","other_tags":"\"golf\"=>\"tee\""},"geometry":{"type":"MultiPolygon","coordinates":[[[[-111.0353656,45.6535907],[-111.035332,45.6536933],[-111.0353364,45.6537168],[-111.0353453,45.6537261],[-111.0353594,45.6537305],[-111.0353771,45.6537311],[-111.0353904,45.653723],[-111.0353948,45.6537107],[-111.0354152,45.6536043],[-111.0354099,45.6535857],[-111.0353993,45.6535808],[-111.0353878,45.6535783],[-111.035378,45.6535783],[-111.0353656,45.6535907]]]]}},
{"type":"Feature","properties":{"osm_way_id":"792524190","landuse":"grass","other_tags":"\"golf\"=>\"tee\""},"geometry":{"type":"MultiPolygon","coordinates":[[[[-111.0348219,45.6543651],[-111.0348204,45.6543925],[-111.0348275,45.6543999],[-111.0348357,45.6544038],[-111.0348509,45.6544053],[-111.0348601,45.6544017],[-111.0348661,45.6543964],[-111.0348722,45.6543864],[-111.0348738,45.6543729],[-111.0348728,45.6543573],[-111.0348667,45.6543502],[-111.0348606,45.654347],[-111.0348504,45.6543449],[-111.0348387,45.6543449],[-111.0348285,45.6543484],[-111.0348224,45.6543555],[-111.0348219,45.6543651]]]]}},
{"type":"Feature","properties":{"osm_way_id":"792524191","landuse":"grass","other_tags":"\"golf\"=>\"green\",\"ref\"=>\"12\""},"geometry":{"type":"MultiPolygon","coordinates":[[[[-111.0335541,45.6538991],[-111.0335844,45.6539072],[-111.0336206,45.653917],[-111.0336503,45.6539255],[-111.0336483,45.6539127],[-111.0336503,45.6539021],[-111.0336554,45.6538893],[-111.0336625,45.6538815],[-111.0336716,45.6538744],[-111.0336848,45.6538694],[-111.0336697,45.6538624],[-111.0336592,45.6538575],[-111.0336463,45.653846],[-111.0336346,45.6538313],[-111.0336265,45.6538175],[-111.0336206,45.6537987],[-111.033616,45.6537791],[-111.0336113,45.6537563],[-111.0336066,45.6537432],[-111.0335985,45.6537302],[-111.0335891,45.6537155],[-111.0335786,45.6537024],[-111.0335658,45.6536902],[-111.0335459,45.6536804],[-111.0335249,45.6536722],[-111.0335016,45.6536657],[-111.0334817,45.6536624],[-111.0334595,45.65366],[-111.0334432,45.6536592],[-111.0334292,45.6536592],[-111.0334152,45.65366],[-111.0333988,45.6536632],[-111.0333848,45.6536665],[-111.0333731,45.6536698],[-111.0333615,45.6536738],[-111.0333463,45.6536787],[-111.0333356,45.6536847],[-111.0333311,45.6536878],[-111.0333249,45.6536912],[-111.0333192,45.6536952],[-111.0333139,45.6536999],[-111.0333086,45.6537048],[-111.0333042,45.6537095],[-111.0332997,45.6537153],[-111.0332949,45.6537218],[-111.0332922,45.6537274],[-111.0332887,45.6537358],[-111.0332869,45.653741],[-111.0332865,45.653749],[-111.0332873,45.6537568],[-111.0332896,45.6537648],[-111.033294,45.6537719],[-111.0333024,45.6537812],[-111.0333095,45.6537874],[-111.0333289,45.6538007],[-111.0333515,45.6538115],[-111.0334086,45.6538415],[-111.0334355,45.6538591],[-111.0334568,45.6538684],[-111.0334802,45.6538768],[-111.0335085,45.653887],[-111.0335316,45.6538932],[-111.0335541,45.6538991]]]]}},
{"type":"Feature","properties":{"osm_way_id":"792524192","landuse":"grass","other_tags":"\"golf\"=>\"tee\""},"geometry":{"type":"MultiPolygon","coordinates":[[[[-111.0347909,45.653612],[-111.0347873,45.6536316],[-111.034792,45.6536487],[-111.0348025,45.6536585],[-111.0348154,45.6536643],[-111.0348399,45.6536667],[-111.0348702,45.6536667],[-111.0348959,45.6536577],[-111.0349088,45.6536447],[-111.0349193,45.6536283],[-111.0349193,45.6536128],[-111.0349088,45.6535981],[-111.0348959,45.6535884],[-111.0348819,45.653581],[-111.0348586,45.6535777],[-111.0348352,45.6535777],[-111.0348119,45.6535835],[-111.0347955,45.6535981],[-111.0347909,45.653612]]]]}},
{"type":"Feature","properties":{"osm_way_id":"792524193","landuse":"grass","other_tags":"\"golf\"=>\"tee\""},"geometry":{"type":"MultiPolygon","coordinates":[[[[-111.0353629,45.6534137],[-111.0351971,45.6534137],[-111.0351773,45.6534186],[-111.0351668,45.653426],[-111.0351574,45.6534398],[-111.0351551,45.653461],[-111.0351574,45.6534921],[-111.0351645,45.6535051],[-111.0351726,45.6535116],[-111.0351831,45.6535149],[-111.0352065,45.6535125],[-111.0353734,45.6534953],[-111.0353898,45.6534921],[-111.0353985,45.6534823],[-111.0353959,45.653426],[-111.0353854,45.653415],[-111.0353629,45.6534137]]]]}},
{"type":"Feature","properties":{"osm_way_id":"792524194","landuse":"grass","other_tags":"\"golf\"=>\"tee\""},"geometry":{"type":"MultiPolygon","coordinates":[[[[-111.0349873,45.6533928],[-111.0349811,45.6534208],[-111.0349834,45.6534289],[-111.0349865,45.6534332],[-111.0349935,45.6534391],[-111.035005,45.653444],[-111.0350204,45.653444],[-111.0350304,45.6534386],[-111.0350351,45.6534283],[-111.0350435,45.6533901],[-111.0350435,45.6533836],[-111.0350366,45.6533777],[-111.0350297,45.6533734],[-111.0350196,45.6533729],[-111.0350096,45.6533734],[-111.0349981,45.6533783],[-111.0349919,45.6533842],[-111.0349873,45.6533928]]]]}},
{"type":"Feature","properties":{"osm_way_id":"792524195","landuse":"grass","other_tags":"\"golf\"=>\"fairway\""},"geometry":{"type":"MultiPolygon","coordinates":[[[[-111.035097,45.6525599],[-111.0350909,45.6526083],[-111.0350801,45.6526503],[-111.0350631,45.6527031],[-111.0350339,45.6527526],[-111.0350092,45.6527839],[-111.0349815,45.6528409],[-111.0349738,45.6528754],[-111.0349815,45.6529152],[-111.035003,45.6529422],[-111.0350277,45.6529594],[-111.0350662,45.6529745],[-111.0351201,45.6529852],[-111.0351879,45.6529939],[-111.0352588,45.6529971],[-111.0353266,45.6529885],[-111.0353651,45.6529691],[-111.0353897,45.6529508],[-111.0354082,45.6529109],[-111.0354097,45.6528776],[-111.0354067,45.6528248],[-111.0353866,45.6527796],[-111.0353789,45.652744],[-111.0353836,45.6526794],[-111.0353959,45.652645],[-111.0354144,45.652604],[-111.0354298,45.6525588],[-111.0354329,45.6525168],[-111.0354221,45.6524845],[-111.0354005,45.6524619],[-111.0353604,45.6524382],[-111.0353173,45.6524145],[-111.035288,45.6523833],[-111.0352819,45.6523467],[-111.0352988,45.6523273],[-111.0353235,45.6522993],[-111.0352927,45.6523058],[-111.035268,45.6523036],[-111.0352464,45.6522993],[-111.0352326,45.6522885],[-111.0352203,45.6522756],[-111.0352018,45.6523068],[-111.035174,45.6523456],[-111.0351417,45.6523725],[-111.0351232,45.6523962],[-111.0351001,45.6524253],[-111.0350893,45.6524587],[-111.0350955,45.6525114],[-111.035097,45.6525599]]]]}},
{"type":"Feature","properties":{"osm_way_id":"792524196","landuse":"grass","other_tags":"\"golf\"=>\"green\",\"ref\"=>\"13\""},"geometry":{"type":"MultiPolygon","coordinates":[[[[-111.035268,45.6523036],[-111.0352927,45.6523058],[-111.0353235,45.6522993],[-111.0353385,45.6522919],[-111.035364,45.652282],[-111.0353794,45.652275],[-111.0353935,45.6522656],[-111.0354089,45.6522539],[-111.035425,45.6522431],[-111.035435,45.6522319],[-111.0354444,45.6522155],[-111.0354471,45.6521921],[-111.0354471,45.6521616],[-111.0354404,45.6521353],[-111.0354371,45.6521077],[-111.0354377,45.6520871],[-111.035435,45.6520711],[-111.0354304,45.6520533],[-111.0354257,45.6520383],[-111.0354183,45.6520266],[-111.0354089,45.6520172],[-111.0353941,45.652006],[-111.0353807,45.6519999],[-111.0353626,45.6519938],[-111.0353439,45.6519924],[-111.0353264,45.6519933],[-111.0353076,45.6519985],[-111.0352909,45.652005],[-111.0352734,45.6520135],[-111.0352553,45.6520242],[-111.0352386,45.6520364],[-111.0352278,45.6520467],[-111.0352091,45.6520622],[-111.035197,45.6520735],[-111.0351883,45.6520847],[-111.0351789,45.6520997],[-111.0351729,45.6521152],[-111.0351769,45.6521339],[-111.0351816,45.6521494],[-111.0351943,45.6521728],[-111.0352004,45.6521869],[-111.0352044,45.6522014],[-111.0352091,45.6522216],[-111.0352118,45.6522342],[-111.0352138,45.6522506],[-111.0352171,45.6522633],[-111.0352203,45.6522756],[-111.0352326,45.6522885],[-111.0352464,45.6522993],[-111.035268,45.6523036]]]]}},
{"type":"Feature","properties":{"osm_way_id":"792524200","landuse":"grass","other_tags":"\"golf\"=>\"tee\""},"geometry":{"type":"MultiPolygon","coordinates":[[[[-111.0339721,45.6529035],[-111.0339721,45.6529418],[-111.0339826,45.6529647],[-111.033999,45.6529745],[-111.0340165,45.6529745],[-111.0340305,45.6529696],[-111.0340457,45.652959],[-111.0340503,45.6529394],[-111.0340492,45.6528978],[-111.0340457,45.6528798],[-111.0340351,45.6528708],[-111.0340165,45.6528684],[-111.0339931,45.6528684],[-111.0339756,45.6528757],[-111.0339721,45.6529035]]]]}},
{"type":"Feature","properties":{"osm_way_id":"792524201","landuse":"grass","other_tags":"\"golf\"=>\"tee\""},"geometry":{"type":"MultiPolygon","coordinates":[[[[-111.0339581,45.6527305],[-111.0339546,45.6527533],[-111.0339604,45.6527664],[-111.0339709,45.6527737],[-111.0339849,45.6527762],[-111.033999,45.6527754],[-111.0340083,45.652768],[-111.0340153,45.6527566],[-111.0340153,45.6527411],[-111.0340141,45.6527264],[-111.0340071,45.6527158],[-111.0339943,45.6527101],[-111.0339803,45.6527101],[-111.0339663,45.6527158],[-111.0339581,45.6527305]]]]}},
{"type":"Feature","properties":{"osm_way_id":"792524202","landuse":"grass","other_tags":"\"golf\"=>\"tee\""},"geometry":{"type":"MultiPolygon","coordinates":[[[[-111.0340083,45.652271],[-111.0340141,45.6524081],[-111.0340188,45.6524293],[-111.0340258,45.6524408],[-111.0340386,45.6524457],[-111.0340562,45.652444],[-111.0340725,45.6524375],[-111.0340807,45.6524261],[-111.0340818,45.6524057],[-111.0340795,45.6522678],[-111.0340772,45.6522408],[-111.0340643,45.6522294],[-111.0340503,45.6522261],[-111.0340316,45.6522261],[-111.0340176,45.6522318],[-111.0340095,45.6522498],[-111.0340083,45.652271]]]]}},
{"type":"Feature","properties":{"osm_way_id":"792524203","landuse":"grass","other_tags":"\"golf\"=>\"tee\""},"geometry":{"type":"MultiPolygon","coordinates":[[[[-111.0343504,45.6518328],[-111.034386,45.6518839],[-111.0343992,45.651896],[-111.0344165,45.6518974],[-111.0344358,45.6518974],[-111.0344531,45.6518918],[-111.0344622,45.6518839],[-111.0344652,45.6518697],[-111.0344571,45.6518534],[-111.0344124,45.6517895],[-111.0343982,45.6517774],[-111.0343758,45.6517738],[-111.0343585,45.6517774],[-111.0343453,45.6517859],[-111.0343392,45.6518051],[-111.0343433,45.6518214],[-111.0343504,45.6518328]]]]}},
{"type":"Feature","properties":{"osm_way_id":"792524204","landuse":"grass","other_tags":"\"golf\"=>\"fairway\""},"geometry":{"type":"MultiPolygon","coordinates":[[[[-111.0339459,45.6515483],[-111.033926,45.6516168],[-111.0339248,45.6516528],[-111.0339447,45.6516715],[-111.0339692,45.6516854],[-111.0340077,45.651696],[-111.0340614,45.6516927],[-111.0342809,45.6516576],[-111.0343183,45.6516381],[-111.034337,45.6516144],[-111.034351,45.6515924],[-111.0343556,45.6515646],[-111.0343486,45.651545],[-111.0343335,45.6515222],[-111.0342622,45.651434],[-111.0342331,45.651394],[-111.0342179,45.6513541],[-111.0341887,45.6512627],[-111.0341397,45.6511655],[-111.0340918,45.651097],[-111.0340031,45.6509656],[-111.0339062,45.6508807],[-111.0338303,45.6507934],[-111.0337894,45.6507257],[-111.0337404,45.650653],[-111.0336867,45.6505992],[-111.0335594,45.6505167],[-111.0334905,45.6504824],[-111.0333913,45.6504172],[-111.0332804,45.6503511],[-111.0331543,45.6502874],[-111.0329698,45.6502025],[-111.0328157,45.6501315],[-111.0327048,45.6500825],[-111.0326114,45.6500426],[-111.0325414,45.6500099],[-111.0324982,45.6500042],[-111.0324643,45.6500091],[-111.0324269,45.650023],[-111.0323872,45.6500483],[-111.0323627,45.6500776],[-111.0323429,45.6501103],[-111.0323417,45.6501429],[-111.0323581,45.6501772],[-111.0324993,45.6502719],[-111.0327445,45.6504114],[-111.0328788,45.6504735],[-111.0329757,45.6505012],[-111.0330866,45.6505265],[-111.0331916,45.6505534],[-111.0332909,45.6505992],[-111.0333738,45.6506759],[-111.0334683,45.6508073],[-111.0335863,45.650955],[-111.0337591,45.6511704],[-111.0338921,45.6513524],[-111.0339505,45.6514634],[-111.0339564,45.6515026],[-111.0339459,45.6515483]]]]}},
{"type":"Feature","properties":{"osm_way_id":"792524205","landuse":"grass","other_tags":"\"golf\"=>\"fairway\""},"geometry":{"type":"MultiPolygon","coordinates":[[[[-111.0320446,45.6498352],[-111.0320676,45.6498562],[-111.0320914,45.6498692],[-111.0321835,45.6499137],[-111.0320702,45.6500349],[-111.032018,45.650017],[-111.0319764,45.6500034],[-111.031926,45.649983],[-111.0319455,45.6499737],[-111.031972,45.6499731],[-111.0319977,45.6499632],[-111.0320162,45.6499477],[-111.0320304,45.6499279],[-111.0320366,45.6499007],[-111.0320384,45.6498679],[-111.0320339,45.6498432],[-111.0320446,45.6498352]]]]}},
{"type":"Feature","properties":{"osm_way_id":"792524206","landuse":"grass","other_tags":"\"golf\"=>\"green\",\"ref\"=>\"14\""},"geometry":{"type":"MultiPolygon","coordinates":[[[[-111.0318649,45.6499385],[-111.0318809,45.6499496],[-111.031903,45.6499613],[-111.0319295,45.64997],[-111.0319455,45.6499737],[-111.031972,45.6499731],[-111.0319977,45.6499632],[-111.0320162,45.6499477],[-111.0320304,45.6499279],[-111.0320366,45.6499007],[-111.0320384,45.6498679],[-111.0320339,45.6498432],[-111.032018,45.6498246],[-111.0319959,45.6498049],[-111.0319702,45.6497882],[-111.0319384,45.6497727],[-111.0319154,45.6497616],[-111.0318941,45.6497523],[-111.0318676,45.6497442],[-111.0318446,45.6497393],[-111.0318189,45.6497374],[-111.0317959,45.6497405],[-111.0317791,45.6497455],[-111.031765,45.6497517],[-111.0317508,45.6497609],[-111.0317366,45.6497739],[-111.0317234,45.6497882],[-111.0317136,45.6498055],[-111.0317092,45.6498178],[-111.0317083,45.6498339],[-111.0317101,45.6498482],[-111.0317154,45.6498618],[-111.031726,45.6498747],[-111.0317402,45.6498816],[-111.0317632,45.6498914],[-111.0317933,45.6499013],[-111.0318225,45.6499143],[-111.0318446,45.6499255],[-111.0318649,45.6499385]]]]}},
{"type":"Feature","properties":{"osm_way_id":"792524209","landuse":"grass","other_tags":"\"golf\"=>\"rough\""},"geometry":{"type":"MultiPolygon","coordinates":[[[[-111.0339898,45.6530114],[-111.0338141,45.652964],[-111.0336624,45.6528582],[-111.0336775,45.6527562],[-111.0336943,45.6526665],[-111.0336898,45.6526214],[-111.033681,45.652601],[-111.0336483,45.6524977],[-111.0336279,45.6523604],[-111.0336093,45.6522713],[-111.0335757,45.6521693],[-111.0335447,45.652098],[-111.0335286,45.652068],[-111.0335769,45.6516287],[-111.0335338,45.6512346],[-111.0333951,45.6510407],[-111.0330038,45.650737],[-111.0325047,45.6504269],[-111.0322182,45.6502718],[-111.0317498,45.6501017],[-111.0315896,45.6499143],[-111.0315003,45.6497571],[-111.0315372,45.6496602],[-111.0315835,45.6495826],[-111.0316882,45.649546],[-111.0318207,45.6495525],[-111.0318844,45.6495336],[-111.0320292,45.6496219],[-111.0322818,45.6496542],[-111.0326269,45.6497253],[-111.0328426,45.6497425],[-111.033012,45.6497296],[-111.0331969,45.6496973],[-111.0333109,45.6496413],[-111.0334095,45.6496068],[-111.0338716,45.6501862],[-111.0340411,45.6502702],[-111.0340842,45.650408],[-111.0342167,45.6506471],[-111.0343461,45.6507354],[-111.0344478,45.6508172],[-111.0345772,45.6509744],[-111.0345433,45.65122],[-111.0345741,45.6515086],[-111.0346049,45.651683],[-111.0346357,45.6517886],[-111.0346819,45.6518553],[-111.0342496,45.6525728],[-111.0341328,45.6528144],[-111.0340768,45.6529564],[-111.0340369,45.6530333],[-111.0339898,45.6530114]]]]}},
{"type":"Feature","properties":{"osm_way_id":"792537524","landuse":"grass","other_tags":"\"golf\"=>\"tee\""},"geometry":{"type":"MultiPolygon","coordinates":[[[[-111.0308346,45.6493872],[-111.0308122,45.6493851],[-111.030795,45.6493765],[-111.0307879,45.6493673],[-111.0307858,45.6493524],[-111.030794,45.6493417],[-111.0308133,45.6493332],[-111.0308336,45.6493304],[-111.0311263,45.6493311],[-111.0311568,45.6493332],[-111.031168,45.649341],[-111.0311731,45.6493481],[-111.0311731,45.6493574],[-111.031171,45.6493666],[-111.0311548,45.6493765],[-111.0308346,45.6493872]]]]}},
{"type":"Feature","properties":{"osm_way_id":"792537525","landuse":"grass","other_tags":"\"golf\"=>\"tee\""},"geometry":{"type":"MultiPolygon","coordinates":[[[[-111.0300866,45.6493764],[-111.0300953,45.6493807],[-111.0301075,45.6493832],[-111.0301186,45.6493821],[-111.0301303,45.6493789],[-111.030139,45.6493725],[-111.030144,45.649364],[-111.030144,45.6493544],[-111.0301374,45.6493487],[-111.0301308,45.649343],[-111.0301191,45.6493413],[-111.0301044,45.6493423],[-111.0300917,45.6493462],[-111.0300846,45.6493498],[-111.0300795,45.6493526],[-111.030079,45.6493629],[-111.0300805,45.64937],[-111.0300866,45.6493764]]]]}},
{"type":"Feature","properties":{"osm_way_id":"792537526","landuse":"grass","other_tags":"\"golf\"=>\"fairway\""},"geometry":{"type":"MultiPolygon","coordinates":[[[[-111.0297771,45.6495191],[-111.0297958,45.6495022],[-111.0298119,45.6494722],[-111.0298146,45.6494422],[-111.0297958,45.6494122],[-111.0297717,45.6493916],[-111.0297422,45.6493804],[-111.0296805,45.6493747],[-111.0295678,45.6493635],[-111.0294766,45.6493616],[-111.029364,45.6493766],[-111.0292808,45.6493897],[-111.0292379,45.6493935],[-111.0291628,45.6493822],[-111.0290663,45.6493804],[-111.0287927,45.6493747],[-111.0287069,45.6493954],[-111.0286478,45.6494179],[-111.0285996,45.6494422],[-111.0285432,45.6494722],[-111.0285164,45.6494929],[-111.0284735,45.6495022],[-111.0283716,45.6495022],[-111.0282697,45.649506],[-111.0281409,45.649506],[-111.0280443,45.6494947],[-111.0279585,45.6494816],[-111.0278509,45.6494722],[-111.0277633,45.6494607],[-111.0276933,45.6494436],[-111.0276373,45.6494297],[-111.0275555,45.6494069],[-111.0274866,45.6493865],[-111.0274294,45.6493693],[-111.0273886,45.6493554],[-111.027336,45.6493408],[-111.0273045,45.6493318],[-111.0272882,45.6493318],[-111.0272672,45.6493334],[-111.0272473,45.6493375],[-111.0272298,45.6493473],[-111.0272146,45.6493636],[-111.0272064,45.6493832],[-111.0272018,45.6494028],[-111.0272029,45.6494305],[-111.0272018,45.6494599],[-111.0272006,45.6494893],[-111.0272006,45.6495056],[-111.0271959,45.6495195],[-111.0271761,45.6495301],[-111.0271376,45.6495383],[-111.027099,45.6495399],[-111.0270605,45.6495432],[-111.0270196,45.6495432],[-111.0269788,45.6495432],[-111.0269321,45.6495301],[-111.0269181,45.6495187],[-111.0269006,45.6495056],[-111.0268936,45.6495007],[-111.0268877,45.6495154],[-111.0268807,45.6495301],[-111.0268714,45.6495383],[-111.0268597,45.6495464],[-111.0268504,45.6495513],[-111.0268469,45.6495611],[-111.0268866,45.6495595],[-111.0269134,45.6495619],[-111.0269438,45.6495668],[-111.0269788,45.6495766],[-111.0270267,45.6495897],[-111.0270909,45.649615],[-111.0272099,45.6496648],[-111.0272742,45.6496876],[-111.0273279,45.6497039],[-111.0273606,45.6497121],[-111.0273839,45.6497105],[-111.0274096,45.6497056],[-111.0274434,45.6496974],[-111.0275333,45.6496754],[-111.0276559,45.6496623],[-111.0277377,45.6496493],[-111.0277727,45.6496411],[-111.0278089,45.6496329],[-111.0278719,45.6496272],[-111.027942,45.6496248],[-111.0279945,45.6496248],[-111.0280505,45.6496289],[-111.0281638,45.6496468],[-111.0282257,45.649655],[-111.0283144,45.6496574],[-111.0283798,45.6496582],[-111.0284708,45.6496648],[-111.0285199,45.6496688],[-111.0285467,45.6496729],[-111.0285666,45.6496762],[-111.0285853,45.6496762],[-111.0286191,45.6496697],[-111.028653,45.6496664],[-111.0286997,45.6496623],[-111.0287581,45.6496615],[-111.0287931,45.6496639],[-111.0288258,45.6496664],[-111.0288561,45.649668],[-111.0288818,45.6496705],[-111.0289273,45.6496705],[-111.0289589,45.6496623],[-111.0289927,45.6496517],[-111.0292075,45.6496052],[-111.0292729,45.6496011],[-111.0293033,45.6495995],[-111.0293395,45.6495995],[-111.0293733,45.649606],[-111.0294048,45.6496093],[-111.029434,45.6496133],[-111.0294656,45.6496133],[-111.0294912,45.6496109],[-111.0295309,45.6496027],[-111.0295461,45.6495929],[-111.0295846,45.6495774],[-111.0296127,45.6495668],[-111.0296897,45.649544],[-111.0297388,45.6495309],[-111.0297771,45.6495191]]]]}},
{"type":"Feature","properties":{"osm_way_id":"792537533","landuse":"grass","other_tags":"\"golf\"=>\"tee\""},"geometry":{"type":"MultiPolygon","coordinates":[[[[-111.0266551,45.6501126],[-111.026622,45.6501121],[-111.026592,45.6501072],[-111.0265719,45.6500997],[-111.0265581,45.6500873],[-111.0265542,45.6500749],[-111.0265535,45.6500577],[-111.0265542,45.6500416],[-111.0265612,45.6500259],[-111.026575,45.6500157],[-111.0265904,45.6500087],[-111.0266159,45.6500049],[-111.0266497,45.6500066],[-111.026679,45.6500179],[-111.0266952,45.6500286],[-111.0267121,45.6500383],[-111.0267283,45.6500448],[-111.0267491,45.650055],[-111.0267761,45.6500658],[-111.0268046,45.6500712],[-111.0268261,45.6500728],[-111.0268593,45.6500712],[-111.0268854,45.6500712],[-111.0269047,45.6500701],[-111.0269186,45.6500776],[-111.0269247,45.6500873],[-111.0269294,45.6500965],[-111.0269294,45.6501056],[-111.0269255,45.6501121],[-111.0269178,45.650118],[-111.0269001,45.6501212],[-111.0268885,45.6501196],[-111.0268716,45.6501142],[-111.0268577,45.6501089],[-111.0268415,45.6501035],[-111.0268277,45.650097],[-111.0268069,45.6500922],[-111.0267892,45.65009],[-111.0267661,45.6500895],[-111.0267376,45.6500943],[-111.0267037,45.6501013],[-111.0266806,45.6501067],[-111.0266551,45.6501126]]]]}},
{"type":"Feature","properties":{"osm_way_id":"792537534","landuse":"grass","other_tags":"\"golf\"=>\"tee\""},"geometry":{"type":"MultiPolygon","coordinates":[[[[-111.02738,45.6500884],[-111.0272821,45.6500809],[-111.0272559,45.6500712],[-111.0272421,45.6500583],[-111.0272336,45.650041],[-111.0272398,45.6500276],[-111.0272467,45.6500168],[-111.027266,45.6500066],[-111.0272906,45.6500028],[-111.0273168,45.6500028],[-111.0273568,45.6500049],[-111.0274108,45.6500098],[-111.0274439,45.6500157],[-111.0274639,45.6500276],[-111.0274693,45.6500502],[-111.0274685,45.6500653],[-111.0274593,45.6500755],[-111.0274477,45.650083],[-111.02743,45.6500889],[-111.0274031,45.65009],[-111.02738,45.6500884]]]]}},
{"type":"Feature","properties":{"osm_way_id":"792537535","landuse":"grass","other_tags":"\"golf\"=>\"tee\""},"geometry":{"type":"MultiPolygon","coordinates":[[[[-111.0275887,45.6500986],[-111.0277982,45.6501105],[-111.0278159,45.6501094],[-111.0278306,45.6501029],[-111.027846,45.6500938],[-111.0278521,45.6500771],[-111.0278521,45.6500593],[-111.0278444,45.6500443],[-111.027829,45.6500308],[-111.0278113,45.6500265],[-111.027591,45.650013],[-111.0275717,45.6500146],[-111.027554,45.6500227],[-111.0275386,45.6500351],[-111.027534,45.6500534],[-111.0275355,45.6500685],[-111.0275456,45.6500819],[-111.0275633,45.6500949],[-111.0275887,45.6500986]]]]}},
{"type":"Feature","properties":{"osm_way_id":"792537536","landuse":"grass","other_tags":"\"golf\"=>\"fairway\""},"geometry":{"type":"MultiPolygon","coordinates":[[[[-111.0287996,45.6501946],[-111.0285607,45.6501833],[-111.0285129,45.6501719],[-111.0284896,45.6501577],[-111.0284804,45.6501463],[-111.0284764,45.6501264],[-111.0284865,45.6500973],[-111.0285068,45.6500483],[-111.0285384,45.6500177],[-111.0285688,45.6499943],[-111.0286014,45.6499801],[-111.0286573,45.6499751],[-111.0288809,45.6499943],[-111.0289978,45.6500035],[-111.0290445,45.6500014],[-111.0291035,45.649995],[-111.0292041,45.6499815],[-111.0292955,45.6499822],[-111.0293647,45.6499978],[-111.0294094,45.6500142],[-111.0294653,45.6500334],[-111.0295161,45.6500447],[-111.0295547,45.6500433],[-111.0295984,45.6500454],[-111.0295578,45.6500525],[-111.0295415,45.6500611],[-111.0295242,45.6500817],[-111.0295171,45.6500973],[-111.0295131,45.6501115],[-111.029508,45.6501343],[-111.0295141,45.6501506],[-111.0295181,45.6501655],[-111.0294968,45.6501641],[-111.0294632,45.6501449],[-111.0294338,45.6501371],[-111.0294053,45.6501357],[-111.0293606,45.6501435],[-111.0293118,45.6501598],[-111.0292732,45.6501748],[-111.0292407,45.6501883],[-111.0292092,45.6501939],[-111.0291655,45.6502003],[-111.029135,45.6502003],[-111.0290913,45.6501918],[-111.0290364,45.6501769],[-111.0289937,45.6501676],[-111.0289469,45.6501669],[-111.0288799,45.6501755],[-111.0287996,45.6501946]]]]}},
{"type":"Feature","properties":{"osm_way_id":"792537540","landuse":"grass","other_tags":"\"golf\"=>\"tee\""},"geometry":{"type":"MultiPolygon","coordinates":[[[[-111.0312143,45.6496355],[-111.0312306,45.6498281],[-111.0312411,45.6498371],[-111.0312645,45.6498379],[-111.0312785,45.6498314],[-111.0312808,45.6498167],[-111.0312645,45.6496331],[-111.0312621,45.6496184],[-111.0312505,45.6496119],[-111.0312306,45.6496102],[-111.0312201,45.6496176],[-111.0312143,45.6496249],[-111.0312143,45.6496355]]]]}},
{"type":"Feature","properties":{"osm_way_id":"792537541","landuse":"grass","other_tags":"\"golf\"=>\"tee\""},"geometry":{"type":"MultiPolygon","coordinates":[[[[-111.0314316,45.6501601],[-111.0314382,45.6501935],[-111.0314443,45.6502027],[-111.0314525,45.6502081],[-111.0314667,45.6502098],[-111.0314936,45.6502091],[-111.0315099,45.6502027],[-111.0315165,45.6501935],[-111.0315175,45.6501612],[-111.0315175,45.6501509],[-111.0315165,45.6501388],[-111.0315094,45.6501281],[-111.0314982,45.6501221],[-111.0314855,45.6501193],[-111.0314662,45.6501217],[-111.0314464,45.6501278],[-111.0314352,45.6501363],[-111.0314306,45.6501473],[-111.0314316,45.6501601]]]]}},
{"type":"Feature","properties":{"osm_way_id":"792537547","landuse":"grass","other_tags":"\"golf\"=>\"tee\""},"geometry":{"type":"MultiPolygon","coordinates":[[[[-111.0309564,45.6524651],[-111.0309652,45.6525298],[-111.0309799,45.6525467],[-111.0310027,45.6525528],[-111.0310248,45.6525509],[-111.0310329,45.6525434],[-111.0310376,45.6525303],[-111.0310349,45.6525153],[-111.0310242,45.6524919],[-111.0310195,45.6524698],[-111.0310228,45.6524553],[-111.0310208,45.6524441],[-111.0310088,45.6524356],[-111.030986,45.65243],[-111.0309719,45.6524347],[-111.0309585,45.6524441],[-111.0309564,45.6524651]]]]}},
{"type":"Feature","properties":{"osm_way_id":"792537548","landuse":"grass","other_tags":"\"golf\"=>\"tee\""},"geometry":{"type":"MultiPolygon","coordinates":[[[[-111.0309779,45.652685],[-111.0309886,45.6527895],[-111.0310054,45.6528059],[-111.0310282,45.6528111],[-111.0310751,45.6528097],[-111.0310999,45.6528012],[-111.031114,45.6527872],[-111.0311127,45.6527675],[-111.031108,45.6526658],[-111.0311006,45.6526545],[-111.0310872,45.6526479],[-111.0310624,45.6526428],[-111.0310329,45.6526423],[-111.031002,45.6526517],[-111.0309839,45.6526672],[-111.0309779,45.652685]]]]}},
{"type":"Feature","properties":{"osm_way_id":"792537549","landuse":"grass","other_tags":"\"golf\"=>\"tee\""},"geometry":{"type":"MultiPolygon","coordinates":[[[[-111.0312109,45.6530574],[-111.0312069,45.6531985],[-111.0312149,45.6532092],[-111.0312283,45.6532135],[-111.0312485,45.6532097],[-111.0312552,45.6532013],[-111.0312612,45.6531816],[-111.0312625,45.6530635],[-111.0312599,45.6530513],[-111.0312532,45.6530428],[-111.0312351,45.6530396],[-111.031219,45.6530452],[-111.0312109,45.6530574]]]]}},
{"type":"Feature","properties":{"osm_way_id":"792537550","landuse":"grass","other_tags":"\"golf\"=>\"tee\""},"geometry":{"type":"MultiPolygon","coordinates":[[[[-111.0315745,45.6536856],[-111.031568,45.6537379],[-111.0315721,45.6537468],[-111.0315826,45.6537526],[-111.0315949,45.6537538],[-111.0316083,45.6537501],[-111.0316153,45.6537432],[-111.0316253,45.6536836],[-111.0316247,45.6536758],[-111.03162,45.6536693],[-111.0316072,45.6536648],[-111.0315902,45.6536652],[-111.0315797,45.6536709],[-111.0315745,45.6536856]]]]}},
{"type":"Feature","properties":{"osm_way_id":"792537551","landuse":"grass","other_tags":"\"golf\"=>\"fairway\""},"geometry":{"type":"MultiPolygon","coordinates":[[[[-111.0314481,45.6540314],[-111.0314399,45.6540065],[-111.0314074,45.6539774],[-111.0313444,45.6539547],[-111.031259,45.6539383],[-111.0311716,45.6539369],[-111.0311442,45.6539511],[-111.0311218,45.6539689],[-111.0311147,45.654015],[-111.0311035,45.6541245],[-111.0310832,45.6542118],[-111.0310578,45.654263],[-111.0310293,45.654317],[-111.031008,45.6543624],[-111.0310019,45.6543838],[-111.031009,45.6544022],[-111.0310293,45.6544157],[-111.0310547,45.65442],[-111.0310934,45.65442],[-111.0311279,45.6544072],[-111.0312102,45.6543539],[-111.0312987,45.6542573],[-111.0313901,45.6541493],[-111.0314369,45.6540783],[-111.0314481,45.6540314]]]]}},
{"type":"Feature","properties":{"osm_way_id":"792537552","landuse":"grass","other_tags":"\"golf\"=>\"fairway\""},"geometry":{"type":"MultiPolygon","coordinates":[[[[-111.0316534,45.6545628],[-111.0316564,45.6545102],[-111.0316615,45.6544768],[-111.0316534,45.6544356],[-111.031632,45.6544115],[-111.0316015,45.6543951],[-111.0315619,45.6543923],[-111.0315101,45.6544001],[-111.0314796,45.6544136],[-111.0314471,45.6544399],[-111.0313871,45.6545017],[-111.0313525,45.6545599],[-111.0313444,45.6546765],[-111.0313281,45.6547809],[-111.0312936,45.654842],[-111.0312529,45.6548938],[-111.0312092,45.6549358],[-111.031197,45.6549777],[-111.0312021,45.6550373],[-111.0311859,45.6552171],[-111.0311554,45.6553336],[-111.0311411,45.6553663],[-111.0311401,45.6554117],[-111.0311482,45.6554593],[-111.0311584,45.6555062],[-111.0311604,45.6555524],[-111.0311381,45.6555886],[-111.0311005,45.6556426],[-111.0310893,45.6556717],[-111.0310913,45.655703],[-111.0310974,45.6557605],[-111.0311086,45.655806],[-111.0311188,45.655882],[-111.0311056,45.6559374],[-111.0310873,45.6559907],[-111.0310964,45.6560618],[-111.0311167,45.6561527],[-111.0311259,45.6562223],[-111.0311239,45.6562656],[-111.0311371,45.6563012],[-111.0311716,45.6563317],[-111.0312712,45.6563928],[-111.0313403,45.6564369],[-111.031381,45.656483],[-111.0313983,45.6565328],[-111.0314044,45.6565747],[-111.0314308,45.6566159],[-111.0314664,45.65665],[-111.031505,45.6566819],[-111.0315477,45.6567203],[-111.031569,45.6567452],[-111.0315812,45.6567651],[-111.0315843,45.6567835],[-111.0315904,45.6568006],[-111.0316178,45.6567871],[-111.0316432,45.6567828],[-111.0316676,45.6567821],[-111.031689,45.6567842],[-111.0316991,45.6567771],[-111.0316778,45.6567636],[-111.0316605,45.6567452],[-111.0316422,45.6567153],[-111.0316188,45.656645],[-111.0315609,45.6564702],[-111.0314623,45.6562571],[-111.0313962,45.6560106],[-111.0314277,45.6558593],[-111.0314633,45.6556504],[-111.0314847,45.6554608],[-111.0315162,45.6553812],[-111.0315324,45.6553599],[-111.0315416,45.6553087],[-111.0315558,45.6551098],[-111.0316117,45.6548946],[-111.0316432,45.6547823],[-111.0316564,45.6547496],[-111.0316595,45.6547006],[-111.0316585,45.6546239],[-111.0316534,45.6545628]]]]}},
{"type":"Feature","properties":{"osm_way_id":"792537556","landuse":"grass","other_tags":"\"golf\"=>\"green\",\"ref\"=>\"15\""},"geometry":{"type":"MultiPolygon","coordinates":[[[[-111.0268504,45.6495513],[-111.0268597,45.6495464],[-111.0268714,45.6495383],[-111.0268807,45.6495301],[-111.0268877,45.6495154],[-111.0268936,45.6495007],[-111.0268973,45.64947],[-111.0268978,45.6494365],[-111.0268879,45.6494185],[-111.0268739,45.6494047],[-111.0268552,45.6493949],[-111.0268249,45.6493851],[-111.0267852,45.6493757],[-111.0267455,45.6493671],[-111.026704,45.6493594],[-111.0266632,45.6493598],[-111.0266369,45.6493618],[-111.0266188,45.6493663],[-111.0266001,45.6493745],[-111.026592,45.6493839],[-111.026582,45.6493965],[-111.0265715,45.6494161],[-111.0265529,45.6495071],[-111.026554,45.6495251],[-111.0265593,45.6495393],[-111.0265669,45.6495536],[-111.0265785,45.6495667],[-111.0265902,45.6495752],[-111.0266042,45.6495818],[-111.0266223,45.6495879],[-111.0266375,45.6495879],[-111.0266538,45.6495871],[-111.0266708,45.6495859],[-111.0266935,45.6495801],[-111.0267472,45.6495663],[-111.0267624,45.649561],[-111.026784,45.6495573],[-111.0268214,45.649554],[-111.0268504,45.6495513]]]]}},
{"type":"Feature","properties":{"osm_way_id":"792537557","landuse":"grass","other_tags":"\"golf\"=>\"green\",\"ref\"=>\"16\""},"geometry":{"type":"MultiPolygon","coordinates":[[[[-111.0295181,45.6501655],[-111.0295141,45.6501506],[-111.029508,45.6501343],[-111.0295131,45.6501115],[-111.0295171,45.6500973],[-111.0295242,45.6500817],[-111.0295415,45.6500611],[-111.0295578,45.6500525],[-111.0295984,45.6500454],[-111.0296307,45.6500481],[-111.0296784,45.650053],[-111.0297209,45.6500493],[-111.0297652,45.6500437],[-111.0298085,45.6500394],[-111.0298368,45.6500419],[-111.0298572,45.6500481],[-111.0298802,45.6500573],[-111.0298996,45.6500728],[-111.0299156,45.6500883],[-111.0299297,45.6501087],[-111.0299403,45.6501272],[-111.0299457,45.6501452],[-111.0299474,45.6501625],[-111.0299439,45.6501854],[-111.0299342,45.6502002],[-111.0299173,45.6502144],[-111.0299009,45.650228],[-111.0298819,45.6502406],[-111.0298659,45.6502507],[-111.0298474,45.6502584],[-111.0298333,45.6502645],[-111.0298182,45.6502676],[-111.0298041,45.6502713],[-111.0297864,45.6502713],[-111.0297652,45.650267],[-111.0297457,45.6502633],[-111.0297262,45.6502559],[-111.0297121,45.6502472],[-111.0296979,45.6502392],[-111.0296661,45.6502268],[-111.0296377,45.6502169],[-111.0296068,45.6502089],[-111.0295882,45.6502027],[-111.0295687,45.650194],[-111.0295466,45.6501854],[-111.0295307,45.6501749],[-111.0295181,45.6501655]]]]}},
{"type":"Feature","properties":{"osm_way_id":"792537558","landuse":"grass","other_tags":"\"golf\"=>\"green\",\"ref\"=>\"17\""},"geometry":{"type":"MultiPolygon","coordinates":[[[[-111.031777,45.6530782],[-111.0318011,45.653082],[-111.0318226,45.6530932],[-111.0318406,45.653108],[-111.031875,45.6531374],[-111.0319048,45.6531635],[-111.0319188,45.6531835],[-111.0319264,45.65321],[-111.0319211,45.6532321],[-111.0319136,45.6532517],[-111.031903,45.6532668],[-111.0318914,45.653281],[-111.0318774,45.6532949],[-111.0318639,45.6533031],[-111.031847,45.6533076],[-111.0318277,45.6533108],[-111.0318032,45.65331],[-111.0317256,45.6532974],[-111.0316713,45.6532855],[-111.0316293,45.6532708],[-111.0316088,45.6532598],[-111.0315972,45.6532476],[-111.0315884,45.6532366],[-111.0315867,45.6532231],[-111.0315919,45.6532092],[-111.0315989,45.6531962],[-111.0316123,45.6531811],[-111.0316345,45.6531607],[-111.0316585,45.6531411],[-111.0316824,45.6531248],[-111.0317075,45.6531052],[-111.0317238,45.6530913],[-111.0317488,45.6530754],[-111.031777,45.6530782]]]]}},
{"type":"Feature","properties":{"osm_way_id":"792537559","landuse":"grass","other_tags":"\"golf\"=>\"green\",\"ref\"=>\"18\""},"geometry":{"type":"MultiPolygon","coordinates":[[[[-111.0315904,45.6568006],[-111.0316178,45.6567871],[-111.0316432,45.6567828],[-111.0316676,45.6567821],[-111.031689,45.6567842],[-111.0317042,45.6567915],[-111.0317204,45.6568001],[-111.0317327,45.6568098],[-111.0317489,45.6568302],[-111.0317697,45.656876],[-111.0317936,45.6569336],[-111.0317982,45.6569557],[-111.0317913,45.6569708],[-111.0317789,45.6569831],[-111.0317612,45.6569923],[-111.0317381,45.6569982],[-111.0317119,45.657002],[-111.0316811,45.6570025],[-111.0316534,45.6569998],[-111.0316218,45.656995],[-111.0315995,45.6569896],[-111.0315794,45.6569837],[-111.031564,45.6569745],[-111.031554,45.6569621],[-111.0315471,45.6569471],[-111.0315448,45.6569325],[-111.0315471,45.6569185],[-111.0315494,45.6568991],[-111.0315548,45.656876],[-111.0315625,45.6568572],[-111.0315717,45.6568367],[-111.0315787,45.6568189],[-111.0315904,45.6568006]]]]}},
{"type":"Feature","properties":{"osm_way_id":"792537560","landuse":"grass","other_tags":"\"golf\"=>\"rough\""},"geometry":{"type":"MultiPolygon","coordinates":[[[[-111.0312589,45.6494043],[-111.0312281,45.6493742],[-111.0312188,45.6493268],[-111.0308399,45.6493074],[-111.0307767,45.649302],[-111.0307498,45.6492864],[-111.0307539,45.6492587],[-111.030777,45.6492371],[-111.0307758,45.6491965],[-111.0264602,45.6491609],[-111.0262912,45.6498715],[-111.0263183,45.6503322],[-111.0264472,45.6503204],[-111.0272836,45.6503959],[-111.0276785,45.6504147],[-111.0278708,45.6504242],[-111.028039,45.6504432],[-111.0281263,45.6504422],[-111.0282142,45.6504613],[-111.0283077,45.6504272],[-111.0283768,45.6504044],[-111.0284866,45.6503874],[-111.028576,45.6504016],[-111.0286899,45.6504243],[-111.028808,45.650442],[-111.0290978,45.6504006],[-111.0291781,45.6503982],[-111.0292721,45.650433],[-111.0292834,45.6506545],[-111.0293945,45.6505622],[-111.0295719,45.6504708],[-111.0297681,45.6504838],[-111.0299035,45.6504186],[-111.0300249,45.6503598],[-111.0301183,45.6502423],[-111.030548,45.6500399],[-111.0307114,45.6500203],[-111.0311038,45.6495788],[-111.0312589,45.6494043]]]]}},
{"type":"Feature","properties":{"osm_way_id":"792537561","landuse":"grass","other_tags":"\"golf\"=>\"rough\""},"geometry":{"type":"MultiPolygon","coordinates":[[[[-111.0315835,45.6495826],[-111.0311038,45.6495788],[-111.0307114,45.6500203],[-111.0308562,45.6500464],[-111.0310196,45.650115],[-111.0310943,45.6501933],[-111.0311364,45.6502945],[-111.0311317,45.6503892],[-111.0311084,45.650474],[-111.0310995,45.6506146],[-111.0310413,45.6514339],[-111.0311015,45.6517555],[-111.0309022,45.651979],[-111.0311037,45.6522997],[-111.0309262,45.6523429],[-111.0308095,45.652609],[-111.0308795,45.6530236],[-111.0308935,45.6532978],[-111.0308935,45.6534316],[-111.0307628,45.6535328],[-111.0307674,45.6536503],[-111.0307768,45.65382],[-111.0307301,45.6540094],[-111.0308702,45.6544435],[-111.0308202,45.6548291],[-111.0307347,45.6555801],[-111.0308903,45.6559719],[-111.0309413,45.6560825],[-111.0309681,45.6561744],[-111.0309976,45.6563619],[-111.0309922,45.6564312],[-111.0309225,45.6565569],[-111.0309305,45.65663],[-111.0310566,45.6567875],[-111.03118,45.6569562],[-111.0312604,45.6570762],[-111.0318624,45.6571633],[-111.0319792,45.6571633],[-111.0320535,45.655783],[-111.0318305,45.6556667],[-111.031965,45.6550557],[-111.0320004,45.6544174],[-111.0325525,45.6542888],[-111.0326909,45.6538995],[-111.0328121,45.6536419],[-111.032908,45.6532609],[-111.0329736,45.6530527],[-111.0336624,45.6528582],[-111.033681,45.652601],[-111.0336279,45.6523604],[-111.0335447,45.652098],[-111.0335769,45.6516287],[-111.0335338,45.6512346],[-111.0333951,45.6510407],[-111.0330038,45.650737],[-111.0325047,45.6504269],[-111.0322182,45.6502718],[-111.0317498,45.6501017],[-111.0315896,45.6499143],[-111.0315003,45.6497571],[-111.0315372,45.6496602],[-111.0315835,45.6495826]]]]}},
{"type":"Feature","properties":{"osm_way_id":"792537562","landuse":"grass","other_tags":"\"golf\"=>\"rough\""},"geometry":{"type":"MultiPolygon","coordinates":[[[[-111.035427,45.6535345],[-111.0352231,45.6536845],[-111.0347564,45.653752],[-111.0347189,45.6536125],[-111.0347703,45.6535538],[-111.0347726,45.6534444],[-111.0347236,45.6532812],[-111.0347306,45.6529336],[-111.0347889,45.6525875],[-111.0347422,45.6523411],[-111.0347913,45.6522023],[-111.0348477,45.6520364],[-111.0349377,45.6519264],[-111.0350732,45.6519113],[-111.0352643,45.6518402],[-111.0353259,45.6517993],[-111.0354337,45.6516895],[-111.0355021,45.6524096],[-111.0354538,45.653242],[-111.035427,45.6535345]]]]}},
{"type":"Feature","properties":{"osm_way_id":"792537563","landuse":"grass","other_tags":"\"golf\"=>\"rough\""},"geometry":{"type":"MultiPolygon","coordinates":[[[[-111.034692,45.653842],[-111.0341556,45.653692],[-111.0339679,45.6535533],[-111.033764,45.653587],[-111.0336621,45.653557],[-111.0334368,45.6535945],[-111.0332361,45.653649],[-111.0331301,45.6538325],[-111.0331654,45.6539313],[-111.0333875,45.6540548],[-111.0334368,45.6545544],[-111.0331212,45.6562379],[-111.0328871,45.6569898],[-111.0333646,45.6569698],[-111.0334883,45.6567445],[-111.0336401,45.6566548],[-111.0338876,45.6564263],[-111.0341391,45.6564034],[-111.034692,45.653842]]]]}},
{"type":"Feature","properties":{"osm_way_id":"792560738","landuse":"grass","other_tags":"\"golf\"=>\"tee\""},"geometry":{"type":"MultiPolygon","coordinates":[[[[-111.033037,45.6544613],[-111.0330423,45.6544772],[-111.0330678,45.6544866],[-111.0330812,45.6544828],[-111.0330933,45.6544725],[-111.0330946,45.6544594],[-111.0330879,45.6544435],[-111.0330799,45.6544331],[-111.0330651,45.6544285],[-111.0330504,45.6544303],[-111.0330383,45.6544397],[-111.0330343,45.6544481],[-111.033037,45.6544613]]]]}},
{"type":"Feature","properties":{"osm_way_id":"792560740","landuse":"grass","other_tags":"\"golf\"=>\"tee\""},"geometry":{"type":"MultiPolygon","coordinates":[[[[-111.032926,45.6516789],[-111.0329493,45.6517083],[-111.0329727,45.6517181],[-111.033003,45.6517165],[-111.0330171,45.6517067],[-111.0330194,45.6516936],[-111.0330124,45.6516822],[-111.0329879,45.6516512],[-111.0329739,45.651639],[-111.032954,45.6516373],[-111.0329377,45.6516406],[-111.0329248,45.651652],[-111.0329202,45.6516643],[-111.032926,45.6516789]]]]}},
{"type":"Feature","properties":{"osm_way_id":"793078280","name":"Meadow Creek Park","leisure":"park"},"geometry":{"type":"MultiPolygon","coordinates":[[[[-111.0775146,45.6431667],[-111.0781616,45.6431656],[-111.0781513,45.6443479],[-111.0781513,45.6455404],[-111.0773462,45.6455432],[-111.0773502,45.6444203],[-111.0775097,45.6436485],[-111.0775146,45.6431667]]]]}},
{"type":"Feature","properties":{"osm_way_id":"795007410","landuse":"grass"},"geometry":{"type":"MultiPolygon","coordinates":[[[[-111.0686702,45.6492733],[-111.0685726,45.6492806],[-111.06852,45.6492845],[-111.0683644,45.6492845],[-111.0683591,45.649202],[-111.0683215,45.6490858],[-111.0682786,45.6489208],[-111.0686756,45.6489208],[-111.0686702,45.6492733]]]]}},
{"type":"Feature","properties":{"osm_way_id":"832458277","leisure":"park"},"geometry":{"type":"MultiPolygon","coordinates":[[[[-111.19022,45.7210893],[-111.1900307,45.7210281],[-111.1898413,45.7209975],[-111.1896309,45.7209852],[-111.1894504,45.7209889],[-111.1892681,45.7210232],[-111.1890998,45.7210746],[-111.188935,45.7211468],[-111.1887544,45.7212643],[-111.1886439,45.7213781],[-111.1885703,45.7214846],[-111.1885265,45.7216009],[-111.1885037,45.7217221],[-111.1885019,45.7218041],[-111.18853,45.7219473],[-111.1885668,45.7220562],[-111.1886247,45.7221455],[-111.1887316,45.7222593],[-111.1888298,45.722345],[-111.1889525,45.7224136],[-111.1890664,45.722465],[-111.1891366,45.7224919],[-111.1894013,45.7225531],[-111.1895345,45.7225727],[-111.1896783,45.7225763],[-111.1898431,45.7225666],[-111.1900254,45.7225262],[-111.1901954,45.7224735],[-111.1903883,45.7223805],[-111.19049,45.7223071],[-111.190625,45.7221822],[-111.1907074,45.7220599],[-111.1907564,45.7219497],[-111.1907687,45.721831],[-111.1907757,45.7217172],[-111.1907635,45.7216254],[-111.1907284,45.7215385],[-111.1906688,45.7214357],[-111.1905987,45.7213414],[-111.190511,45.7212557],[-111.1903953,45.7211786],[-111.1903199,45.7211333],[-111.19022,45.7210893]]]]}},
{"type":"Feature","properties":{"osm_way_id":"832458280","leisure":"park"},"geometry":{"type":"MultiPolygon","coordinates":[[[[-111.1918137,45.7260158],[-111.1907397,45.7258487],[-111.19062,45.7262521],[-111.1905513,45.7264653],[-111.1905208,45.7265594],[-111.1903961,45.7267744],[-111.1907244,45.7268508],[-111.1910069,45.7268668],[-111.1913072,45.7268526],[-111.1915796,45.7267957],[-111.1919206,45.7266856],[-111.1918544,45.7265257],[-111.191801,45.726316],[-111.1917984,45.7261366],[-111.1918137,45.7260158]]]]}},
{"type":"Feature","properties":{"osm_way_id":"846989140","landuse":"grass"},"geometry":{"type":"MultiPolygon","coordinates":[[[[-111.0514639,45.6702283],[-111.0519425,45.6702318],[-111.0519425,45.6704194],[-111.0516234,45.6704229],[-111.0516234,45.6704618],[-111.0515196,45.6704654],[-111.0515095,45.6706406],[-111.0518665,45.6706459],[-111.0518792,45.6705698],[-111.05194,45.6705698],[-111.0519197,45.6707874],[-111.0518513,45.6709025],[-111.0515677,45.6710617],[-111.0513768,45.6711201],[-111.0508204,45.671121],[-111.0508115,45.6711077],[-111.051373,45.6711041],[-111.0514507,45.6710525],[-111.0514639,45.6702283]]]]}},
{"type":"Feature","properties":{"osm_way_id":"846989141","landuse":"grass"},"geometry":{"type":"MultiPolygon","coordinates":[[[[-111.0507219,45.6711221],[-111.0498873,45.6711221],[-111.0498816,45.670826],[-111.0498873,45.6706575],[-111.0500556,45.6706077],[-111.0501141,45.6707103],[-111.0500571,45.6707253],[-111.0500907,45.6707935],[-111.0499357,45.6708299],[-111.0499993,45.6709369],[-111.0502278,45.6708727],[-111.0502418,45.6708976],[-111.0502265,45.6709034],[-111.0502935,45.6710389],[-111.0504568,45.6709939],[-111.050379,45.6708621],[-111.0503608,45.670865],[-111.050347,45.6708402],[-111.0505395,45.6707902],[-111.0505818,45.6707736],[-111.0505985,45.6711018],[-111.0507362,45.6711022],[-111.0507319,45.6711149],[-111.0507219,45.6711221]]]]}},
{"type":"Feature","properties":{"osm_way_id":"846989148","landuse":"grass"},"geometry":{"type":"MultiPolygon","coordinates":[[[[-111.0493772,45.6689936],[-111.0493954,45.6689851],[-111.049562,45.6690328],[-111.0495711,45.6691058],[-111.0495362,45.6691026],[-111.0495287,45.6694012],[-111.0493757,45.669398],[-111.0493772,45.6689936]]]]}},
{"type":"Feature","properties":{"osm_way_id":"846989151","landuse":"grass"},"geometry":{"type":"MultiPolygon","coordinates":[[[[-111.0488424,45.668712],[-111.0488591,45.6687035],[-111.0488833,45.6687088],[-111.0488924,45.6687205],[-111.0488288,45.6687596],[-111.0484773,45.6688856],[-111.048441,45.6689142],[-111.0484122,45.6689428],[-111.048397,45.6689481],[-111.0483622,45.6689089],[-111.048338,45.6688708],[-111.0483198,45.6688539],[-111.0482849,45.6688623],[-111.0482486,45.6688941],[-111.048244,45.6689206],[-111.0482346,45.6689218],[-111.0482358,45.6688266],[-111.0483044,45.668794],[-111.048567,45.6687298],[-111.0488198,45.6687294],[-111.0488424,45.668712]]]]}},
{"type":"Feature","properties":{"osm_way_id":"846989152","landuse":"grass"},"geometry":{"type":"MultiPolygon","coordinates":[[[[-111.0474416,45.6693875],[-111.0472623,45.6693875],[-111.0472229,45.6693744],[-111.0472069,45.6693593],[-111.0471684,45.6692471],[-111.0475177,45.6692471],[-111.0474904,45.6693554],[-111.0474745,45.6693744],[-111.0474416,45.6693875]]]]}},
{"type":"Feature","properties":{"osm_way_id":"846989153","landuse":"grass"},"geometry":{"type":"MultiPolygon","coordinates":[[[[-111.0482472,45.6705646],[-111.0483486,45.6705659],[-111.0483449,45.6710002],[-111.0483928,45.6710048],[-111.0483984,45.6710462],[-111.0484482,45.6710494],[-111.0484867,45.6710593],[-111.0485036,45.6711],[-111.0485054,45.6711183],[-111.0483646,45.6710534],[-111.0482979,45.6710133],[-111.0482472,45.6709589],[-111.0482472,45.6705646]]]]}},
{"type":"Feature","properties":{"osm_way_id":"846989154","landuse":"grass"},"geometry":{"type":"MultiPolygon","coordinates":[[[[-111.0486476,45.671135],[-111.0485571,45.6711354],[-111.0485543,45.6708047],[-111.0486449,45.6708043],[-111.0486476,45.671135]]]]}},
{"type":"Feature","properties":{"osm_way_id":"846989155","landuse":"grass"},"geometry":{"type":"MultiPolygon","coordinates":[[[[-111.0487204,45.6711328],[-111.0487176,45.6707988],[-111.0487674,45.6707988],[-111.0487636,45.6709727],[-111.0488143,45.6709759],[-111.0488162,45.6710245],[-111.0488491,45.6710271],[-111.04885,45.6711328],[-111.0487204,45.6711328]]]]}},
{"type":"Feature","properties":{"osm_way_id":"846989156","landuse":"grass"},"geometry":{"type":"MultiPolygon","coordinates":[[[[-111.0494864,45.6711268],[-111.0493579,45.6711282],[-111.0493539,45.6709876],[-111.0493868,45.6709828],[-111.0493888,45.6708088],[-111.0494804,45.6708088],[-111.0494864,45.6711268]]]]}},
{"type":"Feature","properties":{"osm_way_id":"846989157","landuse":"grass"},"geometry":{"type":"MultiPolygon","coordinates":[[[[-111.049335,45.6711289],[-111.049334,45.6710294],[-111.0492951,45.6710315],[-111.0492336,45.6710261],[-111.0492314,45.6709819],[-111.0491796,45.6709772],[-111.0491826,45.6707956],[-111.0491388,45.6707963],[-111.0491457,45.6711303],[-111.049335,45.6711289]]]]}},
{"type":"Feature","properties":{"osm_way_id":"846989158","landuse":"grass"},"geometry":{"type":"MultiPolygon","coordinates":[[[[-111.049063,45.6711307],[-111.0490669,45.6708038],[-111.0489769,45.6708033],[-111.0489747,45.6709867],[-111.0489159,45.6709863],[-111.0489154,45.6710283],[-111.0488726,45.6710281],[-111.0488714,45.6711296],[-111.049063,45.6711307]]]]}},
{"type":"Feature","properties":{"osm_way_id":"846989159","landuse":"grass"},"geometry":{"type":"MultiPolygon","coordinates":[[[[-111.048479,45.6690121],[-111.0484211,45.6690211],[-111.0484426,45.6689537],[-111.0485036,45.6689036],[-111.0488239,45.668792],[-111.0489224,45.6687299],[-111.0489706,45.6687075],[-111.0491752,45.668706],[-111.049202,45.6687449],[-111.0492566,45.6687838],[-111.0493198,45.6687988],[-111.0493209,45.6689365],[-111.0493059,45.6689507],[-111.049127,45.6689911],[-111.0491216,45.6689642],[-111.0491802,45.6689595],[-111.0491773,45.6689357],[-111.0491174,45.668941],[-111.0491099,45.6688991],[-111.0491715,45.6688932],[-111.0491688,45.6688684],[-111.0491045,45.6688729],[-111.0491009,45.6688444],[-111.0487725,45.6688751],[-111.0487757,45.6689051],[-111.0484897,45.6689313],[-111.048479,45.6690121]]]]}},
{"type":"Feature","properties":{"osm_way_id":"846989165","landuse":"grass"},"geometry":{"type":"MultiPolygon","coordinates":[[[[-111.0490923,45.6692374],[-111.0491331,45.6691585],[-111.0491325,45.6690747],[-111.0492638,45.6690743],[-111.0492636,45.6690405],[-111.0492908,45.6690478],[-111.049318,45.6690635],[-111.0493196,45.6692335],[-111.0493108,45.6692413],[-111.0490923,45.6692374]]]]}},
{"type":"Feature","properties":{"osm_way_id":"847791070","leisure":"park"},"geometry":{"type":"MultiPolygon","coordinates":[[[[-111.0559156,45.6157062],[-111.0592186,45.6157214],[-111.0592186,45.6174313],[-111.0558646,45.6174262],[-111.0559156,45.6157062]]]]}},
{"type":"Feature","properties":{"osm_way_id":"847791071","name":"Nash Park","leisure":"park","other_tags":"\"opening_hours\"=>\"24/7\""},"geometry":{"type":"MultiPolygon","coordinates":[[[[-111.0514245,45.6057157],[-111.0488769,45.6057185],[-111.0489605,45.6092972],[-111.0514453,45.6092904],[-111.0514245,45.6057157]]]]}},
{"type":"Feature","properties":{"osm_way_id":"848564420","leisure":"park"},"geometry":{"type":"MultiPolygon","coordinates":[[[[-111.0636988,45.6430148],[-111.0641822,45.6430065],[-111.0643261,45.6433148],[-111.0642836,45.6437715],[-111.0641704,45.6442512],[-111.0641154,45.6443223],[-111.0641161,45.6444376],[-111.0641493,45.6446212],[-111.0641472,45.6446593],[-111.0641469,45.6446848],[-111.0638002,45.6448397],[-111.0637672,45.6448958],[-111.0637979,45.6449535],[-111.0640431,45.6452255],[-111.0640761,45.6452816],[-111.0640903,45.6453508],[-111.0640903,45.6461009],[-111.062988,45.6461122],[-111.0629881,45.6458426],[-111.0629985,45.6457069],[-111.0629395,45.6436874],[-111.0629348,45.6433791],[-111.0636399,45.6433808],[-111.0636493,45.6430164],[-111.0636988,45.6430148]]]]}},
{"type":"Feature","properties":{"osm_way_id":"848573300","leisure":"park"},"geometry":{"type":"MultiPolygon","coordinates":[[[[-111.0750053,45.6931606],[-111.0770968,45.6931416],[-111.0771061,45.6934276],[-111.0767192,45.6934379],[-111.0767297,45.6941123],[-111.0771077,45.694102],[-111.077128,45.6942616],[-111.0767595,45.6942874],[-111.0767834,45.6945049],[-111.0769603,45.6950416],[-111.0770488,45.6951935],[-111.0764978,45.6953402],[-111.0763283,45.6953685],[-111.0761053,45.6953698],[-111.0759302,45.6953698],[-111.0758436,45.6953634],[-111.0758602,45.6949219],[-111.075827,45.6947752],[-111.075746,45.6946169],[-111.0750328,45.6937301],[-111.0749941,45.693658],[-111.0749739,45.6935396],[-111.0750053,45.6931606]]]]}},
{"type":"Feature","properties":{"osm_way_id":"848573311","landuse":"grass"},"geometry":{"type":"MultiPolygon","coordinates":[[[[-111.0782217,45.694066],[-111.0785724,45.6940655],[-111.0785717,45.6940882],[-111.0785646,45.6940909],[-111.0785321,45.6940923],[-111.0785034,45.6941],[-111.0784768,45.6941164],[-111.0784611,45.6941341],[-111.0784572,45.6941487],[-111.0783414,45.6941487],[-111.0783343,45.6941373],[-111.0783206,45.6941187],[-111.0782933,45.6941014],[-111.0782588,45.6940914],[-111.0782302,45.6940896],[-111.0782224,45.6940864],[-111.0782217,45.694066]]]]}},
{"type":"Feature","properties":{"osm_way_id":"848582295","name":"West Winds Park","leisure":"park"},"geometry":{"type":"MultiPolygon","coordinates":[[[[-111.0755199,45.6969956],[-111.0763876,45.6973593],[-111.0773325,45.6977547],[-111.0776592,45.6978196],[-111.0779103,45.6978075],[-111.0779585,45.6973295],[-111.0779275,45.6969427],[-111.0778656,45.6967433],[-111.0776976,45.6963709],[-111.0780678,45.6962729],[-111.077986,45.6961259],[-111.0775629,45.696246],[-111.0770986,45.6953668],[-111.0766652,45.6954845],[-111.0763419,45.6955373],[-111.0758329,45.6955325],[-111.0757916,45.6965751],[-111.0757193,45.6967745],[-111.0755199,45.6969956]]]]}},
{"type":"Feature","properties":{"osm_way_id":"848582303","leisure":"park"},"geometry":{"type":"MultiPolygon","coordinates":[[[[-111.0736607,45.6973979],[-111.0730116,45.697402],[-111.0730093,45.6972283],[-111.0736584,45.6972241],[-111.0736607,45.6973979]]]]}},
{"type":"Feature","properties":{"osm_way_id":"849071116","leisure":"park"},"geometry":{"type":"MultiPolygon","coordinates":[[[[-111.0762623,45.6975042],[-111.0771495,45.6978757],[-111.0774164,45.6979571],[-111.0777022,45.6980004],[-111.0778413,45.6980123],[-111.0777228,45.6985532],[-111.0776138,45.6990862],[-111.0775706,45.6993777],[-111.0773318,45.699375],[-111.0771232,45.6993475],[-111.076907,45.6992831],[-111.0766251,45.6991781],[-111.0761194,45.6989904],[-111.0761326,45.697709],[-111.0761457,45.6976446],[-111.0762623,45.6975042]]]]}},
{"type":"Feature","properties":{"osm_way_id":"849071117","leisure":"park"},"geometry":{"type":"MultiPolygon","coordinates":[[[[-111.0767679,45.6994249],[-111.076939,45.6994788],[-111.0771683,45.6995221],[-111.0773788,45.6995378],[-111.0775707,45.6995362],[-111.077986,45.6995326],[-111.077986,45.6998844],[-111.0776119,45.6999054],[-111.0769653,45.6999028],[-111.0768751,45.6998647],[-111.0768281,45.6998188],[-111.076736,45.6995602],[-111.0767679,45.6994249]]]]}},
{"type":"Feature","properties":{"osm_way_id":"849396905","landuse":"recreation_ground"},"geometry":{"type":"MultiPolygon","coordinates":[[[[-111.0561561,45.6807265],[-111.0561561,45.6802825],[-111.0550932,45.6802825],[-111.0550932,45.6807265],[-111.0561561,45.6807265]]]]}},
{"type":"Feature","properties":{"osm_way_id":"852540799","name":"Bozeman Sports Park","leisure":"park"},"geometry":{"type":"MultiPolygon","coordinates":[[[[-111.1034487,45.69994],[-111.1030756,45.7000657],[-111.102752,45.7001103],[-111.1025278,45.7001315],[-111.0983784,45.7001306],[-111.0984584,45.6969503],[-111.1034044,45.6969809],[-111.1034139,45.6977729],[-111.1034848,45.6987201],[-111.1035854,45.6995624],[-111.1036192,45.6997423],[-111.1035687,45.6998575],[-111.1034487,45.69994]]]]}},
{"type":"Feature","properties":{"osm_way_id":"852540823","name":"Diamond Park","leisure":"park"},"geometry":{"type":"MultiPolygon","coordinates":[[[[-111.0983783,45.6927999],[-111.0984441,45.691493],[-111.0947626,45.6914711],[-111.0947467,45.6927785],[-111.0983783,45.6927999]]]]}},
{"type":"Feature","properties":{"osm_way_id":"854093877","landuse":"grass"},"geometry":{"type":"MultiPolygon","coordinates":[[[[-111.048949,45.6676538],[-111.048947,45.6677837],[-111.0489675,45.6677966],[-111.0491605,45.6677987],[-111.0490777,45.6677632],[-111.0490193,45.6677232],[-111.0489815,45.6676894],[-111.048949,45.6676538]]]]}},
{"type":"Feature","properties":{"osm_way_id":"854093878","landuse":"grass"},"geometry":{"type":"MultiPolygon","coordinates":[[[[-111.0494871,45.6677868],[-111.049466,45.6677569],[-111.0494221,45.6677278],[-111.0493965,45.6677192],[-111.0493982,45.6676726],[-111.0495895,45.6676726],[-111.0495931,45.6676528],[-111.0496132,45.6676428],[-111.0496231,45.6676264],[-111.0496373,45.6675786],[-111.0496378,45.6675669],[-111.0497107,45.6675646],[-111.0497379,45.6675685],[-111.0497518,45.6675832],[-111.0497529,45.6675988],[-111.0497246,45.6676438],[-111.0496884,45.6676839],[-111.0496373,45.6677231],[-111.0495694,45.6677596],[-111.0494871,45.6677868]]]]}},
{"type":"Feature","properties":{"osm_way_id":"864898303","leisure":"park"},"geometry":{"type":"MultiPolygon","coordinates":[[[[-111.1917142,45.6754777],[-111.1916795,45.6757858],[-111.1917596,45.6760958],[-111.1917863,45.6764449],[-111.1919256,45.6764766],[-111.1920816,45.6761424],[-111.1921765,45.6758642],[-111.1925292,45.6756551],[-111.1933442,45.6756477],[-111.1933362,45.6754871],[-111.1917142,45.6754777]]]]}},
{"type":"Feature","properties":{"osm_way_id":"866753232","leisure":"park"},"geometry":{"type":"MultiPolygon","coordinates":[[[[-111.1223525,45.6632995],[-111.1222323,45.6634949],[-111.1222687,45.6637449],[-111.1227383,45.6637469],[-111.1227383,45.6634011],[-111.1223525,45.6632995]]]]}},
{"type":"Feature","properties":{"osm_way_id":"867023869","leisure":"park"},"geometry":{"type":"MultiPolygon","coordinates":[[[[-111.1370845,45.6653377],[-111.1368338,45.6653367],[-111.1367929,45.665318],[-111.1367885,45.6650311],[-111.1370351,45.6650293],[-111.1370867,45.6650616],[-111.1370845,45.6653377]]]]}},
{"type":"Feature","properties":{"osm_way_id":"867023871","leisure":"park"},"geometry":{"type":"MultiPolygon","coordinates":[[[[-111.1389788,45.6659655],[-111.1389792,45.6657988],[-111.139474,45.6657995],[-111.1394735,45.6659661],[-111.1389788,45.6659655]]]]}},
{"type":"Feature","properties":{"osm_way_id":"867023873","leisure":"park"},"geometry":{"type":"MultiPolygon","coordinates":[[[[-111.1375809,45.6684573],[-111.1375766,45.6681483],[-111.1373165,45.66815],[-111.1372946,45.6682803],[-111.1372288,45.6683875],[-111.1372298,45.6684597],[-111.1375809,45.6684573]]]]}},
{"type":"Feature","properties":{"osm_way_id":"867023875","leisure":"park"},"geometry":{"type":"MultiPolygon","coordinates":[[[[-111.1389412,45.6675243],[-111.1389401,45.6673595],[-111.1392963,45.6673583],[-111.1392974,45.6675231],[-111.1389412,45.6675243]]]]}},
{"type":"Feature","properties":{"osm_way_id":"867023877","leisure":"park"},"geometry":{"type":"MultiPolygon","coordinates":[[[[-111.1387843,45.6644384],[-111.1387798,45.6642223],[-111.1392688,45.6642173],[-111.1392734,45.6644334],[-111.1387843,45.6644384]]]]}},
{"type":"Feature","properties":{"osm_way_id":"867023883","leisure":"park"},"geometry":{"type":"MultiPolygon","coordinates":[[[[-111.1397318,45.6695881],[-111.1397342,45.6685136],[-111.1398475,45.6684202],[-111.1402417,45.6687746],[-111.1405706,45.6691609],[-111.1406742,45.6693934],[-111.1407036,45.6695511],[-111.1397318,45.6695881]]]]}},
{"type":"Feature","properties":{"osm_way_id":"868824921","leisure":"park"},"geometry":{"type":"MultiPolygon","coordinates":[[[[-111.163252,45.6753893],[-111.163252,45.6739584],[-111.1630053,45.673493],[-111.162197,45.6734919],[-111.1619447,45.673855],[-111.1620554,45.6765787],[-111.1620592,45.6786507],[-111.1623735,45.6786467],[-111.1626193,45.6785908],[-111.1628536,45.678495],[-111.1624021,45.6779439],[-111.1622649,45.6776684],[-111.1622135,45.6771173],[-111.1623221,45.6766421],[-111.1630022,45.6758475],[-111.163252,45.6753893]]]]}},
{"type":"Feature","properties":{"osm_way_id":"868824922","leisure":"park"},"geometry":{"type":"MultiPolygon","coordinates":[[[[-111.1627257,45.6792532],[-111.1626359,45.6791669],[-111.16021,45.6791865],[-111.159817,45.6795357],[-111.15986,45.6805231],[-111.1592136,45.6805399],[-111.1592231,45.6808894],[-111.1598731,45.6808225],[-111.1602269,45.6811756],[-111.1599405,45.6815208],[-111.160182,45.6815836],[-111.1607772,45.6816307],[-111.160912,45.6815679],[-111.1609906,45.6810736],[-111.1604122,45.6809206],[-111.1610411,45.6800575],[-111.1627257,45.6792532]]]]}},
{"type":"Feature","properties":{"osm_way_id":"868824923","leisure":"park"},"geometry":{"type":"MultiPolygon","coordinates":[[[[-111.1622291,45.6806278],[-111.1639267,45.6798204],[-111.1642376,45.6800487],[-111.1640941,45.6802659],[-111.1632413,45.6809786],[-111.1623726,45.6813183],[-111.1618625,45.681296],[-111.1617669,45.6816858],[-111.1611022,45.6816414],[-111.1610465,45.6815972],[-111.1610904,45.6812618],[-111.1611214,45.6810869],[-111.1616428,45.6812095],[-111.1622291,45.6806278]]]]}},
{"type":"Feature","properties":{"osm_way_id":"875236915","name":"Ferguson Park","leisure":"park"},"geometry":{"type":"MultiPolygon","coordinates":[[[[-111.1000603,45.6773387],[-111.1000614,45.676914],[-111.1020563,45.6769166],[-111.1020552,45.6773411],[-111.1000603,45.6773387]]]]}},
{"type":"Feature","properties":{"osm_way_id":"875236934","leisure":"park"},"geometry":{"type":"MultiPolygon","coordinates":[[[[-111.0974266,45.6768551],[-111.0974738,45.6768131],[-111.0977132,45.6768434],[-111.0982571,45.6768662],[-111.0987047,45.6768738],[-111.0986941,45.6773226],[-111.0986159,45.6774082],[-111.0983032,45.6774953],[-111.098168,45.6775514],[-111.0981511,45.6778821],[-111.0978342,45.6778762],[-111.0977962,45.6778437],[-111.0977666,45.6777537],[-111.0977201,45.6772665],[-111.0976356,45.67711],[-111.0974266,45.6768551]]]]}},
{"type":"Feature","properties":{"osm_way_id":"875236938","landuse":"grass"},"geometry":{"type":"MultiPolygon","coordinates":[[[[-111.1039117,45.6783279],[-111.1033404,45.6783249],[-111.1033409,45.6782817],[-111.1034778,45.6782824],[-111.1034848,45.6776119],[-111.1036148,45.6776126],[-111.103617,45.6774021],[-111.1037518,45.6774028],[-111.1037542,45.677174],[-111.1036315,45.6771733],[-111.1036338,45.6769582],[-111.1037466,45.6769588],[-111.1037489,45.6767439],[-111.1039287,45.6767449],[-111.1039117,45.6783279]]]]}},
{"type":"Feature","properties":{"osm_way_id":"882170802","landuse":"grass"},"geometry":{"type":"MultiPolygon","coordinates":[[[[-111.0249099,45.6646953],[-111.024926,45.6639704],[-111.0247718,45.663966],[-111.024775,45.6642442],[-111.023786,45.6642442],[-111.0237667,45.6639749],[-111.023558,45.6639817],[-111.0235548,45.6646953],[-111.0249099,45.6646953]]]]}},
{"type":"Feature","properties":{"osm_way_id":"883679327","leisure":"park"},"geometry":{"type":"MultiPolygon","coordinates":[[[[-111.1035803,45.6891888],[-111.1036156,45.6879185],[-111.101639,45.6879148],[-111.0987204,45.68791],[-111.0986701,45.6895569],[-111.1018093,45.6895452],[-111.1020693,45.6894846],[-111.1022733,45.6893753],[-111.102606,45.6892464],[-111.1030169,45.68918],[-111.1032294,45.6891761],[-111.1034279,45.6891956],[-111.1035803,45.6891888]]]]}},
{"type":"Feature","properties":{"osm_way_id":"883679329","landuse":"grass"},"geometry":{"type":"MultiPolygon","coordinates":[[[[-111.1018852,45.6909274],[-111.1018787,45.6908898],[-111.1018787,45.6908448],[-111.1019067,45.6907277],[-111.1020098,45.6904666],[-111.1020485,45.69033],[-111.1020657,45.6901649],[-111.1020249,45.6899847],[-111.1019625,45.6897911],[-111.1019203,45.6896764],[-111.1017292,45.6896933],[-111.1012979,45.689686],[-111.1003445,45.6896851],[-111.1003402,45.6904456],[-111.1003187,45.6904876],[-111.1003166,45.6905101],[-111.1004519,45.6906047],[-111.1005014,45.6906812],[-111.1005143,45.6907623],[-111.1005014,45.6908148],[-111.1004863,45.6908448],[-111.1010128,45.6910174],[-111.1011782,45.6910294],[-111.1014576,45.6910354],[-111.101608,45.6910159],[-111.1017176,45.6909829],[-111.1018293,45.6909409],[-111.1018852,45.6909274]]]]}},
{"type":"Feature","properties":{"osm_way_id":"883679330","landuse":"grass"},"geometry":{"type":"MultiPolygon","coordinates":[[[[-111.0996413,45.6905755],[-111.099638,45.6906652],[-111.0995786,45.6907495],[-111.0994547,45.6908222],[-111.0992515,45.6908995],[-111.0990864,45.6909098],[-111.0987659,45.6909041],[-111.0988023,45.6897041],[-111.099643,45.6897041],[-111.0996397,45.6897963],[-111.0995797,45.6897966],[-111.0995878,45.6905758],[-111.0996413,45.6905755]]]]}},
{"type":"Feature","properties":{"osm_way_id":"883681568","name":"Sundance Park","leisure":"park"},"geometry":{"type":"MultiPolygon","coordinates":[[[[-111.0873471,45.7032585],[-111.0873059,45.7021645],[-111.0870829,45.7021399],[-111.0859704,45.7021616],[-111.08598,45.7032642],[-111.0873471,45.7032585]]]]}},
{"type":"Feature","properties":{"osm_way_id":"883684749","leisure":"park"},"geometry":{"type":"MultiPolygon","coordinates":[[[[-111.0607579,45.6916297],[-111.06072,45.6909341],[-111.0600246,45.6905954],[-111.0599749,45.6906185],[-111.0597691,45.6905392],[-111.0591943,45.6910646],[-111.0602564,45.6916033],[-111.0604125,45.6916512],[-111.0606183,45.6916595],[-111.0607579,45.6916297]]]]}},
{"type":"Feature","properties":{"osm_way_id":"883958425","leisure":"park"},"geometry":{"type":"MultiPolygon","coordinates":[[[[-111.0891965,45.7043904],[-111.0897019,45.7039059],[-111.0897085,45.7035599],[-111.0895929,45.7024917],[-111.0895896,45.7021849],[-111.0891569,45.7021825],[-111.0891602,45.702291],[-111.0891569,45.7024525],[-111.0888455,45.7033233],[-111.0888364,45.7033499],[-111.0884664,45.7043881],[-111.0891965,45.7043904]]]]}},
{"type":"Feature","properties":{"osm_way_id":"883958493","name":"Cattail Creek Park","leisure":"park"},"geometry":{"type":"MultiPolygon","coordinates":[[[[-111.0783286,45.7118509],[-111.0783208,45.7108618],[-111.0785886,45.710141],[-111.0787399,45.7095367],[-111.0787166,45.7091546],[-111.0783868,45.7086208],[-111.0780422,45.7087723],[-111.0771877,45.7091492],[-111.077308,45.709637],[-111.0772304,45.7118536],[-111.0783286,45.7118509]]]]}},
{"type":"Feature","properties":{"osm_way_id":"883958494","name":"Cattail Creek Park","leisure":"park"},"geometry":{"type":"MultiPolygon","coordinates":[[[[-111.0789452,45.7147451],[-111.0789401,45.7125138],[-111.0788919,45.7120795],[-111.078806,45.712011],[-111.0783148,45.7120057],[-111.0772279,45.7119994],[-111.0772186,45.7130214],[-111.0773297,45.7132047],[-111.0772407,45.7132625],[-111.0767175,45.7133706],[-111.0767827,45.7135192],[-111.0774838,45.7133517],[-111.0777498,45.714132],[-111.0771333,45.714249],[-111.0771906,45.714462],[-111.0771906,45.7147549],[-111.0789452,45.7147451]]]]}},
{"type":"Feature","properties":{"osm_way_id":"883962163","leisure":"park"},"geometry":{"type":"MultiPolygon","coordinates":[[[[-111.0852667,45.6883886],[-111.0852683,45.6880429],[-111.085305,45.6880012],[-111.0853107,45.6879636],[-111.0852786,45.6879371],[-111.0852213,45.6879267],[-111.0851651,45.6879548],[-111.0848442,45.6879541],[-111.0848424,45.6883877],[-111.0852667,45.6883886]]]]}},
{"type":"Feature","properties":{"osm_way_id":"883966787","leisure":"park"},"geometry":{"type":"MultiPolygon","coordinates":[[[[-111.1137567,45.6898684],[-111.1137161,45.6894059],[-111.1136606,45.6893522],[-111.1135666,45.6893104],[-111.1134235,45.689303],[-111.113021,45.6892809],[-111.113086,45.6899222],[-111.1137567,45.6898684]]]]}},
{"type":"Feature","properties":{"osm_way_id":"883966803","landuse":"grass"},"geometry":{"type":"MultiPolygon","coordinates":[[[[-111.1138733,45.6905305],[-111.1138796,45.6905641],[-111.113902,45.6905942],[-111.1139378,45.6906171],[-111.1139826,45.6906301],[-111.1140311,45.6906316],[-111.1140774,45.6906214],[-111.1141159,45.6906008],[-111.1141401,45.6905753],[-111.1141518,45.6905459],[-111.1141499,45.6905153],[-111.1141346,45.6904867],[-111.1141074,45.6904628],[-111.1140709,45.6904459],[-111.1140287,45.6904378],[-111.113985,45.6904391],[-111.1139441,45.6904498],[-111.1139098,45.6904688],[-111.1138838,45.6904974],[-111.1138733,45.6905305]]]]}},
{"type":"Feature","properties":{"osm_way_id":"883971442","leisure":"park"},"geometry":{"type":"MultiPolygon","coordinates":[[[[-111.1072241,45.6711197],[-111.106667,45.6698584],[-111.1066442,45.6698246],[-111.106516,45.6697788],[-111.1063393,45.6696772],[-111.106251,45.6695379],[-111.1060715,45.6690739],[-111.105986,45.6690699],[-111.105607,45.6691595],[-111.1056355,45.6699082],[-111.1058863,45.6699221],[-111.1060059,45.6700237],[-111.1061455,45.670402],[-111.1062225,45.6711276],[-111.1072241,45.6711197]]]]}},
{"type":"Feature","properties":{"osm_way_id":"883971443","leisure":"park"},"geometry":{"type":"MultiPolygon","coordinates":[[[[-111.1060458,45.6689724],[-111.1051283,45.6670887],[-111.1051198,45.6669513],[-111.1051141,45.6652388],[-111.1050343,45.6652109],[-111.1048476,45.6652246],[-111.104675,45.6652867],[-111.1044615,45.6652846],[-111.1043932,45.6652965],[-111.1043932,45.6689764],[-111.1049944,45.6689744],[-111.1052309,45.669066],[-111.1052622,45.6690671],[-111.1054104,45.6690719],[-111.105513,45.6690679],[-111.1055571,45.6690625],[-111.1057894,45.6690341],[-111.1060458,45.6689724]]]]}},
{"type":"Feature","properties":{"osm_way_id":"884220163","name":"Gallatin County Fairgrounds","landuse":"recreation_ground"},"geometry":{"type":"MultiPolygon","coordinates":[[[[-111.0409129,45.6926771],[-111.0409298,45.688658],[-111.0409301,45.6885922],[-111.0341619,45.6886367],[-111.0330069,45.6886443],[-111.033006,45.688793],[-111.0330069,45.6914837],[-111.0344861,45.6921645],[-111.0355582,45.692633],[-111.0364181,45.6928012],[-111.0409186,45.6927772],[-111.0409129,45.6926771]]]]}},
{"type":"Feature","properties":{"osm_way_id":"884589096","leisure":"park"},"geometry":{"type":"MultiPolygon","coordinates":[[[[-110.9988804,45.6652422],[-110.999118,45.6647949],[-110.9991431,45.6643495],[-110.9979691,45.6643358],[-110.9979886,45.6647734],[-110.9979076,45.6652012],[-110.9984079,45.665254],[-110.9988804,45.6652422]]]]}},
{"type":"Feature","properties":{"osm_way_id":"884594039","landuse":"recreation_ground"},"geometry":{"type":"MultiPolygon","coordinates":[[[[-111.0240267,45.6482039],[-111.0242339,45.6478961],[-111.0240115,45.6478229],[-111.0238043,45.6481307],[-111.0240267,45.6482039]]]]}},
{"type":"Feature","properties":{"osm_way_id":"884607126","landuse":"grass"},"geometry":{"type":"MultiPolygon","coordinates":[[[[-111.0377222,45.6386247],[-111.037044,45.6386163],[-111.0365898,45.6386586],[-111.0367291,45.6397001],[-111.0366261,45.6398568],[-111.0364323,45.6399584],[-111.0359418,45.6401235],[-111.0354998,45.6400177],[-111.0350093,45.6399288],[-111.0355422,45.6409618],[-111.0359237,45.6408899],[-111.0361296,45.640856],[-111.0375163,45.640077],[-111.0376859,45.6397975],[-111.0376495,45.6393403],[-111.0377222,45.6386247]]]]}},
{"type":"Feature","properties":{"osm_way_id":"884607127","landuse":"grass"},"geometry":{"type":"MultiPolygon","coordinates":[[[[-111.0345619,45.6382309],[-111.0348551,45.637453],[-111.0351251,45.6371862],[-111.0354696,45.6370137],[-111.0357116,45.636916],[-111.0358466,45.6367565],[-111.0358653,45.6365547],[-111.0358606,45.6363562],[-111.0356884,45.636213],[-111.035316,45.6360958],[-111.034911,45.6360665],[-111.0344641,45.6359949],[-111.0344921,45.6363334],[-111.0345107,45.6365547],[-111.0349296,45.6365678],[-111.0349855,45.636711],[-111.0349762,45.6368477],[-111.0347574,45.6371992],[-111.0346038,45.6375409],[-111.0343105,45.6379152],[-111.0341765,45.6381767],[-111.0345619,45.6382309]]]]}},
{"type":"Feature","properties":{"osm_way_id":"884607128","landuse":"grass"},"geometry":{"type":"MultiPolygon","coordinates":[[[[-111.0335526,45.6399328],[-111.0337098,45.6398464],[-111.0339798,45.6392996],[-111.0342405,45.6390555],[-111.0342963,45.6388309],[-111.0344127,45.6385087],[-111.0336074,45.6382874],[-111.0333607,45.6386194],[-111.0333466,45.6386759],[-111.0332977,45.6388855],[-111.0335526,45.6399328]]]]}},
{"type":"Feature","properties":{"osm_way_id":"884615291","name":"Enterprise Park","leisure":"park"},"geometry":{"type":"MultiPolygon","coordinates":[[[[-111.0707649,45.6529743],[-111.0706606,45.6494072],[-111.0694866,45.6494072],[-111.0694065,45.6503398],[-111.0693708,45.6507653],[-111.0693661,45.6511934],[-111.0693678,45.6521258],[-111.0693887,45.6522199],[-111.0694273,45.6523067],[-111.0694961,45.6524095],[-111.0695712,45.6524938],[-111.0696729,45.6526116],[-111.0697264,45.652689],[-111.0697669,45.6527717],[-111.0697862,45.6528605],[-111.0697964,45.6529369],[-111.0697962,45.6529749],[-111.0707649,45.6529743]]]]}},
{"type":"Feature","properties":{"osm_way_id":"884631284","leisure":"park"},"geometry":{"type":"MultiPolygon","coordinates":[[[[-111.0678177,45.6474687],[-111.0680524,45.6474805],[-111.0680328,45.6469704],[-111.0678444,45.6465051],[-111.0676731,45.6460099],[-111.0676323,45.6457479],[-111.0676253,45.6451545],[-111.0676705,45.644724],[-111.0672062,45.6447251],[-111.0672006,45.6451775],[-111.0671952,45.6456067],[-111.0672441,45.6461103],[-111.0675776,45.6469092],[-111.0675909,45.6474656],[-111.0678177,45.6474687]]]]}},
{"type":"Feature","properties":{"osm_way_id":"884631322","name":"Black Hawk Park","leisure":"park"},"geometry":{"type":"MultiPolygon","coordinates":[[[[-111.2061425,45.7994585],[-111.2061444,45.7980827],[-111.2040653,45.7980813],[-111.2040632,45.7994571],[-111.2061425,45.7994585]]]]}},
{"type":"Feature","properties":{"osm_way_id":"890494980","name":"Corbett Park","leisure":"park","other_tags":"\"addr:city\"=>\"Belgrade\",\"addr:postcode\"=>\"59714\",\"addr:state\"=>\"MT\",\"addr:street\"=>\"Wild Bill Way\""},"geometry":{"type":"MultiPolygon","coordinates":[[[[-111.1937194,45.7975191],[-111.1937239,45.796955],[-111.1937227,45.7968092],[-111.1937239,45.7967878],[-111.193721,45.7964024],[-111.1925169,45.7964004],[-111.1925274,45.7967889],[-111.1925311,45.7969473],[-111.1925232,45.7975146],[-111.1937194,45.7975191]]]]}},
{"type":"Feature","properties":{"osm_way_id":"891302507","leisure":"park"},"geometry":{"type":"MultiPolygon","coordinates":[[[[-111.1059229,45.7444258],[-111.1058881,45.7429934],[-111.1071231,45.7429752],[-111.107497,45.7441163],[-111.1074623,45.7450085],[-111.1072622,45.7448446],[-111.1070187,45.7446929],[-111.1065317,45.744529],[-111.1062621,45.7444501],[-111.1059229,45.7444258]]]]}},
{"type":"Feature","properties":{"osm_way_id":"891302516","leisure":"park"},"geometry":{"type":"MultiPolygon","coordinates":[[[[-111.112264,45.7489649],[-111.1109488,45.7489076],[-111.1103512,45.7497525],[-111.1110721,45.7501828],[-111.1112997,45.7502754],[-111.1114957,45.7502997],[-111.111755,45.7502887],[-111.1119542,45.750207],[-111.1121218,45.7501055],[-111.112204,45.7499886],[-111.1122609,45.7498629],[-111.112264,45.7489649]]]]}},
{"type":"Feature","properties":{"osm_way_id":"891303073","name":"Baxter Park","leisure":"park"},"geometry":{"type":"MultiPolygon","coordinates":[[[[-111.1186882,45.7328898],[-111.1197936,45.732899],[-111.1197458,45.7357097],[-111.1186396,45.7357005],[-111.1186882,45.7328898]]]]}},
{"type":"Feature","properties":{"osm_way_id":"891395949","leisure":"park"},"geometry":{"type":"MultiPolygon","coordinates":[[[[-111.100409,45.7773115],[-111.1004046,45.7765551],[-111.0986287,45.7765601],[-111.0986331,45.7773166],[-111.100409,45.7773115]]]]}},
{"type":"Feature","properties":{"osm_way_id":"891395956","leisure":"park"},"geometry":{"type":"MultiPolygon","coordinates":[[[[-111.0869547,45.7766679],[-111.0869345,45.7769108],[-111.08699,45.7771431],[-111.0872121,45.7773825],[-111.08752,45.7775585],[-111.087949,45.7776747],[-111.0900387,45.7776782],[-111.0903769,45.7776008],[-111.0906999,45.7774424],[-111.0909372,45.7772171],[-111.0910078,45.777034],[-111.0909977,45.7767488],[-111.090922,45.7766327],[-111.0869547,45.7766679]]]]}},
{"type":"Feature","properties":{"osm_way_id":"897392263","leisure":"park"},"geometry":{"type":"MultiPolygon","coordinates":[[[[-111.082627,45.6962438],[-111.0826642,45.6959531],[-111.0797396,45.6959509],[-111.0798277,45.6962211],[-111.082627,45.6962438]]]]}},
{"type":"Feature","properties":{"osm_way_id":"897392270","leisure":"park"},"geometry":{"type":"MultiPolygon","coordinates":[[[[-111.098168,45.6940949],[-111.098154,45.6931248],[-111.0983722,45.6931359],[-111.0983403,45.6947196],[-111.0982818,45.6974333],[-111.0982073,45.7001208],[-111.0952801,45.7001171],[-111.0952854,45.6998829],[-111.0954281,45.6995096],[-111.0960049,45.6995382],[-111.0961154,45.6997982],[-111.0964509,45.6997439],[-111.0966063,45.6997125],[-111.0968395,45.6999868],[-111.0975664,45.6999838],[-111.0980191,45.6996886],[-111.098021,45.6993806],[-111.0977936,45.6991149],[-111.0980187,45.6985383],[-111.0980668,45.6983152],[-111.098074,45.6976742],[-111.098102,45.6967536],[-111.0981115,45.6963691],[-111.0981405,45.6950492],[-111.098168,45.6940949]]]]}},
{"type":"Feature","properties":{"osm_way_id":"897392271","leisure":"park"},"geometry":{"type":"MultiPolygon","coordinates":[[[[-111.095286,45.6961722],[-111.0954496,45.6954236],[-111.0950855,45.6942148],[-111.0951059,45.6930898],[-111.0946925,45.6930841],[-111.0946355,45.6944434],[-111.0946355,45.6949607],[-111.0946028,45.6958522],[-111.0945905,45.6965123],[-111.0948646,45.6965037],[-111.0950119,45.696298],[-111.0951551,45.6962208],[-111.095286,45.6961722]]]]}},
{"type":"Feature","properties":{"osm_way_id":"897392272","leisure":"park"},"geometry":{"type":"MultiPolygon","coordinates":[[[[-111.0935748,45.6930689],[-111.0934368,45.6930775],[-111.0933142,45.6931716],[-111.0932813,45.6958436],[-111.0932568,45.6974895],[-111.0931995,45.6992354],[-111.0932118,45.7000354],[-111.0933673,45.7001326],[-111.0951101,45.7001154],[-111.0951714,45.6998268],[-111.0951789,45.6997951],[-111.0948226,45.6997247],[-111.0946185,45.699968],[-111.0939118,45.6999701],[-111.0934398,45.6996468],[-111.0933948,45.6992896],[-111.0937876,45.6990896],[-111.0936403,45.6989581],[-111.0934316,45.6985295],[-111.0934848,45.6965208],[-111.0935748,45.6930689]]]]}},
{"type":"Feature","properties":{"osm_way_id":"897392273","leisure":"park"},"geometry":{"type":"MultiPolygon","coordinates":[[[[-111.0962643,45.6992879],[-111.0958511,45.6989679],[-111.0954502,45.6985393],[-111.0952661,45.6981621],[-111.0951148,45.6975449],[-111.0951188,45.6970049],[-111.0949552,45.6968677],[-111.0948938,45.6967134],[-111.094587,45.6967106],[-111.0945543,45.6981936],[-111.0945993,45.6984964],[-111.0947711,45.6987822],[-111.0952702,45.6990222],[-111.0954584,45.6991479],[-111.0954379,45.6992679],[-111.0954257,45.6993793],[-111.0956548,45.6994108],[-111.0959371,45.6994051],[-111.0962889,45.6993365],[-111.0962643,45.6992879]]]]}},
{"type":"Feature","properties":{"osm_way_id":"897402682","name":"Gran Cielo Park","leisure":"park"},"geometry":{"type":"MultiPolygon","coordinates":[[[[-111.0764894,45.6512701],[-111.076488,45.650225],[-111.0764886,45.6501994],[-111.0744462,45.6502],[-111.0744468,45.6512709],[-111.0764894,45.6512701]]]]}},
{"type":"Feature","properties":{"osm_way_id":"897637976","leisure":"park"},"geometry":{"type":"MultiPolygon","coordinates":[[[[-111.0962658,45.7196855],[-111.0962974,45.7189172],[-111.0952849,45.7188969],[-111.0952718,45.7192141],[-111.0955009,45.7192187],[-111.0954824,45.7196698],[-111.0962658,45.7196855]]]]}},
{"type":"Feature","properties":{"osm_way_id":"897693700","leisure":"park"},"geometry":{"type":"MultiPolygon","coordinates":[[[[-111.0133713,45.7048722],[-111.0139153,45.7045981],[-111.0123504,45.7046073],[-111.0118412,45.7046103],[-111.011563,45.7047976],[-111.0113345,45.7050561],[-111.0111117,45.7054959],[-111.0115008,45.7055383],[-111.0116922,45.7051688],[-111.0119481,45.7049676],[-111.0125963,45.7048011],[-111.0129041,45.7048044],[-111.0133713,45.7048722]]]]}},
{"type":"Feature","properties":{"osm_way_id":"897693701","leisure":"park"},"geometry":{"type":"MultiPolygon","coordinates":[[[[-111.0160872,45.7047249],[-111.0160842,45.703795],[-111.0160835,45.7035974],[-111.0159156,45.7035993],[-111.0159032,45.7038242],[-111.0157626,45.7041019],[-111.0155224,45.7042894],[-111.0152119,45.7044386],[-111.0146977,45.7045634],[-111.0141811,45.7046779],[-111.0142804,45.7047473],[-111.0144096,45.7047525],[-111.0160872,45.7047249]]]]}},
{"type":"Feature","properties":{"osm_way_id":"897693702","name":"Creekwood Park","leisure":"park"},"geometry":{"type":"MultiPolygon","coordinates":[[[[-111.0057897,45.7056762],[-111.0057794,45.7049621],[-111.0052608,45.7049016],[-111.0049512,45.7050626],[-111.0039328,45.7048445],[-111.0030535,45.7044806],[-111.0029358,45.7045517],[-111.0032953,45.7046428],[-111.0035928,45.7047665],[-111.0038808,45.7049528],[-111.0039969,45.7052082],[-111.0040217,45.7054655],[-111.0038365,45.7057255],[-111.0036303,45.7058402],[-111.0033586,45.7056726],[-111.0031123,45.70586],[-111.0037265,45.7062698],[-111.00402,45.7062269],[-111.004599,45.7059916],[-111.005394,45.7058467],[-111.0057941,45.7058165],[-111.0057897,45.7056762]]]]}},
{"type":"Feature","properties":{"osm_way_id":"897693703","name":"Legends at Bridger Creek Park","leisure":"park"},"geometry":{"type":"MultiPolygon","coordinates":[[[[-111.0184359,45.7073842],[-111.0184272,45.7069712],[-111.0173156,45.7069373],[-111.0169796,45.7068267],[-111.016566,45.7065447],[-111.0163204,45.7062784],[-111.0163104,45.7061737],[-111.0163042,45.7061046],[-111.0135282,45.7060571],[-111.0134428,45.7060347],[-111.0128082,45.7058507],[-111.012704,45.7060881],[-111.013629,45.7066855],[-111.014865,45.7072166],[-111.0163892,45.7073703],[-111.0172807,45.707383],[-111.0184359,45.7073842]]]]}},
{"type":"Feature","properties":{"osm_way_id":"897699267","leisure":"park"},"geometry":{"type":"MultiPolygon","coordinates":[[[[-111.0651098,45.7306914],[-111.0644128,45.7305165],[-111.063935,45.7303115],[-111.0635669,45.7302705],[-111.0635356,45.730511],[-111.0635121,45.7308472],[-111.0636805,45.7310413],[-111.0640212,45.7312463],[-111.0644049,45.7312654],[-111.0646869,45.7312271],[-111.0648748,45.7310549],[-111.0650197,45.7308827],[-111.0651098,45.7306914]]]]}},
{"type":"Feature","properties":{"osm_way_id":"907950400","leisure":"park"},"geometry":{"type":"MultiPolygon","coordinates":[[[[-110.9876523,45.6590557],[-110.9877786,45.6588462],[-110.9894228,45.6588516],[-110.9894361,45.6599615],[-110.9894265,45.6603322],[-110.9894306,45.6608525],[-110.9894183,45.6610769],[-110.9890016,45.6609734],[-110.9890926,45.6608665],[-110.9891931,45.6606957],[-110.9892044,45.6605346],[-110.9892684,45.6603776],[-110.9891364,45.660034],[-110.9886901,45.6600298],[-110.988266,45.6600242],[-110.9858022,45.6599983],[-110.9860397,45.659195],[-110.9873988,45.6594008],[-110.9876523,45.6590557]]]]}},
{"type":"Feature","properties":{"osm_way_id":"909368834","leisure":"park"},"geometry":{"type":"MultiPolygon","coordinates":[[[[-111.0742155,45.7025163],[-111.0754427,45.7025119],[-111.075676,45.7025111],[-111.075676,45.7032397],[-111.0742304,45.7032501],[-111.0742155,45.7025163]]]]}},
{"type":"Feature","properties":{"osm_way_id":"909368842","landuse":"grass"},"geometry":{"type":"MultiPolygon","coordinates":[[[[-111.0682364,45.6996847],[-111.0678801,45.6996847],[-111.0678796,45.6994327],[-111.0679149,45.6994323],[-111.0679091,45.6989174],[-111.0682941,45.6989166],[-111.0682849,45.6992451],[-111.0682676,45.6992451],[-111.0682607,45.6994568],[-111.0682411,45.6994576],[-111.0682364,45.6996847]]]]}},
{"type":"Feature","properties":{"osm_way_id":"913341952","name":"Westglen park","leisure":"park"},"geometry":{"type":"MultiPolygon","coordinates":[[[[-111.0791631,45.680959],[-111.0786212,45.680962],[-111.0786162,45.6805296],[-111.0797323,45.6805233],[-111.0797351,45.6807644],[-111.0791609,45.6807677],[-111.0791631,45.680959]]]]}},
{"type":"Feature","properties":{"osm_way_id":"914524076","landuse":"recreation_ground"},"geometry":{"type":"MultiPolygon","coordinates":[[[[-111.081003,45.6695819],[-111.0809603,45.6694623],[-111.0809666,45.6691212],[-111.0810205,45.6690747],[-111.0809937,45.6689924],[-111.0810308,45.6688887],[-111.0811039,45.6688921],[-111.0811061,45.6684755],[-111.080824,45.6684689],[-111.0807035,45.6684722],[-111.0806385,45.6684888],[-111.0806306,45.6685763],[-111.0806005,45.6687823],[-111.0805339,45.6689307],[-111.0804705,45.6690869],[-111.08048,45.6691633],[-111.0804214,45.6692862],[-111.0804182,45.6693992],[-111.0803802,45.6694291],[-111.0803358,45.6694689],[-111.0803644,45.6695276],[-111.0804499,45.6695598],[-111.0808493,45.669614],[-111.0809666,45.669614],[-111.0809904,45.6696129],[-111.081003,45.6695819]]]]}},
{"type":"Feature","properties":{"osm_way_id":"914524077","landuse":"recreation_ground"},"geometry":{"type":"MultiPolygon","coordinates":[[[[-111.0829771,45.6704809],[-111.0832005,45.6704742],[-111.0831863,45.6708641],[-111.0831693,45.6709539],[-111.0830682,45.6710207],[-111.0830343,45.6710257],[-111.082967,45.6710254],[-111.0801592,45.6710158],[-111.0800926,45.6709914],[-111.0800387,45.670935],[-111.0800213,45.6708585],[-111.0799674,45.6705352],[-111.0799563,45.6704034],[-111.0800039,45.6703103],[-111.0800229,45.670266],[-111.0804778,45.6702483],[-111.0804966,45.6702709],[-111.0804945,45.6704524],[-111.0803145,45.6704499],[-111.0803304,45.6707699],[-111.0808391,45.6707722],[-111.0808343,45.6708253],[-111.0820409,45.6708054],[-111.0823863,45.6707789],[-111.0825083,45.6707678],[-111.0825178,45.6708121],[-111.0828776,45.670749],[-111.0828656,45.6707096],[-111.0829121,45.670688],[-111.0829612,45.6706459],[-111.082985,45.6705894],[-111.0829834,45.6705385],[-111.0829771,45.6704809]]]]}},
{"type":"Feature","properties":{"osm_way_id":"914524078","landuse":"recreation_ground"},"geometry":{"type":"MultiPolygon","coordinates":[[[[-111.0805852,45.6701553],[-111.0806438,45.6700855],[-111.0806787,45.6700157],[-111.0807167,45.6698806],[-111.0807246,45.6698363],[-111.0808007,45.6697865],[-111.0809164,45.6697787],[-111.0809196,45.6697167],[-111.080834,45.6697089],[-111.0806914,45.6696957],[-111.0804853,45.6696525],[-111.0804235,45.6696469],[-111.0803379,45.6696635],[-111.080292,45.6696968],[-111.0802587,45.6698164],[-111.0802238,45.6699759],[-111.080143,45.6700678],[-111.0800828,45.6701553],[-111.0801462,45.6701807],[-111.0802365,45.6701852],[-111.0805598,45.6701741],[-111.0805852,45.6701553]]]]}},
{"type":"Feature","properties":{"osm_way_id":"914524079","landuse":"recreation_ground"},"geometry":{"type":"MultiPolygon","coordinates":[[[[-111.0818028,45.6676821],[-111.0818599,45.6676101],[-111.0818583,45.6675791],[-111.0805476,45.6675769],[-111.080462,45.6676068],[-111.080443,45.6677154],[-111.0804588,45.6679679],[-111.0804921,45.6680731],[-111.0805856,45.6682182],[-111.0806094,45.6683289],[-111.0806284,45.6683743],[-111.0807093,45.6683887],[-111.0810991,45.6683876],[-111.081096,45.6681883],[-111.0810769,45.6680454],[-111.0810596,45.6680216],[-111.0810019,45.6677478],[-111.0810699,45.6677363],[-111.0810699,45.6676801],[-111.0818028,45.6676821]]]]}},
{"type":"Feature","properties":{"osm_way_id":"914524080","landuse":"recreation_ground"},"geometry":{"type":"MultiPolygon","coordinates":[[[[-111.082575,45.6692066],[-111.0825553,45.6690718],[-111.0824401,45.6690836],[-111.0824045,45.6691588],[-111.0823249,45.6691863],[-111.0822275,45.6691889],[-111.0817667,45.6691868],[-111.0817106,45.669202],[-111.0816675,45.6692393],[-111.0816638,45.669291],[-111.0816675,45.6694101],[-111.0817724,45.6693709],[-111.0819288,45.6693198],[-111.0821067,45.6692786],[-111.0823352,45.6692367],[-111.0824439,45.6692367],[-111.0825253,45.6692348],[-111.082575,45.6692066]]]]}},
{"type":"Feature","properties":{"osm_way_id":"914524081","landuse":"recreation_ground"},"geometry":{"type":"MultiPolygon","coordinates":[[[[-111.0796016,45.6710191],[-111.079704,45.6709391],[-111.0797454,45.6708736],[-111.0797429,45.6707808],[-111.0791632,45.6707788],[-111.0786701,45.6707822],[-111.0785362,45.6708068],[-111.078271,45.6708505],[-111.078104,45.6708839],[-111.0780203,45.6708909],[-111.0780228,45.670825],[-111.0779737,45.6708265],[-111.0778936,45.6708265],[-111.0778934,45.6709055],[-111.0775061,45.6709051],[-111.0774538,45.6709068],[-111.077449,45.6710302],[-111.0769909,45.6710362],[-111.0769945,45.6711],[-111.07688,45.6710889],[-111.0768215,45.6710472],[-111.076813,45.670974],[-111.0768057,45.670894],[-111.0768069,45.6708582],[-111.0762222,45.6708642],[-111.0762149,45.6709102],[-111.0759517,45.6709068],[-111.0758506,45.6708787],[-111.0757556,45.6708821],[-111.0757629,45.6709485],[-111.0758287,45.6710242],[-111.0759091,45.6710413],[-111.076026,45.6710668],[-111.076143,45.6711102],[-111.0762465,45.6711656],[-111.0763842,45.6712941],[-111.0764463,45.6713801],[-111.076517,45.6714192],[-111.0765633,45.6714107],[-111.076556,45.6713384],[-111.0766583,45.6713682],[-111.0767545,45.6713682],[-111.0767265,45.6713988],[-111.0767314,45.6714184],[-111.076757,45.6714286],[-111.0768081,45.6714226],[-111.0773551,45.6712864],[-111.0776963,45.6712132],[-111.0781641,45.6711366],[-111.0786221,45.6710872],[-111.0795261,45.6710311],[-111.0796016,45.6710191]]]]}},
{"type":"Feature","properties":{"osm_way_id":"914524082","landuse":"grass"},"geometry":{"type":"MultiPolygon","coordinates":[[[[-111.0761833,45.6715257],[-111.076128,45.6714524],[-111.0760231,45.6713523],[-111.0758555,45.6712973],[-111.0757066,45.6712842],[-111.0755802,45.6712868],[-111.0755568,45.671298],[-111.075614,45.6714228],[-111.0757139,45.671403],[-111.0757796,45.6715648],[-111.0757334,45.671574],[-111.0757141,45.6716042],[-111.0756326,45.6716179],[-111.0751616,45.6717154],[-111.075126,45.6716507],[-111.0750398,45.6716716],[-111.0750773,45.6717554],[-111.0749378,45.6717927],[-111.0749565,45.6718437],[-111.0745548,45.6720819],[-111.0746184,45.6721375],[-111.0740634,45.6724452],[-111.0739938,45.6724843],[-111.0738768,45.672557],[-111.0738571,45.672606],[-111.0738908,45.6726407],[-111.0739273,45.672663],[-111.0739732,45.6726767],[-111.0745379,45.6723521],[-111.0751934,45.6720289],[-111.0757487,45.6718005],[-111.0760334,45.6716867],[-111.0760671,45.6716723],[-111.0760643,45.6716356],[-111.0761833,45.6715257]]]]}},
{"type":"Feature","properties":{"osm_way_id":"914524083","landuse":"grass"},"geometry":{"type":"MultiPolygon","coordinates":[[[[-111.0755456,45.6709423],[-111.0755765,45.6700288],[-111.0753085,45.6700274],[-111.0751291,45.670062],[-111.0751663,45.6702003],[-111.0749498,45.6702262],[-111.0750054,45.6704452],[-111.0748634,45.6704611],[-111.0749423,45.6707174],[-111.0742317,45.6708235],[-111.073498,45.6708341],[-111.0734474,45.6706686],[-111.0739699,45.6705905],[-111.0739353,45.6704775],[-111.0739179,45.6704277],[-111.0735656,45.670496],[-111.0734672,45.6705348],[-111.0733911,45.6705922],[-111.0733333,45.6706844],[-111.073323,45.6707968],[-111.0733238,45.6708197],[-111.0733292,45.6709653],[-111.0755209,45.6709596],[-111.0755456,45.6709423]]]]}},
{"type":"Feature","properties":{"osm_way_id":"914529901","name":"Flanders Mill Park","leisure":"park"},"geometry":{"type":"MultiPolygon","coordinates":[[[[-111.0964808,45.6966766],[-111.0964761,45.6965891],[-111.0964539,45.6965017],[-111.096343,45.6963821],[-111.0962019,45.6962991],[-111.096026,45.6962371],[-111.0958057,45.6962017],[-111.0956345,45.6962017],[-111.0954681,45.6962416],[-111.0953493,45.6962814],[-111.0951939,45.6963744],[-111.0950893,45.6964729],[-111.0950561,45.6966002],[-111.0950529,45.6967364],[-111.0951099,45.6968449],[-111.0952241,45.6969356],[-111.0953825,45.697022],[-111.095541,45.6970651],[-111.0956948,45.6970784],[-111.0958358,45.6970795],[-111.0959372,45.6970707],[-111.0961274,45.6970286],[-111.096259,45.6969677],[-111.0963636,45.6968891],[-111.0964301,45.6968316],[-111.0964761,45.696743],[-111.0964808,45.6966766]]]]}},
{"type":"Feature","properties":{"osm_way_id":"916072046","leisure":"park"},"geometry":{"type":"MultiPolygon","coordinates":[[[[-111.1367846,45.7216284],[-111.1393831,45.72228],[-111.1393387,45.7223382],[-111.1390943,45.7222684],[-111.1388,45.7222568],[-111.1383169,45.7223459],[-111.137967,45.7224002],[-111.1374672,45.7225863],[-111.1370229,45.7228655],[-111.1366509,45.7232531],[-111.1364343,45.7236447],[-111.136301,45.7239936],[-111.13599,45.7239936],[-111.13604,45.723637],[-111.13609,45.7233229],[-111.1362121,45.723005],[-111.1365287,45.722311],[-111.1367846,45.7216284]]]]}},
{"type":"Feature","properties":{"osm_way_id":"916072050","leisure":"park"},"geometry":{"type":"MultiPolygon","coordinates":[[[[-111.1406341,45.7250039],[-111.1406309,45.7249329],[-111.1407864,45.7247911],[-111.1409484,45.7247047],[-111.1413293,45.7246027],[-111.1416563,45.7246182],[-111.141977,45.7247202],[-111.1422373,45.7249174],[-111.1423643,45.7251524],[-111.1423008,45.72521],[-111.1414817,45.7251701],[-111.1407039,45.7250504],[-111.1406341,45.7250039]]]]}},
{"type":"Feature","properties":{"osm_way_id":"916072051","landuse":"recreation_ground"},"geometry":{"type":"MultiPolygon","coordinates":[[[[-111.141541,45.7250581],[-111.1413074,45.7250238],[-111.1414047,45.7247015],[-111.1416383,45.7247359],[-111.141541,45.7250581]]]]}},
{"type":"Feature","properties":{"osm_way_id":"916072052","leisure":"park"},"geometry":{"type":"MultiPolygon","coordinates":[[[[-111.1396954,45.7248574],[-111.1406994,45.7251257],[-111.1405649,45.7256221],[-111.1402815,45.7260499],[-111.1399141,45.7264539],[-111.1394961,45.7270486],[-111.1393216,45.7269637],[-111.1395581,45.7265341],[-111.1394708,45.7262968],[-111.1392619,45.7259185],[-111.1392733,45.7256123],[-111.1393147,45.7253606],[-111.1394203,45.7251473],[-111.1396954,45.7248574]]]]}},
{"type":"Feature","properties":{"osm_way_id":"917166697","landuse":"recreation_ground"},"geometry":{"type":"MultiPolygon","coordinates":[[[[-111.1075475,45.6676144],[-111.1071888,45.6668191],[-111.1069145,45.666881],[-111.1071537,45.6673061],[-111.1073145,45.6676663],[-111.1075475,45.6676144]]]]}},
{"type":"Feature","properties":{"osm_way_id":"917166698","landuse":"recreation_ground"},"geometry":{"type":"MultiPolygon","coordinates":[[[[-111.1079269,45.6685336],[-111.1076836,45.6679933],[-111.1075661,45.6677066],[-111.1073929,45.6677354],[-111.1076114,45.6682109],[-111.1077619,45.6685639],[-111.1079269,45.6685336]]]]}},
{"type":"Feature","properties":{"osm_way_id":"917166699","landuse":"recreation_ground"},"geometry":{"type":"MultiPolygon","coordinates":[[[[-111.1083475,45.669424],[-111.1082753,45.6692252],[-111.1081227,45.6688765],[-111.1079764,45.6685927],[-111.1078217,45.668623],[-111.1080444,45.6690855],[-111.1081846,45.6693621],[-111.1082052,45.6694356],[-111.1083475,45.669424]]]]}},
{"type":"Feature","properties":{"osm_way_id":"917166700","landuse":"recreation_ground"},"geometry":{"type":"MultiPolygon","coordinates":[[[[-111.1070872,45.6667582],[-111.1068288,45.6662244],[-111.1067036,45.6659309],[-111.1065277,45.6659652],[-111.1069334,45.6667992],[-111.1070872,45.6667582]]]]}},
{"type":"Feature","properties":{"osm_way_id":"917166701","landuse":"recreation_ground"},"geometry":{"type":"MultiPolygon","coordinates":[[[[-111.1066688,45.6658677],[-111.1062852,45.6650094],[-111.1060935,45.6650603],[-111.106515,45.665912],[-111.1066688,45.6658677]]]]}},
{"type":"Feature","properties":{"osm_way_id":"917166753","landuse":"recreation_ground"},"geometry":{"type":"MultiPolygon","coordinates":[[[[-111.108762,45.6709936],[-111.1094514,45.6709891],[-111.1094534,45.6705802],[-111.1091007,45.6705817],[-111.109062,45.6705378],[-111.1084101,45.6705377],[-111.1084101,45.6695076],[-111.1082926,45.6695033],[-111.1081029,45.6695422],[-111.1082761,45.6699355],[-111.1082266,45.670009],[-111.108241,45.6710032],[-111.108762,45.6709936]]]]}},
{"type":"Feature","properties":{"osm_way_id":"917196606","leisure":"park"},"geometry":{"type":"MultiPolygon","coordinates":[[[[-111.1651794,45.6744483],[-111.1651753,45.674118],[-111.1652822,45.6738422],[-111.1654837,45.6734372],[-111.1655988,45.673239],[-111.1650232,45.6729834],[-111.1647807,45.672788],[-111.1646697,45.6725553],[-111.1646286,45.672383],[-111.1645546,45.6723571],[-111.160512,45.6723681],[-111.1605369,45.6733939],[-111.1606903,45.6733941],[-111.1609328,45.6731241],[-111.1612206,45.672857],[-111.1615412,45.6726932],[-111.1620346,45.6725324],[-111.1624251,45.6725123],[-111.1629307,45.6725237],[-111.1633871,45.6726185],[-111.1638927,45.6728167],[-111.1642545,45.6731557],[-111.1645505,45.6736613],[-111.1645834,45.6744483],[-111.1651794,45.6744483]]]]}},
{"type":"Feature","properties":{"osm_way_id":"917196607","leisure":"park"},"geometry":{"type":"MultiPolygon","coordinates":[[[[-111.1699435,45.6752467],[-111.1699333,45.6746127],[-111.1699342,45.6742329],[-111.1678568,45.6742451],[-111.1677328,45.6741193],[-111.1677279,45.6740192],[-111.167745,45.6739292],[-111.1675433,45.6737731],[-111.1672008,45.6735779],[-111.1666834,45.6733148],[-111.1665814,45.6733352],[-111.166426,45.6734472],[-111.1664575,45.6735677],[-111.1665693,45.6736611],[-111.1672883,45.6740311],[-111.1674583,45.6742025],[-111.1675895,45.6744214],[-111.1676773,45.6752646],[-111.1699435,45.6752467]]]]}},
{"type":"Feature","properties":{"osm_way_id":"917196608","leisure":"park"},"geometry":{"type":"MultiPolygon","coordinates":[[[[-111.1662956,45.6734466],[-111.1664861,45.6732849],[-111.1664936,45.6732196],[-111.1664469,45.6731713],[-111.1659651,45.6729404],[-111.1658774,45.6729456],[-111.1657971,45.6729443],[-111.1656869,45.6729065],[-111.1656477,45.6728204],[-111.1657093,45.6727147],[-111.1647795,45.6722893],[-111.1647813,45.6724459],[-111.164871,45.6726651],[-111.1650633,45.672853],[-111.1655067,45.6731055],[-111.1662079,45.6734545],[-111.1662956,45.6734466]]]]}},
{"type":"Feature","properties":{"osm_way_id":"917202860","leisure":"park"},"geometry":{"type":"MultiPolygon","coordinates":[[[[-111.1694342,45.6782843],[-111.1694136,45.6777702],[-111.1695575,45.6776093],[-111.1695452,45.6765121],[-111.1693149,45.676627],[-111.1688627,45.6770061],[-111.1684845,45.6773824],[-111.1682872,45.6778334],[-111.1682872,45.6780574],[-111.1685626,45.6781637],[-111.1689203,45.6782125],[-111.1694342,45.6782843]]]]}},
{"type":"Feature","properties":{"osm_way_id":"917211814","leisure":"park"},"geometry":{"type":"MultiPolygon","coordinates":[[[[-111.1608038,45.6821056],[-111.1608499,45.6818324],[-111.1608208,45.6817645],[-111.1607479,45.6817204],[-111.160075,45.681683],[-111.1598661,45.681644],[-111.1597836,45.6816338],[-111.1593463,45.6819614],[-111.1582338,45.6811943],[-111.1581318,45.6823924],[-111.1584524,45.6822702],[-111.15905,45.682148],[-111.1596111,45.6821209],[-111.1600046,45.6821226],[-111.1604613,45.6821531],[-111.1606726,45.6821633],[-111.1607333,45.6821582],[-111.1608038,45.6821056]]]]}},
{"type":"Feature","properties":{"osm_way_id":"917211815","leisure":"park"},"geometry":{"type":"MultiPolygon","coordinates":[[[[-111.1638644,45.6820496],[-111.163007,45.6826996],[-111.161875,45.6823415],[-111.1613163,45.6822244],[-111.1609932,45.6821871],[-111.1609641,45.6821514],[-111.1610054,45.6817713],[-111.1611196,45.6817458],[-111.1617633,45.6817832],[-111.1617584,45.6821701],[-111.1625721,45.6822499],[-111.1637746,45.6819851],[-111.1638644,45.6820496]]]]}},
{"type":"Feature","properties":{"osm_way_id":"917211822","leisure":"park"},"geometry":{"type":"MultiPolygon","coordinates":[[[[-111.1679332,45.6780223],[-111.1677689,45.6778632],[-111.1676046,45.6778318],[-111.1674664,45.6778632],[-111.1671135,45.6779897],[-111.1674067,45.6783733],[-111.1667252,45.6786002],[-111.1657449,45.6789825],[-111.1653658,45.6786355],[-111.164815,45.6789133],[-111.1652202,45.6793452],[-111.1654517,45.6796896],[-111.1655189,45.6799453],[-111.1655245,45.6802936],[-111.1653733,45.6806197],[-111.1651492,45.6808219],[-111.1648523,45.6810528],[-111.1649774,45.681088],[-111.1654685,45.680831],[-111.1657617,45.6805101],[-111.1661445,45.680094],[-111.1662117,45.6798735],[-111.1660623,45.6796387],[-111.1657374,45.6794065],[-111.1657243,45.6792734],[-111.1661762,45.6794078],[-111.1664451,45.6794208],[-111.1665459,45.6793791],[-111.1667961,45.679186],[-111.1672716,45.6785717],[-111.1679332,45.6780223]]]]}},
{"type":"Feature","properties":{"osm_way_id":"917238515","name":"Quail Run Park","leisure":"park"},"geometry":{"type":"MultiPolygon","coordinates":[[[[-111.1901592,45.6835546],[-111.1901198,45.6823862],[-111.1900052,45.6823762],[-111.18993,45.6823387],[-111.1878459,45.6823187],[-111.1878315,45.6823712],[-111.187828,45.6826489],[-111.1885155,45.682769],[-111.1884009,45.6835271],[-111.1901592,45.6835546]]]]}},
{"type":"Feature","properties":{"osm_way_id":"917248859","landuse":"recreation_ground"},"geometry":{"type":"MultiPolygon","coordinates":[[[[-111.2035997,45.6730568],[-111.2038869,45.6730422],[-111.2043155,45.6727894],[-111.2046305,45.6725992],[-111.2048164,45.6724128],[-111.204844,45.6721344],[-111.2046184,45.6720766],[-111.203919,45.6719354],[-111.2032241,45.6717675],[-111.2032403,45.6720798],[-111.2034293,45.6723363],[-111.2033612,45.672619],[-111.2033409,45.6729551],[-111.2033895,45.673037],[-111.2035997,45.6730568]]]]}},
{"type":"Feature","properties":{"osm_way_id":"917248876","landuse":"recreation_ground"},"geometry":{"type":"MultiPolygon","coordinates":[[[[-111.1934806,45.6756424],[-111.1934787,45.6755115],[-111.1935191,45.675482],[-111.1945216,45.6754859],[-111.1948962,45.6755],[-111.1953112,45.6756052],[-111.1957445,45.6757053],[-111.195794,45.6757232],[-111.1958289,45.6758618],[-111.1957096,45.6758887],[-111.1956435,45.6759862],[-111.1954691,45.6760106],[-111.1950302,45.6756514],[-111.1934806,45.6756424]]]]}},
{"type":"Feature","properties":{"osm_way_id":"917248897","landuse":"recreation_ground"},"geometry":{"type":"MultiPolygon","coordinates":[[[[-111.195937,45.6793169],[-111.1959585,45.6790816],[-111.1951893,45.678591],[-111.1949672,45.6787395],[-111.1935197,45.6787512],[-111.1935125,45.6788864],[-111.193577,45.6789248],[-111.1946495,45.6789248],[-111.1949696,45.6789932],[-111.1957531,45.6793019],[-111.1958844,45.6793353],[-111.195937,45.6793169]]]]}},
{"type":"Feature","properties":{"osm_way_id":"917248898","landuse":"recreation_ground"},"geometry":{"type":"MultiPolygon","coordinates":[[[[-111.1933949,45.6787454],[-111.1933986,45.6788852],[-111.19336,45.6789224],[-111.1933123,45.6789339],[-111.1921537,45.6789198],[-111.1910668,45.6788365],[-111.1911879,45.6783644],[-111.1913385,45.67829],[-111.1917516,45.6785748],[-111.1920142,45.6787454],[-111.1933949,45.6787454]]]]}},
{"type":"Feature","properties":{"osm_way_id":"917248900","landuse":"recreation_ground"},"geometry":{"type":"MultiPolygon","coordinates":[[[[-111.1959716,45.6796867],[-111.1959788,45.6794597],[-111.194935,45.6790642],[-111.1946507,45.6790192],[-111.193583,45.6790141],[-111.1935328,45.6790659],[-111.1935281,45.6791944],[-111.1949254,45.6792044],[-111.195556,45.67968],[-111.1959716,45.6796867]]]]}},
{"type":"Feature","properties":{"osm_way_id":"917248901","landuse":"recreation_ground"},"geometry":{"type":"MultiPolygon","coordinates":[[[[-111.1934062,45.6791961],[-111.1934015,45.6790642],[-111.1933752,45.6790392],[-111.193294,45.6790141],[-111.1920185,45.6790075],[-111.191653,45.6789641],[-111.1912493,45.6789407],[-111.1908695,45.6789491],[-111.1907477,45.6790008],[-111.1907334,45.6791226],[-111.1907047,45.6795832],[-111.1907979,45.6797351],[-111.1910296,45.6797234],[-111.19102,45.6795081],[-111.1914547,45.6792011],[-111.1934062,45.6791961]]]]}},
{"type":"Feature","properties":{"osm_way_id":"917248902","landuse":"recreation_ground"},"geometry":{"type":"MultiPolygon","coordinates":[[[[-111.1910958,45.6827329],[-111.1916699,45.6823883],[-111.1948877,45.6823657],[-111.1956315,45.6827724],[-111.1956113,45.6818573],[-111.1950858,45.6821624],[-111.1915243,45.682216],[-111.1910716,45.6818376],[-111.1910958,45.6827329]]]]}},
{"type":"Feature","properties":{"osm_way_id":"917248909","landuse":"recreation_ground"},"geometry":{"type":"MultiPolygon","coordinates":[[[[-111.2023337,45.6809145],[-111.202141,45.6805606],[-111.2025729,45.6801937],[-111.2026475,45.6798703],[-111.2025792,45.6797291],[-111.2022404,45.6792624],[-111.2021068,45.6791278],[-111.202054,45.6783093],[-111.2010348,45.6783027],[-111.2008794,45.6785177],[-111.2004102,45.678839],[-111.1997794,45.679271],[-111.2011187,45.6805823],[-111.2011249,45.6809753],[-111.2020726,45.6809927],[-111.2023337,45.6809145]]]]}},
{"type":"Feature","properties":{"osm_way_id":"917259757","landuse":"recreation_ground"},"geometry":{"type":"MultiPolygon","coordinates":[[[[-111.1957158,45.6855694],[-111.1953136,45.6852709],[-111.1950749,45.6854393],[-111.1916913,45.6854277],[-111.1913105,45.6851616],[-111.1914062,45.6855536],[-111.1916218,45.6855589],[-111.1956331,45.6855852],[-111.1957158,45.6855694]]]]}},
{"type":"Feature","properties":{"osm_way_id":"921140265","landuse":"recreation_ground"},"geometry":{"type":"MultiPolygon","coordinates":[[[[-111.1857453,45.7291512],[-111.1857812,45.7222134],[-111.1859085,45.7219371],[-111.1861134,45.7218335],[-111.1862813,45.7217869],[-111.1865464,45.7215932],[-111.1856434,45.7214732],[-111.1855091,45.7215152],[-111.1854208,45.7215719],[-111.1854066,45.7291487],[-111.1857453,45.7291512]]]]}},
{"type":"Feature","properties":{"osm_way_id":"921140266","landuse":"recreation_ground"},"geometry":{"type":"MultiPolygon","coordinates":[[[[-111.1865502,45.7214376],[-111.1867658,45.7208133],[-111.1866244,45.7207072],[-111.1868223,45.7199695],[-111.1864053,45.71955],[-111.1863982,45.7194044],[-111.1865926,45.718864],[-111.1865007,45.7183163],[-111.1861296,45.7182274],[-111.1858964,45.7181978],[-111.1857904,45.7181139],[-111.1856808,45.7179782],[-111.1857939,45.715745],[-111.1857585,45.7148888],[-111.1854122,45.7148814],[-111.1854475,45.7212772],[-111.186529,45.7214548],[-111.1865502,45.7214376]]]]}},
{"type":"Feature","properties":{"osm_way_id":"921568189","name":"Triple Tree Recreation Area","landuse":"recreation_ground"},"geometry":{"type":"MultiPolygon","coordinates":[[[[-111.0218805,45.6132328],[-111.0218829,45.6128662],[-111.0218239,45.6128661],[-111.0215146,45.6128655],[-111.0207019,45.6128639],[-111.0154096,45.6128933],[-111.0122656,45.6128384],[-111.0116537,45.6127018],[-111.0086137,45.6113061],[-111.0049704,45.6098345],[-111.0037331,45.609114],[-111.0037915,45.6089512],[-111.0030945,45.6084594],[-111.0028495,45.6084136],[-111.002267,45.6079756],[-111.001694,45.6078939],[-111.0014432,45.6078635],[-111.0012168,45.6078663],[-111.001179,45.6066232],[-111.001754,45.6058995],[-111.003805,45.6058668],[-111.0038416,45.6056871],[-111.0042582,45.6036452],[-111.0038045,45.6019716],[-111.0017952,45.6004074],[-110.9979159,45.6002976],[-110.9955791,45.6011441],[-110.9952465,45.6037807],[-110.9958654,45.6056288],[-110.997501,45.6075673],[-110.998501,45.6077788],[-110.99884,45.6078505],[-110.999896,45.609073],[-111.000943,45.6105181],[-111.000868,45.6117917],[-111.000701,45.6126528],[-111.0009795,45.613394],[-111.0014797,45.6139682],[-111.002604,45.6135723],[-111.004354,45.6134115],[-111.005648,45.6132206],[-111.005983,45.6131201],[-111.0075883,45.613243],[-111.008384,45.6136223],[-111.0090836,45.6135699],[-111.0102606,45.6142442],[-111.0110009,45.6141856],[-111.0117226,45.6145778],[-111.01218,45.614787],[-111.0126606,45.614703],[-111.0130211,45.6144508],[-111.0126842,45.6141353],[-111.0131896,45.6137115],[-111.0141229,45.6135169],[-111.015197,45.6135101],[-111.016806,45.6137248],[-111.0184936,45.6139964],[-111.019668,45.6137513],[-111.0203335,45.6138282],[-111.020337,45.6131614],[-111.0214437,45.6132126],[-111.0217708,45.6132277],[-111.0218805,45.6132328]]]]}},
{"type":"Feature","properties":{"osm_way_id":"921827942","leisure":"park"},"geometry":{"type":"MultiPolygon","coordinates":[[[[-111.0550069,45.6576504],[-111.0550054,45.6574294],[-111.0527502,45.6574366],[-111.0527516,45.657658],[-111.0550069,45.6576504]]]]}},
{"type":"Feature","properties":{"osm_way_id":"923620886","landuse":"grass"},"geometry":{"type":"MultiPolygon","coordinates":[[[[-111.2209858,45.7733029],[-111.2209831,45.7729715],[-111.2208252,45.7729952],[-111.2178588,45.7730048],[-111.2177435,45.7729853],[-111.2176251,45.7729491],[-111.2175221,45.7729318],[-111.2173833,45.772931],[-111.2173798,45.7733151],[-111.2173979,45.7733247],[-111.2174261,45.7733257],[-111.2174262,45.7733572],[-111.2175339,45.7733556],[-111.2176247,45.7733417],[-111.2177056,45.7733082],[-111.2179394,45.773173],[-111.2181147,45.7730746],[-111.2182653,45.7730616],[-111.2197356,45.7730627],[-111.2199154,45.7730925],[-111.2200579,45.773167],[-111.2202869,45.7733001],[-111.2203891,45.7733389],[-111.220468,45.7733478],[-111.2205717,45.7733481],[-111.220853,45.7733481],[-111.2209461,45.7733469],[-111.2209478,45.7733156],[-111.2209699,45.7733127],[-111.2209858,45.7733029]]]]}},
{"type":"Feature","properties":{"osm_way_id":"923621331","landuse":"grass"},"geometry":{"type":"MultiPolygon","coordinates":[[[[-111.2171169,45.7765272],[-111.2171816,45.7764934],[-111.2171894,45.7755168],[-111.2171802,45.7738577],[-111.2171321,45.7735119],[-111.2170747,45.7734744],[-111.2167039,45.7734771],[-111.2167227,45.7752219],[-111.2164894,45.7753868],[-111.214281,45.7753915],[-111.2142687,45.7755251],[-111.2164484,45.7755139],[-111.2166991,45.7756943],[-111.216699,45.7765272],[-111.2171169,45.7765272]]]]}},
{"type":"Feature","properties":{"osm_way_id":"923625466","landuse":"grass"},"geometry":{"type":"MultiPolygon","coordinates":[[[[-111.206498,45.7785223],[-111.2064948,45.778235],[-111.2064689,45.7782301],[-111.2064692,45.7782138],[-111.2060065,45.7782133],[-111.2059257,45.7782594],[-111.2059294,45.7785224],[-111.206498,45.7785223]]]]}},
{"type":"Feature","properties":{"osm_way_id":"933178317","landuse":"recreation_ground"},"geometry":{"type":"MultiPolygon","coordinates":[[[[-111.190604,45.661067],[-111.1906297,45.6604351],[-111.1905597,45.6605139],[-111.1905297,45.6605569],[-111.1903554,45.6606248],[-111.1899741,45.6607206],[-111.1898027,45.6607565],[-111.1897698,45.6608054],[-111.1898141,45.6608643],[-111.1901098,45.6609492],[-111.1903711,45.6610321],[-111.1904926,45.66108],[-111.1905425,45.661085],[-111.190604,45.661067]]]]}},
{"type":"Feature","properties":{"osm_way_id":"933222490","landuse":"grass"},"geometry":{"type":"MultiPolygon","coordinates":[[[[-111.1812242,45.6421582],[-111.1813609,45.6420368],[-111.1803302,45.6413395],[-111.1807587,45.6410244],[-111.1806959,45.6409856],[-111.1790486,45.641016],[-111.1790512,45.6412111],[-111.1812242,45.6421582]]]]}},
{"type":"Feature","properties":{"osm_way_id":"943141548","name":"Cattail Lake Public Park","leisure":"park"},"geometry":{"type":"MultiPolygon","coordinates":[[[[-111.0824522,45.7190494],[-111.0820153,45.7193007],[-111.0814176,45.7193114],[-111.0804626,45.7187905],[-111.0796713,45.7187433],[-111.0795401,45.7186072],[-111.0790828,45.7177133],[-111.0784625,45.7168027],[-111.0781882,45.7163279],[-111.0784337,45.7162901],[-111.0789942,45.7161587],[-111.0794974,45.7161673],[-111.0799433,45.7163072],[-111.0804588,45.71653],[-111.0813343,45.7171927],[-111.0818211,45.7175955],[-111.0820707,45.7176212],[-111.0824062,45.7176383],[-111.0824522,45.7190494]]]]}},
{"type":"Feature","properties":{"osm_way_id":"945350360","name":"Angus Drive Park","leisure":"park"},"geometry":{"type":"MultiPolygon","coordinates":[[[[-111.2238511,45.7865717],[-111.2238504,45.7861216],[-111.2221435,45.7861241],[-111.2221452,45.7865757],[-111.2238511,45.7865717]]]]}},
{"type":"Feature","properties":{"osm_way_id":"945350361","name":"Angus Drive Park","leisure":"park"},"geometry":{"type":"MultiPolygon","coordinates":[[[[-111.2203295,45.7865918],[-111.2203291,45.7861404],[-111.2185187,45.7861411],[-111.2185192,45.7865927],[-111.2203295,45.7865918]]]]}},
{"type":"Feature","properties":{"osm_way_id":"945351473","name":"Landmark Subdivision Park","leisure":"park"},"geometry":{"type":"MultiPolygon","coordinates":[[[[-111.220362,45.7916897],[-111.2204515,45.7907949],[-111.2199276,45.7905775],[-111.2190223,45.7916966],[-111.220362,45.7916897]]]]}},
{"type":"Feature","properties":{"osm_way_id":"945354111","name":"Cobblestone Park","leisure":"park"},"geometry":{"type":"MultiPolygon","coordinates":[[[[-111.2314151,45.7857356],[-111.2314119,45.7843379],[-111.229629,45.7843398],[-111.2296318,45.7857375],[-111.2314151,45.7857356]]]]}},
{"type":"Feature","properties":{"osm_way_id":"945364845","leisure":"park"},"geometry":{"type":"MultiPolygon","coordinates":[[[[-111.2294243,45.7671072],[-111.2293861,45.7669655],[-111.2292713,45.7668465],[-111.2282414,45.7662039],[-111.2272703,45.7656538],[-111.2270408,45.7656086],[-111.2268348,45.7656045],[-111.2268054,45.7667951],[-111.2269849,45.7669409],[-111.2270261,45.7670045],[-111.2270584,45.7670989],[-111.2294243,45.7671072]]]]}},
{"type":"Feature","properties":{"osm_way_id":"945619174","leisure":"park"},"geometry":{"type":"MultiPolygon","coordinates":[[[[-111.2270061,45.8001511],[-111.2250816,45.7992099],[-111.2259484,45.7984307],[-111.2262267,45.7983225],[-111.2270023,45.7983257],[-111.2270061,45.8001511]]]]}},
{"type":"Feature","properties":{"osm_way_id":"965284033","name":"Greenway Linear Park","leisure":"park"},"geometry":{"type":"MultiPolygon","coordinates":[[[[-111.074382,45.683618],[-111.074491,45.6836166],[-111.0745074,45.6833759],[-111.074818,45.6833731],[-111.074799,45.6823267],[-111.0751702,45.6823175],[-111.0751838,45.6821516],[-111.0752108,45.6820855],[-111.075254,45.6820364],[-111.0752999,45.6819855],[-111.0753486,45.6819458],[-111.0754432,45.6818892],[-111.0755134,45.6818514],[-111.0751611,45.6818496],[-111.0751648,45.6816406],[-111.07511,45.6816399],[-111.0751096,45.6813299],[-111.0750906,45.6811552],[-111.0750865,45.681015],[-111.0751304,45.6807618],[-111.0749551,45.6807615],[-111.0748464,45.6818543],[-111.0739597,45.6818366],[-111.0737184,45.6818308],[-111.0734738,45.6818289],[-111.0732254,45.6818311],[-111.073223,45.682031],[-111.074644,45.6820434],[-111.0746059,45.6821954],[-111.0745186,45.6827571],[-111.0741678,45.6827236],[-111.0741651,45.6827878],[-111.0745013,45.6828302],[-111.0744719,45.6829642],[-111.0742839,45.6832719],[-111.0742353,45.6836165],[-111.074382,45.683618]]]]}},
{"type":"Feature","properties":{"osm_way_id":"968348633","landuse":"recreation_ground"},"geometry":{"type":"MultiPolygon","coordinates":[[[[-111.0543856,45.683347],[-111.0543994,45.6830053],[-111.0535795,45.6829892],[-111.0535727,45.6831582],[-111.0535657,45.6833308],[-111.0543856,45.683347]]]]}},
{"type":"Feature","properties":{"osm_way_id":"983726827","landuse":"grass"},"geometry":{"type":"MultiPolygon","coordinates":[[[[-111.0506865,45.7108426],[-111.0506965,45.7108684],[-111.0506871,45.7109011],[-111.0506549,45.7109189],[-111.0506073,45.7109255],[-111.0505624,45.7109208],[-111.0505148,45.7108993],[-111.05049,45.7108759],[-111.0504806,45.7108468],[-111.0504893,45.7108197],[-111.0505061,45.7107995],[-111.0505329,45.7107836],[-111.0505611,45.7107775],[-111.0505986,45.7107822],[-111.0506389,45.7107981],[-111.0506731,45.7108262],[-111.0506865,45.7108426]]]]}},
{"type":"Feature","properties":{"osm_way_id":"1000638718","landuse":"forest"},"geometry":{"type":"MultiPolygon","coordinates":[[[[-111.0455439,45.6675725],[-111.0455403,45.667375],[-111.0458729,45.667372],[-111.0458743,45.6674716],[-111.0457648,45.6675058],[-111.0456729,45.6675713],[-111.0455439,45.6675725]]]]}},
{"type":"Feature","properties":{"osm_way_id":"1001797764","landuse":"meadow"},"geometry":{"type":"MultiPolygon","coordinates":[[[[-111.0569708,45.6030786],[-111.0569847,45.6047154],[-111.0569839,45.6055417],[-111.0525333,45.6055645],[-111.0524791,45.6023192],[-111.0535774,45.6024531],[-111.0546967,45.603086],[-111.0552702,45.6031953],[-111.0561387,45.6031681],[-111.0569708,45.6030786]]]]}},
{"type":"Feature","properties":{"osm_way_id":"1003736524","name":"Mission Park","leisure":"park"},"geometry":{"type":"MultiPolygon","coordinates":[[[[-111.224228,45.802834],[-111.224537,45.802877],[-111.224622,45.802881],[-111.22474,45.802877],[-111.224809,45.802864],[-111.22488,45.80284],[-111.224929,45.802813],[-111.224967,45.802786],[-111.225,45.802755],[-111.225026,45.802722],[-111.225061,45.802651],[-111.22507,45.802613],[-111.22507,45.802569],[-111.22506,45.802517],[-111.225034,45.802463],[-111.225006,45.80242],[-111.22497,45.802377],[-111.224833,45.802281],[-111.224152,45.801915],[-111.224003,45.801855],[-111.223927,45.801836],[-111.223854,45.801825],[-111.223785,45.80182],[-111.223697,45.801828],[-111.223514,45.80187],[-111.223403,45.801916],[-111.223345,45.801954],[-111.223178,45.802095],[-111.2231313,45.8021529],[-111.22309,45.802204],[-111.223074,45.802235],[-111.223057,45.802293],[-111.223032,45.802518],[-111.223031,45.802674],[-111.223036,45.802753],[-111.223048,45.802808],[-111.223957,45.802808],[-111.224077,45.802815],[-111.224228,45.802834]]]]}},
{"type":"Feature","properties":{"osm_way_id":"1003736574","leisure":"park"},"geometry":{"type":"MultiPolygon","coordinates":[[[[-111.2197196,45.7905992],[-111.2198163,45.7905048],[-111.2187212,45.7900312],[-111.2186584,45.7897463],[-111.2191805,45.7895457],[-111.2190258,45.7893384],[-111.2184723,45.7895002],[-111.2184505,45.7891243],[-111.2180057,45.788917],[-111.2178728,45.7890451],[-111.2181749,45.7892035],[-111.2175513,45.7900784],[-111.2176866,45.7901491],[-111.2180758,45.7900446],[-111.2185859,45.7900868],[-111.2187067,45.7902031],[-111.219241,45.7904509],[-111.2197196,45.7905992]]]]}},
{"type":"Feature","properties":{"osm_way_id":"1004770335","landuse":"grass"},"geometry":{"type":"MultiPolygon","coordinates":[[[[-111.0873819,45.7040757],[-111.0874463,45.7038979],[-111.0869725,45.7038963],[-111.0869739,45.7043176],[-111.087081,45.7040173],[-111.0873819,45.7040757]]]]}},
{"type":"Feature","properties":{"osm_way_id":"1007843620","landuse":"meadow"},"geometry":{"type":"MultiPolygon","coordinates":[[[[-111.0784511,45.5896688],[-111.0784588,45.5872564],[-111.0764058,45.5872671],[-111.0764058,45.5859323],[-111.0735596,45.585962],[-111.0731431,45.5859083],[-111.0731807,45.5869348],[-111.0714725,45.5869348],[-111.0714188,45.5895133],[-111.073288,45.5895133],[-111.073265,45.5885859],[-111.0748967,45.5886234],[-111.074889,45.5896205],[-111.0784511,45.5896688]]]]}},
{"type":"Feature","properties":{"osm_way_id":"1008279785","name":"Four Points Park","leisure":"park"},"geometry":{"type":"MultiPolygon","coordinates":[[[[-111.0929663,45.7074518],[-111.0929797,45.704934],[-111.0919669,45.7049149],[-111.091979,45.7055259],[-111.0917918,45.7057756],[-111.0917024,45.7059896],[-111.0917322,45.7074488],[-111.0929663,45.7074518]]]]}},
{"type":"Feature","properties":{"osm_way_id":"1008298234","name":"Story Mansion Park","leisure":"park"},"geometry":{"type":"MultiPolygon","coordinates":[[[[-111.040159,45.671164],[-111.0401623,45.6702264],[-111.0390131,45.6702376],[-111.0390056,45.6711611],[-111.040159,45.671164]]]]}},
{"type":"Feature","properties":{"osm_way_id":"1009843281","leisure":"park"},"geometry":{"type":"MultiPolygon","coordinates":[[[[-111.0561612,45.7874069],[-111.0561612,45.7867199],[-111.0564716,45.7861553],[-111.0571779,45.7857161],[-111.0573926,45.784775],[-111.0560099,45.7844727],[-111.0557564,45.7849475],[-111.0555989,45.785484],[-111.0555944,45.7859922],[-111.0556124,45.7874289],[-111.0561612,45.7874069]]]]}},
{"type":"Feature","properties":{"osm_way_id":"1009851143","leisure":"park"},"geometry":{"type":"MultiPolygon","coordinates":[[[[-111.2384226,45.8149788],[-111.2384673,45.8148637],[-111.2386146,45.8147237],[-111.2387887,45.8146054],[-111.2390119,45.8145121],[-111.2384646,45.8136829],[-111.2374862,45.813654],[-111.2375286,45.8147918],[-111.2384226,45.8149788]]]]}},
{"type":"Feature","properties":{"osm_way_id":"1015926980","landuse":"grass"},"geometry":{"type":"MultiPolygon","coordinates":[[[[-111.0684648,45.6484931],[-111.068434,45.6479734],[-111.0684853,45.647934],[-111.0686699,45.6480236],[-111.0688288,45.6481562],[-111.0689211,45.6483246],[-111.0689211,45.6484859],[-111.0684648,45.6484931]]]]}},
{"type":"Feature","properties":{"osm_way_id":"1040364195","landuse":"recreation_ground"},"geometry":{"type":"MultiPolygon","coordinates":[[[[-111.0971022,45.6913241],[-111.0971286,45.6895719],[-111.0971594,45.6875719],[-111.0964319,45.6875591],[-111.0965086,45.6897225],[-111.0965667,45.691322],[-111.0971022,45.6913241]]]]}},
{"type":"Feature","properties":{"osm_way_id":"1061165963","leisure":"park"},"geometry":{"type":"MultiPolygon","coordinates":[[[[-111.0753534,45.6434434],[-111.075355,45.6431539],[-111.0744774,45.6431515],[-111.0744758,45.6434409],[-111.0753534,45.6434434]]]]}},
{"type":"Feature","properties":{"osm_way_id":"1064466177","leisure":"park"},"geometry":{"type":"MultiPolygon","coordinates":[[[[-111.0776709,45.675325],[-111.0774325,45.6752511],[-111.0777135,45.6747134],[-111.0780117,45.6747112],[-111.0776709,45.675325]]]]}},
{"type":"Feature","properties":{"osm_way_id":"1064466178","name":"Babcock Meadows","leisure":"park"},"geometry":{"type":"MultiPolygon","coordinates":[[[[-111.0773505,45.6754083],[-111.0775883,45.6754741],[-111.0768792,45.6767358],[-111.0768288,45.6770113],[-111.0768323,45.6771952],[-111.0767961,45.6777962],[-111.0767796,45.6783202],[-111.0762655,45.678319],[-111.0762696,45.6780437],[-111.0765069,45.6780445],[-111.0765135,45.6770136],[-111.0773505,45.6754083]]]]}},
{"type":"Feature","properties":{"osm_way_id":"1064466179","leisure":"park"},"geometry":{"type":"MultiPolygon","coordinates":[[[[-111.0755811,45.678547],[-111.075579,45.678508],[-111.075736,45.6785079],[-111.0756787,45.678799],[-111.0756298,45.6790575],[-111.0755591,45.6793355],[-111.075397,45.6798112],[-111.0752201,45.6804372],[-111.0751814,45.6806003],[-111.0750782,45.6805997],[-111.0750954,45.6804923],[-111.075226,45.680071],[-111.075381,45.679628],[-111.075601,45.678861],[-111.0755811,45.678547]]]]}},
{"type":"Feature","properties":{"osm_way_id":"1077268074","leisure":"park"},"geometry":{"type":"MultiPolygon","coordinates":[[[[-111.1023629,45.6671257],[-111.1023655,45.6663864],[-111.1001138,45.6663824],[-111.1000888,45.6661389],[-111.0989708,45.6664127],[-111.0989792,45.6666825],[-111.100112,45.6666759],[-111.1006036,45.6666791],[-111.1005984,45.6671217],[-111.1023629,45.6671257]]]]}},
{"type":"Feature","properties":{"osm_way_id":"1078072613","name":"Cattail Creek","leisure":"park"},"geometry":{"type":"MultiPolygon","coordinates":[[[[-111.0782961,45.7066488],[-111.0774946,45.706652],[-111.0774876,45.7075735],[-111.0723585,45.7075651],[-111.0723594,45.7076466],[-111.0732555,45.7076221],[-111.0759784,45.7076193],[-111.0770498,45.7089406],[-111.0778542,45.708613],[-111.0775175,45.7082583],[-111.0773874,45.7079547],[-111.0775825,45.7077563],[-111.0780104,45.7076153],[-111.0783056,45.707605],[-111.078295,45.7075239],[-111.0782901,45.7074791],[-111.0782874,45.7073934],[-111.0782894,45.70726],[-111.0782908,45.7071408],[-111.0782961,45.7066488]]]]}},
{"type":"Feature","properties":{"osm_way_id":"1078072614","name":"Cattail Lake Public Park","leisure":"park"},"geometry":{"type":"MultiPolygon","coordinates":[[[[-111.0782868,45.7160568],[-111.0779386,45.7161491],[-111.0774117,45.7158155],[-111.0776065,45.7150923],[-111.0770667,45.7150907],[-111.0770735,45.7149593],[-111.078245,45.7149593],[-111.0782455,45.7159902],[-111.0782868,45.7160568]]]]}},
{"type":"Feature","properties":{"osm_way_id":"1105934190","name":"Willow Park","leisure":"park"},"geometry":{"type":"MultiPolygon","coordinates":[[[[-111.0773237,45.6820574],[-111.0778109,45.6820518],[-111.077827,45.6817592],[-111.0773197,45.6817677],[-111.0773237,45.6820574]]]]}},
{"type":"Feature","properties":{"osm_way_id":"1116449783","leisure":"park"},"geometry":{"type":"MultiPolygon","coordinates":[[[[-111.0530487,45.6457453],[-111.0530545,45.6453293],[-111.0529902,45.6452112],[-111.0528427,45.6450368],[-111.0526388,45.6449487],[-111.0524457,45.6448943],[-111.0519553,45.6448945],[-111.0519988,45.6461748],[-111.0519996,45.646302],[-111.0522053,45.6462527],[-111.0526155,45.6462373],[-111.0526135,45.6461196],[-111.0526174,45.6457494],[-111.0530487,45.6457453]]]]}},
{"type":"Feature","properties":{"osm_way_id":"1116455120","leisure":"park"},"geometry":{"type":"MultiPolygon","coordinates":[[[[-111.0796576,45.6961383],[-111.0795562,45.6959211],[-111.0782044,45.6960533],[-111.0783531,45.6962941],[-111.0791304,45.6961454],[-111.0796576,45.6961383]]]]}},
{"type":"Feature","properties":{"osm_way_id":"1116455130","landuse":"recreation_ground"},"geometry":{"type":"MultiPolygon","coordinates":[[[[-111.0862434,45.696263],[-111.0858877,45.6961536],[-111.0855598,45.6960733],[-111.0852086,45.6960212],[-111.0852128,45.6962413],[-111.0853874,45.6965878],[-111.0855266,45.6967296],[-111.0862936,45.6978607],[-111.0864731,45.6978308],[-111.0866328,45.6977788],[-111.086767,45.6977007],[-111.0864012,45.6973967],[-111.0867936,45.6970211],[-111.0860037,45.6966296],[-111.0862434,45.696263]]]]}},
{"type":"Feature","properties":{"osm_way_id":"1116455131","landuse":"recreation_ground"},"geometry":{"type":"MultiPolygon","coordinates":[[[[-111.0889273,45.6995285],[-111.0889193,45.6993381],[-111.0884233,45.6993416],[-111.0884066,45.6989176],[-111.088361,45.6987715],[-111.0879805,45.6979735],[-111.0878415,45.6977614],[-111.0871865,45.6980487],[-111.0868541,45.697773],[-111.0866751,45.6978691],[-111.0865091,45.6979137],[-111.0863476,45.6979403],[-111.0864303,45.6980617],[-111.0864007,45.698363],[-111.0876712,45.6983433],[-111.0876967,45.6987049],[-111.0878183,45.6987939],[-111.0878439,45.6989144],[-111.0877587,45.6990065],[-111.0877564,45.6995448],[-111.0889273,45.6995285]]]]}},
{"type":"Feature","properties":{"osm_way_id":"1116463014","leisure":"park"},"geometry":{"type":"MultiPolygon","coordinates":[[[[-111.0253641,45.6804307],[-111.0249787,45.6804488],[-111.0247852,45.6805112],[-111.0241408,45.6808589],[-111.0245285,45.6812113],[-111.0248718,45.6808396],[-111.0253641,45.6804307]]]]}},
{"type":"Feature","properties":{"osm_way_id":"1116463020","leisure":"park"},"geometry":{"type":"MultiPolygon","coordinates":[[[[-111.0654185,45.6523598],[-111.0654136,45.6519591],[-111.0654081,45.6515119],[-111.0634779,45.6515235],[-111.0634882,45.6523712],[-111.0640935,45.6523676],[-111.0654185,45.6523598]]]]}},
{"type":"Feature","properties":{"osm_way_id":"1117981534","leisure":"park"},"geometry":{"type":"MultiPolygon","coordinates":[[[[-111.0667281,45.6620554],[-111.066718,45.6621143],[-111.0660154,45.6621202],[-111.06601,45.6619548],[-111.0667417,45.6619548],[-111.0667281,45.6620554]]]]}},
{"type":"Feature","properties":{"osm_way_id":"1117981558","leisure":"park"},"geometry":{"type":"MultiPolygon","coordinates":[[[[-111.0686779,45.6806027],[-111.068689,45.6802774],[-111.0677023,45.6802609],[-111.0676912,45.6805863],[-111.0686779,45.6806027]]]]}},
{"type":"Feature","properties":{"osm_way_id":"1117981559","leisure":"park"},"geometry":{"type":"MultiPolygon","coordinates":[[[[-111.0910682,45.6927974],[-111.0905169,45.6928059],[-111.0905169,45.6927576],[-111.0900432,45.6921405],[-111.0898196,45.6913746],[-111.0897398,45.6908653],[-111.0897329,45.6906576],[-111.0900222,45.6906537],[-111.0901156,45.691143],[-111.0904402,45.6919089],[-111.0907596,45.6923661],[-111.0910682,45.6927974]]]]}},
{"type":"Feature","properties":{"osm_way_id":"1120631742","leisure":"park"},"geometry":{"type":"MultiPolygon","coordinates":[[[[-111.0241274,45.7023353],[-111.0238372,45.7023286],[-111.023842,45.7020104],[-111.0239308,45.7019619],[-111.0241298,45.7021745],[-111.0241274,45.7023353]]]]}},
{"type":"Feature","properties":{"osm_way_id":"1122504461","landuse":"grass"},"geometry":{"type":"MultiPolygon","coordinates":[[[[-111.0574248,45.6653227],[-111.0574209,45.6654251],[-111.0572516,45.6654196],[-111.057204,45.665332],[-111.056785,45.665436],[-111.0564482,45.6654247],[-111.0564558,45.6654028],[-111.0563905,45.6653814],[-111.0565754,45.6651549],[-111.0568818,45.6650837],[-111.0568665,45.6650517],[-111.0569777,45.6650191],[-111.056976,45.66491],[-111.0573315,45.6649106],[-111.0573306,45.6650345],[-111.0573434,45.6650796],[-111.0574248,45.6653227]]]]}},
{"type":"Feature","properties":{"osm_way_id":"1122504462","landuse":"grass"},"geometry":{"type":"MultiPolygon","coordinates":[[[[-111.0553783,45.6657891],[-111.0556081,45.6659831],[-111.0556533,45.6659822],[-111.0559437,45.6658144],[-111.0558753,45.665763],[-111.0558391,45.6657801],[-111.0553783,45.6657891]]]]}},
{"type":"Feature","properties":{"osm_way_id":"1122504463","landuse":"grass"},"geometry":{"type":"MultiPolygon","coordinates":[[[[-111.055723,45.6659786],[-111.0559669,45.665837],[-111.0561219,45.6659624],[-111.0561154,45.6659921],[-111.0560844,45.6660093],[-111.0557268,45.6660111],[-111.055723,45.6659786]]]]}},
{"type":"Feature","properties":{"osm_way_id":"1122504464","landuse":"grass"},"geometry":{"type":"MultiPolygon","coordinates":[[[[-111.0498781,45.6706418],[-111.0499675,45.6706169],[-111.0498822,45.6704711],[-111.0498781,45.6706418]]]]}},
{"type":"Feature","properties":{"osm_way_id":"1122504465","landuse":"grass"},"geometry":{"type":"MultiPolygon","coordinates":[[[[-111.050037,45.6705969],[-111.0499704,45.6704842],[-111.0500247,45.6704683],[-111.0499716,45.6703654],[-111.0500212,45.6703638],[-111.049995,45.6703164],[-111.0498875,45.6703156],[-111.0498886,45.6704397],[-111.0499833,45.6705969],[-111.0499961,45.6706042],[-111.050009,45.6706055],[-111.050037,45.6705969]]]]}},
{"type":"Feature","properties":{"osm_way_id":"1122504466","landuse":"grass"},"geometry":{"type":"MultiPolygon","coordinates":[[[[-111.050027,45.6702799],[-111.0500938,45.6703955],[-111.0501779,45.6703691],[-111.0501794,45.6703265],[-111.0502673,45.6703274],[-111.0502682,45.6703635],[-111.0502692,45.670496],[-111.0503683,45.6704946],[-111.0503703,45.6704576],[-111.0504542,45.6704592],[-111.0504552,45.6702903],[-111.0506324,45.6702895],[-111.0506284,45.6704611],[-111.0506661,45.6704614],[-111.0506684,45.6704455],[-111.0508735,45.6704432],[-111.0508735,45.6705297],[-111.0509443,45.6705315],[-111.0509445,45.670276],[-111.050027,45.6702799]]]]}},
{"type":"Feature","properties":{"osm_way_id":"1147745972","name":"Mayfair Meadows Park","leisure":"park"},"geometry":{"type":"MultiPolygon","coordinates":[[[[-111.1876678,45.7893082],[-111.1897939,45.7893142],[-111.1897931,45.7891156],[-111.1897357,45.7889827],[-111.1895916,45.7888122],[-111.1891786,45.7885272],[-111.1886336,45.7882659],[-111.1881312,45.788165],[-111.1875405,45.7881467],[-111.1871648,45.7882001],[-111.1873737,45.7885467],[-111.1872715,45.7885714],[-111.1876678,45.7893082]]]]}},
{"type":"Feature","properties":{"osm_way_id":"1157572269","name":"Westbrook Park","leisure":"park"},"geometry":{"type":"MultiPolygon","coordinates":[[[[-111.1136608,45.6890592],[-111.1135567,45.6891126],[-111.1129734,45.6891721],[-111.1098806,45.6891539],[-111.1099034,45.6887067],[-111.1097959,45.6881013],[-111.1097957,45.6858375],[-111.1106837,45.6858558],[-111.110688,45.6864373],[-111.111139,45.6867803],[-111.1111122,45.68719],[-111.1104984,45.6874856],[-111.1102506,45.688081],[-111.1101814,45.6881971],[-111.110962,45.6883543],[-111.1110359,45.6882171],[-111.1135327,45.6882512],[-111.1136608,45.6890592]]]]}},
{"type":"Feature","properties":{"osm_way_id":"1157572270","name":"Boulder Creek Park","leisure":"park"},"geometry":{"type":"MultiPolygon","coordinates":[[[[-111.1119886,45.6908359],[-111.1121278,45.6906971],[-111.1122806,45.6905584],[-111.1124389,45.6904853],[-111.1126079,45.6904516],[-111.1126374,45.6903898],[-111.1109546,45.6899471],[-111.1109546,45.6906406],[-111.1119262,45.6906486],[-111.1119796,45.6908105],[-111.1119886,45.6908359]]]]}},
{"type":"Feature","properties":{"osm_way_id":"1157572272","landuse":"recreation_ground"},"geometry":{"type":"MultiPolygon","coordinates":[[[[-111.1130284,45.6927593],[-111.1130455,45.6923596],[-111.1131805,45.6922153],[-111.1133572,45.6921347],[-111.1130376,45.6910268],[-111.1130128,45.690596],[-111.1126311,45.6905541],[-111.1125498,45.690588],[-111.1123722,45.6906619],[-111.1122845,45.6906984],[-111.112084,45.6909727],[-111.1123685,45.6915298],[-111.112494,45.6917291],[-111.1125123,45.6919204],[-111.1125193,45.6921354],[-111.1124613,45.6923295],[-111.1123983,45.6925708],[-111.1124151,45.6927643],[-111.1130284,45.6927593]]]]}},
{"type":"Feature","properties":{"osm_way_id":"1157757738","leisure":"park"},"geometry":{"type":"MultiPolygon","coordinates":[[[[-111.0542399,45.7343307],[-111.0540073,45.7341048],[-111.0537797,45.7339566],[-111.0535504,45.7338086],[-111.053059,45.7335206],[-111.0529604,45.7336106],[-111.0530489,45.7337606],[-111.0530312,45.7338895],[-111.0528896,45.7340589],[-111.0526594,45.734299],[-111.0525077,45.7344755],[-111.052533,45.7345937],[-111.0527404,45.7346555],[-111.0529199,45.7346485],[-111.0530059,45.7346467],[-111.0541645,45.73435],[-111.0542399,45.7343307]]]]}},
{"type":"Feature","properties":{"osm_way_id":"1157757740","landuse":"recreation_ground"},"geometry":{"type":"MultiPolygon","coordinates":[[[[-111.0594228,45.7320463],[-111.0597639,45.7320008],[-111.0600208,45.7318857],[-111.0602661,45.7317305],[-111.0603044,45.7314229],[-111.0597754,45.731372],[-111.0592695,45.7309145],[-111.058913,45.7308423],[-111.0584454,45.7308503],[-111.0575332,45.7309814],[-111.0569429,45.7308931],[-111.0561686,45.7309707],[-111.0558007,45.73096],[-111.0553024,45.7310189],[-111.0548271,45.7310322],[-111.054486,45.7310322],[-111.0541793,45.7312383],[-111.0547888,45.7315994],[-111.0552487,45.731653],[-111.0558428,45.7314443],[-111.0570387,45.7313426],[-111.0579625,45.7314362],[-111.0587175,45.7313292],[-111.0594113,45.7315299],[-111.0594228,45.7320463]]]]}},
{"type":"Feature","properties":{"osm_way_id":"1158078422","landuse":"recreation_ground"},"geometry":{"type":"MultiPolygon","coordinates":[[[[-111.1966381,45.7954455],[-111.196699,45.7953065],[-111.1962968,45.7952311],[-111.1962596,45.7952441],[-111.1961954,45.7953536],[-111.1966381,45.7954455]]]]}},
{"type":"Feature","properties":{"osm_way_id":"1158078423","landuse":"recreation_ground"},"geometry":{"type":"MultiPolygon","coordinates":[[[[-111.1960467,45.7953112],[-111.196045,45.7952559],[-111.1960518,45.7952217],[-111.1960518,45.795184],[-111.1960332,45.795171],[-111.1951259,45.7949931],[-111.1948116,45.794946],[-111.1947913,45.7949908],[-111.1949096,45.7950591],[-111.1949535,45.7951086],[-111.1950312,45.7951286],[-111.1951005,45.7951557],[-111.1951225,45.7951769],[-111.1952188,45.7951439],[-111.1960467,45.7953112]]]]}},
{"type":"Feature","properties":{"osm_way_id":"1158081677","leisure":"park"},"geometry":{"type":"MultiPolygon","coordinates":[[[[-111.1942165,45.7933669],[-111.1942188,45.7926029],[-111.1933793,45.7926017],[-111.193377,45.7933656],[-111.1942165,45.7933669]]]]}},
{"type":"Feature","properties":{"osm_way_id":"1158081679","landuse":"recreation_ground"},"geometry":{"type":"MultiPolygon","coordinates":[[[[-111.1952347,45.7911021],[-111.1952356,45.790964],[-111.1913638,45.7909514],[-111.1913629,45.7910889],[-111.1952347,45.7911021]]]]}},
{"type":"Feature","properties":{"osm_way_id":"1158081680","landuse":"recreation_ground"},"geometry":{"type":"MultiPolygon","coordinates":[[[[-111.1952354,45.7902555],[-111.1952367,45.7901189],[-111.1913623,45.790102],[-111.1913611,45.7902385],[-111.1952354,45.7902555]]]]}},
{"type":"Feature","properties":{"osm_way_id":"1158081681","leisure":"park"},"geometry":{"type":"MultiPolygon","coordinates":[[[[-111.1923389,45.7884952],[-111.192337,45.7882581],[-111.191794,45.7882602],[-111.1917959,45.7884974],[-111.1922864,45.7884954],[-111.1923389,45.7884952]]]]}},
{"type":"Feature","properties":{"osm_way_id":"1158081682","leisure":"park"},"geometry":{"type":"MultiPolygon","coordinates":[[[[-111.1912325,45.7878447],[-111.1910345,45.7875567],[-111.1907629,45.7875581],[-111.1907652,45.7877831],[-111.191175,45.7878804],[-111.1912325,45.7878447]]]]}},
{"type":"Feature","properties":{"osm_way_id":"1159295006","leisure":"park"},"geometry":{"type":"MultiPolygon","coordinates":[[[[-111.140239,45.6668862],[-111.1402487,45.6665869],[-111.1401714,45.6665437],[-111.1397263,45.6665435],[-111.1396714,45.6668776],[-111.140239,45.6668862]]]]}},
{"type":"Feature","properties":{"osm_way_id":"1159295011","leisure":"park"},"geometry":{"type":"MultiPolygon","coordinates":[[[[-111.140202,45.6675581],[-111.1402023,45.6673191],[-111.1396148,45.6673187],[-111.1396145,45.6675578],[-111.140202,45.6675581]]]]}},
{"type":"Feature","properties":{"osm_way_id":"1159295012","leisure":"park"},"geometry":{"type":"MultiPolygon","coordinates":[[[[-111.1402138,45.6684311],[-111.1402313,45.6681515],[-111.1401633,45.6681108],[-111.1401381,45.6680674],[-111.1401283,45.668024],[-111.1397959,45.668024],[-111.1398739,45.6681381],[-111.1401937,45.6684321],[-111.1402138,45.6684311]]]]}},
{"type":"Feature","properties":{"osm_way_id":"1159309791","leisure":"park"},"geometry":{"type":"MultiPolygon","coordinates":[[[[-111.0470549,45.6375849],[-111.0471118,45.6374793],[-111.0457332,45.6374693],[-111.0457174,45.6375349],[-111.0458723,45.63766],[-111.045946,45.6377148],[-111.0460978,45.6376665],[-111.0462801,45.6376605],[-111.0464197,45.6376605],[-111.046565,45.6376406],[-111.0468412,45.6375928],[-111.0469182,45.6375868],[-111.0470549,45.6375849]]]]}},
{"type":"Feature","properties":{"osm_way_id":"1159309792","leisure":"park"},"geometry":{"type":"MultiPolygon","coordinates":[[[[-111.0446861,45.6425284],[-111.044681,45.6423496],[-111.04431,45.6423601],[-111.0439389,45.6423251],[-111.0435878,45.6423391],[-111.0432769,45.6423601],[-111.0428908,45.6423461],[-111.0429008,45.6425494],[-111.0438336,45.6425074],[-111.0442849,45.6425319],[-111.0446861,45.6425284]]]]}},
{"type":"Feature","properties":{"osm_way_id":"1159309793","leisure":"park"},"geometry":{"type":"MultiPolygon","coordinates":[[[[-111.0456088,45.6430473],[-111.0455636,45.6427878],[-111.0456739,45.64229],[-111.0456388,45.6420796],[-111.0456589,45.6416098],[-111.0456138,45.6413434],[-111.0456388,45.64114],[-111.0456539,45.6409157],[-111.0456489,45.6405931],[-111.045353,45.6405966],[-111.0453981,45.6409122],[-111.0453981,45.6411365],[-111.0453731,45.6413679],[-111.0454082,45.6416239],[-111.0454282,45.6418588],[-111.0453781,45.6420551],[-111.0454132,45.6425109],[-111.0454182,45.6427388],[-111.0453681,45.6430438],[-111.0456088,45.6430473]]]]}},
{"type":"Feature","properties":{"osm_way_id":"1159309794","leisure":"park"},"geometry":{"type":"MultiPolygon","coordinates":[[[[-111.043994,45.6413995],[-111.0440041,45.6406036],[-111.043653,45.6406878],[-111.0433171,45.640849],[-111.0431165,45.6409998],[-111.042956,45.6412382],[-111.0428946,45.6414047],[-111.043994,45.6413995]]]]}},
{"type":"Feature","properties":{"osm_way_id":"1159309795","leisure":"park"},"geometry":{"type":"MultiPolygon","coordinates":[[[[-111.0428676,45.6442784],[-111.0428676,45.643721],[-111.042988,45.6435878],[-111.0434995,45.6435422],[-111.0441564,45.6435317],[-111.0448233,45.6435492],[-111.0448635,45.6430759],[-111.0446829,45.6430759],[-111.0446829,45.6434055],[-111.044011,45.6433879],[-111.0436599,45.6433949],[-111.0430381,45.643444],[-111.0429127,45.6431145],[-111.0428275,45.6431075],[-111.0427172,45.6435352],[-111.0426018,45.6438332],[-111.0423361,45.6441627],[-111.0428676,45.6442784]]]]}},
{"type":"Feature","properties":{"osm_way_id":"1159309813","leisure":"park"},"geometry":{"type":"MultiPolygon","coordinates":[[[[-111.0902859,45.6888083],[-111.089958,45.6887201],[-111.090139,45.6879245],[-111.0903412,45.6869764],[-111.0903359,45.6866493],[-111.0902188,45.6860581],[-111.0902188,45.6858016],[-111.0909405,45.6857967],[-111.0909086,45.6874847],[-111.0906584,45.687507],[-111.0902859,45.6888083]]]]}},
{"type":"Feature","properties":{"osm_way_id":"1161150960","leisure":"park"},"geometry":{"type":"MultiPolygon","coordinates":[[[[-111.1410476,45.7292245],[-111.1414959,45.7288228],[-111.1397512,45.728827],[-111.1397694,45.7292288],[-111.1410476,45.7292245]]]]}},
{"type":"Feature","properties":{"osm_way_id":"1161150961","leisure":"park"},"geometry":{"type":"MultiPolygon","coordinates":[[[[-111.139521,45.7292245],[-111.139515,45.7288947],[-111.1390425,45.7288609],[-111.1385578,45.7288144],[-111.1381217,45.7287425],[-111.1372978,45.7285226],[-111.1370979,45.7289497],[-111.136692,45.7289328],[-111.1366799,45.7292415],[-111.139521,45.7292245]]]]}},
{"type":"Feature","properties":{"osm_way_id":"1161150962","leisure":"park"},"geometry":{"type":"MultiPolygon","coordinates":[[[[-111.1363951,45.7292584],[-111.1364315,45.7290216],[-111.1356743,45.7289243],[-111.1352352,45.7287044],[-111.1352359,45.7292668],[-111.1363951,45.7292584]]]]}},
{"type":"Feature","properties":{"osm_way_id":"1176649246","leisure":"park"},"geometry":{"type":"MultiPolygon","coordinates":[[[[-111.0957294,45.7020162],[-111.0960006,45.701572],[-111.0953411,45.7013709],[-111.0949127,45.7011558],[-111.0947152,45.7008051],[-111.0947161,45.7003438],[-111.0945871,45.7003438],[-111.0945785,45.7020227],[-111.0947523,45.7020215],[-111.0947557,45.7016922],[-111.0956815,45.7016922],[-111.0956453,45.7020095],[-111.0957294,45.7020162]]]]}},
{"type":"Feature","properties":{"osm_way_id":"1176649247","leisure":"park"},"geometry":{"type":"MultiPolygon","coordinates":[[[[-111.0979405,45.703414],[-111.0979405,45.7032934],[-111.0974245,45.703295],[-111.0974221,45.7027218],[-111.0962029,45.7025307],[-111.0961957,45.7027318],[-111.0962485,45.7030336],[-111.0972973,45.7030168],[-111.0973141,45.7034207],[-111.0979405,45.703414]]]]}},
{"type":"Feature","properties":{"osm_way_id":"1176649248","leisure":"park"},"geometry":{"type":"MultiPolygon","coordinates":[[[[-111.0989461,45.7024301],[-111.0984157,45.7024251],[-111.0985573,45.7032246],[-111.0980365,45.7032313],[-111.0980269,45.703399],[-111.0985789,45.7033872],[-111.0986341,45.7047248],[-111.0981205,45.7047331],[-111.0981253,45.7049142],[-111.0993734,45.7049108],[-111.0997718,45.7049963],[-111.0998054,45.7049728],[-111.0998126,45.7047834],[-111.0993061,45.7047499],[-111.0992091,45.7041266],[-111.0997761,45.7040978],[-111.0997528,45.7039434],[-111.0991815,45.7039596],[-111.0990277,45.7029229],[-111.0989461,45.7024301]]]]}},
{"type":"Feature","properties":{"osm_way_id":"1176649250","leisure":"park"},"geometry":{"type":"MultiPolygon","coordinates":[[[[-111.095795,45.7048729],[-111.0960587,45.7044409],[-111.0953978,45.7044272],[-111.0950624,45.7043454],[-111.0947791,45.703902],[-111.0947824,45.7036359],[-111.0950559,45.7033926],[-111.0961271,45.7033017],[-111.0960587,45.7030834],[-111.0954629,45.7032471],[-111.0950885,45.7032539],[-111.094867,45.7031607],[-111.0947042,45.7029765],[-111.0945786,45.7029708],[-111.0946157,45.7040542],[-111.0941981,45.7040525],[-111.0942029,45.704133],[-111.0946313,45.7041363],[-111.0946193,45.7048328],[-111.0954941,45.7048328],[-111.095795,45.7048729]]]]}},
{"type":"Feature","properties":{"osm_way_id":"1176649251","leisure":"park"},"geometry":{"type":"MultiPolygon","coordinates":[[[[-111.0940764,45.7041392],[-111.094077,45.7040571],[-111.093161,45.7040533],[-111.0931603,45.7041355],[-111.0940764,45.7041392]]]]}},
{"type":"Feature","properties":{"osm_way_id":"1176649252","leisure":"park"},"geometry":{"type":"MultiPolygon","coordinates":[[[[-111.0929816,45.7041393],[-111.0929824,45.7040664],[-111.0919481,45.7040608],[-111.0919473,45.7041336],[-111.0929816,45.7041393]]]]}},
{"type":"Feature","properties":{"osm_way_id":"1176649291","leisure":"park"},"geometry":{"type":"MultiPolygon","coordinates":[[[[-111.1864449,45.678813],[-111.1864721,45.6787558],[-111.1864494,45.6778246],[-111.1864857,45.677731],[-111.1865062,45.677677],[-111.1864562,45.677612],[-111.1863245,45.6775707],[-111.186161,45.677566],[-111.1861429,45.6788145],[-111.1864449,45.678813]]]]}},
{"type":"Feature","properties":{"osm_way_id":"1179424875","leisure":"park"},"geometry":{"type":"MultiPolygon","coordinates":[[[[-111.2343482,45.7865897],[-111.2343444,45.7861506],[-111.2337146,45.7861506],[-111.233726,45.7862987],[-111.2338019,45.7864204],[-111.2339441,45.7865315],[-111.2340978,45.7865818],[-111.2342419,45.7865937],[-111.2343482,45.7865897]]]]}},
{"type":"Feature","properties":{"osm_way_id":"1207867286","leisure":"park"},"geometry":{"type":"MultiPolygon","coordinates":[[[[-111.1997327,45.7929172],[-111.199738,45.7921499],[-111.199113,45.7921478],[-111.199108,45.7929151],[-111.1997327,45.7929172]]]]}},
{"type":"Feature","properties":{"osm_way_id":"1250041076","name":"Sourdough Trail Park","leisure":"park"},"geometry":{"type":"MultiPolygon","coordinates":[[[[-111.034266,45.649559],[-111.0343827,45.6494752],[-111.0358532,45.6494927],[-111.0357518,45.649311],[-111.0344553,45.6492764],[-111.0344521,45.6487311],[-111.0342127,45.6486945],[-111.0337031,45.648722],[-111.0332616,45.6486499],[-111.032989,45.6483561],[-111.0330137,45.6481698],[-111.0322827,45.6475345],[-111.0321965,45.647132],[-111.032175,45.6469469],[-111.032585,45.6464609],[-111.032132,45.6461364],[-111.0321965,45.6458062],[-111.0320569,45.6456812],[-111.0321464,45.6454935],[-111.0321428,45.6452234],[-111.0320932,45.6450685],[-111.032493,45.6448656],[-111.0335893,45.6448785],[-111.0341744,45.6450779],[-111.0342255,45.6451528],[-111.0348873,45.6450859],[-111.0355609,45.6451206],[-111.0355792,45.6449079],[-111.0341146,45.6449057],[-111.0339562,45.6448389],[-111.0340192,45.6446515],[-111.033565,45.6444868],[-111.0332974,45.6446674],[-111.0325413,45.6447181],[-111.0322895,45.6445805],[-111.0322966,45.644513],[-111.0322179,45.6442703],[-111.0322287,45.6441377],[-111.0322609,45.6440327],[-111.0322179,45.6438951],[-111.0321321,45.6438451],[-111.0323789,45.6435999],[-111.032404,45.6434598],[-111.032302,45.6433938],[-111.0299297,45.6432762],[-111.0301336,45.6434873],[-111.0302937,45.6436518],[-111.0315447,45.6437001],[-111.0316569,45.64636],[-111.0316548,45.6481658],[-111.0318366,45.6490987],[-111.0324012,45.6490432],[-111.033238,45.6490329],[-111.033552,45.649029],[-111.0339587,45.6493309],[-111.034266,45.649559]]]]}},
{"type":"Feature","properties":{"osm_way_id":"1250041077","name":"McLeod Park","leisure":"park"},"geometry":{"type":"MultiPolygon","coordinates":[[[[-111.035926,45.6451143],[-111.0359488,45.6449469],[-111.0377313,45.6449211],[-111.038108,45.6446973],[-111.038418,45.6445058],[-111.0386361,45.6442624],[-111.0386427,45.6429516],[-111.0383745,45.642591],[-111.037768,45.642188],[-111.0351767,45.6421375],[-111.0349239,45.6421411],[-111.0343568,45.6421662],[-111.034366,45.6418839],[-111.0360589,45.6418926],[-111.0363569,45.6418061],[-111.0370477,45.6415236],[-111.0374319,45.6418763],[-111.0380952,45.6419578],[-111.0385292,45.6418882],[-111.038606,45.6415538],[-111.0385472,45.641133],[-111.0381385,45.6408958],[-111.038511,45.6407272],[-111.0390981,45.6401151],[-111.0390612,45.6386316],[-111.0400573,45.6388223],[-111.0400021,45.639179],[-111.0408828,45.6392],[-111.0416946,45.6390132],[-111.0434708,45.637446],[-111.0441981,45.6373511],[-111.0441751,45.6368981],[-111.0455684,45.6367531],[-111.0459451,45.6365994],[-111.0461885,45.6364265],[-111.0462787,45.6363607],[-111.0474521,45.6366817],[-111.0474913,45.636764],[-111.0471118,45.6374793],[-111.0457332,45.6374693],[-111.0457174,45.6375349],[-111.0453724,45.6375189],[-111.0451613,45.6377216],[-111.0451283,45.6380182],[-111.0439124,45.6383555],[-111.0431114,45.6389879],[-111.0425125,45.6397102],[-111.0426679,45.6402266],[-111.0420816,45.6410589],[-111.0418994,45.6412674],[-111.0411882,45.6411695],[-111.0408122,45.6413105],[-111.0401985,45.6413191],[-111.0402916,45.6416666],[-111.0403891,45.6418214],[-111.0403891,45.6420134],[-111.0403241,45.6423127],[-111.0403418,45.6423685],[-111.0403448,45.6424841],[-111.0402621,45.6426306],[-111.0397956,45.6426843],[-111.040079,45.6427751],[-111.0401853,45.6430311],[-111.0400436,45.6432024],[-111.0399698,45.6433139],[-111.0398989,45.6433882],[-111.0398399,45.6435183],[-111.0397631,45.6438114],[-111.0397247,45.6438775],[-111.0395387,45.643958],[-111.0394619,45.6440158],[-111.0394206,45.6441128],[-111.0394944,45.6441396],[-111.0397099,45.6441437],[-111.0396922,45.6442201],[-111.0395712,45.6444637],[-111.0395416,45.6445731],[-111.0395889,45.6446722],[-111.0396066,45.6447981],[-111.0395357,45.6449075],[-111.039521,45.645116],[-111.0395623,45.6452089],[-111.0395771,45.6453369],[-111.0394531,45.6453843],[-111.039205,45.6454586],[-111.0392021,45.6455082],[-111.0393172,45.6455598],[-111.0395092,45.6456093],[-111.0395239,45.6458839],[-111.0393852,45.6459458],[-111.0391519,45.6459396],[-111.0391165,45.6460139],[-111.0391253,45.6461398],[-111.0394147,45.6461233],[-111.039583,45.6461357],[-111.0396302,45.6463855],[-111.0395298,45.6465898],[-111.0394147,45.6465671],[-111.0392316,45.6465031],[-111.0392316,45.6466394],[-111.0392346,45.6468685],[-111.0392346,45.6470068],[-111.0392287,45.647271],[-111.0392109,45.647463],[-111.0391489,45.6476859],[-111.0391076,45.6478035],[-111.0389984,45.6478366],[-111.0389157,45.6478283],[-111.0388891,45.6479583],[-111.038898,45.6481193],[-111.0388478,45.6484248],[-111.0389275,45.6485569],[-111.039081,45.6486663],[-111.0391903,45.6487551],[-111.0391903,45.6489099],[-111.0389304,45.6492876],[-111.0388041,45.6493166],[-111.038652,45.6493516],[-111.0386208,45.6498225],[-111.0379956,45.6498223],[-111.0380352,45.6484921],[-111.0380969,45.6484263],[-111.0382571,45.6482804],[-111.0384403,45.648162],[-111.0384957,45.6481163],[-111.0385824,45.648062],[-111.0386216,45.6480471],[-111.0386674,45.6477294],[-111.0386929,45.6474431],[-111.0386872,45.6471249],[-111.0386954,45.6468377],[-111.0386867,45.6465528],[-111.0386736,45.6460717],[-111.0385997,45.6458116],[-111.0384167,45.6454029],[-111.0381666,45.6452275],[-111.0378841,45.6451494],[-111.0375272,45.645103],[-111.035926,45.6451143]]]]}},
{"type":"Feature","properties":{"osm_way_id":"1250923175","landuse":"recreation_ground"},"geometry":{"type":"MultiPolygon","coordinates":[[[[-111.0263922,45.6347168],[-111.0265268,45.631375],[-111.0245112,45.630886],[-111.0256746,45.6282726],[-111.0260161,45.6275188],[-111.0252005,45.6275078],[-111.0250819,45.6288198],[-111.0249491,45.6294],[-111.0242758,45.630859],[-111.0242521,45.6316283],[-111.0240767,45.6322483],[-111.0251056,45.6322516],[-111.0251767,45.6323013],[-111.0255324,45.6323047],[-111.0255181,45.6331535],[-111.0249065,45.6331767],[-111.0250203,45.6340553],[-111.0252574,45.6347019],[-111.0263922,45.6347168]]]]}},
{"type":"Feature","properties":{"osm_way_id":"1252989666","landuse":"recreation_ground"},"geometry":{"type":"MultiPolygon","coordinates":[[[[-111.0216855,45.6596479],[-111.0216824,45.6594717],[-111.0189449,45.6594557],[-111.0190662,45.6591211],[-111.0187787,45.6589757],[-111.0184161,45.6591537],[-111.0182937,45.6589518],[-111.0181756,45.6586535],[-111.0183477,45.6582198],[-111.0187662,45.6579523],[-111.019021,45.6579039],[-111.0216409,45.6578554],[-111.0216451,45.6577347],[-111.0184649,45.6577754],[-111.0180744,45.6580525],[-111.0173224,45.6596332],[-111.01671,45.6603314],[-111.016776,45.6604993],[-111.016322,45.6605858],[-111.0161445,45.6607676],[-111.015831,45.6609139],[-111.0156587,45.6607838],[-111.0152463,45.6609927],[-111.0151692,45.6609375],[-111.0150243,45.6610068],[-111.0135163,45.6618765],[-111.0131712,45.6617729],[-111.0130051,45.6614647],[-111.0132255,45.6610602],[-111.015174,45.6599376],[-111.0160879,45.6594912],[-111.0164512,45.6586968],[-111.0170136,45.6575216],[-111.0179084,45.6571045],[-111.0183766,45.6569715],[-111.0187031,45.6569654],[-111.0187043,45.6566125],[-111.0154641,45.6565722],[-111.0152695,45.6566534],[-111.0153356,45.6566814],[-111.0154083,45.656754],[-111.0154283,45.6568171],[-111.0154258,45.6569228],[-111.0154024,45.6570978],[-111.0152491,45.6575733],[-111.0149876,45.65822],[-111.0147875,45.6585372],[-111.0147748,45.6587929],[-111.01471,45.6589856],[-111.0145412,45.6592988],[-111.0144151,45.6594322],[-111.0142717,45.6595462],[-111.0140082,45.6597205],[-111.0135947,45.6598995],[-111.0132926,45.6600268],[-111.012932,45.6602632],[-111.0127407,45.6604252],[-111.0126124,45.6605894],[-111.0124102,45.6609202],[-111.012346,45.6612259],[-111.0123025,45.6614226],[-111.0122645,45.6614817],[-111.0121688,45.6615475],[-111.0120088,45.6616045],[-111.0119206,45.6616665],[-111.0118686,45.6617478],[-111.0118348,45.6618857],[-111.0113229,45.6628942],[-111.010529,45.6636365],[-111.0101428,45.6637415],[-111.0101374,45.6638569],[-111.0139842,45.6638553],[-111.0162372,45.6638778],[-111.0164733,45.6639228],[-111.0169883,45.6638366],[-111.0191984,45.6638291],[-111.021338,45.6638253],[-111.021462,45.663874],[-111.021536,45.6639589],[-111.0216517,45.6639559],[-111.0216613,45.6635321],[-111.0183983,45.6635278],[-111.0183615,45.6632185],[-111.0178996,45.663225],[-111.0164696,45.663757],[-111.0158712,45.663803],[-111.0154138,45.6637928],[-111.0150663,45.663305],[-111.0162857,45.6629075],[-111.0161761,45.6627253],[-111.0165982,45.662588],[-111.0165395,45.6623664],[-111.0134685,45.6633445],[-111.0130193,45.6632947],[-111.0126841,45.6629205],[-111.0128528,45.6626566],[-111.0134925,45.6623985],[-111.0160882,45.6615662],[-111.0160912,45.6611302],[-111.0173658,45.6605434],[-111.0177001,45.6610564],[-111.0177228,45.6617996],[-111.0171023,45.6620076],[-111.0169828,45.6618515],[-111.0167105,45.661909],[-111.0167009,45.6622614],[-111.0167949,45.6626333],[-111.0171734,45.6625334],[-111.0173316,45.6626629],[-111.0177925,45.6627974],[-111.0182727,45.6627932],[-111.018299,45.6627196],[-111.0177655,45.6623824],[-111.0181508,45.6622363],[-111.0181146,45.6620034],[-111.0182822,45.6617765],[-111.0180008,45.6616465],[-111.0181174,45.6614281],[-111.0216455,45.6613511],[-111.021638,45.6611903],[-111.0185112,45.6611741],[-111.0180428,45.6610471],[-111.0176837,45.6606783],[-111.0176194,45.6602494],[-111.017873,45.6599019],[-111.0182142,45.6597118],[-111.0186064,45.6596523],[-111.0216855,45.6596479]]]]}},
{"type":"Feature","properties":{"osm_way_id":"1252989667","name":"Hauser Park","leisure":"park"},"geometry":{"type":"MultiPolygon","coordinates":[[[[-111.0274034,45.6569338],[-111.0282993,45.6569113],[-111.028298,45.6567336],[-111.0284004,45.6567113],[-111.0286463,45.6565215],[-111.0290153,45.6565036],[-111.029292,45.6564964],[-111.0295943,45.6564319],[-111.0296905,45.656254],[-111.0303619,45.6562729],[-111.0289779,45.654829],[-111.0278379,45.653638],[-111.0277765,45.6536623],[-111.0263592,45.6536776],[-111.0263404,45.6537599],[-111.0263558,45.6540716],[-111.0263507,45.6542865],[-111.0265659,45.654308],[-111.0265966,45.6544262],[-111.026776,45.6547342],[-111.0268067,45.6550566],[-111.0268067,45.655121],[-111.0269604,45.6551783],[-111.0269758,45.6553073],[-111.0271193,45.6553503],[-111.0272986,45.6552786],[-111.0275292,45.6551461],[-111.0276881,45.6552106],[-111.0277393,45.6553395],[-111.0276881,45.6554792],[-111.0276522,45.6557048],[-111.0276266,45.6558768],[-111.0273689,45.656059],[-111.0274831,45.656217],[-111.0273876,45.6565486],[-111.0274034,45.6569338]]]]}},
{"type":"Feature","properties":{"osm_way_id":"1268192652","landuse":"recreation_ground"},"geometry":{"type":"MultiPolygon","coordinates":[[[[-111.0165249,45.6716871],[-111.0167055,45.6716685],[-111.0169707,45.6716639],[-111.0170427,45.6716159],[-111.0170937,45.6707879],[-111.0157218,45.6707442],[-111.0155501,45.6708866],[-111.0138335,45.6708866],[-111.013855,45.6656984],[-111.0138662,45.6655423],[-111.0139681,45.6653886],[-111.0150839,45.6645676],[-111.0151,45.6644739],[-111.0149873,45.6644139],[-111.0147942,45.6643802],[-111.01407,45.6645414],[-111.0139305,45.6645151],[-111.0138554,45.6644439],[-111.0138286,45.6643239],[-111.0138286,45.6640128],[-111.0139037,45.6638815],[-111.0139842,45.6638553],[-111.0101374,45.6638569],[-111.0101428,45.6637415],[-111.009778,45.6637415],[-111.0095205,45.663659],[-111.0091128,45.6630142],[-111.0088339,45.6628267],[-111.0081579,45.6625793],[-111.0077395,45.6622793],[-111.0076215,45.6620994],[-111.0080507,45.661522],[-111.0080507,45.6612821],[-111.0079219,45.6611546],[-111.0076751,45.6611321],[-111.0072674,45.661492],[-111.0070958,45.6614995],[-111.0060765,45.6601723],[-111.0060444,45.6599773],[-111.0063019,45.65922],[-111.0068812,45.6586426],[-111.0069241,45.6584626],[-111.0068919,45.6573528],[-111.0073952,45.6566526],[-111.007398,45.6565772],[-111.0010704,45.6565493],[-111.0010163,45.6565935],[-111.0009847,45.6566535],[-111.0010343,45.6574994],[-111.0010885,45.657815],[-111.00143,45.6578975],[-111.00246,45.6582874],[-111.0028677,45.6587223],[-111.0033826,45.6594272],[-111.0041551,45.6614518],[-111.0069875,45.6636413],[-111.007245,45.6640012],[-111.0075669,45.6649159],[-111.0078029,45.6653058],[-111.0085325,45.6661006],[-111.009777,45.6683349],[-111.0111079,45.6684051],[-111.0114592,45.6686257],[-111.0117305,45.6687935],[-111.0117794,45.6690172],[-111.0115926,45.6693466],[-111.0115037,45.6695796],[-111.0114325,45.669707],[-111.0112324,45.6697536],[-111.011099,45.669822],[-111.0108723,45.6699774],[-111.0108589,45.6700457],[-111.0107141,45.6702695],[-111.0106925,45.6710555],[-111.0121654,45.6710137],[-111.0164889,45.6710672],[-111.0165249,45.6716871]]]]}},
{"type":"Feature","properties":{"osm_way_id":"1268192654","landuse":"recreation_ground"},"geometry":{"type":"MultiPolygon","coordinates":[[[[-111.0073185,45.6564575],[-111.0061281,45.6564607],[-111.006132,45.6550148],[-111.0060542,45.65458],[-111.0060445,45.6542266],[-111.0060476,45.6536941],[-111.0059856,45.6533003],[-111.0058842,45.652879],[-111.0058673,45.6526428],[-111.0059969,45.6521545],[-111.0060657,45.6519895],[-111.0061635,45.6519823],[-111.0061516,45.6497064],[-111.0073149,45.649059],[-111.007433,45.6486324],[-111.0080645,45.6482749],[-111.0082577,45.6476599],[-111.0082653,45.6465655],[-111.0083705,45.6441095],[-111.0085205,45.6430784],[-111.0089736,45.6418645],[-111.0101798,45.6418891],[-111.0097756,45.6424754],[-111.0093804,45.6436658],[-111.0094162,45.6439239],[-111.0090079,45.6451066],[-111.0092213,45.6454489],[-111.009252,45.6466329],[-111.0092185,45.6470322],[-111.0091501,45.6472254],[-111.0089951,45.6474485],[-111.0093364,45.6477355],[-111.0076071,45.6491311],[-111.0076454,45.6496573],[-111.0079852,45.6497821],[-111.0088421,45.6492321],[-111.0095882,45.6485824],[-111.0103334,45.6477151],[-111.0106669,45.6476782],[-111.0096305,45.6488146],[-111.0088475,45.6495747],[-111.0079594,45.650123],[-111.0073107,45.6508552],[-111.0073667,45.651925],[-111.0070457,45.6524317],[-111.0079877,45.6524293],[-111.0085337,45.6520451],[-111.0087865,45.6516308],[-111.0089594,45.6517099],[-111.0089252,45.6521671],[-111.0077008,45.6529044],[-111.0068545,45.6543276],[-111.0072288,45.6546571],[-111.0073185,45.6564575]]]]}},
{"type":"Feature","properties":{"osm_way_id":"1277622403","leisure":"park"},"geometry":{"type":"MultiPolygon","coordinates":[[[[-111.1966295,45.7990792],[-111.1966275,45.7989758],[-111.1965929,45.7988695],[-111.19653,45.7987647],[-111.1964344,45.7986796],[-111.1962942,45.7986003],[-111.1961337,45.7985493],[-111.1959345,45.7985266],[-111.1957394,45.7985408],[-111.1955748,45.7985876],[-111.1954143,45.7986683],[-111.1953066,45.7987547],[-111.1952334,45.7988568],[-111.1951846,45.7989687],[-111.1951846,45.7990537],[-111.1951887,45.7990962],[-111.1966295,45.7990792]]]]}},
{"type":"Feature","properties":{"osm_way_id":"1277955966","leisure":"park"},"geometry":{"type":"MultiPolygon","coordinates":[[[[-111.2479834,45.8144543],[-111.247253,45.8144543],[-111.2472222,45.8153952],[-111.2465087,45.8157263],[-111.2465107,45.8158161],[-111.247178,45.8160613],[-111.2471722,45.8163522],[-111.2480013,45.8163508],[-111.2479834,45.8144543]]]]}},
{"type":"Feature","properties":{"osm_way_id":"1352858473","name":"North 9th Park","leisure":"park"},"geometry":{"type":"MultiPolygon","coordinates":[[[[-111.0499539,45.692314],[-111.0499857,45.6922802],[-111.0499817,45.6922361],[-111.0500005,45.6922052],[-111.0500689,45.6922006],[-111.0501225,45.6921809],[-111.0501587,45.6921228],[-111.0501614,45.6920132],[-111.0501359,45.691898],[-111.0501078,45.6918418],[-111.0499547,45.6916209],[-111.0498852,45.6913771],[-111.0498852,45.6912741],[-111.0499147,45.6911973],[-111.0499924,45.6910507],[-111.0494093,45.6910263],[-111.0493988,45.6914285],[-111.0493615,45.6928519],[-111.0498202,45.6928666],[-111.050285,45.6928736],[-111.0502979,45.6924538],[-111.0499539,45.692314]]]]}},
{"type":"Feature","properties":{"osm_way_id":"1353021655","name":"White Horse Ranch Park","leisure":"park"},"geometry":{"type":"MultiPolygon","coordinates":[[[[-111.1481545,45.6985734],[-111.1478222,45.6982534],[-111.1481287,45.6981114],[-111.1482933,45.6979559],[-111.1488128,45.6981475],[-111.1488806,45.6980506],[-111.1488999,45.697974],[-111.1483191,45.6978861],[-111.1483707,45.6976224],[-111.148958,45.6976629],[-111.1489709,45.6975119],[-111.1488773,45.6973249],[-111.1486644,45.6972054],[-111.1483901,45.6971649],[-111.1480771,45.6971153],[-111.1477125,45.6969665],[-111.1472478,45.6968133],[-111.1467444,45.6966848],[-111.1466444,45.6969733],[-111.1467703,45.6978973],[-111.1466735,45.6979694],[-111.1461765,45.697974],[-111.146183,45.6980641],[-111.1464734,45.6980461],[-111.1468509,45.6981678],[-111.1472769,45.6983841],[-111.1474866,45.6985622],[-111.147677,45.6988258],[-111.147819,45.699076],[-111.147877,45.6989768],[-111.1479577,45.6988011],[-111.1480448,45.6986568],[-111.1480932,45.698614],[-111.1481545,45.6985734]]]]}},
{"type":"Feature","properties":{"osm_way_id":"1353021661","name":"Jerry Askin Park","leisure":"park"},"geometry":{"type":"MultiPolygon","coordinates":[[[[-111.172231,45.7553139],[-111.1720729,45.7549604],[-111.1716889,45.7543998],[-111.1711984,45.753972],[-111.1708144,45.7537221],[-111.1701432,45.7534339],[-111.1697367,45.7533168],[-111.1695943,45.7532884],[-111.1695917,45.755276],[-111.1671613,45.7552861],[-111.1671713,45.7554493],[-111.1695915,45.7554438],[-111.1696051,45.7577396],[-111.1698424,45.7577632],[-111.1698372,45.7554435],[-111.1722612,45.7554413],[-111.172231,45.7553139]]]]}},
{"type":"Feature","properties":{"osm_way_id":"1357066555","leisure":"park"},"geometry":{"type":"MultiPolygon","coordinates":[[[[-111.0625138,45.6415644],[-111.0625188,45.6424388],[-111.0608769,45.6424563],[-111.0608657,45.6419411],[-111.0608578,45.6415792],[-111.0625138,45.6415644]]]]}},
{"type":"Feature","properties":{"osm_way_id":"1357066559","leisure":"park"},"geometry":{"type":"MultiPolygon","coordinates":[[[[-111.0574011,45.6446947],[-111.0573955,45.6444543],[-111.0552284,45.6444759],[-111.0552334,45.6447191],[-111.0574011,45.6446947]]]]}},
{"type":"Feature","properties":{"osm_way_id":"1357066561","leisure":"park"},"geometry":{"type":"MultiPolygon","coordinates":[[[[-111.0591298,45.645668],[-111.0593562,45.6456663],[-111.0593409,45.6446703],[-111.0591148,45.6446719],[-111.0591298,45.645668]]]]}},
{"type":"Feature","properties":{"osm_way_id":"1357066563","landuse":"recreation_ground"},"geometry":{"type":"MultiPolygon","coordinates":[[[[-111.0574263,45.6470769],[-111.0574306,45.6469989],[-111.0546431,45.6469959],[-111.0546324,45.6462023],[-111.0544328,45.6462053],[-111.0544435,45.6469809],[-111.053332,45.6469914],[-111.053332,45.6470664],[-111.0544393,45.6470724],[-111.0544393,45.6482109],[-111.0546495,45.6482109],[-111.0546388,45.6470709],[-111.0574263,45.6470769]]]]}},
{"type":"Feature","properties":{"osm_way_id":"1357129317","leisure":"park"},"geometry":{"type":"MultiPolygon","coordinates":[[[[-111.0181899,45.7063945],[-111.0181864,45.7060526],[-111.0178471,45.7060688],[-111.0172117,45.706068],[-111.0172222,45.7061682],[-111.0172502,45.7062423],[-111.0173131,45.706305],[-111.0173994,45.7063554],[-111.0175405,45.7063913],[-111.0176209,45.7063945],[-111.0181899,45.7063945]]]]}},
{"type":"Feature","properties":{"osm_way_id":"1357129319","landuse":"recreation_ground"},"geometry":{"type":"MultiPolygon","coordinates":[[[[-111.012704,45.7060881],[-111.0118074,45.7059858],[-111.0112603,45.7057362],[-111.0106735,45.7058471],[-111.0102764,45.7057793],[-111.0099411,45.7055267],[-111.0096676,45.7051631],[-111.0091557,45.7052586],[-111.0086175,45.7052401],[-111.0079865,45.7052001],[-111.0071968,45.7052648],[-111.0066072,45.7054587],[-111.0061239,45.7056433],[-111.0057941,45.7058165],[-111.0057897,45.7056762],[-111.0057794,45.7049621],[-111.0060692,45.7050548],[-111.0063267,45.7050857],[-111.0066296,45.7049984],[-111.0073456,45.7050599],[-111.008027,45.7050315],[-111.0088388,45.7050229],[-111.0097433,45.7049767],[-111.0098986,45.7048751],[-111.0103297,45.7052739],[-111.0105318,45.7053747],[-111.0107595,45.7054497],[-111.0111117,45.7054959],[-111.0115008,45.7055383],[-111.0128082,45.7058507],[-111.012704,45.7060881]]]]}},
{"type":"Feature","properties":{"osm_way_id":"1357129320","landuse":"recreation_ground"},"geometry":{"type":"MultiPolygon","coordinates":[[[[-111.00402,45.7062269],[-111.0038945,45.7064612],[-111.003856,45.7067146],[-111.0035997,45.7069569],[-111.0032141,45.7070076],[-111.0026607,45.7069775],[-111.002384,45.7068603],[-111.0021323,45.7065863],[-111.0016514,45.706374],[-111.0012364,45.7063139],[-111.0009733,45.7061935],[-111.0007646,45.7059464],[-111.0006512,45.7058102],[-110.9991761,45.7060732],[-110.9990765,45.7060025],[-111.000536,45.705143],[-111.0034069,45.7034565],[-111.0042234,45.7030763],[-111.004757,45.702905],[-111.0053546,45.7027906],[-111.0057622,45.7027387],[-111.0055438,45.7029702],[-111.0049239,45.7030742],[-111.0043784,45.7033195],[-111.0039499,45.7035121],[-111.0046283,45.7040394],[-111.0046806,45.7043276],[-111.0045549,45.7043494],[-111.0045773,45.7040744],[-111.0040126,45.703676],[-111.0038427,45.7035535],[-111.0037424,45.7035074],[-111.0011414,45.7050646],[-111.0010185,45.7051966],[-111.000714,45.705352],[-111.0007311,45.7055457],[-111.0011006,45.7059799],[-111.0013989,45.7061268],[-111.0017251,45.7058638],[-111.0018131,45.7059175],[-111.001573,45.7062034],[-111.0018873,45.7062799],[-111.0028333,45.7065649],[-111.0033534,45.7065388],[-111.0037265,45.7062698],[-111.00402,45.7062269]]]]}},
{"type":"Feature","properties":{"osm_way_id":"1357129321","landuse":"recreation_ground"},"geometry":{"type":"MultiPolygon","coordinates":[[[[-111.01335,45.7059056],[-111.0133899,45.705823],[-111.0133293,45.705671],[-111.0131682,45.7056018],[-111.0127634,45.7054681],[-111.0126064,45.705472],[-111.0124921,45.7055229],[-111.012426,45.7055816],[-111.0123765,45.7056528],[-111.01335,45.7059056]]]]}},
{"type":"Feature","properties":{"osm_way_id":"1361349980","leisure":"park"},"geometry":{"type":"MultiPolygon","coordinates":[[[[-111.0775212,45.6688584],[-111.0776417,45.6683989],[-111.0776431,45.6678935],[-111.0776321,45.6675716],[-111.0772052,45.6675711],[-111.0771981,45.668286],[-111.0771696,45.6688519],[-111.0775212,45.6688584]]]]}},
{"type":"Feature","properties":{"osm_way_id":"1361350020","landuse":"recreation_ground"},"geometry":{"type":"MultiPolygon","coordinates":[[[[-111.1192895,45.685617],[-111.1194577,45.6856171],[-111.1194607,45.6854999],[-111.1195083,45.6832794],[-111.1195482,45.6820821],[-111.1193924,45.6820809],[-111.1192895,45.685617]]]]}},
{"type":"Feature","properties":{"osm_way_id":"1361350021","leisure":"park"},"geometry":{"type":"MultiPolygon","coordinates":[[[[-111.1195482,45.6820821],[-111.1195691,45.6813142],[-111.1193348,45.6813155],[-111.1181365,45.681322],[-111.118064,45.6818032],[-111.1180469,45.6820954],[-111.1195482,45.6820821]]]]}},
{"type":"Feature","properties":{"osm_way_id":"1361350025","landuse":"recreation_ground"},"geometry":{"type":"MultiPolygon","coordinates":[[[[-111.1193348,45.6813155],[-111.1195691,45.6813142],[-111.119681,45.67834],[-111.1194258,45.678344],[-111.1193348,45.6813155]]]]}},
{"type":"Feature","properties":{"osm_way_id":"1361374367","landuse":"recreation_ground"},"geometry":{"type":"MultiPolygon","coordinates":[[[[-111.1089844,45.6676197],[-111.1089842,45.6674685],[-111.1094648,45.6674683],[-111.1094649,45.6676195],[-111.1089844,45.6676197]]]]}},
{"type":"Feature","properties":{"osm_way_id":"1376019635","leisure":"park"},"geometry":{"type":"MultiPolygon","coordinates":[[[[-111.1086671,45.6947514],[-111.1088198,45.6947458],[-111.1088439,45.6945828],[-111.1089753,45.6944723],[-111.1090102,45.6943318],[-111.1093106,45.6941763],[-111.1094152,45.6941014],[-111.1094259,45.694037],[-111.1093884,45.6939196],[-111.1092838,45.6938747],[-111.1090639,45.6938503],[-111.1089244,45.6938297],[-111.1088064,45.6937435],[-111.1087152,45.6936161],[-111.1086321,45.6936142],[-111.1086286,45.6944883],[-111.1086671,45.6947514]]]]}},
{"type":"Feature","properties":{"osm_way_id":"1376019642","landuse":"grass"},"geometry":{"type":"MultiPolygon","coordinates":[[[[-111.1034044,45.6969809],[-111.1034641,45.6944896],[-111.1034445,45.6937482],[-111.1032314,45.6932046],[-111.1030195,45.6931091],[-111.1028183,45.6931072],[-111.1024965,45.6931522],[-111.1021183,45.6931728],[-111.0986019,45.6931671],[-111.0984584,45.6969503],[-111.1034044,45.6969809]]]]}},
{"type":"Feature","properties":{"osm_way_id":"1376022354","landuse":"grass"},"geometry":{"type":"MultiPolygon","coordinates":[[[[-111.101639,45.6879148],[-111.1036156,45.6879185],[-111.1036642,45.6858571],[-111.1016461,45.6858129],[-111.101639,45.6879148]]]]}},
{"type":"Feature","properties":{"osm_way_id":"1376328241","landuse":"grass"},"geometry":{"type":"MultiPolygon","coordinates":[[[[-111.1793904,45.7582919],[-111.1750162,45.7582335],[-111.1749748,45.7564183],[-111.1794247,45.7564222],[-111.1793904,45.7582919]]]]}},
{"type":"Feature","properties":{"osm_way_id":"1377612325","landuse":"grass"},"geometry":{"type":"MultiPolygon","coordinates":[[[[-111.0738689,45.7125511],[-111.0738691,45.7119841],[-111.0735723,45.7119777],[-111.0732104,45.7120557],[-111.0727451,45.7122233],[-111.0724363,45.7122515],[-111.0722585,45.7122492],[-111.0722622,45.7125389],[-111.0738689,45.7125511]]]]}},
{"type":"Feature","properties":{"osm_way_id":"1377612327","landuse":"grass"},"geometry":{"type":"MultiPolygon","coordinates":[[[[-111.0752714,45.7118619],[-111.0740606,45.7118484],[-111.0740542,45.7111345],[-111.0752856,45.711138],[-111.0752714,45.7118619]]]]}},
{"type":"Feature","properties":{"osm_way_id":"1377612334","landuse":"grass"},"geometry":{"type":"MultiPolygon","coordinates":[[[[-111.0635539,45.7016432],[-111.0620366,45.7016328],[-111.0620766,45.7003605],[-111.0635371,45.7003462],[-111.0635539,45.7016432]]]]}},
{"type":"Feature","properties":{"osm_way_id":"1377612335","landuse":"grass"},"geometry":{"type":"MultiPolygon","coordinates":[[[[-111.0654387,45.703017],[-111.0654309,45.7042351],[-111.0638373,45.7042236],[-111.0638342,45.7036017],[-111.0638374,45.7029977],[-111.0654387,45.703017]]]]}},
{"type":"Feature","properties":{"osm_way_id":"1377612336","landuse":"grass"},"geometry":{"type":"MultiPolygon","coordinates":[[[[-111.065443,45.7022674],[-111.0654594,45.7016546],[-111.0645681,45.7016501],[-111.0645595,45.7022642],[-111.065443,45.7022674]]]]}},
{"type":"Feature","properties":{"osm_way_id":"1377612337","landuse":"grass"},"geometry":{"type":"MultiPolygon","coordinates":[[[[-111.0654277,45.7054913],[-111.0654161,45.706257],[-111.0653994,45.7073527],[-111.0653614,45.7074388],[-111.0652287,45.7074807],[-111.0650852,45.7075006],[-111.0650863,45.7068341],[-111.0651295,45.7054978],[-111.0654277,45.7054913]]]]}},
{"type":"Feature","properties":{"osm_way_id":"1377612340","landuse":"grass"},"geometry":{"type":"MultiPolygon","coordinates":[[[[-111.0673534,45.6965173],[-111.0676181,45.6965239],[-111.0677734,45.6965618],[-111.0677704,45.6964959],[-111.0687415,45.6952386],[-111.0671573,45.6946098],[-111.0673502,45.6944616],[-111.0658208,45.694473],[-111.0669047,45.6958287],[-111.0673534,45.6965173]]]]}},
{"type":"Feature","properties":{"osm_way_id":"1377612341","landuse":"grass"},"geometry":{"type":"MultiPolygon","coordinates":[[[[-111.0723721,45.6965539],[-111.0713449,45.6965496],[-111.071386,45.6953887],[-111.0724175,45.6954107],[-111.0723721,45.6965539]]]]}},
{"type":"Feature","properties":{"osm_way_id":"1377612343","landuse":"grass"},"geometry":{"type":"MultiPolygon","coordinates":[[[[-111.053747,45.696528],[-111.0537778,45.69531],[-111.0515335,45.6952821],[-111.0515027,45.6965004],[-111.053747,45.696528]]]]}},
{"type":"Feature","properties":{"osm_way_id":"1377612345","landuse":"grass"},"geometry":{"type":"MultiPolygon","coordinates":[[[[-111.0537159,45.692924],[-111.0525194,45.6929026],[-111.0525174,45.6922149],[-111.0537215,45.6922116],[-111.0537159,45.692924]]]]}},
{"type":"Feature","properties":{"osm_way_id":"1377612346","landuse":"grass"},"geometry":{"type":"MultiPolygon","coordinates":[[[[-111.0549935,45.6892448],[-111.0538528,45.6892458],[-111.0538249,45.6876789],[-111.0538281,45.6871766],[-111.0550123,45.6872064],[-111.0549935,45.6892448]]]]}},
{"type":"Feature","properties":{"osm_way_id":"1377612348","landuse":"grass"},"geometry":{"type":"MultiPolygon","coordinates":[[[[-111.0504532,45.6874482],[-111.0504533,45.6869549],[-111.0496123,45.686944],[-111.0496469,45.6856496],[-111.0489519,45.6856415],[-111.0495344,45.6869633],[-111.0501169,45.6874812],[-111.0504532,45.6874482]]]]}},
{"type":"Feature","properties":{"osm_way_id":"1377612349","landuse":"grass"},"geometry":{"type":"MultiPolygon","coordinates":[[[[-111.0482282,45.6856274],[-111.0473321,45.6856154],[-111.0473081,45.6865012],[-111.0475352,45.6871054],[-111.0476126,45.687572],[-111.0473545,45.6876621],[-111.0474158,45.6880589],[-111.0472824,45.6880769],[-111.0472894,45.6889082],[-111.0479676,45.688914],[-111.0479451,45.6910012],[-111.0494093,45.6910263],[-111.0497756,45.6905926],[-111.0502758,45.689339],[-111.0503523,45.6883361],[-111.0495874,45.6879251],[-111.0490519,45.6872099],[-111.0484989,45.6859357],[-111.0482282,45.6856274]]]]}},
{"type":"Feature","properties":{"osm_way_id":"1377612354","landuse":"grass"},"geometry":{"type":"MultiPolygon","coordinates":[[[[-111.0364356,45.6929377],[-111.0361027,45.692905],[-111.0358579,45.6928716],[-111.0358639,45.6934188],[-111.0364356,45.6929377]]]]}},
{"type":"Feature","properties":{"osm_way_id":"1377612393","landuse":"grass"},"geometry":{"type":"MultiPolygon","coordinates":[[[[-111.0991572,45.6747835],[-111.0998569,45.6747836],[-111.0998749,45.6739647],[-111.0998577,45.6713364],[-111.0992212,45.6713377],[-111.0991028,45.6729052],[-111.09925,45.6733547],[-111.0991572,45.6747835]]]]}},
{"type":"Feature","properties":{"osm_way_id":"1377612442","landuse":"grass"},"geometry":{"type":"MultiPolygon","coordinates":[[[[-111.1449907,45.6724988],[-111.1449585,45.6711943],[-111.1360191,45.6712302],[-111.1360203,45.673299],[-111.1326974,45.6733002],[-111.1326961,45.6712311],[-111.1310754,45.6712318],[-111.1323467,45.6731997],[-111.1336288,45.6744592],[-111.1350289,45.6744816],[-111.1350128,45.6747365],[-111.1409906,45.6747438],[-111.1408452,45.6725127],[-111.1449907,45.6724988]]]]}},
{"type":"Feature","properties":{"osm_way_id":"1377711135","landuse":"grass"},"geometry":{"type":"MultiPolygon","coordinates":[[[[-111.0892872,45.7061006],[-111.0872269,45.7061036],[-111.0872196,45.7051333],[-111.0880748,45.705128],[-111.0882557,45.7050127],[-111.0884664,45.7043881],[-111.0891965,45.7043904],[-111.0893149,45.7057189],[-111.0892872,45.7061006]]]]}},
{"type":"Feature","properties":{"osm_way_id":"1377711136","landuse":"grass"},"geometry":{"type":"MultiPolygon","coordinates":[[[[-111.0915765,45.7074357],[-111.0915583,45.7064115],[-111.0909807,45.7064102],[-111.0903154,45.7062578],[-111.0892845,45.7062533],[-111.0872764,45.7062074],[-111.0872906,45.7065583],[-111.0874994,45.70685],[-111.0876728,45.7071441],[-111.0876799,45.7074481],[-111.0915765,45.7074357]]]]}},
{"type":"Feature","properties":{"osm_way_id":"1377711137","landuse":"grass"},"geometry":{"type":"MultiPolygon","coordinates":[[[[-111.0856934,45.7049988],[-111.0828347,45.7050037],[-111.0828276,45.7033972],[-111.085666,45.7033873],[-111.0856934,45.7049988]]]]}},
{"type":"Feature","properties":{"osm_way_id":"1377711138","landuse":"grass"},"geometry":{"type":"MultiPolygon","coordinates":[[[[-111.0858411,45.7032725],[-111.0858262,45.7021383],[-111.0828677,45.702157],[-111.0828826,45.7032916],[-111.0858411,45.7032725]]]]}},
{"type":"Feature","properties":{"osm_way_id":"1377711139","landuse":"grass"},"geometry":{"type":"MultiPolygon","coordinates":[[[[-111.0872286,45.7020095],[-111.0871455,45.7020427],[-111.0828701,45.7020451],[-111.0828595,45.7004187],[-111.0829551,45.7003248],[-111.0831426,45.7003001],[-111.0871913,45.7002885],[-111.0872286,45.7020095]]]]}},
{"type":"Feature","properties":{"osm_way_id":"1377711140","landuse":"grass"},"geometry":{"type":"MultiPolygon","coordinates":[[[[-111.0826298,45.7011264],[-111.0825657,45.7004311],[-111.0824985,45.7003371],[-111.0821906,45.700305],[-111.0802299,45.7003198],[-111.0802744,45.7011281],[-111.0826298,45.7011264]]]]}},
{"type":"Feature","properties":{"osm_way_id":"1377711141","landuse":"grass"},"geometry":{"type":"MultiPolygon","coordinates":[[[[-111.0698718,45.7002204],[-111.0691309,45.7002262],[-111.0689571,45.6995807],[-111.0689831,45.6984812],[-111.0698965,45.6984921],[-111.0698718,45.7002204]]]]}},
{"type":"Feature","properties":{"osm_way_id":"1377711143","landuse":"grass"},"geometry":{"type":"MultiPolygon","coordinates":[[[[-111.0616073,45.6894028],[-111.0621584,45.6893817],[-111.0621136,45.6888101],[-111.0615627,45.6888311],[-111.0616073,45.6894028]]]]}},
{"type":"Feature","properties":{"osm_way_id":"1377711144","landuse":"grass"},"geometry":{"type":"MultiPolygon","coordinates":[[[[-111.0615569,45.6887162],[-111.0621478,45.6887027],[-111.0621092,45.6878766],[-111.0615182,45.6878901],[-111.0615569,45.6887162]]]]}},
{"type":"Feature","properties":{"osm_way_id":"1379208827","landuse":"grass"},"geometry":{"type":"MultiPolygon","coordinates":[[[[-111.2238504,45.7861216],[-111.2238489,45.7856113],[-111.222142,45.7856136],[-111.2221435,45.7861241],[-111.2238504,45.7861216]]]]}},
{"type":"Feature","properties":{"osm_way_id":"1379208828","landuse":"grass"},"geometry":{"type":"MultiPolygon","coordinates":[[[[-111.2203291,45.7861404],[-111.2203292,45.7856458],[-111.2185179,45.7856462],[-111.2185187,45.7861411],[-111.2203291,45.7861404]]]]}},
{"type":"Feature","properties":{"osm_way_id":"1444394605","barrier":"fence","landuse":"recreation_ground"},"geometry":{"type":"MultiPolygon","coordinates":[[[[-111.0534082,45.6837713],[-111.0534095,45.6837326],[-111.0534195,45.6834308],[-111.0542404,45.6834441],[-111.0542225,45.6837854],[-111.0534082,45.6837713]]]]}},
{"type":"Feature","properties":{"osm_way_id":"1445720648","landuse":"grass"},"geometry":{"type":"MultiPolygon","coordinates":[[[[-111.0559263,45.6910438],[-111.0559836,45.6910455],[-111.0559912,45.6910442],[-111.0559945,45.6910414],[-111.0559948,45.6910373],[-111.0559932,45.6910328],[-111.05599,45.6910287],[-111.0559853,45.6910246],[-111.0559759,45.6910218],[-111.0559575,45.6910205],[-111.0559259,45.6910201],[-111.0558572,45.6910212],[-111.0558446,45.6910242],[-111.0558353,45.6910289],[-111.0558299,45.6910342],[-111.0558282,45.6910384],[-111.0558287,45.6910426],[-111.0558322,45.6910441],[-111.0558959,45.6910442],[-111.0558958,45.6911071],[-111.0558939,45.6911461],[-111.0558939,45.6911978],[-111.0558938,45.6912233],[-111.0558336,45.6912224],[-111.0558285,45.6912245],[-111.055825,45.6912279],[-111.0558247,45.6912332],[-111.0558272,45.6912377],[-111.0558299,45.6912416],[-111.0558353,45.6912431],[-111.0558461,45.6912426],[-111.0558632,45.6912424],[-111.0558805,45.6912425],[-111.0558929,45.691242],[-111.0558881,45.6914437],[-111.0558893,45.6914666],[-111.055852,45.6914667],[-111.0558302,45.6914669],[-111.0558243,45.6914674],[-111.0558215,45.691471],[-111.0558229,45.6914762],[-111.0558351,45.6914847],[-111.0558478,45.6914904],[-111.0558724,45.6914905],[-111.0559076,45.6914916],[-111.0559451,45.6914907],[-111.0559698,45.6914909],[-111.055979,45.6914893],[-111.0559839,45.6914869],[-111.0559877,45.6914834],[-111.0559901,45.6914757],[-111.0559872,45.6914697],[-111.0559782,45.6914677],[-111.0559195,45.6914682],[-111.0559231,45.6913357],[-111.0559273,45.6912446],[-111.0559821,45.6912454],[-111.0559867,45.6912451],[-111.0559902,45.6912433],[-111.0559958,45.6912391],[-111.0559987,45.6912338],[-111.0559977,45.6912301],[-111.0559943,45.6912248],[-111.0559885,45.6912218],[-111.0559803,45.6912218],[-111.0559256,45.6912212],[-111.0559263,45.6910438]]]]}},
{"type":"Feature","properties":{"osm_way_id":"1445720649","landuse":"grass"},"geometry":{"type":"MultiPolygon","coordinates":[[[[-111.0552398,45.6903523],[-111.0552427,45.6903009],[-111.0551686,45.6902992],[-111.0551642,45.6903452],[-111.0552398,45.6903523]]]]}},
{"type":"Feature","properties":{"osm_way_id":"1445720650","landuse":"grass"},"geometry":{"type":"MultiPolygon","coordinates":[[[[-111.055128,45.6914289],[-111.0551306,45.691486],[-111.0551099,45.6914762],[-111.055111,45.6913841],[-111.0551143,45.6912846],[-111.055114,45.6911773],[-111.0551128,45.6910982],[-111.0551143,45.6909629],[-111.0551143,45.690866],[-111.0551148,45.6907516],[-111.055118,45.690633],[-111.0551205,45.6905174],[-111.0551229,45.6903849],[-111.0551427,45.6903828],[-111.0551316,45.6907814],[-111.0551346,45.6909957],[-111.0551333,45.6912153],[-111.0551319,45.6913758],[-111.055128,45.6914289]]]]}},
{"type":"Feature","properties":{"osm_way_id":"1445720651","landuse":"grass"},"geometry":{"type":"MultiPolygon","coordinates":[[[[-111.0561449,45.6903501],[-111.0561148,45.6903504],[-111.0560852,45.6903526],[-111.0560602,45.6903584],[-111.0560589,45.6903048],[-111.0561071,45.6903045],[-111.0561447,45.6903076],[-111.0561449,45.6903501]]]]}},
{"type":"Feature","properties":{"osm_way_id":"1445720652","landuse":"grass"},"geometry":{"type":"MultiPolygon","coordinates":[[[[-111.0561885,45.6903529],[-111.0561885,45.6903306],[-111.0561666,45.6903136],[-111.0561666,45.6903529],[-111.0561885,45.6903529]]]]}},
{"type":"Feature","properties":{"osm_way_id":"1445720653","landuse":"grass"},"geometry":{"type":"MultiPolygon","coordinates":[[[[-111.0561884,45.6903868],[-111.0561869,45.6903722],[-111.0561659,45.6903711],[-111.0561697,45.6904231],[-111.0561776,45.6904723],[-111.0561899,45.6905263],[-111.0562074,45.690585],[-111.0562304,45.6906437],[-111.0562727,45.6907182],[-111.0563255,45.6907892],[-111.0563778,45.6908543],[-111.0564278,45.6909063],[-111.0564368,45.6908902],[-111.0563849,45.6908342],[-111.0563148,45.6907447],[-111.0562783,45.6906803],[-111.0562544,45.6906314],[-111.056229,45.6905761],[-111.0562065,45.6905084],[-111.0561954,45.6904487],[-111.0561884,45.6903868]]]]}},
{"type":"Feature","properties":{"osm_way_id":"1445720654","landuse":"grass"},"geometry":{"type":"MultiPolygon","coordinates":[[[[-111.0562512,45.6908969],[-111.0562748,45.6908975],[-111.0562728,45.6909493],[-111.0563305,45.6909481],[-111.0564087,45.6909129],[-111.056351,45.690852],[-111.0562512,45.6908969]]]]}},
{"type":"Feature","properties":{"osm_way_id":"1445720655","landuse":"grass"},"geometry":{"type":"MultiPolygon","coordinates":[[[[-111.0560169,45.6909422],[-111.0560138,45.690945],[-111.056006,45.6909459],[-111.0559974,45.6909452],[-111.0559897,45.6909419],[-111.0559916,45.6909026],[-111.0560188,45.6909032],[-111.0560169,45.6909422]]]]}},
{"type":"Feature","properties":{"osm_way_id":"1445720656","landuse":"grass"},"geometry":{"type":"MultiPolygon","coordinates":[[[[-111.0557228,45.690948],[-111.0557199,45.6909495],[-111.055649,45.6909493],[-111.0556493,45.6908951],[-111.0557231,45.6908953],[-111.0557228,45.690948]]]]}},
{"type":"Feature","properties":{"osm_way_id":"1445720657","landuse":"grass"},"geometry":{"type":"MultiPolygon","coordinates":[[[[-111.0551577,45.6908947],[-111.0556265,45.6908971],[-111.0556288,45.6910354],[-111.0555564,45.6910378],[-111.0555442,45.6909848],[-111.0555325,45.6909106],[-111.0552996,45.6909065],[-111.0552716,45.6909253],[-111.055271,45.6909648],[-111.0552476,45.6909828],[-111.0552599,45.6910766],[-111.0552616,45.6911487],[-111.0552815,45.6911569],[-111.0552826,45.6911862],[-111.0552994,45.6911937],[-111.0553116,45.6911995],[-111.0554067,45.6911979],[-111.055504,45.6912047],[-111.0555479,45.6912025],[-111.0555482,45.6911465],[-111.0555573,45.6910859],[-111.055628,45.691085],[-111.0556252,45.6912128],[-111.0555456,45.6912127],[-111.0554201,45.6912136],[-111.055317,45.6912096],[-111.0552755,45.6912217],[-111.0552092,45.6912457],[-111.0551518,45.691264],[-111.0551518,45.6911339],[-111.05515,45.6910077],[-111.0551577,45.6908947]]]]}},
{"type":"Feature","properties":{"osm_way_id":"1445720658","landuse":"grass"},"geometry":{"type":"MultiPolygon","coordinates":[[[[-111.0551584,45.690646],[-111.0560795,45.6906505],[-111.0561537,45.690657],[-111.0562132,45.6906456],[-111.0561881,45.6905824],[-111.0561513,45.6904511],[-111.0561455,45.6903655],[-111.0560947,45.6903655],[-111.0560276,45.6903741],[-111.0560253,45.6903883],[-111.0560702,45.6903891],[-111.0560685,45.6904059],[-111.056076,45.6904071],[-111.0560901,45.6904666],[-111.0560725,45.6905225],[-111.0560696,45.6905421],[-111.0560346,45.6905457],[-111.0560183,45.6905584],[-111.0557818,45.6905563],[-111.0557322,45.6905469],[-111.0557176,45.6905282],[-111.0557176,45.6904935],[-111.0557445,45.6904793],[-111.0557451,45.6904434],[-111.0557287,45.6904417],[-111.0557252,45.6903936],[-111.0557556,45.6903924],[-111.0557567,45.6903716],[-111.0555477,45.6903708],[-111.0555489,45.6903887],[-111.0555799,45.6903887],[-111.0555799,45.6904038],[-111.0555985,45.6904026],[-111.0556102,45.6904617],[-111.0555985,45.6905156],[-111.0555959,45.6905471],[-111.0555965,45.6905508],[-111.0554491,45.6905544],[-111.0552955,45.6905536],[-111.0552538,45.6905461],[-111.0552471,45.690541],[-111.0552453,45.6905286],[-111.055257,45.6905249],[-111.0552591,45.6904949],[-111.0552661,45.6904884],[-111.0552453,45.6904886],[-111.0552407,45.6904882],[-111.0552432,45.6904378],[-111.0552591,45.6904376],[-111.055262,45.6903881],[-111.0552798,45.6903875],[-111.0552789,45.6903673],[-111.0552188,45.6903659],[-111.0551624,45.6903581],[-111.055161,45.690511],[-111.0551584,45.690646]]]]}},
{"type":"Feature","properties":{"osm_way_id":"1445720659","landuse":"grass"},"geometry":{"type":"MultiPolygon","coordinates":[[[[-111.0552166,45.6908296],[-111.0552163,45.6908477],[-111.05526,45.6908481],[-111.0552597,45.690863],[-111.0552707,45.6908631],[-111.0552704,45.6908807],[-111.0551523,45.6908796],[-111.0551564,45.6906576],[-111.0552058,45.690658],[-111.0552027,45.6908295],[-111.0552166,45.6908296]]]]}},
{"type":"Feature","properties":{"osm_way_id":"1445720660","landuse":"grass"},"geometry":{"type":"MultiPolygon","coordinates":[[[[-111.0557221,45.6908526],[-111.055732,45.690756],[-111.0557338,45.6907068],[-111.0557314,45.6906909],[-111.0556947,45.6906901],[-111.0556783,45.6907183],[-111.0556766,45.6907356],[-111.055685,45.6907627],[-111.0556952,45.6907876],[-111.0556976,45.690812],[-111.0556926,45.6908396],[-111.0556859,45.6908536],[-111.0557221,45.6908526]]]]}},
{"type":"Feature","properties":{"osm_way_id":"1445720661","landuse":"grass"},"geometry":{"type":"MultiPolygon","coordinates":[[[[-111.0562227,45.6906625],[-111.0561515,45.6906749],[-111.0561745,45.690763],[-111.056147,45.6908521],[-111.0561069,45.6908521],[-111.0561074,45.6908585],[-111.0560713,45.6908592],[-111.0559534,45.6908546],[-111.0559509,45.6908847],[-111.0562415,45.6908854],[-111.0563427,45.6908446],[-111.0563218,45.6908212],[-111.0562812,45.6907694],[-111.0562532,45.6907253],[-111.0562283,45.6906803],[-111.0562227,45.6906625]]]]}},
{"type":"Feature","properties":{"osm_way_id":"1445720662","landuse":"grass"},"geometry":{"type":"MultiPolygon","coordinates":[[[[-111.0557965,45.6908833],[-111.0557961,45.6908564],[-111.055933,45.6908556],[-111.0559334,45.6908825],[-111.0557965,45.6908833]]]]}},
{"type":"Feature","properties":{"osm_way_id":"1445720663","landuse":"grass"},"geometry":{"type":"MultiPolygon","coordinates":[[[[-111.0556468,45.6906763],[-111.0556472,45.6906637],[-111.0554509,45.6906606],[-111.0554505,45.6906732],[-111.0556468,45.6906763]]]]}},
{"type":"Feature","properties":{"osm_way_id":"1445720664","landuse":"grass"},"geometry":{"type":"MultiPolygon","coordinates":[[[[-111.0552921,45.6908793],[-111.0552921,45.6908558],[-111.0553705,45.6908559],[-111.0553705,45.6908412],[-111.0555096,45.6908413],[-111.0555096,45.6908578],[-111.0556439,45.6908579],[-111.0556439,45.6908796],[-111.0552921,45.6908793]]]]}},
{"type":"Feature","properties":{"osm_way_id":"1450094998","landuse":"grass"},"geometry":{"type":"MultiPolygon","coordinates":[[[[-111.0488162,45.6652028],[-111.049154,45.6649504],[-111.048848,45.6648324],[-111.0487577,45.6648301],[-111.0487644,45.6648885],[-111.0487995,45.6649154],[-111.0487895,45.6650953],[-111.0488162,45.6652028]]]]}},
{"type":"Feature","properties":{"osm_way_id":"1450095003","landuse":"grass"},"geometry":{"type":"MultiPolygon","coordinates":[[[[-111.0492275,45.6649356],[-111.0492024,45.6648226],[-111.0489151,45.6648214],[-111.0492275,45.6649356]]]]}},
{"type":"Feature","properties":{"osm_way_id":"1450095004","landuse":"grass"},"geometry":{"type":"MultiPolygon","coordinates":[[[[-111.0486794,45.6645339],[-111.0486426,45.6645339],[-111.0486342,45.6638573],[-111.0488466,45.6638714],[-111.0488599,45.6639146],[-111.0487931,45.6641016],[-111.0487145,45.6642523],[-111.0486727,45.6643902],[-111.0486794,45.6645339]]]]}},
{"type":"Feature","properties":{"osm_way_id":"1450095005","landuse":"grass"},"geometry":{"type":"MultiPolygon","coordinates":[[[[-111.0490571,45.6646729],[-111.0488967,45.6646566],[-111.0488951,45.6645585],[-111.048763,45.664562],[-111.048758,45.6643762],[-111.0488298,45.6642243],[-111.0489068,45.6640501],[-111.0489369,45.663938],[-111.0489536,45.6638982],[-111.0490121,45.6638784],[-111.0491208,45.6638924],[-111.0491793,45.6639275],[-111.0491877,45.6640011],[-111.0490405,45.6639999],[-111.0490571,45.6646729]]]]}},
{"type":"Feature","properties":{"osm_way_id":"1464920387","landuse":"recreation_ground"},"geometry":{"type":"MultiPolygon","coordinates":[[[[-111.0576085,45.6584083],[-111.0551852,45.6583996],[-111.0551751,45.6566724],[-111.0579742,45.6566482],[-111.0578984,45.6571475],[-111.0576167,45.6571482],[-111.0576133,45.657366],[-111.0576085,45.6584083]]]]}},
{"type":"Feature","properties":{"osm_way_id":"1464920388","leisure":"park"},"geometry":{"type":"MultiPolygon","coordinates":[[[[-111.0598862,45.6563349],[-111.0597966,45.656438],[-111.0596319,45.6565162],[-111.0594671,45.6565326],[-111.0569018,45.6565162],[-111.0566074,45.6563829],[-111.0566066,45.6556835],[-111.0565654,45.6556245],[-111.0565674,45.6553939],[-111.0566128,45.6553521],[-111.0565922,45.6547129],[-111.0565715,45.6546704],[-111.0565712,45.6544563],[-111.0565592,45.6535016],[-111.0598699,45.6534773],[-111.0598862,45.6563349]]]]}},
{"type":"Feature","properties":{"osm_way_id":"1464960425","landuse":"grass"},"geometry":{"type":"MultiPolygon","coordinates":[[[[-111.2374862,45.813654],[-111.2374728,45.8120329],[-111.2374646,45.811038],[-111.2344779,45.81105],[-111.2344861,45.8120553],[-111.2335516,45.812059],[-111.2335585,45.8129277],[-111.2360234,45.8129183],[-111.2360294,45.8136598],[-111.2374862,45.813654]]]]}},
{"type":"Feature","properties":{"osm_way_id":"1467137492","landuse":"recreation_ground"},"geometry":{"type":"MultiPolygon","coordinates":[[[[-111.0498545,45.7555162],[-111.0498545,45.755042],[-111.048919,45.7550194],[-111.0486012,45.7549188],[-111.0479422,45.7545863],[-111.0476245,45.7544919],[-111.0473303,45.7544406],[-111.0472303,45.7549209],[-111.045674,45.755237],[-111.0437883,45.7558466],[-111.0426233,45.7563577],[-111.0418231,45.7566451],[-111.0411788,45.7566759],[-111.040508,45.756565],[-111.0404992,45.7578027],[-111.040714,45.7578335],[-111.0411258,45.7578274],[-111.041473,45.7577966],[-111.0420378,45.7576857],[-111.0418142,45.7568668],[-111.0429586,45.75668],[-111.0438,45.7561894],[-111.0446561,45.7559431],[-111.0457476,45.755629],[-111.0465242,45.7554915],[-111.0472215,45.7554361],[-111.0498545,45.7555162]]]]}},
{"type":"Feature","properties":{"osm_way_id":"1467137572","landuse":"recreation_ground"},"geometry":{"type":"MultiPolygon","coordinates":[[[[-111.0561612,45.7874069],[-111.0611069,45.7873745],[-111.0611136,45.7849452],[-111.0581719,45.7849452],[-111.0573926,45.784775],[-111.0571779,45.7857161],[-111.0564716,45.7861553],[-111.0561612,45.7867199],[-111.0561612,45.7874069]]]]}},
{"type":"Feature","properties":{"osm_way_id":"1528915134","landuse":"recreation_ground"},"geometry":{"type":"MultiPolygon","coordinates":[[[[-111.0521407,45.683764],[-111.0517071,45.683756],[-111.0517195,45.683425],[-111.0521532,45.683433],[-111.0521407,45.683764]]]]}},
{"type":"Feature","properties":{"osm_way_id":"1529290728","landuse":"grass"},"geometry":{"type":"MultiPolygon","coordinates":[[[[-111.156106,45.7779312],[-111.1563124,45.778189],[-111.1563124,45.7782127],[-111.1562785,45.7782557],[-111.156146,45.7784297],[-111.1560783,45.778492],[-111.1559668,45.7785897],[-111.1550602,45.7792106],[-111.1549667,45.7792532],[-111.1548814,45.7792702],[-111.1547919,45.779273],[-111.1547025,45.779256],[-111.1546374,45.7792333],[-111.1545399,45.7791653],[-111.1496142,45.7756172],[-111.1495654,45.775501],[-111.1495411,45.7754046],[-111.149537,45.7753252],[-111.1495654,45.7752316],[-111.1496142,45.7751522],[-111.1496833,45.7750813],[-111.1507119,45.7743724],[-111.1507851,45.7743441],[-111.1508949,45.7743242],[-111.1509924,45.7743242],[-111.1510697,45.7743469],[-111.1512282,45.7744291],[-111.1520738,45.7749792],[-111.1547692,45.7769216],[-111.1556149,45.7775567],[-111.156106,45.7779312]]]]}},
{"type":"Feature","properties":{"osm_way_id":"1529290730","landuse":"grass"},"geometry":{"type":"MultiPolygon","coordinates":[[[[-111.1522401,45.7743863],[-111.1521293,45.7744509],[-111.1520897,45.7744232],[-111.1520126,45.7744558],[-111.1519636,45.7744623],[-111.1519169,45.7744591],[-111.1518608,45.7744363],[-111.1512817,45.7740145],[-111.1512701,45.7739851],[-111.1512607,45.7739607],[-111.1512701,45.7739249],[-111.1513004,45.7738939],[-111.1514344,45.7738037],[-111.1515099,45.773776],[-111.1516085,45.7737803],[-111.1516701,45.7738018],[-111.1517256,45.7738362],[-111.1522863,45.7742316],[-111.1522986,45.7742703],[-111.1522956,45.7743132],[-111.1522802,45.7743519],[-111.1522401,45.7743863]]]]}},
{"type":"Feature","properties":{"osm_way_id":"1529290731","landuse":"grass"},"geometry":{"type":"MultiPolygon","coordinates":[[[[-111.1512313,45.773665],[-111.1512738,45.7736279],[-111.151295,45.7735564],[-111.1512703,45.773502],[-111.1505907,45.7730281],[-111.1505326,45.7730326],[-111.150437,45.7730499],[-111.1503556,45.7731018],[-111.150299,45.7731462],[-111.150345,45.7731783],[-111.1502813,45.7732351],[-111.1502813,45.7732746],[-111.1503167,45.7733264],[-111.1509184,45.7737535],[-111.1509821,45.7737757],[-111.1510281,45.7737757],[-111.1510882,45.7737559],[-111.1512313,45.773665]]]]}},
{"type":"Feature","properties":{"osm_way_id":"1529290732","landuse":"grass"},"geometry":{"type":"MultiPolygon","coordinates":[[[[-111.1503926,45.7737772],[-111.150472,45.7738423],[-111.150514,45.7739172],[-111.150528,45.7739889],[-111.1504953,45.7740541],[-111.1504206,45.7741257],[-111.1492718,45.7749107],[-111.1491504,45.7749596],[-111.1490336,45.7749726],[-111.1489216,45.7749791],[-111.1488095,45.7749726],[-111.1487067,45.7749433],[-111.1485993,45.7748879],[-111.1485106,45.7748195],[-111.1464324,45.7733342],[-111.1464184,45.7732821],[-111.1464278,45.77323],[-111.1464511,45.7731844],[-111.1465072,45.773142],[-111.1478868,45.7721993],[-111.1479595,45.7721681],[-111.1480576,45.7721518],[-111.1481183,45.772155],[-111.1482724,45.7722527],[-111.1503926,45.7737772]]]]}},
{"type":"Feature","properties":{"osm_way_id":"1529290733","landuse":"grass"},"geometry":{"type":"MultiPolygon","coordinates":[[[[-111.1678224,45.786353],[-111.1679391,45.7864475],[-111.1679952,45.7865158],[-111.1679952,45.7866005],[-111.1679672,45.7866656],[-111.1678831,45.7867471],[-111.167346,45.7871216],[-111.1671125,45.7872421],[-111.1668884,45.7873007],[-111.1666876,45.78733],[-111.1665335,45.7873397],[-111.166328,45.7873397],[-111.1661318,45.7873104],[-111.1659544,45.7872648],[-111.1657816,45.7872062],[-111.1656695,45.7871476],[-111.1604141,45.7833827],[-111.1603693,45.7833061],[-111.1603449,45.7832381],[-111.1603246,45.7831559],[-111.1603287,45.7830651],[-111.1603612,45.7829744],[-111.1604181,45.7828922],[-111.1605198,45.78281],[-111.1615971,45.782104],[-111.1616703,45.7820728],[-111.1617922,45.7820672],[-111.161902,45.7820813],[-111.1619996,45.782121],[-111.1621256,45.7822089],[-111.1662299,45.7851628],[-111.1671969,45.7858571],[-111.1678224,45.786353]]]]}},
{"type":"Feature","properties":{"osm_way_id":"1529290734","landuse":"grass"},"geometry":{"type":"MultiPolygon","coordinates":[[[[-111.1592427,45.7815702],[-111.1585656,45.7820359],[-111.1594109,45.7826482],[-111.1595556,45.7827003],[-111.1596724,45.7827329],[-111.1597985,45.7827426],[-111.1599479,45.7827329],[-111.1600833,45.7826938],[-111.1602655,45.7825993],[-111.1612835,45.7819122],[-111.1613209,45.7818438],[-111.1613349,45.7817754],[-111.1613162,45.7817167],[-111.1612789,45.7816581],[-111.1611668,45.7815637],[-111.1607792,45.7812673],[-111.1594529,45.7803033],[-111.1580892,45.7793197],[-111.1576736,45.7790396],[-111.157258,45.7787595],[-111.1568377,45.7785868],[-111.1564361,45.7787497],[-111.1553993,45.7794402],[-111.1553339,45.7795086],[-111.1553153,45.7795802],[-111.1553199,45.7796649],[-111.1553433,45.779717],[-111.15539,45.7797724],[-111.1554787,45.7798375],[-111.1584815,45.7819806],[-111.1591587,45.7815018],[-111.1562306,45.7794011],[-111.1564034,45.7793132],[-111.1604523,45.7822378],[-111.1603262,45.7823323],[-111.1592427,45.7815702]]]]}}
]
}
